name,position,team,element,GW,fixture,round,minutes,starts,total_points,goals_scored,assists,clean_sheets,goals_conceded,own_goals,penalties_saved,penalties_missed,yellow_cards,red_cards,saves,bonus,bps,influence,creativity,threat,ict_index,expected_goals,expected_assists,expected_goal_involvements,expected_goals_conceded,defensive_contribution,was_home,opponent_team,team_h_score,team_a_score,kickoff_time,value,transfers_balance,transfers_in,transfers_out,selected
Evann Guessand,MID,Crystal Palace,42,1,3,1,27,0,1,0,0,0,0,0,0,0,0,0,0,0,3,3.2,1.8,7.0,1.2,0.03,0.02,0.05,0.14,1,False,9,2,0,2026-08-22T14:00:00Z,55,0,0,0,3238
Giorgi Mamardashvili,GK,Liverpool,351,1,9,1,0,0,0,0,0,0,0,0,0,0,0,0,0,0,0,0.0,0.0,0.0,0.0,0.00,0.00,0.00,0.00,0,False,17,2,2,2026-08-23T15:30:00Z,50,0,0,0,13503
Anan Khalaili,DEF,Crystal Palace,588,1,3,1,35,0,1,0,0,0,0,0,0,0,0,0,0,0,12,24.0,26.5,4.0,5.5,0.00,0.16,0.16,0.27,9,False,9,2,0,2026-08-22T14:00:00Z,50,0,0,0,8418
Claudio Echeverri,MID,Man City,407,1,8,1,0,0,0,0,0,0,0,0,0,0,0,0,0,0,0,0.0,0.0,0.0,0.0,0.00,0.00,0.00,0.00,0,True,3,2,1,2026-08-23T13:00:00Z,50,0,0,0,1572
Vitor de Oliveira Nunes dos Reis,DEF,Man City,396,1,8,1,0,0,0,0,0,0,0,0,0,0,0,0,0,0,0,0.0,0.0,0.0,0.0,0.00,0.00,0.00,0.00,0,True,3,2,1,2026-08-23T13:00:00Z,45,0,0,0,1856
Harrison Armstrong,MID,Everton,244,1,3,1,90,1,8,0,1,1,0,0,0,0,0,0,0,0,25,28.8,14.7,4.0,4.8,0.00,0.04,0.04,1.96,16,True,8,2,0,2026-08-22T14:00:00Z,50,0,0,0,6793
Elliot Anderson,MID,Man City,481,1,8,1,62,1,2,0,0,0,1,0,0,0,0,0,0,0,14,7.2,20.8,0.0,2.8,0.00,0.25,0.25,0.55,6,True,3,2,1,2026-08-23T13:00:00Z,65,0,0,0,707651
Lewie Coyle,DEF,Hull City,280,1,4,1,69,1,6,0,0,1,0,0,0,0,0,0,0,0,23,5.8,11.3,0.0,1.7,0.00,0.01,0.01,1.16,2,True,16,2,0,2026-08-22T11:30:00Z,40,0,0,0,59278
Ferdi Kadıoğlu,DEF,Brighton,113,1,7,1,0,0,0,0,0,0,0,0,0,0,0,0,0,0,0,0.0,0.0,0.0,0.0,0.00,0.00,0.00,0.00,0,True,2,4,0,2026-08-23T13:00:00Z,45,0,0,0,265528
Pau Torres,DEF,Aston Villa,34,1,7,1,73,1,0,0,0,0,4,0,0,0,0,0,0,0,-14,0.0,0.7,0.0,0.0,0.00,0.00,0.00,3.55,5,False,5,4,0,2026-08-23T13:00:00Z,45,0,0,0,38472
Leif Davis,DEF,Ipswich Town,305,1,5,1,90,1,2,0,0,0,1,0,0,0,0,0,0,0,10,15.2,2.3,0.0,1.8,0.00,0.01,0.01,0.66,7,True,20,2,1,2026-08-22T14:00:00Z,40,0,0,0,479363
Sean Longstaff,MID,Leeds,339,1,6,1,8,0,1,0,0,0,0,0,0,0,0,0,0,0,3,0.0,0.2,0.0,0.0,0.00,0.00,0.00,0.07,0,False,18,0,1,2026-08-22T14:00:00Z,50,0,0,0,12582
Elliot Stroud,MID,Hull City,576,1,4,1,70,1,3,0,0,1,0,0,0,0,0,0,0,0,11,8.4,4.8,0.0,1.3,0.00,0.03,0.03,1.16,6,True,16,2,0,2026-08-22T11:30:00Z,50,0,0,0,6733
Ryan Christie,MID,Bournemouth,75,1,8,1,0,0,0,0,0,0,0,0,0,0,0,0,0,0,0,0.0,0.0,0.0,0.0,0.00,0.00,0.00,0.00,0,False,15,2,1,2026-08-23T13:00:00Z,50,0,0,0,1007
Cody Drameh,DEF,Hull City,281,1,4,1,20,0,1,0,0,0,0,0,0,0,0,0,0,0,4,2.2,0.0,1.0,0.3,0.05,0.00,0.05,0.67,3,True,16,2,0,2026-08-22T11:30:00Z,40,0,0,0,1668
Jacob Ramsey,MID,Newcastle,456,1,9,1,34,0,0,0,0,0,1,0,0,0,1,0,0,0,1,7.8,1.3,4.0,1.3,0.06,0.01,0.07,1.50,6,True,14,2,2,2026-08-23T15:30:00Z,50,0,0,0,34032
Tom Heaton,GK,Man Utd,414,1,4,1,0,0,0,0,0,0,0,0,0,0,0,0,0,0,0,0.0,0.0,0.0,0.0,0.00,0.00,0.00,0.00,0,False,11,2,0,2026-08-22T11:30:00Z,40,0,0,0,9078
Rico Lewis,DEF,Man City,395,1,8,1,56,1,1,0,0,0,1,0,0,0,0,0,0,0,-1,3.8,3.8,39.0,4.7,0.17,0.02,0.19,0.55,2,True,3,2,1,2026-08-23T13:00:00Z,45,0,0,0,18491
Matheus Nunes,DEF,Man City,389,1,8,1,33,0,1,0,0,0,0,0,0,0,0,0,0,0,4,3.8,1.5,4.0,0.9,0.00,0.04,0.04,0.10,1,True,3,2,1,2026-08-23T13:00:00Z,60,0,0,0,123928
Conor Gallagher,MID,Spurs,519,1,2,1,45,1,0,0,0,0,2,0,0,0,1,0,0,0,1,0.0,5.5,1.0,0.5,0.02,0.06,0.08,1.70,3,False,4,3,0,2026-08-22T16:30:00Z,55,0,0,0,26860
Micky van de Ven,DEF,Spurs,503,1,2,1,0,0,0,0,0,0,0,0,0,0,0,0,0,0,0,0.0,0.0,0.0,0.0,0.00,0.00,0.00,0.00,0,False,4,3,0,2026-08-22T16:30:00Z,50,0,0,0,522301
Joelinton Cássio Apolinário de Lira,MID,Newcastle,458,1,9,1,0,0,0,0,0,0,0,0,0,0,0,0,0,0,0,0.0,0.0,0.0,0.0,0.00,0.00,0.00,0.00,0,True,14,2,2,2026-08-23T15:30:00Z,55,0,0,0,3620
Kim Ji-soo,DEF,Brentford,92,1,2,1,0,0,0,0,0,0,0,0,0,0,0,0,0,0,0,0.0,0.0,0.0,0.0,0.00,0.00,0.00,0.00,0,True,19,3,0,2026-08-22T16:30:00Z,45,0,0,0,1635
Cole Palmer,MID,Chelsea,154,1,10,1,82,1,13,1,1,0,2,0,0,0,0,0,0,3,60,65.2,41.3,54.0,16.1,0.28,0.19,0.47,1.24,9,False,10,2,3,2026-08-24T19:00:00Z,95,0,0,0,919516
Andrey Nascimento dos Santos,MID,Man Utd,162,1,4,1,66,1,2,0,0,0,2,0,0,0,0,0,0,0,17,11.4,4.2,2.0,1.8,0.00,0.23,0.23,0.94,9,False,11,2,0,2026-08-22T11:30:00Z,50,0,0,0,93940
Oli McBurnie,FWD,Hull City,295,1,4,1,90,1,5,0,1,1,0,0,0,0,0,0,0,0,21,17.2,21.1,52.0,9.0,0.16,0.01,0.17,1.83,5,True,16,2,0,2026-08-22T11:30:00Z,55,0,0,0,113765
Kaine Kesler-Hayden,DEF,Coventry City,177,1,1,1,0,0,0,0,0,0,0,0,0,0,0,0,0,0,0,0.0,0.0,0.0,0.0,0.00,0.00,0.00,0.00,0,False,1,3,0,2026-08-21T19:00:00Z,40,0,0,0,6032
Sindre Walle Egeli,FWD,Ipswich Town,321,1,5,1,10,0,1,0,0,0,0,0,0,0,0,0,0,0,3,0.0,0.1,0.0,0.0,0.00,0.00,0.00,0.03,0,True,20,2,1,2026-08-22T14:00:00Z,45,0,0,0,199675
Marcus Rashford,MID,Man Utd,429,1,4,1,45,0,1,0,0,0,0,0,0,0,0,0,0,0,9,11.6,48.6,4.0,6.4,0.00,0.10,0.10,0.09,1,False,11,2,0,2026-08-22T11:30:00Z,70,0,0,0,134653
Karl Darlow,GK,Man Utd,325,1,4,1,0,0,0,0,0,0,0,0,0,0,0,0,0,0,0,0.0,0.0,0.0,0.0,0.00,0.00,0.00,0.00,0,False,11,2,0,2026-08-22T11:30:00Z,45,0,0,0,3043
Facundo Buonanotte,MID,Brighton,128,1,7,1,0,0,0,0,0,0,0,0,0,0,0,0,0,0,0,0.0,0.0,0.0,0.0,0.00,0.00,0.00,0.00,0,True,2,4,0,2026-08-23T13:00:00Z,50,0,0,0,528
Enzo Fernández,MID,Chelsea,155,1,10,1,25,0,1,0,0,0,0,0,0,0,0,0,0,0,6,3.4,12.0,0.0,1.5,0.00,0.02,0.02,0.28,3,False,10,2,3,2026-08-24T19:00:00Z,70,0,0,0,442051
Rico Henry,DEF,Brentford,89,1,2,1,0,0,0,0,0,0,0,0,0,0,0,0,0,0,0,0.0,0.0,0.0,0.0,0.00,0.00,0.00,0.00,0,True,19,3,0,2026-08-22T16:30:00Z,45,0,0,0,22322
Rayan Vitor Simplício Rocha,MID,Bournemouth,67,1,8,1,88,1,2,0,0,0,1,0,0,0,0,0,0,0,9,6.2,11.3,17.0,3.5,0.04,0.03,0.07,2.06,1,False,15,2,1,2026-08-23T13:00:00Z,65,0,0,0,242374
Guglielmo Vicario,GK,Spurs,494,1,2,1,0,0,0,0,0,0,0,0,0,0,0,0,0,0,0,0.0,0.0,0.0,0.0,0.00,0.00,0.00,0.00,0,False,4,3,0,2026-08-22T16:30:00Z,45,0,0,0,35657
Pascal Groß,MID,Brighton,124,1,7,1,90,1,2,0,0,1,0,0,0,0,1,0,0,0,18,21.0,56.9,8.0,8.6,0.00,0.27,0.27,0.29,5,True,2,4,0,2026-08-23T13:00:00Z,55,0,0,0,1308033
Takehiro Tomiyasu,DEF,Crystal Palace,577,1,3,1,18,0,1,0,0,0,0,0,0,0,0,0,0,0,3,2.4,2.4,0.0,0.5,0.00,0.01,0.01,0.14,1,False,9,2,0,2026-08-22T14:00:00Z,45,0,0,0,31543
Gianluigi Donnarumma,GK,Man City,384,1,8,1,90,1,3,0,0,0,1,0,0,0,0,0,3,0,12,26.8,0.0,0.0,2.7,0.00,0.00,0.00,0.65,0,True,3,2,1,2026-08-23T13:00:00Z,55,0,0,0,722204
Ewen Jaouen,GK,Newcastle,444,1,9,1,0,0,0,0,0,0,0,0,0,0,0,0,0,0,0,0.0,0.0,0.0,0.0,0.00,0.00,0.00,0.00,0,True,14,2,2,2026-08-23T15:30:00Z,45,0,0,0,2666
Wilfried Gnonto,MID,Leeds,341,1,6,1,0,0,0,0,0,0,0,0,0,0,0,0,0,0,0,0.0,0.0,0.0,0.0,0.00,0.00,0.00,0.00,0,False,18,0,1,2026-08-22T14:00:00Z,50,0,0,0,2172
Giovanni Leoni,DEF,Liverpool,363,1,9,1,0,0,0,0,0,0,0,0,0,0,0,0,0,0,0,0.0,0.0,0.0,0.0,0.00,0.00,0.00,0.00,0,False,17,2,2,2026-08-23T15:30:00Z,40,0,0,0,4082
Gabriel Fernando de Jesus,FWD,Arsenal,27,1,1,1,0,0,0,0,0,0,0,0,0,0,0,0,0,0,0,0.0,0.0,0.0,0.0,0.00,0.00,0.00,0.00,0,True,7,3,0,2026-08-21T19:00:00Z,60,0,0,0,31403
Reece James,DEF,Chelsea,142,1,10,1,90,1,0,0,0,0,2,0,0,0,1,0,0,0,5,23.4,16.8,19.0,5.9,0.10,0.07,0.17,1.33,6,False,10,2,3,2026-08-24T19:00:00Z,55,0,0,0,879361
Curtis Jones,MID,Liverpool,373,1,9,1,0,0,0,0,0,0,0,0,0,0,0,0,0,0,0,0.0,0.0,0.0,0.0,0.00,0.00,0.00,0.00,0,False,17,2,2,2026-08-23T15:30:00Z,55,0,0,0,4822
Carlos Baleba,MID,Brighton,131,1,7,1,0,0,0,0,0,0,0,0,0,0,0,0,0,0,0,0.0,0.0,0.0,0.0,0.00,0.00,0.00,0.00,0,True,2,4,0,2026-08-23T13:00:00Z,50,0,0,0,17798
Nick Pope,GK,Newcastle,442,1,9,1,0,0,0,0,0,0,0,0,0,0,0,0,0,0,0,0.0,0.0,0.0,0.0,0.00,0.00,0.00,0.00,0,True,14,2,2,2026-08-23T15:30:00Z,50,0,0,0,113822
Anthony Patterson,GK,Sunderland,530,1,5,1,0,0,0,0,0,0,0,0,0,0,0,0,0,0,0,0.0,0.0,0.0,0.0,0.00,0.00,0.00,0.00,0,False,12,2,1,2026-08-22T14:00:00Z,40,0,0,0,18557
Chemsdine Talbi,MID,Sunderland,549,1,5,1,31,0,1,0,0,0,1,0,0,0,0,0,0,0,1,0.0,0.9,0.0,0.0,0.00,0.00,0.00,0.14,2,False,12,2,1,2026-08-22T14:00:00Z,55,0,0,0,20822
Yasin Ayari,MID,Brighton,129,1,7,1,63,1,2,0,0,1,0,0,0,0,1,0,0,0,8,0.0,15.0,6.0,1.7,0.11,0.03,0.14,0.19,4,True,2,4,0,2026-08-23T13:00:00Z,55,0,0,0,61091
Joško Gvardiol,DEF,Man City,391,1,8,1,90,1,9,1,0,0,1,0,0,0,0,0,0,1,28,47.6,13.3,17.0,7.8,0.19,0.05,0.24,0.65,7,True,3,2,1,2026-08-23T13:00:00Z,55,0,0,0,980214
Diego Coppola,DEF,Brighton,117,1,7,1,0,0,0,0,0,0,0,0,0,0,0,0,0,0,0,0.0,0.0,0.0,0.0,0.00,0.00,0.00,0.00,0,True,2,4,0,2026-08-23T13:00:00Z,45,0,0,0,1583
Joël Piroe,FWD,Leeds,348,1,6,1,0,0,0,0,0,0,0,0,0,0,0,0,0,0,0,0.0,0.0,0.0,0.0,0.00,0.00,0.00,0.00,0,False,18,0,1,2026-08-22T14:00:00Z,50,0,0,0,17239
Alysson Edward Franco da Rocha dos Santos,MID,Aston Villa,52,1,7,1,8,0,1,0,0,0,0,0,0,0,0,0,0,0,5,4.0,0.0,0.0,0.4,0.00,0.00,0.00,0.14,3,False,5,4,0,2026-08-23T13:00:00Z,50,0,0,0,3792
Ian Maatsen,DEF,Aston Villa,36,1,7,1,81,1,0,0,0,0,4,0,0,0,0,0,0,0,-9,9.2,0.8,3.0,1.3,0.03,0.00,0.03,3.62,9,False,5,4,0,2026-08-23T13:00:00Z,45,0,0,0,71952
Marco Bizot,GK,Aston Villa,29,1,7,1,90,1,1,0,0,0,4,0,0,0,0,0,3,0,1,28.2,0.0,0.0,2.8,0.00,0.00,0.00,3.77,0,False,5,4,0,2026-08-23T13:00:00Z,45,0,0,0,10183
Tyler Adams,MID,Bournemouth,73,1,8,1,15,0,1,0,0,0,2,0,0,0,0,0,0,0,4,3.6,0.6,0.0,0.4,0.00,0.00,0.00,0.31,3,False,15,2,1,2026-08-23T13:00:00Z,50,0,0,0,19512
Remi Matthews,GK,Crystal Palace,555,1,3,1,0,0,0,0,0,0,0,0,0,0,0,0,0,0,0,0.0,0.0,0.0,0.0,0.00,0.00,0.00,0.00,0,False,9,2,0,2026-08-22T14:00:00Z,40,0,0,0,156141
Saša Lukić,MID,Ipswich Town,267,1,5,1,90,1,5,0,1,0,1,0,0,0,0,0,0,0,22,23.4,14.8,2.0,4.0,0.00,0.02,0.02,0.66,6,True,20,2,1,2026-08-22T14:00:00Z,50,0,0,0,10816
Omar Richards,DEF,Nott'm Forest,476,1,6,1,0,0,0,0,0,0,0,0,0,0,0,0,0,0,0,0.0,0.0,0.0,0.0,0.00,0.00,0.00,0.00,0,True,13,0,1,2026-08-22T14:00:00Z,40,0,0,0,23191
James Tarkowski,DEF,Everton,229,1,3,1,90,1,6,0,0,1,0,0,0,0,0,0,0,0,25,15.2,0.8,4.0,2.0,0.05,0.00,0.05,1.96,9,True,8,2,0,2026-08-22T14:00:00Z,60,0,0,0,765229
Wilson Isidor,FWD,Sunderland,553,1,5,1,23,0,1,0,0,0,1,0,0,0,0,0,0,0,3,0.0,0.2,0.0,0.0,0.00,0.00,0.00,0.10,0,False,12,2,1,2026-08-22T14:00:00Z,55,0,0,0,90196
Ellis Simms,FWD,Coventry City,195,1,1,1,69,1,2,0,0,0,3,0,0,0,0,0,0,0,7,2.6,12.3,2.0,1.7,0.00,0.01,0.01,1.60,3,False,1,3,0,2026-08-21T19:00:00Z,50,0,0,0,78607
James Hill,DEF,Bournemouth,60,1,8,1,90,1,1,0,0,0,2,0,0,0,0,0,0,0,0,11.6,0.3,0.0,1.2,0.00,0.00,0.00,2.25,6,False,15,2,1,2026-08-23T13:00:00Z,55,0,0,0,72436
Amadou Onana,MID,Aston Villa,48,1,7,1,0,0,0,0,0,0,0,0,0,0,0,0,0,0,0,0.0,0.0,0.0,0.0,0.00,0.00,0.00,0.00,0,False,5,4,0,2026-08-23T13:00:00Z,50,0,0,0,2081
Senne Lammens,GK,Man Utd,412,1,4,1,90,1,1,0,0,0,2,0,0,0,0,0,2,0,7,20.2,0.0,0.0,2.0,0.00,0.00,0.00,1.01,0,False,11,2,0,2026-08-22T11:30:00Z,50,0,0,0,1497029
Romaine Mundle,MID,Sunderland,547,1,5,1,0,0,0,0,0,0,0,0,0,0,0,0,0,0,0,0.0,0.0,0.0,0.0,0.00,0.00,0.00,0.00,0,False,12,2,1,2026-08-22T14:00:00Z,50,0,0,0,801
Bart Verbruggen,GK,Brighton,109,1,7,1,90,1,6,0,0,1,0,0,0,0,0,0,0,0,25,6.6,0.0,0.0,0.7,0.00,0.00,0.00,0.29,0,True,2,4,0,2026-08-23T13:00:00Z,45,0,0,0,1987586
Granit Xhaka,MID,Sunderland,544,1,5,1,90,1,9,0,1,0,2,0,0,0,0,0,0,2,31,18.8,31.4,0.0,5.0,0.00,0.09,0.09,1.80,13,False,12,2,1,2026-08-22T14:00:00Z,55,0,0,0,392611
David Button,GK,Ipswich Town,302,1,5,1,0,0,0,0,0,0,0,0,0,0,0,0,0,0,0,0.0,0.0,0.0,0.0,0.00,0.00,0.00,0.00,0,True,20,2,1,2026-08-22T14:00:00Z,40,0,0,0,40566
Callum Olusesi,MID,Spurs,524,1,2,1,0,0,0,0,0,0,0,0,0,0,0,0,0,0,0,0.0,0.0,0.0,0.0,0.00,0.00,0.00,0.00,0,False,4,3,0,2026-08-22T16:30:00Z,45,0,0,0,79913
Mamadou Sarr,DEF,Chelsea,150,1,10,1,0,0,0,0,0,0,0,0,0,0,0,0,0,0,0,0.0,0.0,0.0,0.0,0.00,0.00,0.00,0.00,0,False,10,2,3,2026-08-24T19:00:00Z,45,0,0,0,6689
Toby Collyer,MID,Man Utd,436,1,4,1,0,0,0,0,0,0,0,0,0,0,0,0,0,0,0,0.0,0.0,0.0,0.0,0.00,0.00,0.00,0.00,0,False,11,2,0,2026-08-22T11:30:00Z,50,0,0,0,1568
Altay Bayındır,GK,Man Utd,413,1,4,1,0,0,0,0,0,0,0,0,0,0,0,0,0,0,0,0.0,0.0,0.0,0.0,0.00,0.00,0.00,0.00,0,False,11,2,0,2026-08-22T11:30:00Z,45,0,0,0,2353
Igor Thiago Nascimento Rodrigues,FWD,Brentford,106,1,2,1,82,1,0,0,0,1,0,0,0,1,0,0,0,0,-3,2.2,4.0,8.0,1.4,1.00,0.08,1.08,0.50,5,True,19,3,0,2026-08-22T16:30:00Z,80,0,0,0,1509299
Thierno Barry,FWD,Everton,249,1,3,1,78,1,8,1,0,1,0,0,0,0,0,0,0,2,37,38.0,19.0,41.0,9.8,0.45,0.09,0.54,1.62,3,True,8,2,0,2026-08-22T14:00:00Z,55,0,0,0,117327
Dominik Szoboszlai,MID,Liverpool,368,1,9,1,90,1,8,1,0,0,2,0,0,0,0,0,0,1,29,50.4,47.1,21.0,11.9,0.85,0.27,1.12,1.58,7,False,17,2,2,2026-08-23T15:30:00Z,70,0,0,0,3733259
Abdülkadir Ömür,MID,Hull City,292,1,4,1,0,0,0,0,0,0,0,0,0,0,0,0,0,0,0,0.0,0.0,0.0,0.0,0.00,0.00,0.00,0.00,0,True,16,2,0,2026-08-22T11:30:00Z,50,0,0,0,1546
Tim Iroegbunam,MID,Everton,240,1,3,1,0,0,0,0,0,0,0,0,0,0,0,0,0,0,0,0.0,0.0,0.0,0.0,0.00,0.00,0.00,0.00,0,True,8,2,0,2026-08-22T14:00:00Z,50,0,0,0,1417
Endo Wataru,MID,Liverpool,374,1,9,1,0,0,0,0,0,0,0,0,0,0,0,0,0,0,0,0.0,0.0,0.0,0.0,0.00,0.00,0.00,0.00,0,False,17,2,2,2026-08-23T15:30:00Z,50,0,0,0,5090
Ben Gannon-Doak,MID,Bournemouth,72,1,8,1,1,0,1,0,0,0,1,0,0,0,0,0,0,0,3,0.2,0.1,2.0,0.2,0.00,0.00,0.00,0.19,1,False,15,2,1,2026-08-23T13:00:00Z,50,0,0,0,7889
Nicolas Jackson,FWD,Chelsea,166,1,10,1,0,0,0,0,0,0,0,0,0,0,0,0,0,0,0,0.0,0.0,0.0,0.0,0.00,0.00,0.00,0.00,0,False,10,2,3,2026-08-24T19:00:00Z,65,0,0,0,29435
Chris Wood,FWD,Nott'm Forest,490,1,6,1,28,0,1,0,0,0,1,0,0,0,0,0,0,0,3,0.0,2.4,3.0,0.4,0.12,0.01,0.13,0.22,1,True,13,0,1,2026-08-22T14:00:00Z,60,0,0,0,159951
John Victor Maciel Furtado,GK,Nott'm Forest,468,1,6,1,0,0,0,0,0,0,0,0,0,0,0,0,0,0,0,0.0,0.0,0.0,0.0,0.00,0.00,0.00,0.00,0,True,13,0,1,2026-08-22T14:00:00Z,45,0,0,0,5970
Jason Steele,GK,Brighton,111,1,7,1,0,0,0,0,0,0,0,0,0,0,0,0,0,0,0,0.0,0.0,0.0,0.0,0.00,0.00,0.00,0.00,0,True,2,4,0,2026-08-23T13:00:00Z,40,0,0,0,369830
Jay Dasilva,DEF,Coventry City,176,1,1,1,90,1,1,0,0,0,3,0,0,0,0,0,0,0,-4,13.8,3.8,0.0,1.8,0.00,0.02,0.02,1.88,6,False,1,3,0,2026-08-21T19:00:00Z,40,0,0,0,73424
Mason Mount,MID,Man Utd,430,1,4,1,0,0,0,0,0,0,0,0,0,0,0,0,0,0,0,0.0,0.0,0.0,0.0,0.00,0.00,0.00,0.00,0,False,11,2,0,2026-08-22T11:30:00Z,55,0,0,0,3202
Kayne van Oevelen,GK,Ipswich Town,554,1,5,1,0,0,0,0,0,0,0,0,0,0,0,0,0,0,0,0.0,0.0,0.0,0.0,0.00,0.00,0.00,0.00,0,True,20,2,1,2026-08-22T14:00:00Z,45,0,0,0,3509
Jaden Philogene,MID,Ipswich Town,318,1,5,1,0,0,0,0,0,0,0,0,0,0,0,0,0,0,0,0.0,0.0,0.0,0.0,0.00,0.00,0.00,0.00,0,True,20,2,1,2026-08-22T14:00:00Z,55,0,0,0,14821
Hugo Ekitiké,FWD,Liverpool,380,1,9,1,0,0,0,0,0,0,0,0,0,0,0,0,0,0,0,0.0,0.0,0.0,0.0,0.00,0.00,0.00,0.00,0,False,17,2,2,2026-08-23T15:30:00Z,75,0,0,0,14410
Johan Manzambi,MID,Aston Villa,53,1,7,1,0,0,0,0,0,0,0,0,0,0,0,0,0,0,0,0.0,0.0,0.0,0.0,0.00,0.00,0.00,0.00,0,False,5,4,0,2026-08-23T13:00:00Z,60,0,0,0,26624
Zadok Yohanna,MID,Brighton,135,1,7,1,12,0,1,0,0,0,0,0,0,0,0,0,0,0,3,0.2,1.3,0.0,0.2,0.00,0.03,0.03,0.00,0,True,2,4,0,2026-08-23T13:00:00Z,50,0,0,0,6623
Harvey Davies,GK,Liverpool,355,1,9,1,0,0,0,0,0,0,0,0,0,0,0,0,0,0,0,0.0,0.0,0.0,0.0,0.00,0.00,0.00,0.00,0,False,17,2,2,2026-08-23T15:30:00Z,40,0,0,0,11845
Marc Guiu Paz,FWD,Chelsea,168,1,10,1,0,0,0,0,0,0,0,0,0,0,0,0,0,0,0,0.0,0.0,0.0,0.0,0.00,0.00,0.00,0.00,0,False,10,2,3,2026-08-24T19:00:00Z,50,0,0,0,42801
William Osula,FWD,Newcastle,465,1,9,1,55,1,4,0,1,0,1,0,0,0,0,0,0,0,18,28.2,13.7,8.0,5.0,0.06,0.14,0.20,1.48,5,True,14,2,2,2026-08-23T15:30:00Z,60,0,0,0,83021
António João Pereira de Albuquerque Tavares da Silva,DEF,Bournemouth,566,1,8,1,90,1,2,0,0,0,2,0,0,0,1,0,0,0,5,31.4,0.3,0.0,3.2,0.00,0.00,0.00,2.25,13,False,15,2,1,2026-08-23T13:00:00Z,50,0,0,0,23702
Jair Paula da Cunha Filho,DEF,Nott'm Forest,474,1,6,1,90,1,1,0,0,0,1,0,0,0,1,0,0,0,5,20.8,1.3,0.0,2.2,0.00,0.00,0.00,0.47,8,True,13,0,1,2026-08-22T14:00:00Z,45,0,0,0,19663
Tyrone Mings,DEF,Aston Villa,33,1,7,1,16,0,1,0,0,0,0,0,0,0,0,0,0,0,5,2.0,0.0,0.0,0.2,0.00,0.00,0.00,0.22,1,False,5,4,0,2026-08-23T13:00:00Z,45,0,0,0,29034
Josh Dasilva,MID,Brentford,103,1,2,1,0,0,0,0,0,0,0,0,0,0,0,0,0,0,0,0.0,0.0,0.0,0.0,0.00,0.00,0.00,0.00,0,True,19,3,0,2026-08-22T16:30:00Z,50,0,0,0,2396
Shumaira Mheuka,FWD,Chelsea,169,1,10,1,0,0,0,0,0,0,0,0,0,0,0,0,0,0,0,0.0,0.0,0.0,0.0,0.00,0.00,0.00,0.00,0,False,10,2,3,2026-08-24T19:00:00Z,45,0,0,0,30422
Callum Wilson,FWD,Brentford,108,1,2,1,7,0,1,0,0,0,0,0,0,0,0,0,0,0,4,2.2,10.3,5.0,1.8,0.03,0.04,0.07,0.07,0,True,19,3,0,2026-08-22T16:30:00Z,55,0,0,0,30450
Bobby Thomas,DEF,Coventry City,173,1,1,1,90,1,3,0,0,0,3,0,0,0,0,0,0,0,11,23.2,11.2,1.0,3.5,0.02,0.01,0.03,1.88,10,False,1,3,0,2026-08-21T19:00:00Z,40,0,0,0,721945
Aaron Hickey,DEF,Brentford,90,1,2,1,14,0,1,0,0,0,0,0,0,0,0,0,0,0,2,0.0,0.3,0.0,0.0,0.00,0.00,0.00,0.10,0,True,19,3,0,2026-08-22T16:30:00Z,45,0,0,0,5416
Carlos Alcaraz Durán,MID,Everton,243,1,3,1,1,0,1,0,0,0,0,0,0,0,0,0,0,0,7,5.0,0.3,17.0,2.2,0.02,0.00,0.02,0.04,3,True,8,2,0,2026-08-22T14:00:00Z,50,0,0,0,8329
Erling Haaland,FWD,Man City,411,1,8,1,90,1,2,0,0,0,1,0,0,0,0,0,0,0,6,3.8,5.2,50.0,5.9,0.74,0.02,0.76,0.65,3,True,3,2,1,2026-08-23T13:00:00Z,155,0,0,0,6209794
Ousmane Diomande,DEF,Nott'm Forest,581,1,6,1,0,0,0,0,0,0,0,0,0,0,0,0,0,0,0,0.0,0.0,0.0,0.0,0.00,0.00,0.00,0.00,0,True,13,0,1,2026-08-22T14:00:00Z,55,0,0,0,67092
Martin Ødegaard,MID,Arsenal,15,1,1,1,75,1,11,1,0,1,0,0,0,0,0,0,0,3,41,50.6,41.5,31.0,12.3,0.21,0.10,0.31,0.06,8,True,7,3,0,2026-08-21T19:00:00Z,65,0,0,0,717252
Jayden Bogle,DEF,Leeds,330,1,6,1,90,1,6,0,0,1,0,0,0,0,0,0,0,0,24,7.0,1.1,0.0,0.8,0.00,0.00,0.00,0.66,3,False,18,0,1,2026-08-22T14:00:00Z,45,0,0,0,45674
Declan Rice,MID,Arsenal,13,1,1,1,67,1,3,0,0,1,0,0,0,0,0,0,0,0,10,6.8,6.4,2.0,1.5,0.07,0.08,0.15,0.06,6,True,7,3,0,2026-08-21T19:00:00Z,75,0,0,0,1604406
Carl Rushworth,GK,Coventry City,110,1,1,1,90,1,1,0,0,0,3,0,0,0,0,0,2,0,0,14.2,0.0,0.0,1.4,0.00,0.01,0.01,1.88,0,False,1,3,0,2026-08-21T19:00:00Z,45,0,0,0,100521
Merlin Röhl,MID,Everton,246,1,3,1,90,1,3,0,0,1,0,0,0,0,0,0,0,0,12,13.8,13.0,2.0,2.9,0.00,0.06,0.06,1.96,9,True,8,2,0,2026-08-22T14:00:00Z,50,0,0,0,5179
Kasey McAteer,MID,Ipswich Town,323,1,5,1,24,0,1,0,0,0,0,0,0,0,0,0,0,0,4,1.2,1.3,0.0,0.3,0.00,0.00,0.00,0.03,3,True,20,2,1,2026-08-22T14:00:00Z,45,0,0,0,130440
Gabriel Gudmundsson,DEF,Leeds,331,1,6,1,0,0,0,0,0,0,0,0,0,0,0,0,0,0,0,0.0,0.0,0.0,0.0,0.00,0.00,0.00,0.00,0,False,18,0,1,2026-08-22T14:00:00Z,45,0,0,0,5099
Xavi Simons,MID,Spurs,513,1,2,1,0,0,0,0,0,0,0,0,0,0,0,0,0,0,0,0.0,0.0,0.0,0.0,0.00,0.00,0.00,0.00,0,False,4,3,0,2026-08-22T16:30:00Z,60,0,0,0,1345
Eberechi Eze,MID,Arsenal,14,1,1,1,14,0,1,0,0,0,0,0,0,0,0,0,0,0,4,0.0,1.8,1.0,0.1,0.04,0.00,0.04,0.15,2,True,7,3,0,2026-08-21T19:00:00Z,65,0,0,0,188164
Daniel Jebbison,FWD,Bournemouth,608,1,8,1,15,0,1,0,0,0,2,0,0,0,0,0,0,0,6,3.4,0.8,17.0,2.1,0.10,0.00,0.10,0.31,1,False,15,2,1,2026-08-23T13:00:00Z,50,0,0,0,0
Kai Andrews,MID,Coventry City,192,1,1,1,0,0,0,0,0,0,0,0,0,0,0,0,0,0,0,0.0,0.0,0.0,0.0,0.00,0.00,0.00,0.00,0,False,1,3,0,2026-08-21T19:00:00Z,45,0,0,0,62690
Juanlu Sánchez,DEF,Bournemouth,573,1,8,1,0,0,0,0,0,0,0,0,0,0,0,0,0,0,0,0.0,0.0,0.0,0.0,0.00,0.00,0.00,0.00,0,False,15,2,1,2026-08-23T13:00:00Z,45,0,0,0,18342
Jun'ai Byfield,DEF,Spurs,509,1,2,1,0,0,0,0,0,0,0,0,0,0,0,0,0,0,0,0.0,0.0,0.0,0.0,0.00,0.00,0.00,0.00,0,False,4,3,0,2026-08-22T16:30:00Z,40,0,0,0,4794
Gabriel Martinelli Silva,MID,Arsenal,18,1,1,1,0,0,0,0,0,0,0,0,0,0,0,0,0,0,0,0.0,0.0,0.0,0.0,0.00,0.00,0.00,0.00,0,True,7,3,0,2026-08-21T19:00:00Z,65,0,0,0,21290
Matty Jacob,DEF,Hull City,283,1,4,1,0,0,0,0,0,0,0,0,0,0,0,0,0,0,0,0.0,0.0,0.0,0.0,0.00,0.00,0.00,0.00,0,True,16,2,0,2026-08-22T11:30:00Z,40,0,0,0,1251
Matt Targett,DEF,Hull City,556,1,4,1,5,0,1,0,0,0,0,0,0,0,0,0,0,0,3,0.4,0.0,0.0,0.0,0.00,0.00,0.00,0.07,0,True,16,2,0,2026-08-22T11:30:00Z,40,0,0,0,218902
Matt Grimes,MID,Coventry City,184,1,1,1,90,1,2,0,0,0,3,0,0,0,0,0,0,0,14,13.4,3.7,0.0,1.7,0.00,0.01,0.01,1.88,7,False,1,3,0,2026-08-21T19:00:00Z,50,0,0,0,17412
Miguel Brau,DEF,Coventry City,181,1,1,1,0,0,0,0,0,0,0,0,0,0,0,0,0,0,0,0.0,0.0,0.0,0.0,0.00,0.00,0.00,0.00,0,False,1,3,0,2026-08-21T19:00:00Z,40,0,0,0,3736
Pedro Lomba Neto,MID,Chelsea,156,1,10,1,14,0,1,0,0,0,0,0,0,0,0,0,0,0,9,5.2,4.1,4.0,1.3,0.03,0.07,0.10,0.22,4,False,10,2,3,2026-08-24T19:00:00Z,65,0,0,0,116795
Luke O'Nien,DEF,Sunderland,539,1,5,1,66,1,1,0,0,0,1,0,0,0,1,0,0,0,1,11.4,1.4,4.0,1.7,0.01,0.01,0.02,1.69,5,False,12,2,1,2026-08-22T14:00:00Z,40,0,0,0,332959
Bukayo Saka,MID,Arsenal,12,1,1,1,67,1,9,1,0,1,0,0,0,0,0,0,0,1,36,42.8,26.1,33.0,10.2,0.64,0.08,0.72,0.06,7,True,7,3,0,2026-08-21T19:00:00Z,95,0,0,0,819914
Alisson Becker,GK,Liverpool,350,1,9,1,90,1,2,0,0,0,2,0,0,0,0,0,3,0,7,17.8,0.0,0.0,1.8,0.00,0.00,0.00,1.58,0,False,17,2,2,2026-08-23T15:30:00Z,55,0,0,0,302846
Sander Berge,MID,Fulham,265,1,10,1,72,1,2,0,0,0,3,0,0,0,0,0,0,0,14,13.6,23.1,7.0,4.4,0.03,0.03,0.06,2.21,4,True,6,2,3,2026-08-24T19:00:00Z,50,0,0,0,38470
Armin Pecsi,GK,Liverpool,353,1,9,1,0,0,0,0,0,0,0,0,0,0,0,0,0,0,0,0.0,0.0,0.0,0.0,0.00,0.00,0.00,0.00,0,False,17,2,2,2026-08-23T15:30:00Z,40,0,0,0,2936
Alexis Mac Allister,MID,Liverpool,372,1,9,1,27,0,1,0,0,0,0,0,0,0,0,0,0,0,9,5.8,1.4,0.0,0.7,0.00,0.01,0.01,1.07,3,False,17,2,2,2026-08-23T15:30:00Z,55,0,0,0,151941
Ilia Gruev,MID,Leeds,344,1,6,1,0,0,0,0,0,0,0,0,0,0,0,0,0,0,0,0.0,0.0,0.0,0.0,0.00,0.00,0.00,0.00,0,False,18,0,1,2026-08-22T14:00:00Z,50,0,0,0,461
Mamadou Sangaré,MID,Brentford,565,1,2,1,75,1,14,0,2,1,0,0,0,0,0,0,0,3,41,31.6,21.8,21.0,7.4,0.05,0.33,0.38,0.47,13,True,19,3,0,2026-08-22T16:30:00Z,55,0,0,0,294770
Liam Kitching,DEF,Coventry City,174,1,1,1,0,0,0,0,0,0,0,0,0,0,0,0,0,0,0,0.0,0.0,0.0,0.0,0.00,0.00,0.00,0.00,0,False,1,3,0,2026-08-21T19:00:00Z,40,0,0,0,60272
Freddie Woodman,GK,Liverpool,352,1,9,1,0,0,0,0,0,0,0,0,0,0,0,0,0,0,0,0.0,0.0,0.0,0.0,0.00,0.00,0.00,0.00,0,False,17,2,2,2026-08-23T15:30:00Z,40,0,0,0,97477
Alex Palmer,GK,Ipswich Town,301,1,5,1,0,0,0,0,0,0,0,0,0,0,0,0,0,0,0,0.0,0.0,0.0,0.0,0.00,0.00,0.00,0.00,0,True,20,2,1,2026-08-22T14:00:00Z,40,0,0,0,426453
Tyler Bindon,DEF,Nott'm Forest,479,1,6,1,0,0,0,0,0,0,0,0,0,0,0,0,0,0,0,0.0,0.0,0.0,0.0,0.00,0.00,0.00,0.00,0,True,13,0,1,2026-08-22T14:00:00Z,40,0,0,0,18342
Tosin Adarabioyo,DEF,Chelsea,147,1,10,1,0,0,0,0,0,0,0,0,0,0,0,0,0,0,0,0.0,0.0,0.0,0.0,0.00,0.00,0.00,0.00,0,False,10,2,3,2026-08-24T19:00:00Z,45,0,0,0,18070
Abdoul Ouattara,DEF,Ipswich Town,592,1,5,1,10,0,1,0,0,0,0,0,0,0,0,0,0,0,4,5.2,10.0,0.0,1.5,0.00,0.00,0.00,0.03,2,True,20,2,1,2026-08-22T14:00:00Z,40,0,0,0,86218
Jack Grealish,MID,Man City,238,1,8,1,8,0,1,0,0,0,0,0,0,0,0,0,0,0,2,1.0,0.6,0.0,0.2,0.00,0.00,0.00,0.00,1,True,3,2,1,2026-08-23T13:00:00Z,65,0,0,0,16005
Sepp van den Berg,DEF,Brentford,85,1,2,1,0,0,0,0,0,0,0,0,0,0,0,0,0,0,0,0.0,0.0,0.0,0.0,0.00,0.00,0.00,0.00,0,True,19,3,0,2026-08-22T16:30:00Z,50,0,0,0,14391
Kalvin Phillips,MID,Man City,408,1,8,1,0,0,0,0,0,0,0,0,0,0,0,0,0,0,0,0.0,0.0,0.0,0.0,0.00,0.00,0.00,0.00,0,True,3,2,1,2026-08-23T13:00:00Z,50,0,0,0,1073
Anis Mehmeti,MID,Ipswich Town,324,1,5,1,0,0,0,0,0,0,0,0,0,0,0,0,0,0,0,0.0,0.0,0.0,0.0,0.00,0.00,0.00,0.00,0,True,20,2,1,2026-08-22T14:00:00Z,50,0,0,0,4850
Murillo Costa dos Santos,DEF,Nott'm Forest,472,1,6,1,90,1,4,0,0,0,1,0,0,0,0,0,0,0,15,32.2,25.9,0.0,5.8,0.00,0.28,0.28,0.47,14,True,13,0,1,2026-08-22T14:00:00Z,55,0,0,0,134909
Joe Willock,MID,Newcastle,460,1,9,1,34,0,6,1,0,0,1,0,0,0,0,0,0,0,28,38.4,13.9,9.0,6.1,0.09,0.17,0.26,1.50,3,True,14,2,2,2026-08-23T15:30:00Z,50,0,0,0,10181
Roméo Lavia,MID,Chelsea,161,1,10,1,64,1,1,0,0,0,2,0,0,0,1,0,0,0,8,13.6,21.9,33.0,6.9,0.21,0.03,0.24,1.05,9,False,10,2,3,2026-08-24T19:00:00Z,50,0,0,0,4654
César Palacios,MID,Fulham,570,1,10,1,72,1,2,0,0,0,3,0,0,0,0,0,0,0,10,2.8,7.3,8.0,1.8,0.16,0.01,0.17,2.21,4,True,6,2,3,2026-08-24T19:00:00Z,55,0,0,0,18267
Charalampos Kostoulas,FWD,Brighton,138,1,7,1,26,0,1,0,0,0,0,0,0,0,0,0,0,0,-1,0.0,0.4,10.0,0.9,0.18,0.00,0.18,0.10,2,True,2,4,0,2026-08-23T13:00:00Z,55,0,0,0,19339
Oscar Mingueza,DEF,Crystal Palace,207,1,3,1,0,0,0,0,0,0,0,0,0,0,0,0,0,0,0,0.0,0.0,0.0,0.0,0.00,0.00,0.00,0.00,0,False,9,2,0,2026-08-22T14:00:00Z,45,0,0,0,7928
Xaver Schlager,MID,Nott'm Forest,558,1,6,1,16,0,1,0,0,0,1,0,0,0,0,0,0,0,3,0.6,1.0,2.0,0.4,0.00,0.00,0.00,0.13,1,True,13,0,1,2026-08-22T14:00:00Z,50,0,0,0,10065
Myles Lewis-Skelly,MID,Arsenal,7,1,1,1,90,1,3,0,0,1,0,0,0,0,0,0,0,0,15,11.0,22.9,7.0,4.1,0.06,0.11,0.17,0.20,7,True,7,3,0,2026-08-21T19:00:00Z,55,0,0,0,55656
Benjamin Lecomte,GK,Fulham,251,1,10,1,0,0,0,0,0,0,0,0,0,0,0,0,0,0,0,0.0,0.0,0.0,0.0,0.00,0.00,0.00,0.00,0,True,6,2,3,2026-08-24T19:00:00Z,40,0,0,0,107540
Nathan Patterson,DEF,Everton,234,1,3,1,0,0,0,0,0,0,0,0,0,0,0,0,0,0,0,0.0,0.0,0.0,0.0,0.00,0.00,0.00,0.00,0,True,8,2,0,2026-08-22T14:00:00Z,45,0,0,0,2948
Leo Fuhr Hjelde,DEF,Sunderland,538,1,5,1,0,0,0,0,0,0,0,0,0,0,0,0,0,0,0,0.0,0.0,0.0,0.0,0.00,0.00,0.00,0.00,0,False,12,2,1,2026-08-22T14:00:00Z,40,0,0,0,6220
Dejan Kulusevski,MID,Spurs,521,1,2,1,0,0,0,0,0,0,0,0,0,0,0,0,0,0,0,0.0,0.0,0.0,0.0,0.00,0.00,0.00,0.00,0,False,4,3,0,2026-08-22T16:30:00Z,65,0,0,0,949
Fábio Freitas Gouveia Carvalho,MID,Brentford,100,1,2,1,0,0,0,0,0,0,0,0,0,0,0,0,0,0,0,0.0,0.0,0.0,0.0,0.00,0.00,0.00,0.00,0,True,19,3,0,2026-08-22T16:30:00Z,50,0,0,0,1459
Will Dennis,GK,Bournemouth,59,1,8,1,0,0,0,0,0,0,0,0,0,0,0,0,0,0,0,0.0,0.0,0.0,0.0,0.00,0.00,0.00,0.00,0,False,15,2,1,2026-08-23T13:00:00Z,40,0,0,0,16822
Georginio Rutter,FWD,Brighton,125,1,7,1,90,1,5,0,1,1,0,0,0,0,0,0,0,0,22,19.8,11.4,15.0,4.6,0.08,0.44,0.52,0.29,7,True,2,4,0,2026-08-23T13:00:00Z,55,0,0,0,78765
Julio Enciso,MID,Ipswich Town,591,1,5,1,70,1,5,0,1,0,1,0,0,0,0,0,0,0,24,21.6,14.0,18.0,5.4,0.23,0.31,0.54,0.63,8,True,20,2,1,2026-08-22T14:00:00Z,55,0,0,0,24595
Kevin Schade,MID,Brentford,94,1,2,1,90,1,3,0,0,1,0,0,0,0,0,0,0,0,17,14.4,11.8,59.0,8.5,0.52,0.01,0.53,0.57,9,True,19,3,0,2026-08-22T16:30:00Z,60,0,0,0,330810
Nehemiah Oriola,MID,Brighton,134,1,7,1,0,0,0,0,0,0,0,0,0,0,0,0,0,0,0,0.0,0.0,0.0,0.0,0.00,0.00,0.00,0.00,0,True,2,4,0,2026-08-23T13:00:00Z,45,0,0,0,24725
Jordan Henderson,MID,Chelsea,101,1,10,1,0,0,0,0,0,0,0,0,0,0,0,0,0,0,0,0.0,0.0,0.0,0.0,0.00,0.00,0.00,0.00,0,False,10,2,3,2026-08-24T19:00:00Z,50,0,0,0,3629
Conor Bradley,DEF,Liverpool,360,1,9,1,0,0,0,0,0,0,0,0,0,0,0,0,0,0,0,0.0,0.0,0.0,0.0,0.00,0.00,0.00,0.00,0,False,17,2,2,2026-08-23T15:30:00Z,50,0,0,0,957
Lewis Dunk,DEF,Brighton,116,1,7,1,90,1,6,0,0,1,0,0,0,0,0,0,0,0,24,13.4,6.4,0.0,2.0,0.00,0.04,0.04,0.29,2,True,2,4,0,2026-08-23T13:00:00Z,45,0,0,0,88762
Enis Destan,FWD,Hull City,298,1,4,1,0,0,0,0,0,0,0,0,0,0,0,0,0,0,0,0.0,0.0,0.0,0.0,0.00,0.00,0.00,0.00,0,True,16,2,0,2026-08-22T11:30:00Z,45,0,0,0,40958
Morgan Gibbs-White,MID,Nott'm Forest,480,1,6,1,90,1,2,0,0,0,1,0,0,0,0,0,0,0,10,0.0,9.3,16.0,2.4,0.13,0.06,0.19,0.47,3,True,13,0,1,2026-08-22T14:00:00Z,80,0,0,0,1039647
Wilson Odobert,MID,Spurs,517,1,2,1,0,0,0,0,0,0,0,0,0,0,0,0,0,0,0,0.0,0.0,0.0,0.0,0.00,0.00,0.00,0.00,0,False,4,3,0,2026-08-22T16:30:00Z,55,0,0,0,100
Oscar Bobb,MID,Fulham,264,1,10,1,66,1,2,0,0,0,3,0,0,0,0,0,0,0,10,9.8,13.8,6.0,3.0,0.00,0.26,0.26,2.21,6,True,6,2,3,2026-08-24T19:00:00Z,55,0,0,0,26829
Charlie Hughes,DEF,Hull City,278,1,4,1,0,0,0,0,0,0,0,0,0,0,0,0,0,0,0,0.0,0.0,0.0,0.0,0.00,0.00,0.00,0.00,0,True,16,2,0,2026-08-22T11:30:00Z,40,0,0,0,12660
Yankuba Minteh,MID,Brighton,122,1,7,1,0,0,0,0,0,0,0,0,0,0,0,0,0,0,0,0.0,0.0,0.0,0.0,0.00,0.00,0.00,0.00,0,True,2,4,0,2026-08-23T13:00:00Z,60,0,0,0,9337
Chadi Riad Dnanou,DEF,Crystal Palace,206,1,3,1,72,1,1,0,0,0,2,0,0,0,0,0,0,0,7,12.6,1.3,0.0,1.4,0.00,0.01,0.01,0.98,7,False,9,2,0,2026-08-22T14:00:00Z,45,0,0,0,6521
Nilson Angulo,MID,Sunderland,551,1,5,1,58,1,5,1,0,0,1,0,0,0,1,0,0,0,23,32.8,3.3,16.0,5.2,0.15,0.01,0.16,1.66,7,False,12,2,1,2026-08-22T14:00:00Z,50,0,0,0,5260
Dara O'Shea,DEF,Ipswich Town,304,1,5,1,90,1,4,0,0,0,1,0,0,0,0,0,0,0,16,48.0,24.5,2.0,7.5,0.00,0.16,0.16,0.66,18,True,20,2,1,2026-08-22T14:00:00Z,40,0,0,0,313565
James McAtee,MID,Nott'm Forest,486,1,6,1,73,1,3,0,0,1,0,0,0,0,0,0,0,0,18,11.6,42.5,0.0,5.4,0.00,0.16,0.16,0.34,8,True,13,0,1,2026-08-22T14:00:00Z,55,0,0,0,3147
Filip Jörgensen,GK,Chelsea,141,1,10,1,0,0,0,0,0,0,0,0,0,0,0,0,0,0,0,0.0,0.0,0.0,0.0,0.00,0.00,0.00,0.00,0,False,10,2,3,2026-08-24T19:00:00Z,50,0,0,0,1796
Andrew Robertson,DEF,Spurs,502,1,2,1,90,1,3,0,0,0,3,0,0,0,0,0,0,0,13,31.8,19.2,2.0,5.3,0.00,0.06,0.06,3.87,11,False,4,3,0,2026-08-22T16:30:00Z,45,0,0,0,350993
Jacob Greaves,DEF,Ipswich Town,306,1,5,1,90,1,2,0,0,0,1,0,0,0,0,0,0,0,12,16.4,1.3,0.0,1.8,0.00,0.00,0.00,0.66,7,True,20,2,1,2026-08-22T14:00:00Z,40,0,0,0,134129
Lewis Cook,MID,Bournemouth,71,1,8,1,75,1,3,0,0,1,0,0,0,0,0,0,0,0,8,4.6,2.1,0.0,0.7,0.00,0.00,0.00,1.94,7,False,15,2,1,2026-08-23T13:00:00Z,50,0,0,0,13065
Luka Lynch,MID,Aston Villa,607,1,7,1,0,0,0,0,0,0,0,0,0,0,0,0,0,0,0,0.0,0.0,0.0,0.0,0.00,0.00,0.00,0.00,0,False,5,4,0,2026-08-23T13:00:00Z,45,0,0,0,0
Regan Slater,MID,Hull City,290,1,4,1,90,1,6,0,1,1,0,0,0,0,0,0,0,0,20,18.4,19.3,0.0,3.8,0.00,0.44,0.44,1.83,3,True,16,2,0,2026-08-22T11:30:00Z,45,0,0,0,272889
Brandon Austin,GK,Spurs,495,1,2,1,0,0,0,0,0,0,0,0,0,0,0,0,0,0,0,0.0,0.0,0.0,0.0,0.00,0.00,0.00,0.00,0,False,4,3,0,2026-08-22T16:30:00Z,40,0,0,0,78400
Calvin Ramsay,DEF,Liverpool,365,1,9,1,0,0,0,0,0,0,0,0,0,0,0,0,0,0,0,0.0,0.0,0.0,0.0,0.00,0.00,0.00,0.00,0,False,17,2,2,2026-08-23T15:30:00Z,40,0,0,0,19328
Mykhailo Mudryk,MID,Chelsea,578,1,10,1,0,0,0,0,0,0,0,0,0,0,0,0,0,0,0,0.0,0.0,0.0,0.0,0.00,0.00,0.00,0.00,0,False,10,2,3,2026-08-24T19:00:00Z,55,0,0,0,3847
Keane Lewis-Potter,MID,Brentford,86,1,2,1,90,1,10,1,0,1,0,0,0,0,0,0,0,2,37,47.2,15.9,19.0,8.2,0.77,0.12,0.89,0.57,10,True,19,3,0,2026-08-22T16:30:00Z,55,0,0,0,38558
Ryan Giles,DEF,Hull City,282,1,4,1,84,1,6,0,0,1,0,0,0,0,0,0,0,0,24,13.8,18.8,4.0,3.7,0.02,0.07,0.09,1.76,6,True,16,2,0,2026-08-22T11:30:00Z,40,0,0,0,67208
Paddy McNair,DEF,Hull City,285,1,4,1,26,0,1,0,0,0,0,0,0,0,0,0,0,0,3,4.2,0.0,0.0,0.4,0.00,0.00,0.00,0.96,2,True,16,2,0,2026-08-22T11:30:00Z,40,0,0,0,8697
Ismaïla Sarr,MID,Crystal Palace,208,1,3,1,0,0,0,0,0,0,0,0,0,0,0,0,0,0,0,0.0,0.0,0.0,0.0,0.00,0.00,0.00,0.00,0,False,9,2,0,2026-08-22T14:00:00Z,65,0,0,0,424225
Martín Zubimendi Ibáñez,MID,Arsenal,19,1,1,1,22,0,1,0,0,0,0,0,0,0,0,0,0,0,3,3.8,2.3,0.0,0.6,0.00,0.02,0.02,0.15,3,True,7,3,0,2026-08-21T19:00:00Z,55,0,0,0,107568
Tom King,GK,Everton,228,1,3,1,0,0,0,0,0,0,0,0,0,0,0,0,0,0,0,0.0,0.0,0.0,0.0,0.00,0.00,0.00,0.00,0,True,8,2,0,2026-08-22T14:00:00Z,45,0,0,0,3498
Rayan Aït-Nouri,DEF,Man City,392,1,8,1,0,0,0,0,0,0,0,0,0,0,0,0,0,0,0,0.0,0.0,0.0,0.0,0.00,0.00,0.00,0.00,0,True,3,2,1,2026-08-23T13:00:00Z,55,0,0,0,79425
Liam Delap,FWD,Chelsea,167,1,10,1,0,0,0,0,0,0,0,0,0,0,0,0,0,0,0,0.0,0.0,0.0,0.0,0.00,0.00,0.00,0.00,0,False,10,2,3,2026-08-24T19:00:00Z,55,0,0,0,40156
Cathal McCarthy,DEF,Hull City,284,1,4,1,0,0,0,0,0,0,0,0,0,0,0,0,0,0,0,0.0,0.0,0.0,0.0,0.00,0.00,0.00,0.00,0,True,16,2,0,2026-08-22T11:30:00Z,40,0,0,0,7616
Adam Wharton,MID,Crystal Palace,210,1,3,1,90,1,4,0,0,0,2,0,0,0,0,0,0,0,20,16.8,30.9,0.0,4.8,0.00,0.24,0.24,1.12,14,False,9,2,0,2026-08-22T14:00:00Z,55,0,0,0,75177
Daizen Maeda,MID,Ipswich Town,562,1,5,1,79,1,2,0,0,0,1,0,0,0,0,0,0,0,7,12.6,1.4,7.0,2.1,0.61,0.00,0.61,0.63,9,True,20,2,1,2026-08-22T14:00:00Z,55,0,0,0,37656
Sven Botman,DEF,Newcastle,447,1,9,1,90,1,3,0,0,0,2,0,0,0,0,0,0,0,4,32.4,0.3,0.0,3.3,0.00,0.01,0.01,2.98,10,True,14,2,2,2026-08-23T15:30:00Z,50,0,0,0,34765
Mark Travers,GK,Everton,227,1,3,1,0,0,0,0,0,0,0,0,0,0,0,0,0,0,0,0.0,0.0,0.0,0.0,0.00,0.00,0.00,0.00,0,True,8,2,0,2026-08-22T14:00:00Z,50,0,0,0,3019
James Rowswell,DEF,Spurs,510,1,2,1,0,0,0,0,0,0,0,0,0,0,0,0,0,0,0,0.0,0.0,0.0,0.0,0.00,0.00,0.00,0.00,0,False,4,3,0,2026-08-22T16:30:00Z,40,0,0,0,7021
Matt O'Riley,MID,Brighton,126,1,7,1,0,0,0,0,0,0,0,0,0,0,0,0,0,0,0,0.0,0.0,0.0,0.0,0.00,0.00,0.00,0.00,0,True,2,4,0,2026-08-23T13:00:00Z,55,0,0,0,8249
Jeremie Frimpong,DEF,Liverpool,357,1,9,1,90,1,0,0,0,0,2,0,0,0,1,0,0,0,3,13.6,37.8,10.0,6.1,0.01,0.09,0.10,1.58,2,False,17,2,2,2026-08-23T15:30:00Z,55,0,0,0,302241
Norman Bassette,FWD,Coventry City,197,1,1,1,0,0,0,0,0,0,0,0,0,0,0,0,0,0,0,0.0,0.0,0.0,0.0,0.00,0.00,0.00,0.00,0,False,1,3,0,2026-08-21T19:00:00Z,45,0,0,0,4620
Noah Sadiki,MID,Sunderland,545,1,5,1,90,1,2,0,0,0,2,0,0,0,0,0,0,0,18,14.6,32.1,25.0,7.2,0.06,0.03,0.09,1.80,2,False,12,2,1,2026-08-22T14:00:00Z,50,0,0,0,32634
Kristoffer Ajer,DEF,Brentford,87,1,2,1,90,1,8,0,0,1,0,0,0,0,0,0,0,0,29,20.0,0.9,35.0,5.6,0.11,0.02,0.13,0.57,10,True,19,3,0,2026-08-22T16:30:00Z,45,0,0,0,318142
Dilane Bakwa,MID,Nott'm Forest,485,1,6,1,0,0,0,0,0,0,0,0,0,0,0,0,0,0,0,0.0,0.0,0.0,0.0,0.00,0.00,0.00,0.00,0,True,13,0,1,2026-08-22T14:00:00Z,55,0,0,0,1373
Jonah Kusi-Asare,FWD,Fulham,272,1,10,1,0,0,0,0,0,0,0,0,0,0,0,0,0,0,0,0.0,0.0,0.0,0.0,0.00,0.00,0.00,0.00,0,True,6,2,3,2026-08-24T19:00:00Z,45,0,0,0,669004
Fraser Forster,GK,Bournemouth,58,1,8,1,0,0,0,0,0,0,0,0,0,0,0,0,0,0,0,0.0,0.0,0.0,0.0,0.00,0.00,0.00,0.00,0,False,15,2,1,2026-08-23T13:00:00Z,40,0,0,0,283903
Mateus Fernandes,MID,Spurs,525,1,2,1,45,0,1,0,0,0,1,0,0,0,0,0,0,0,16,7.2,27.2,2.0,3.6,0.00,0.06,0.06,2.18,2,False,4,3,0,2026-08-22T16:30:00Z,60,0,0,0,178624
Dan Ndoye,MID,Nott'm Forest,483,1,6,1,61,1,3,0,0,1,0,0,0,0,0,0,0,0,5,1.4,2.5,0.0,0.4,0.00,0.00,0.00,0.25,3,True,13,0,1,2026-08-22T14:00:00Z,55,0,0,0,39539
Amine Adli,MID,Bournemouth,77,1,8,1,0,0,0,0,0,0,0,0,0,0,0,0,0,0,0,0.0,0.0,0.0,0.0,0.00,0.00,0.00,0.00,0,False,15,2,1,2026-08-23T13:00:00Z,50,0,0,0,3087
Mikkel Damsgaard,MID,Brentford,96,1,2,1,14,0,1,0,0,0,0,0,0,0,0,0,0,0,6,7.6,26.3,0.0,3.4,0.00,0.11,0.11,0.10,4,True,19,3,0,2026-08-22T16:30:00Z,55,0,0,0,52929
Malo Gusto,DEF,Chelsea,144,1,10,1,75,1,1,0,0,0,2,0,0,0,0,0,0,0,2,7.2,9.8,6.0,2.3,0.00,0.03,0.03,1.11,3,False,10,2,3,2026-08-24T19:00:00Z,50,0,0,0,98423
Yéremy Pino Santos,MID,Crystal Palace,211,1,3,1,35,0,1,0,0,0,0,0,0,0,0,0,0,0,4,2.0,6.3,6.0,1.4,0.06,0.02,0.08,0.27,5,False,9,2,0,2026-08-22T14:00:00Z,55,0,0,0,18106
Patrick Dorgu,MID,Man Utd,415,1,4,1,45,1,0,0,0,0,2,0,0,0,1,0,0,0,-11,0.0,1.2,16.0,0.7,0.47,0.03,0.50,0.92,1,False,11,2,0,2026-08-22T11:30:00Z,60,0,0,0,121744
Lukás Hornícek,GK,Newcastle,567,1,9,1,90,1,1,0,0,0,2,0,0,0,1,0,5,0,12,41.2,0.0,0.0,4.1,0.00,0.00,0.00,2.98,0,True,14,2,2,2026-08-23T15:30:00Z,50,0,0,0,55382
Yoane Wissa,FWD,Newcastle,464,1,9,1,90,1,4,0,1,0,1,0,0,0,1,0,0,0,7,20.0,16.3,28.0,6.4,1.00,0.02,1.02,2.19,8,True,14,2,2,2026-08-23T15:30:00Z,60,0,0,0,142989
Ashley Phillips,DEF,Spurs,507,1,2,1,0,0,0,0,0,0,0,0,0,0,0,0,0,0,0,0.0,0.0,0.0,0.0,0.00,0.00,0.00,0.00,0,False,4,3,0,2026-08-22T16:30:00Z,45,0,0,0,2583
Samuel Iling-Junior,MID,Aston Villa,49,1,7,1,0,0,0,0,0,0,0,0,0,0,0,0,0,0,0,0.0,0.0,0.0,0.0,0.00,0.00,0.00,0.00,0,False,5,4,0,2026-08-23T13:00:00Z,50,0,0,0,394
Maxence Lacroix,DEF,Chelsea,200,1,10,1,90,1,6,0,1,0,2,0,0,0,0,0,0,0,25,44.2,11.2,2.0,5.7,0.00,0.20,0.20,1.33,12,False,10,2,3,2026-08-24T19:00:00Z,60,0,0,0,792478
Nick Woltemade,FWD,Newcastle,463,1,9,1,0,0,0,0,0,0,0,0,0,0,0,0,0,0,0,0.0,0.0,0.0,0.0,0.00,0.00,0.00,0.00,0,True,14,2,2,2026-08-23T15:30:00Z,60,0,0,0,151424
Joél Drakes-Thomas,MID,Crystal Palace,221,1,3,1,0,0,0,0,0,0,0,0,0,0,0,0,0,0,0,0.0,0.0,0.0,0.0,0.00,0.00,0.00,0.00,0,False,9,2,0,2026-08-22T14:00:00Z,45,0,0,0,8076
Rio Cardines,DEF,Crystal Palace,220,1,3,1,0,0,0,0,0,0,0,0,0,0,0,0,0,0,0,0.0,0.0,0.0,0.0,0.00,0.00,0.00,0.00,0,False,9,2,0,2026-08-22T14:00:00Z,45,0,0,0,255
Josh King,MID,Fulham,268,1,10,1,90,1,7,1,0,0,3,0,0,0,0,0,0,0,34,41.6,15.6,41.0,9.8,0.17,0.04,0.21,2.24,8,True,6,2,3,2026-08-24T19:00:00Z,55,0,0,0,14215
Lucas Estella Perri,GK,Leeds,326,1,6,1,0,0,0,0,0,0,0,0,0,0,0,0,0,0,0,0.0,0.0,0.0,0.0,0.00,0.00,0.00,0.00,0,False,18,0,1,2026-08-22T14:00:00Z,45,0,0,0,52897
Caoimhín Kelleher,GK,Brentford,82,1,2,1,90,1,7,0,0,1,0,0,0,0,0,0,4,0,34,31.4,0.0,0.0,3.1,0.00,0.01,0.01,0.57,0,True,19,3,0,2026-08-22T16:30:00Z,50,0,0,0,513912
Federico Chiesa,MID,Liverpool,370,1,9,1,0,0,0,0,0,0,0,0,0,0,0,0,0,0,0,0.0,0.0,0.0,0.0,0.00,0.00,0.00,0.00,0,False,17,2,2,2026-08-23T15:30:00Z,55,0,0,0,11756
Harvey Barnes,MID,Newcastle,453,1,9,1,90,1,2,0,0,0,2,0,0,0,0,0,0,0,12,5.2,2.4,9.0,1.7,0.07,0.02,0.09,2.98,8,True,14,2,2,2026-08-23T15:30:00Z,60,0,0,0,95531
Lewis Hall,DEF,Newcastle,449,1,9,1,90,1,3,0,0,0,2,0,0,0,0,0,0,0,8,22.0,15.2,0.0,3.7,0.00,0.35,0.35,2.98,11,True,14,2,2,2026-08-23T15:30:00Z,50,0,0,0,310247
Danny Welbeck,FWD,Chelsea,136,1,10,1,0,0,0,0,0,0,0,0,0,0,0,0,0,0,0,0.0,0.0,0.0,0.0,0.00,0.00,0.00,0.00,0,False,10,2,3,2026-08-24T19:00:00Z,60,0,0,0,112037
Cristhian Mosquera,DEF,Arsenal,11,1,1,1,90,1,6,0,0,1,0,0,0,0,0,0,0,0,27,14.4,0.6,0.0,1.5,0.00,0.00,0.00,0.20,6,True,7,3,0,2026-08-21T19:00:00Z,55,0,0,0,571606
Aurèle Amenda,DEF,Coventry City,182,1,1,1,90,1,1,0,0,0,3,0,0,0,0,0,0,0,1,28.8,0.8,0.0,3.0,0.00,0.01,0.01,1.88,9,False,1,3,0,2026-08-21T19:00:00Z,40,0,0,0,75420
Diego Gómez Amarilla,MID,Brighton,127,1,7,1,85,1,6,0,1,1,0,0,0,0,0,0,0,0,27,33.0,25.1,41.0,9.9,0.18,0.48,0.66,0.29,6,True,2,4,0,2026-08-23T13:00:00Z,50,0,0,0,355972
Milos Kerkez,DEF,Liverpool,358,1,9,1,90,1,0,0,0,0,2,0,0,0,1,0,0,0,3,18.0,13.8,12.0,4.4,0.02,0.02,0.04,1.58,7,False,17,2,2,2026-08-23T15:30:00Z,55,0,0,0,332539
Estêvão Almeida de Oliveira Gonçalves,MID,Chelsea,157,1,10,1,7,0,1,0,0,0,0,0,0,0,0,0,0,0,3,0.2,0.4,0.0,0.1,0.00,0.00,0.00,0.09,1,False,10,2,3,2026-08-24T19:00:00Z,65,0,0,0,109575
Daichi Kamada,MID,Crystal Palace,214,1,3,1,90,1,3,0,0,0,2,0,0,0,1,0,0,0,25,20.4,29.3,0.0,5.0,0.00,0.27,0.27,1.12,14,False,9,2,0,2026-08-22T14:00:00Z,50,0,0,0,24728
Tijjani Reijnders,MID,Man City,404,1,8,1,0,0,0,0,0,0,0,0,0,0,0,0,0,0,0,0.0,0.0,0.0,0.0,0.00,0.00,0.00,0.00,0,True,3,2,1,2026-08-23T13:00:00Z,60,0,0,0,11692
Andrés García,DEF,Aston Villa,38,1,7,1,0,0,0,0,0,0,0,0,0,0,0,0,0,0,0,0.0,0.0,0.0,0.0,0.00,0.00,0.00,0.00,0,False,5,4,0,2026-08-23T13:00:00Z,40,0,0,0,157304
Fábio Ferreira Vieira,MID,Arsenal,23,1,1,1,0,0,0,0,0,0,0,0,0,0,0,0,0,0,0,0.0,0.0,0.0,0.0,0.00,0.00,0.00,0.00,0,True,7,3,0,2026-08-21T19:00:00Z,55,0,0,0,892
Jack Butland,GK,Hull City,274,1,4,1,0,0,0,0,0,0,0,0,0,0,0,0,0,0,0,0.0,0.0,0.0,0.0,0.00,0.00,0.00,0.00,0,True,16,2,0,2026-08-22T11:30:00Z,45,0,0,0,11096
Omari Hutchinson,MID,Nott'm Forest,484,1,6,1,0,0,0,0,0,0,0,0,0,0,0,0,0,0,0,0.0,0.0,0.0,0.0,0.00,0.00,0.00,0.00,0,True,13,0,1,2026-08-22T14:00:00Z,55,0,0,0,15797
Emiliano Martínez Romero,GK,Aston Villa,28,1,7,1,0,0,0,0,0,0,0,0,0,0,0,0,0,0,0,0.0,0.0,0.0,0.0,0.00,0.00,0.00,0.00,0,False,5,4,0,2026-08-23T13:00:00Z,50,0,0,0,388040
Noni Madueke,MID,Arsenal,16,1,1,1,22,0,1,0,0,0,0,0,0,0,0,0,0,0,8,9.4,43.1,0.0,5.3,0.00,0.04,0.04,0.15,2,True,7,3,0,2026-08-21T19:00:00Z,65,0,0,0,30442
Jens Hjertø-Dahl,MID,Hull City,574,1,4,1,0,0,0,0,0,0,0,0,0,0,0,0,0,0,0,0.0,0.0,0.0,0.0,0.00,0.00,0.00,0.00,0,True,16,2,0,2026-08-22T11:30:00Z,50,0,0,0,7500
Mikey Moore,MID,Spurs,523,1,2,1,67,1,2,0,0,0,3,0,0,0,0,0,0,0,10,14.2,5.9,55.0,7.5,0.38,0.02,0.40,3.02,2,False,4,3,0,2026-08-22T16:30:00Z,50,0,0,0,17505
Álvaro Rodríguez,FWD,Bournemouth,81,1,8,1,0,0,0,0,0,0,0,0,0,0,0,0,0,0,0,0.0,0.0,0.0,0.0,0.00,0.00,0.00,0.00,0,False,15,2,1,2026-08-23T13:00:00Z,60,0,0,0,9051
Matteo Ruggeri,DEF,Aston Villa,596,1,7,1,8,0,1,0,0,0,0,0,0,0,0,0,0,0,3,4.0,0.0,0.0,0.4,0.00,0.00,0.00,0.14,2,False,5,4,0,2026-08-23T13:00:00Z,45,0,0,0,7884
Jenson Seelt,DEF,Sunderland,537,1,5,1,0,0,0,0,0,0,0,0,0,0,0,0,0,0,0,0.0,0.0,0.0,0.0,0.00,0.00,0.00,0.00,0,False,12,2,1,2026-08-22T14:00:00Z,45,0,0,0,941
Gonzalo García,FWD,Fulham,569,1,10,1,90,1,6,1,0,0,3,0,0,0,0,0,0,0,33,37.2,4.3,40.0,8.2,0.73,0.01,0.74,2.24,2,True,6,2,3,2026-08-24T19:00:00Z,60,0,0,0,180799
Jacob Murphy,MID,Newcastle,457,1,9,1,14,0,0,0,0,0,1,0,0,0,1,0,0,0,-1,0.0,0.1,2.0,0.1,0.00,0.00,0.00,1.04,2,True,14,2,2,2026-08-23T15:30:00Z,60,0,0,0,14816
Hayden Hackney,MID,Everton,247,1,3,1,78,1,3,0,0,1,0,0,0,0,0,0,0,0,16,8.6,12.2,5.0,2.6,0.01,0.01,0.02,1.62,7,True,8,2,0,2026-08-22T14:00:00Z,55,0,0,0,24410
Cédric Kipré,DEF,Ipswich Town,303,1,5,1,0,0,0,0,0,0,0,0,0,0,0,0,0,0,0,0.0,0.0,0.0,0.0,0.00,0.00,0.00,0.00,0,True,20,2,1,2026-08-22T14:00:00Z,40,0,0,0,57775
Brennan Johnson,MID,Everton,209,1,3,1,6,0,1,0,0,0,0,0,0,0,0,0,0,0,3,4.0,0.3,0.0,0.4,0.00,0.00,0.00,0.29,2,True,8,2,0,2026-08-22T14:00:00Z,60,0,0,0,15299
Gabriel dos Santos Magalhães,DEF,Arsenal,4,1,1,1,90,1,5,0,0,1,0,0,0,0,1,0,0,0,21,6.6,1.8,1.0,0.9,0.05,0.01,0.06,0.20,4,True,7,3,0,2026-08-21T19:00:00Z,80,0,0,0,2647984
Evan Ferguson,FWD,Brighton,139,1,7,1,0,0,0,0,0,0,0,0,0,0,0,0,0,0,0,0.0,0.0,0.0,0.0,0.00,0.00,0.00,0.00,0,True,2,4,0,2026-08-23T13:00:00Z,50,0,0,0,2877
Frank Onyeka,MID,Coventry City,104,1,1,1,90,1,2,0,0,0,3,0,0,0,0,0,0,0,8,3.6,1.6,0.0,0.5,0.00,0.01,0.01,1.88,9,False,1,3,0,2026-08-21T19:00:00Z,50,0,0,0,13188
Rúben dos Santos Gato Alves Dias,DEF,Man City,390,1,8,1,90,1,2,0,0,0,1,0,0,0,0,0,0,0,11,24.4,17.9,2.0,4.4,0.00,0.14,0.14,0.65,6,True,3,2,1,2026-08-23T13:00:00Z,55,0,0,0,148709
Shea Charles,MID,Fulham,580,1,10,1,23,0,1,0,0,0,0,0,0,0,0,0,0,0,5,3.4,1.3,0.0,0.5,0.00,0.00,0.00,0.03,3,True,6,2,3,2026-08-24T19:00:00Z,50,0,0,0,8110
Milan van Ewijk,DEF,Coventry City,175,1,1,1,90,1,1,0,0,0,3,0,0,0,0,0,0,0,-8,10.6,2.0,2.0,1.5,0.00,0.01,0.01,1.88,7,False,1,3,0,2026-08-21T19:00:00Z,40,0,0,0,1257228
Alexander Isak,FWD,Liverpool,379,1,9,1,90,1,2,0,0,0,2,0,0,0,0,0,0,0,6,11.4,14.6,66.0,9.2,1.09,0.01,1.10,1.58,1,False,17,2,2,2026-08-23T15:30:00Z,90,0,0,0,1493302
Stefanos Tzimas,FWD,Brighton,137,1,7,1,0,0,0,0,0,0,0,0,0,0,0,0,0,0,0,0.0,0.0,0.0,0.0,0.00,0.00,0.00,0.00,0,True,2,4,0,2026-08-23T13:00:00Z,55,0,0,0,879
Jeremy Monga,MID,Man City,410,1,8,1,0,0,0,0,0,0,0,0,0,0,0,0,0,0,0,0.0,0.0,0.0,0.0,0.00,0.00,0.00,0.00,0,True,3,2,1,2026-08-23T13:00:00Z,50,0,0,0,1505
Piero Hincapié,DEF,Arsenal,9,1,1,1,9,0,1,0,0,0,0,0,0,0,0,0,0,0,3,0.4,0.5,0.0,0.1,0.00,0.00,0.00,0.15,0,True,7,3,0,2026-08-21T19:00:00Z,55,0,0,0,165924
Kai Havertz,FWD,Arsenal,26,1,1,1,90,1,6,1,0,1,0,0,0,0,0,0,0,0,34,37.2,13.2,25.0,7.5,0.26,0.03,0.29,0.20,2,True,7,3,0,2026-08-21T19:00:00Z,75,0,0,0,468616
Wes Burns,MID,Ipswich Town,311,1,5,1,0,0,0,0,0,0,0,0,0,0,0,0,0,0,0,0.0,0.0,0.0,0.0,0.00,0.00,0.00,0.00,0,True,20,2,1,2026-08-22T14:00:00Z,50,0,0,0,562
Alejandro Garnacho Ferreyra,MID,Aston Villa,160,1,7,1,4,0,1,0,0,0,0,0,0,0,0,0,0,0,2,0.0,0.0,0.0,0.0,0.00,0.00,0.00,0.14,0,False,5,4,0,2026-08-23T13:00:00Z,60,0,0,0,54802
Bradley Burrowes,MID,Aston Villa,50,1,7,1,0,0,0,0,0,0,0,0,0,0,0,0,0,0,0,0.0,0.0,0.0,0.0,0.00,0.00,0.00,0.00,0,False,5,4,0,2026-08-23T13:00:00Z,45,0,0,0,60228
Brian Brobbey,FWD,Sunderland,552,1,5,1,66,1,2,0,0,0,1,0,0,0,0,0,0,0,1,0.0,1.5,9.0,1.1,0.30,0.00,0.30,1.69,0,False,12,2,1,2026-08-22T14:00:00Z,60,0,0,0,1279847
Alex Murphy,DEF,Newcastle,451,1,9,1,0,0,0,0,0,0,0,0,0,0,0,0,0,0,0,0.0,0.0,0.0,0.0,0.00,0.00,0.00,0.00,0,True,14,2,2,2026-08-23T15:30:00Z,40,0,0,0,12873
Pascal Struijk,DEF,Brighton,328,1,7,1,0,0,0,0,0,0,0,0,0,0,0,0,0,0,0,0.0,0.0,0.0,0.0,0.00,0.00,0.00,0.00,0,True,2,4,0,2026-08-23T13:00:00Z,50,0,0,0,19933
Igor Julio dos Santos de Paulo,DEF,Brighton,118,1,7,1,0,0,0,0,0,0,0,0,0,0,0,0,0,0,0,0.0,0.0,0.0,0.0,0.00,0.00,0.00,0.00,0,True,2,4,0,2026-08-23T13:00:00Z,45,0,0,0,7195
Ola Aina,DEF,Nott'm Forest,473,1,6,1,73,1,5,0,0,1,0,0,0,0,1,0,0,0,24,16.0,35.6,11.0,6.3,0.04,0.17,0.21,0.34,2,True,13,0,1,2026-08-22T14:00:00Z,45,0,0,0,328883
Abdul Fatawu,MID,Ipswich Town,315,1,5,1,65,1,2,0,0,0,1,0,0,0,0,0,0,0,22,18.6,28.4,8.0,5.5,0.00,0.41,0.41,0.63,7,True,20,2,1,2026-08-22T14:00:00Z,55,0,0,0,21235
Zion Suzuki,GK,Aston Villa,597,1,7,1,0,0,0,0,0,0,0,0,0,0,0,0,0,0,0,0.0,0.0,0.0,0.0,0.00,0.00,0.00,0.00,0,False,5,4,0,2026-08-23T13:00:00Z,50,0,0,0,61739
Nordi Mukiele,DEF,Sunderland,533,1,5,1,0,0,0,0,0,0,0,0,0,0,0,0,0,0,0,0.0,0.0,0.0,0.0,0.00,0.00,0.00,0.00,0,False,12,2,1,2026-08-22T14:00:00Z,55,0,0,0,257772
Nico O'Reilly,DEF,Man City,387,1,8,1,62,1,2,0,0,0,1,0,0,0,0,0,0,0,5,8.8,30.4,11.0,5.0,0.07,0.41,0.48,0.55,2,True,3,2,1,2026-08-23T13:00:00Z,65,0,0,0,1877660
Pedro Porro Sauceda,DEF,Spurs,499,1,2,1,0,0,0,0,0,0,0,0,0,0,0,0,0,0,0,0.0,0.0,0.0,0.0,0.00,0.00,0.00,0.00,0,False,4,3,0,2026-08-22T16:30:00Z,55,0,0,0,1595087
João Pedro Loureiro da Costa,DEF,Brighton,119,1,7,1,26,0,1,0,0,0,0,0,0,0,0,0,0,0,7,8.2,1.9,18.0,2.8,0.12,0.00,0.12,0.10,4,True,2,4,0,2026-08-23T13:00:00Z,45,0,0,0,2148
Omar Alderete,DEF,Sunderland,535,1,5,1,23,0,1,0,0,0,1,0,0,0,0,0,0,0,2,0.0,0.6,0.0,0.0,0.00,0.01,0.01,0.10,0,False,12,2,1,2026-08-22T14:00:00Z,50,0,0,0,41929
Rodrigo Muniz Carvalho,FWD,Fulham,271,1,10,1,8,0,1,0,0,0,0,0,0,0,0,0,0,0,6,6.0,11.5,7.0,2.5,0.02,0.00,0.02,0.03,1,True,6,2,3,2026-08-24T19:00:00Z,55,0,0,0,52452
Joachim Andersen,DEF,Fulham,253,1,10,1,0,0,0,0,0,0,0,0,0,0,0,0,0,0,0,0.0,0.0,0.0,0.0,0.00,0.00,0.00,0.00,0,True,6,2,3,2026-08-24T19:00:00Z,50,0,0,0,3342
Jaydee Canvot,DEF,Crystal Palace,203,1,3,1,90,1,1,0,0,0,2,0,0,0,0,0,0,0,9,27.4,5.7,5.0,3.8,0.05,0.01,0.06,1.12,8,False,9,2,0,2026-08-22T14:00:00Z,50,0,0,0,30748
Hákon Rafn Valdimarsson,GK,Brentford,83,1,2,1,0,0,0,0,0,0,0,0,0,0,0,0,0,0,0,0.0,0.0,0.0,0.0,0.00,0.00,0.00,0.00,0,True,19,3,0,2026-08-22T16:30:00Z,45,0,0,0,9667
Vitaly Janelt,MID,Brentford,98,1,2,1,90,1,9,1,0,1,0,0,0,0,1,0,0,0,35,53.2,38.8,24.0,11.6,0.39,0.17,0.56,0.57,13,True,19,3,0,2026-08-22T16:30:00Z,50,0,0,0,9018
Chris Rigg,MID,Sunderland,548,1,5,1,10,0,1,0,0,0,1,0,0,0,0,0,0,0,3,0.0,0.3,0.0,0.0,0.00,0.00,0.00,0.10,1,False,12,2,1,2026-08-22T14:00:00Z,50,0,0,0,6214
Habib Diarra,MID,Sunderland,543,1,5,1,10,0,1,0,0,0,1,0,0,0,0,0,0,0,3,0.4,0.6,2.0,0.3,0.03,0.00,0.03,0.10,0,False,12,2,1,2026-08-22T14:00:00Z,55,0,0,0,6286
Emiliano Buendía Stati,MID,Aston Villa,41,1,7,1,85,1,2,0,0,0,4,0,0,0,0,0,0,0,4,0.0,16.3,8.0,2.2,0.13,0.09,0.22,3.62,7,False,5,4,0,2026-08-23T13:00:00Z,60,0,0,0,120830
Dango Ouattara,MID,Brentford,95,1,2,1,66,1,3,0,0,1,0,0,0,0,0,0,0,0,6,1.0,30.8,15.0,4.7,0.05,0.29,0.34,0.47,6,True,19,3,0,2026-08-22T16:30:00Z,65,0,0,0,105835
Kenny Tete,DEF,Fulham,256,1,10,1,0,0,0,0,0,0,0,0,0,0,0,0,0,0,0,0.0,0.0,0.0,0.0,0.00,0.00,0.00,0.00,0,True,6,2,3,2026-08-24T19:00:00Z,45,0,0,0,24681
Antoine Semenyo,MID,Man City,397,1,8,1,90,1,2,0,0,0,1,0,0,0,0,0,0,0,16,5.8,8.9,31.0,4.6,0.06,0.02,0.08,0.65,5,True,3,2,1,2026-08-23T13:00:00Z,85,0,0,0,2354040
Aladji Bamba,MID,Newcastle,559,1,9,1,14,0,1,0,0,0,1,0,0,0,0,0,0,0,5,4.0,0.0,0.0,0.4,0.00,0.00,0.00,1.04,2,True,14,2,2,2026-08-23T15:30:00Z,50,0,0,0,12608
Max Dowman,MID,Arsenal,20,1,1,1,0,0,0,0,0,0,0,0,0,0,0,0,0,0,0,0.0,0.0,0.0,0.0,0.00,0.00,0.00,0.00,0,True,7,3,0,2026-08-21T19:00:00Z,55,0,0,0,8920
Óscar Zambrano,MID,Hull City,294,1,4,1,0,0,0,0,0,0,0,0,0,0,0,0,0,0,0,0.0,0.0,0.0,0.0,0.00,0.00,0.00,0.00,0,True,16,2,0,2026-08-22T11:30:00Z,45,0,0,0,10995
Yehor Yarmoliuk,MID,Brentford,102,1,2,1,23,0,1,0,0,0,0,0,0,0,0,0,0,0,7,2.2,0.8,3.0,0.6,0.04,0.00,0.04,0.10,6,True,19,3,0,2026-08-22T16:30:00Z,50,0,0,0,123741
Ethan Pinnock,DEF,Brentford,91,1,2,1,0,0,0,0,0,0,0,0,0,0,0,0,0,0,0,0.0,0.0,0.0,0.0,0.00,0.00,0.00,0.00,0,True,19,3,0,2026-08-22T16:30:00Z,45,0,0,0,7000
Victor Torp,MID,Coventry City,188,1,1,1,28,0,1,0,0,0,0,0,0,0,0,0,0,0,8,6.8,16.4,0.0,2.3,0.00,0.11,0.11,0.32,1,False,1,3,0,2026-08-21T19:00:00Z,55,0,0,0,15509
Sidiki Cherif,FWD,Coventry City,599,1,1,1,0,0,0,0,0,0,0,0,0,0,0,0,0,0,0,0.0,0.0,0.0,0.0,0.00,0.00,0.00,0.00,0,False,1,3,0,2026-08-21T19:00:00Z,50,0,0,0,7348
Illan Meslier,GK,Arsenal,3,1,1,1,0,0,0,0,0,0,0,0,0,0,0,0,0,0,0,0.0,0.0,0.0,0.0,0.00,0.00,0.00,0.00,0,True,7,3,0,2026-08-21T19:00:00Z,50,0,0,0,2971
Steven Benda,GK,Nott'm Forest,590,1,6,1,0,0,0,0,0,0,0,0,0,0,0,0,0,0,0,0.0,0.0,0.0,0.0,0.00,0.00,0.00,0.00,0,True,13,0,1,2026-08-22T14:00:00Z,45,0,0,0,5245
Lucas Digne,DEF,Aston Villa,30,1,7,1,0,0,0,0,0,0,0,0,0,0,0,0,0,0,0,0.0,0.0,0.0,0.0,0.00,0.00,0.00,0.00,0,False,5,4,0,2026-08-23T13:00:00Z,45,0,0,0,13780
Adam Aznou,DEF,Everton,235,1,3,1,0,0,0,0,0,0,0,0,0,0,0,0,0,0,0,0.0,0.0,0.0,0.0,0.00,0.00,0.00,0.00,0,True,8,2,0,2026-08-22T14:00:00Z,40,0,0,0,16732
Christantus Uche,FWD,Crystal Palace,225,1,3,1,0,0,0,0,0,0,0,0,0,0,0,0,0,0,0,0.0,0.0,0.0,0.0,0.00,0.00,0.00,0.00,0,False,9,2,0,2026-08-22T14:00:00Z,50,0,0,0,0
Sean Neave,FWD,Newcastle,466,1,9,1,0,0,0,0,0,0,0,0,0,0,0,0,0,0,0,0.0,0.0,0.0,0.0,0.00,0.00,0.00,0.00,0,True,14,2,2,2026-08-23T15:30:00Z,45,0,0,0,66588
Wellity Lucky,DEF,Liverpool,361,1,9,1,0,0,0,0,0,0,0,0,0,0,0,0,0,0,0,0.0,0.0,0.0,0.0,0.00,0.00,0.00,0.00,0,False,17,2,2,2026-08-23T15:30:00Z,40,0,0,0,10838
Julián Araujo Zúñiga,DEF,Bournemouth,65,1,8,1,0,0,0,0,0,0,0,0,0,0,0,0,0,0,0,0.0,0.0,0.0,0.0,0.00,0.00,0.00,0.00,0,False,15,2,1,2026-08-23T13:00:00Z,45,0,0,0,1775
Jarrad Branthwaite,DEF,Everton,230,1,3,1,90,1,6,0,0,1,0,0,0,0,0,0,0,0,27,18.6,0.8,6.0,2.5,0.00,0.01,0.01,1.96,8,True,8,2,0,2026-08-22T14:00:00Z,55,0,0,0,141420
Tanaka Ao,MID,Leeds,345,1,6,1,0,0,0,0,0,0,0,0,0,0,0,0,0,0,0,0.0,0.0,0.0,0.0,0.00,0.00,0.00,0.00,0,False,18,0,1,2026-08-22T14:00:00Z,50,0,0,0,23052
Phil Foden,MID,Man City,398,1,8,1,81,1,1,0,0,0,1,0,0,0,1,0,0,0,15,10.4,49.6,15.0,7.5,0.12,0.40,0.52,0.65,6,True,3,2,1,2026-08-23T13:00:00Z,70,0,0,0,387178
Pape Matar Sarr,MID,Spurs,518,1,2,1,0,0,0,0,0,0,0,0,0,0,0,0,0,0,0,0.0,0.0,0.0,0.0,0.00,0.00,0.00,0.00,0,False,4,3,0,2026-08-22T16:30:00Z,50,0,0,0,25576
Triston Rowe,DEF,Aston Villa,606,1,7,1,0,0,0,0,0,0,0,0,0,0,0,0,0,0,0,0.0,0.0,0.0,0.0,0.00,0.00,0.00,0.00,0,False,5,4,0,2026-08-23T13:00:00Z,40,0,0,0,0
Kobbie Mainoo,MID,Man Utd,432,1,4,1,23,0,1,0,0,0,0,0,0,0,0,0,0,0,7,2.8,2.5,2.0,0.7,0.07,0.01,0.08,0.07,1,False,11,2,0,2026-08-22T11:30:00Z,55,0,0,0,89014
Benjamin White,DEF,Arsenal,10,1,1,1,90,1,11,0,1,1,0,0,0,0,0,0,0,2,37,33.2,26.8,13.0,7.3,0.18,0.21,0.39,0.20,5,True,7,3,0,2026-08-21T19:00:00Z,55,0,0,0,401419
Divine Mukasa,MID,Man City,409,1,8,1,0,0,0,0,0,0,0,0,0,0,0,0,0,0,0,0.0,0.0,0.0,0.0,0.00,0.00,0.00,0.00,0,True,3,2,1,2026-08-23T13:00:00Z,45,0,0,0,16621
Pep Chavarría,DEF,Chelsea,583,1,10,1,25,0,1,0,0,0,0,0,0,0,0,0,0,0,3,2.4,0.2,2.0,0.5,0.00,0.00,0.00,0.28,1,False,10,2,3,2026-08-24T19:00:00Z,50,0,0,0,17073
Alex Scott,MID,Bournemouth,69,1,8,1,90,1,2,0,0,0,2,0,0,0,0,0,0,0,17,11.4,4.8,0.0,1.6,0.00,0.01,0.01,2.25,11,False,15,2,1,2026-08-23T13:00:00Z,60,0,0,0,134668
Lewis Miley,MID,Newcastle,459,1,9,1,75,1,3,0,0,0,1,0,0,0,1,0,0,0,13,15.6,21.4,3.0,4.0,0.05,0.01,0.06,1.94,13,True,14,2,2,2026-08-23T15:30:00Z,55,0,0,0,4093
Tatsuhiro Sakamoto,MID,Coventry City,185,1,1,1,0,0,0,0,0,0,0,0,0,0,0,0,0,0,0,0.0,0.0,0.0,0.0,0.00,0.00,0.00,0.00,0,False,1,3,0,2026-08-21T19:00:00Z,50,0,0,0,10294
Maxim De Cuyper,DEF,Brighton,115,1,7,1,77,1,17,1,1,1,0,0,0,0,0,0,0,2,46,40.6,45.3,43.0,12.9,1.47,0.21,1.68,0.29,4,True,2,4,0,2026-08-23T13:00:00Z,45,0,0,0,151636
Abu Kamara,MID,Hull City,293,1,4,1,0,0,0,0,0,0,0,0,0,0,0,0,0,0,0,0.0,0.0,0.0,0.0,0.00,0.00,0.00,0.00,0,True,16,2,0,2026-08-22T11:30:00Z,50,0,0,0,555
Iliman Ndiaye,MID,Everton,237,1,3,1,90,1,9,0,1,1,0,0,0,0,0,0,0,1,36,40.8,39.8,48.0,12.9,0.24,0.32,0.56,1.96,12,True,8,2,0,2026-08-22T14:00:00Z,60,0,0,0,1434152
Borna Sosa,DEF,Crystal Palace,205,1,3,1,0,0,0,0,0,0,0,0,0,0,0,0,0,0,0,0.0,0.0,0.0,0.0,0.00,0.00,0.00,0.00,0,False,9,2,0,2026-08-22T14:00:00Z,45,0,0,0,2785
Bruno Borges Fernandes,MID,Man Utd,426,1,4,1,90,1,2,0,0,0,2,0,0,0,0,0,0,0,18,20.2,55.4,17.0,9.3,0.08,0.26,0.34,1.01,6,False,11,2,0,2026-08-22T11:30:00Z,120,0,0,0,4653303
John Egan,DEF,Hull City,277,1,4,1,90,1,8,0,0,1,0,0,0,0,0,0,0,0,27,43.4,0.1,2.0,4.6,0.00,0.00,0.00,1.83,21,True,16,2,0,2026-08-22T11:30:00Z,40,0,0,0,134746
Nicolás Domínguez,MID,Nott'm Forest,487,1,6,1,0,0,0,0,0,0,0,0,0,0,0,0,0,0,0,0.0,0.0,0.0,0.0,0.00,0.00,0.00,0.00,0,True,13,0,1,2026-08-22T14:00:00Z,50,0,0,0,7576
Manuel Ugarte Ribeiro,MID,Man Utd,433,1,4,1,0,0,0,0,0,0,0,0,0,0,0,0,0,0,0,0.0,0.0,0.0,0.0,0.00,0.00,0.00,0.00,0,False,11,2,0,2026-08-22T11:30:00Z,50,0,0,0,333
Chido Obi,FWD,Man Utd,441,1,4,1,0,0,0,0,0,0,0,0,0,0,0,0,0,0,0,0.0,0.0,0.0,0.0,0.00,0.00,0.00,0.00,0,False,11,2,0,2026-08-22T11:30:00Z,45,0,0,0,100521
Mark Gillespie,GK,Newcastle,443,1,9,1,0,0,0,0,0,0,0,0,0,0,0,0,0,0,0,0.0,0.0,0.0,0.0,0.00,0.00,0.00,0.00,0,True,14,2,2,2026-08-23T15:30:00Z,45,0,0,0,2989
Bernd Leno,GK,Fulham,250,1,10,1,90,1,2,0,0,0,3,0,0,0,0,0,3,0,11,29.6,0.0,0.0,3.0,0.00,0.00,0.00,2.24,0,True,6,2,3,2026-08-24T19:00:00Z,45,0,0,0,272035
Alfie McNally,GK,Fulham,252,1,10,1,0,0,0,0,0,0,0,0,0,0,0,0,0,0,0,0.0,0.0,0.0,0.0,0.00,0.00,0.00,0.00,0,True,6,2,3,2026-08-24T19:00:00Z,40,0,0,0,13569
Ryan Sessegnon,DEF,Fulham,269,1,10,1,17,0,1,0,0,0,0,0,0,0,0,0,0,0,7,6.6,0.5,19.0,2.6,0.03,0.00,0.03,0.03,1,True,6,2,3,2026-08-24T19:00:00Z,45,0,0,0,39784
Ryan Yates,MID,Nott'm Forest,489,1,6,1,0,0,0,0,0,0,0,0,0,0,0,0,0,0,0,0.0,0.0,0.0,0.0,0.00,0.00,0.00,0.00,0,True,13,0,1,2026-08-22T14:00:00Z,45,0,0,0,177323
Sebastiaan Bornauw,DEF,Leeds,333,1,6,1,0,0,0,0,0,0,0,0,0,0,0,0,0,0,0,0.0,0.0,0.0,0.0,0.00,0.00,0.00,0.00,0,False,18,0,1,2026-08-22T14:00:00Z,45,0,0,0,512
Bruno Guimarães Rodriguez Moura,MID,Arsenal,452,1,1,1,0,0,0,0,0,0,0,0,0,0,0,0,0,0,0,0.0,0.0,0.0,0.0,0.00,0.00,0.00,0.00,0,True,7,3,0,2026-08-21T19:00:00Z,70,0,0,0,391151
Cody Gakpo,MID,Liverpool,367,1,9,1,90,1,12,1,0,0,2,0,0,0,0,0,0,3,33,44.0,34.0,37.0,11.5,0.30,0.15,0.45,1.58,12,False,17,2,2,2026-08-23T15:30:00Z,70,0,0,0,310403
Amad Diallo,MID,Man Utd,431,1,4,1,0,0,0,0,0,0,0,0,0,0,0,0,0,0,0,0.0,0.0,0.0,0.0,0.00,0.00,0.00,0.00,0,False,11,2,0,2026-08-22T11:30:00Z,60,0,0,0,145627
Calvin Bassey,DEF,Fulham,257,1,10,1,90,1,0,0,0,0,3,0,0,0,1,0,0,0,1,13.8,3.8,2.0,2.0,0.02,0.02,0.04,2.24,4,True,6,2,3,2026-08-24T19:00:00Z,45,0,0,0,64737
James Garner,MID,Everton,239,1,3,1,11,0,1,0,0,0,0,0,0,0,0,0,0,0,6,4.8,11.8,2.0,1.9,0.00,0.03,0.03,0.34,1,True,8,2,0,2026-08-22T14:00:00Z,60,0,0,0,11659
Boubacar Kamara,MID,Aston Villa,47,1,7,1,90,1,2,0,0,0,4,0,0,0,0,0,0,0,9,11.2,2.8,0.0,1.4,0.00,0.00,0.00,3.77,7,False,5,4,0,2026-08-23T13:00:00Z,50,0,0,0,31172
Kepa Arrizabalaga Revuelta,GK,Arsenal,2,1,1,1,0,0,0,0,0,0,0,0,0,0,0,0,0,0,0,0.0,0.0,0.0,0.0,0.00,0.00,0.00,0.00,0,True,7,3,0,2026-08-21T19:00:00Z,50,0,0,0,7415
Raphael Borges Rodrigues,MID,Coventry City,191,1,1,1,0,0,0,0,0,0,0,0,0,0,0,0,0,0,0,0.0,0.0,0.0,0.0,0.00,0.00,0.00,0.00,0,False,1,3,0,2026-08-21T19:00:00Z,45,0,0,0,16813
Martin Dubravka,GK,Spurs,497,1,2,1,0,0,0,0,0,0,0,0,0,0,0,0,0,0,0,0.0,0.0,0.0,0.0,0.00,0.00,0.00,0.00,0,False,4,3,0,2026-08-22T16:30:00Z,40,0,0,0,1778139
James Maddison,MID,Spurs,515,1,2,1,22,0,1,0,0,0,0,0,0,0,0,0,0,0,6,4.4,8.3,8.0,2.1,0.00,0.01,0.01,0.85,2,False,4,3,0,2026-08-22T16:30:00Z,65,0,0,0,119410
Chris Richards,DEF,Crystal Palace,202,1,3,1,90,1,3,0,0,0,2,0,0,0,0,0,0,0,13,42.6,0.7,0.0,4.3,0.00,0.00,0.00,1.12,16,False,9,2,0,2026-08-22T14:00:00Z,50,0,0,0,66477
Matthijs de Ligt,DEF,Man Utd,416,1,4,1,0,0,0,0,0,0,0,0,0,0,0,0,0,0,0,0.0,0.0,0.0,0.0,0.00,0.00,0.00,0.00,0,False,11,2,0,2026-08-22T11:30:00Z,50,0,0,0,2274
Sávio Moreira de Oliveira,MID,Man City,403,1,8,1,0,0,0,0,0,0,0,0,0,0,0,0,0,0,0,0.0,0.0,0.0,0.0,0.00,0.00,0.00,0.00,0,True,3,2,1,2026-08-23T13:00:00Z,65,0,0,0,23783
Dário Luís Essugo,MID,Chelsea,163,1,10,1,0,0,0,0,0,0,0,0,0,0,0,0,0,0,0,0.0,0.0,0.0,0.0,0.00,0.00,0.00,0.00,0,False,10,2,3,2026-08-24T19:00:00Z,45,0,0,0,18298
Jake Bidwell,DEF,Coventry City,178,1,1,1,0,0,0,0,0,0,0,0,0,0,0,0,0,0,0,0.0,0.0,0.0,0.0,0.00,0.00,0.00,0.00,0,False,1,3,0,2026-08-21T19:00:00Z,40,0,0,0,7091
Ayden Heaven,DEF,Man Utd,421,1,4,1,90,1,1,0,0,0,2,0,0,0,0,0,0,0,5,6.8,2.6,11.0,2.0,0.12,0.04,0.16,1.01,2,False,11,2,0,2026-08-22T11:30:00Z,45,0,0,0,33647
Lucas Bergvall,MID,Spurs,520,1,2,1,45,1,1,0,0,0,2,0,0,0,0,0,0,0,2,0.0,2.0,2.0,0.0,0.00,0.01,0.01,1.70,8,False,4,3,0,2026-08-22T16:30:00Z,55,0,0,0,18443
Caleb Yirenkyi,MID,Coventry City,575,1,1,1,61,1,1,0,0,0,3,0,0,0,1,0,0,0,2,0.0,3.1,0.0,0.0,0.00,0.00,0.00,1.56,3,False,1,3,0,2026-08-21T19:00:00Z,50,0,0,0,23536
Antoni Milambo,MID,Brentford,99,1,2,1,0,0,0,0,0,0,0,0,0,0,0,0,0,0,0,0.0,0.0,0.0,0.0,0.00,0.00,0.00,0.00,0,True,19,3,0,2026-08-22T16:30:00Z,50,0,0,0,187
Promise David,FWD,Brighton,594,1,7,1,0,0,0,0,0,0,0,0,0,0,0,0,0,0,0,0.0,0.0,0.0,0.0,0.00,0.00,0.00,0.00,0,True,2,4,0,2026-08-23T13:00:00Z,60,0,0,0,20944
Tino Livramento,DEF,Newcastle,450,1,9,1,0,0,0,0,0,0,0,0,0,0,0,0,0,0,0,0.0,0.0,0.0,0.0,0.00,0.00,0.00,0.00,0,True,14,2,2,2026-08-23T15:30:00Z,50,0,0,0,4326
Tyrick Mitchell,DEF,Crystal Palace,204,1,3,1,90,1,1,0,0,0,2,0,0,0,0,0,0,0,9,11.6,13.8,2.0,2.7,0.00,0.01,0.01,1.12,5,False,9,2,0,2026-08-22T14:00:00Z,45,0,0,0,580791
Jaidon Anthony,MID,Brentford,105,1,2,1,23,0,1,0,0,0,0,0,0,0,0,0,0,0,9,10.6,34.9,1.0,4.7,0.03,0.35,0.38,0.10,8,True,19,3,0,2026-08-22T16:30:00Z,60,0,0,0,14244
Julio Soler Barreto,DEF,Bournemouth,66,1,8,1,0,0,0,0,0,0,0,0,0,0,0,0,0,0,0,0.0,0.0,0.0,0.0,0.00,0.00,0.00,0.00,0,False,15,2,1,2026-08-23T13:00:00Z,40,0,0,0,19739
Valentín Barco,MID,Chelsea,568,1,10,1,0,0,0,0,0,0,0,0,0,0,0,0,0,0,0,0.0,0.0,0.0,0.0,0.00,0.00,0.00,0.00,0,False,10,2,3,2026-08-24T19:00:00Z,55,0,0,0,12041
Matheus Santos Carneiro da Cunha,MID,Man Utd,428,1,4,1,79,1,2,0,0,0,2,0,0,0,0,0,0,0,14,5.4,28.2,35.0,6.9,0.24,0.21,0.45,1.01,3,False,11,2,0,2026-08-22T11:30:00Z,80,0,0,0,901042
Tyrique George,MID,Everton,242,1,3,1,83,1,3,0,0,1,0,0,0,0,0,0,0,0,13,7.0,23.4,25.0,5.5,0.18,0.08,0.26,1.67,7,True,8,2,0,2026-08-22T14:00:00Z,55,0,0,0,24527
Shea Lacey,MID,Man Utd,435,1,4,1,10,0,1,0,0,0,0,0,0,0,0,0,0,0,3,0.2,0.6,0.0,0.1,0.00,0.00,0.00,0.00,1,False,11,2,0,2026-08-22T11:30:00Z,50,0,0,0,4147
Ezri Konsa Ngoyo,DEF,Arsenal,31,1,1,1,0,0,0,0,0,0,0,0,0,0,0,0,0,0,0,0.0,0.0,0.0,0.0,0.00,0.00,0.00,0.00,0,True,7,3,0,2026-08-21T19:00:00Z,45,0,0,0,1206127
Djiamgone Jocelin Ta Bi,MID,Sunderland,550,1,5,1,0,0,0,0,0,0,0,0,0,0,0,0,0,0,0,0.0,0.0,0.0,0.0,0.00,0.00,0.00,0.00,0,False,12,2,1,2026-08-22T14:00:00Z,50,0,0,0,501
Jorrel Hato,DEF,Chelsea,148,1,10,1,64,1,1,0,0,0,2,0,0,0,0,0,0,0,5,8.4,12.3,11.0,3.2,0.01,0.03,0.04,1.05,3,False,10,2,3,2026-08-24T19:00:00Z,45,0,0,0,40724
Lamare Bogarde,MID,Aston Villa,35,1,7,1,16,0,1,0,0,0,0,0,0,0,0,0,0,0,3,2.2,0.5,0.0,0.3,0.00,0.00,0.00,0.22,1,False,5,4,0,2026-08-23T13:00:00Z,50,0,0,0,5822
Justin Devenny,MID,Crystal Palace,215,1,3,1,0,0,0,0,0,0,0,0,0,0,0,0,0,0,0,0.0,0.0,0.0,0.0,0.00,0.00,0.00,0.00,0,False,9,2,0,2026-08-22T14:00:00Z,50,0,0,0,1134
Matt Crooks,MID,Hull City,289,1,4,1,90,1,2,0,0,1,0,0,0,0,1,0,0,0,9,19.0,2.4,0.0,2.1,0.00,0.00,0.00,1.83,9,True,16,2,0,2026-08-22T11:30:00Z,45,0,0,0,57929
Ronald Araujo,DEF,Liverpool,579,1,9,1,20,0,1,0,0,0,0,0,0,0,0,0,0,0,3,13.2,1.2,0.0,1.4,0.00,0.03,0.03,0.54,4,False,17,2,2,2026-08-23T15:30:00Z,55,0,0,0,211388
Callum Hudson-Odoi,MID,Nott'm Forest,482,1,6,1,0,0,0,0,0,0,0,0,0,0,0,0,0,0,0,0.0,0.0,0.0,0.0,0.00,0.00,0.00,0.00,0,True,13,0,1,2026-08-22T14:00:00Z,60,0,0,0,23579
Tom Cairney,MID,Fulham,266,1,10,1,0,0,0,0,0,0,0,0,0,0,0,0,0,0,0,0.0,0.0,0.0,0.0,0.00,0.00,0.00,0.00,0,True,6,2,3,2026-08-24T19:00:00Z,50,0,0,0,464
Luca Netz,DEF,Nott'm Forest,478,1,6,1,16,0,1,0,0,0,1,0,0,0,0,0,0,0,-2,0.0,0.9,0.0,0.1,0.00,0.00,0.00,0.13,0,True,13,0,1,2026-08-22T14:00:00Z,45,0,0,0,2322
Mathias Jensen,MID,Brentford,97,1,2,1,66,1,6,0,1,1,0,0,0,0,0,0,0,0,22,12.6,46.2,13.0,7.2,0.08,0.34,0.42,0.47,5,True,19,3,0,2026-08-22T16:30:00Z,55,0,0,0,16245
Harrison Reed,MID,Fulham,270,1,10,1,0,0,0,0,0,0,0,0,0,0,0,0,0,0,0,0.0,0.0,0.0,0.0,0.00,0.00,0.00,0.00,0,True,6,2,3,2026-08-24T19:00:00Z,45,0,0,0,139875
Thomas Meunier,DEF,Sunderland,541,1,5,1,90,1,1,0,0,0,2,0,0,0,0,0,0,0,5,13.8,5.3,11.0,3.0,0.08,0.08,0.16,1.80,4,False,12,2,1,2026-08-22T14:00:00Z,45,0,0,0,26928
Alex Iwobi,MID,Fulham,261,1,10,1,90,1,2,0,0,0,3,0,0,0,0,0,0,0,17,12.4,11.3,0.0,2.4,0.00,0.04,0.04,2.24,10,True,6,2,3,2026-08-24T19:00:00Z,55,0,0,0,88413
Lukas Nmecha,FWD,Leeds,347,1,6,1,0,0,0,0,0,0,0,0,0,0,0,0,0,0,0,0.0,0.0,0.0,0.0,0.00,0.00,0.00,0.00,0,False,18,0,1,2026-08-22T14:00:00Z,55,0,0,0,53564
Lucas Herrington,DEF,Hull City,585,1,4,1,26,0,1,0,0,0,0,0,0,0,0,0,0,0,4,8.0,0.0,0.0,0.8,0.00,0.00,0.00,0.96,4,True,16,2,0,2026-08-22T11:30:00Z,40,0,0,0,53978
Brian Madjo,FWD,Aston Villa,582,1,7,1,0,0,0,0,0,0,0,0,0,0,0,0,0,0,0,0.0,0.0,0.0,0.0,0.00,0.00,0.00,0.00,0,False,5,4,0,2026-08-23T13:00:00Z,55,0,0,0,46241
Cheick Doucouré,MID,Crystal Palace,218,1,3,1,0,0,0,0,0,0,0,0,0,0,0,0,0,0,0,0.0,0.0,0.0,0.0,0.00,0.00,0.00,0.00,0,False,9,2,0,2026-08-22T14:00:00Z,50,0,0,0,6199
Adrien Truffert,DEF,Bournemouth,61,1,8,1,90,1,1,0,0,0,2,0,0,0,0,0,0,0,0,15.4,1.3,0.0,1.7,0.00,0.00,0.00,2.25,7,False,15,2,1,2026-08-23T13:00:00Z,55,0,0,0,392050
Enes Ünal,FWD,Bournemouth,80,1,8,1,0,0,0,0,0,0,0,0,0,0,0,0,0,0,0,0.0,0.0,0.0,0.0,0.00,0.00,0.00,0.00,0,False,15,2,1,2026-08-23T13:00:00Z,55,0,0,0,3581
Joe Gelhardt,MID,Hull City,340,1,4,1,0,0,0,0,0,0,0,0,0,0,0,0,0,0,0,0.0,0.0,0.0,0.0,0.00,0.00,0.00,0.00,0,True,16,2,0,2026-08-22T11:30:00Z,50,0,0,0,1365
Dillon Phillips,GK,Hull City,273,1,4,1,0,0,0,0,0,0,0,0,0,0,0,0,0,0,0,0.0,0.0,0.0,0.0,0.00,0.00,0.00,0.00,0,True,16,2,0,2026-08-22T11:30:00Z,40,0,0,0,138196
Florian Wirtz,MID,Liverpool,366,1,9,1,62,1,2,0,0,0,2,0,0,0,0,0,0,0,16,9.8,17.9,29.0,5.7,0.26,0.04,0.30,0.51,5,False,17,2,2,2026-08-23T15:30:00Z,75,0,0,0,1122658
Rodrigo 'Rodri' Hernandez Cascante,MID,Man City,402,1,8,1,0,0,0,0,0,0,0,0,0,0,0,0,0,0,0,0.0,0.0,0.0,0.0,0.00,0.00,0.00,0.00,0,True,3,2,1,2026-08-23T13:00:00Z,65,0,0,0,2341
George Shepherd,MID,Coventry City,189,1,1,1,0,0,0,0,0,0,0,0,0,0,0,0,0,0,0,0.0,0.0,0.0,0.0,0.00,0.00,0.00,0.00,0,False,1,3,0,2026-08-21T19:00:00Z,45,0,0,0,28435
Kieran Dowell,MID,Hull City,288,1,4,1,0,0,0,0,0,0,0,0,0,0,0,0,0,0,0,0.0,0.0,0.0,0.0,0.00,0.00,0.00,0.00,0,True,16,2,0,2026-08-22T11:30:00Z,45,0,0,0,35457
Jaka Bijol,DEF,Leeds,327,1,6,1,90,1,10,0,0,1,0,0,0,0,0,0,0,2,28,23.6,0.4,15.0,3.9,0.11,0.00,0.11,0.66,12,False,18,0,1,2026-08-22T14:00:00Z,50,0,0,0,27043
Morgan Rogers,MID,Chelsea,40,1,10,1,81,1,8,1,0,0,2,0,0,0,0,0,0,1,37,48.8,53.5,29.0,13.1,0.96,0.10,1.06,1.24,7,False,10,2,3,2026-08-24T19:00:00Z,75,0,0,0,2178086
Will Hughes,MID,Crystal Palace,212,1,3,1,0,0,0,0,0,0,0,0,0,0,0,0,0,0,0,0.0,0.0,0.0,0.0,0.00,0.00,0.00,0.00,0,False,9,2,0,2026-08-22T14:00:00Z,45,0,0,0,1093674
Tammy Abraham,FWD,Aston Villa,56,1,7,1,0,0,0,0,0,0,0,0,0,0,0,0,0,0,0,0.0,0.0,0.0,0.0,0.00,0.00,0.00,0.00,0,False,5,4,0,2026-08-23T13:00:00Z,55,0,0,0,11764
Christian Nørgaard,MID,Everton,21,1,3,1,0,0,0,0,0,0,0,0,0,0,0,0,0,0,0,0.0,0.0,0.0,0.0,0.00,0.00,0.00,0.00,0,True,8,2,0,2026-08-22T14:00:00Z,50,0,0,0,10920
Arnaud Kalimuendo,FWD,Nott'm Forest,493,1,6,1,1,0,1,0,0,0,0,0,0,0,0,0,0,0,3,0.0,0.0,0.0,0.0,0.00,0.00,0.00,0.00,0,True,13,0,1,2026-08-22T14:00:00Z,55,0,0,0,4138
Timothy Castagne,DEF,Fulham,258,1,10,1,90,1,6,0,2,0,3,0,0,0,1,0,0,0,21,38.0,27.8,23.0,8.9,0.09,0.18,0.27,2.24,6,True,6,2,3,2026-08-24T19:00:00Z,45,0,0,0,26346
Jack Hinshelwood,MID,Brighton,123,1,7,1,63,1,16,2,0,1,0,0,0,0,0,0,0,3,54,72.8,13.4,59.0,14.5,1.41,0.02,1.43,0.19,3,True,2,4,0,2026-08-23T13:00:00Z,60,0,0,0,39219
Tyler Fletcher,MID,Man Utd,438,1,4,1,0,0,0,0,0,0,0,0,0,0,0,0,0,0,0,0.0,0.0,0.0,0.0,0.00,0.00,0.00,0.00,0,False,11,2,0,2026-08-22T11:30:00Z,45,0,0,0,31336
Darko Gyabi,MID,Hull City,297,1,4,1,0,0,0,0,0,0,0,0,0,0,0,0,0,0,0,0.0,0.0,0.0,0.0,0.00,0.00,0.00,0.00,0,True,16,2,0,2026-08-22T11:30:00Z,45,0,0,0,2774
Romain Esse,MID,Crystal Palace,216,1,3,1,0,0,0,0,0,0,0,0,0,0,0,0,0,0,0,0.0,0.0,0.0,0.0,0.00,0.00,0.00,0.00,0,False,9,2,0,2026-08-22T14:00:00Z,50,0,0,0,3728
Jørgen Strand Larsen,FWD,Crystal Palace,222,1,3,1,27,0,1,0,0,0,0,0,0,0,0,0,0,0,3,1.0,3.5,17.0,2.2,0.25,0.01,0.26,0.14,0,False,9,2,0,2026-08-22T14:00:00Z,60,0,0,0,50940
Leo Shahar,DEF,Newcastle,609,1,9,1,0,0,0,0,0,0,0,0,0,0,0,0,0,0,0,0.0,0.0,0.0,0.0,0.00,0.00,0.00,0.00,0,True,14,2,2,2026-08-23T15:30:00Z,40,0,0,0,0
James Justin,DEF,Leeds,332,1,6,1,90,1,10,0,0,1,0,0,0,0,0,0,0,2,28,24.6,2.3,2.0,2.9,0.00,0.01,0.01,0.66,12,False,18,0,1,2026-08-22T14:00:00Z,45,0,0,0,52732
Mateo Joseph Fernández-Regatillo,FWD,Leeds,349,1,6,1,0,0,0,0,0,0,0,0,0,0,0,0,0,0,0,0.0,0.0,0.0,0.0,0.00,0.00,0.00,0.00,0,False,18,0,1,2026-08-22T14:00:00Z,45,0,0,0,5936
Geovany Quenda,MID,Chelsea,164,1,10,1,8,0,1,0,0,0,0,0,0,0,0,0,0,0,2,1.2,0.3,2.0,0.4,0.00,0.00,0.00,0.09,1,False,10,2,3,2026-08-24T19:00:00Z,55,0,0,0,3758
Melker Ellborg,GK,Sunderland,531,1,5,1,0,0,0,0,0,0,0,0,0,0,0,0,0,0,0,0.0,0.0,0.0,0.0,0.00,0.00,0.00,0.00,0,False,12,2,1,2026-08-22T14:00:00Z,45,0,0,0,8630
Oliver Dovin,GK,Coventry City,171,1,1,1,0,0,0,0,0,0,0,0,0,0,0,0,0,0,0,0.0,0.0,0.0,0.0,0.00,0.00,0.00,0.00,0,False,1,3,0,2026-08-21T19:00:00Z,40,0,0,0,142267
Thimothée Lo-Tutala,GK,Hull City,276,1,4,1,0,0,0,0,0,0,0,0,0,0,0,0,0,0,0,0.0,0.0,0.0,0.0,0.00,0.00,0.00,0.00,0,True,16,2,0,2026-08-22T11:30:00Z,40,0,0,0,3519
Tom Watson,MID,Brighton,133,1,7,1,0,0,0,0,0,0,0,0,0,0,0,0,0,0,0,0.0,0.0,0.0,0.0,0.00,0.00,0.00,0.00,0,True,2,4,0,2026-08-23T13:00:00Z,50,0,0,0,241
Luka Vušković,DEF,Brighton,504,1,7,1,90,1,6,0,0,1,0,0,0,0,0,0,0,0,19,12.4,4.5,12.0,2.9,0.13,0.03,0.16,0.29,4,True,2,4,0,2026-08-23T13:00:00Z,50,0,0,0,221596
Reiss Nelson,MID,Arsenal,24,1,1,1,0,0,0,0,0,0,0,0,0,0,0,0,0,0,0,0.0,0.0,0.0,0.0,0.00,0.00,0.00,0.00,0,True,7,3,0,2026-08-21T19:00:00Z,55,0,0,0,853
Tyler Fredricson,DEF,Man Utd,425,1,4,1,0,0,0,0,0,0,0,0,0,0,0,0,0,0,0,0.0,0.0,0.0,0.0,0.00,0.00,0.00,0.00,0,False,11,2,0,2026-08-22T11:30:00Z,40,0,0,0,2582
Cameron Humphreys,MID,Ipswich Town,602,1,5,1,0,0,0,0,0,0,0,0,0,0,0,0,0,0,0,0.0,0.0,0.0,0.0,0.00,0.00,0.00,0.00,0,True,20,2,1,2026-08-22T14:00:00Z,45,0,0,0,0
Mats Wieffer,DEF,Brighton,130,1,7,1,77,1,7,0,0,1,0,0,0,0,0,0,0,1,32,16.6,26.3,6.0,4.9,0.09,0.05,0.14,0.29,8,True,2,4,0,2026-08-23T13:00:00Z,50,0,0,0,22925
Joe Rodon,DEF,Leeds,329,1,6,1,90,1,6,0,0,1,0,0,0,0,0,0,0,0,21,14.4,14.4,5.0,3.4,0.03,0.06,0.09,0.66,7,False,18,0,1,2026-08-22T14:00:00Z,45,0,0,0,330772
Zavier Gozo,MID,Crystal Palace,595,1,3,1,0,0,0,0,0,0,0,0,0,0,0,0,0,0,0,0.0,0.0,0.0,0.0,0.00,0.00,0.00,0.00,0,False,9,2,0,2026-08-22T14:00:00Z,50,0,0,0,1214
Sandro Tonali,MID,Spurs,455,1,2,1,90,1,2,0,0,0,3,0,0,0,0,0,0,0,14,6.2,6.4,8.0,2.1,0.04,0.06,0.10,3.87,4,False,4,3,0,2026-08-22T16:30:00Z,55,0,0,0,376914
Mikel Merino Zazón,MID,Arsenal,17,1,1,1,14,0,1,0,0,0,0,0,0,0,0,0,0,0,5,3.6,1.2,14.0,1.9,0.14,0.02,0.16,0.15,2,True,7,3,0,2026-08-21T19:00:00Z,60,0,0,0,62671
Moisés Caicedo Corozo,MID,Chelsea,159,1,10,1,0,0,0,0,0,0,0,0,0,0,0,0,0,0,0,0.0,0.0,0.0,0.0,0.00,0.00,0.00,0.00,0,False,10,2,3,2026-08-24T19:00:00Z,55,0,0,0,347122
Haji Wright,FWD,Coventry City,193,1,1,1,0,0,0,0,0,0,0,0,0,0,0,0,0,0,0,0.0,0.0,0.0,0.0,0.00,0.00,0.00,0.00,0,False,1,3,0,2026-08-21T19:00:00Z,55,0,0,0,18871
Dominic Solanke-Mitchell,FWD,Spurs,526,1,2,1,22,0,1,0,0,0,0,0,0,0,0,0,0,0,3,0.0,0.0,5.0,0.5,0.07,0.00,0.07,0.85,0,False,4,3,0,2026-08-22T16:30:00Z,60,0,0,0,126667
Marcelino Núñez,MID,Ipswich Town,309,1,5,1,79,1,4,0,0,0,1,0,0,0,0,0,0,0,26,13.0,7.3,4.0,2.4,0.03,0.03,0.06,0.63,12,True,20,2,1,2026-08-22T14:00:00Z,50,0,0,0,11544
Ben Wilson,GK,Coventry City,172,1,1,1,0,0,0,0,0,0,0,0,0,0,0,0,0,0,0,0.0,0.0,0.0,0.0,0.00,0.00,0.00,0.00,0,False,1,3,0,2026-08-21T19:00:00Z,45,0,0,0,42690
Alex Tóth,MID,Bournemouth,76,1,8,1,15,0,1,0,0,0,2,0,0,0,0,0,0,0,5,2.8,0.6,0.0,0.3,0.00,0.00,0.00,0.31,2,False,15,2,1,2026-08-23T13:00:00Z,50,0,0,0,1238
Norberto Bercique Gomes Betuncal,FWD,Everton,248,1,3,1,11,0,1,0,0,0,0,0,0,0,0,0,0,0,3,0.0,0.0,2.0,0.2,0.05,0.00,0.05,0.34,0,True,8,2,0,2026-08-22T14:00:00Z,55,0,0,0,249740
Ali Al-Hamadi,FWD,Ipswich Town,322,1,5,1,0,0,0,0,0,0,0,0,0,0,0,0,0,0,0,0.0,0.0,0.0,0.0,0.00,0.00,0.00,0.00,0,True,20,2,1,2026-08-22T14:00:00Z,50,0,0,0,13332
Jérémy Doku,MID,Man City,400,1,8,1,0,0,0,0,0,0,0,0,0,0,0,0,0,0,0,0.0,0.0,0.0,0.0,0.00,0.00,0.00,0.00,0,True,3,2,1,2026-08-23T13:00:00Z,75,0,0,0,191182
Robert Lynch Sánchez,GK,Chelsea,140,1,10,1,90,1,2,0,0,0,2,0,0,0,0,0,4,0,6,21.4,0.0,0.0,2.1,0.00,0.01,0.01,1.33,0,False,10,2,3,2026-08-24T19:00:00Z,50,0,0,0,207899
Leon Bailey,MID,Aston Villa,44,1,7,1,0,0,0,0,0,0,0,0,0,0,0,0,0,0,0,0.0,0.0,0.0,0.0,0.00,0.00,0.00,0.00,0,False,5,4,0,2026-08-23T13:00:00Z,55,0,0,0,12940
Marcos Senesi Barón,DEF,Spurs,498,1,2,1,90,1,3,0,0,0,3,0,0,0,0,0,0,0,10,36.6,2.2,0.0,3.9,0.00,0.02,0.02,3.87,16,False,4,3,0,2026-08-22T16:30:00Z,60,0,0,0,724252
Ben Johnson,DEF,Ipswich Town,307,1,5,1,0,0,0,0,0,0,0,0,0,0,0,0,0,0,0,0.0,0.0,0.0,0.0,0.00,0.00,0.00,0.00,0,True,20,2,1,2026-08-22T14:00:00Z,40,0,0,0,10016
Ethan Nwaneri,MID,Arsenal,22,1,1,1,0,0,0,0,0,0,0,0,0,0,0,0,0,0,0,0.0,0.0,0.0,0.0,0.00,0.00,0.00,0.00,0,True,7,3,0,2026-08-21T19:00:00Z,55,0,0,0,1260
William Saliba,DEF,Arsenal,6,1,1,1,0,0,0,0,0,0,0,0,0,0,0,0,0,0,0,0.0,0.0,0.0,0.0,0.00,0.00,0.00,0.00,0,True,7,3,0,2026-08-21T19:00:00Z,60,0,0,0,26559
George Hemmings,MID,Aston Villa,51,1,7,1,90,1,2,0,0,0,4,0,0,0,0,0,0,0,12,10.6,11.6,2.0,2.4,0.00,0.00,0.00,3.77,5,False,5,4,0,2026-08-23T13:00:00Z,45,0,0,0,60759
Rodrigo Bentancur,MID,Spurs,516,1,2,1,45,0,1,0,0,0,1,0,0,0,0,0,0,0,8,2.0,14.7,0.0,1.7,0.00,0.01,0.01,2.18,5,False,4,3,0,2026-08-22T16:30:00Z,55,0,0,0,17403
Bazoumana Touré,MID,Newcastle,461,1,9,1,0,0,0,0,0,0,0,0,0,0,0,0,0,0,0,0.0,0.0,0.0,0.0,0.00,0.00,0.00,0.00,0,True,14,2,2,2026-08-23T15:30:00Z,60,0,0,0,22780
Vitalii Mykolenko,DEF,Everton,233,1,3,1,90,1,6,0,0,1,0,0,0,0,0,0,0,0,27,12.8,13.8,2.0,2.9,0.00,0.05,0.05,1.96,4,True,8,2,0,2026-08-22T14:00:00Z,45,0,0,0,134687
Antonee Robinson,DEF,Fulham,254,1,10,1,81,1,1,0,0,0,3,0,0,0,0,0,0,0,4,21.6,25.2,3.0,5.0,0.13,0.04,0.17,2.21,7,True,6,2,3,2026-08-24T19:00:00Z,45,0,0,0,148513
Mason Burstow,FWD,Hull City,299,1,4,1,0,0,0,0,0,0,0,0,0,0,0,0,0,0,0,0.0,0.0,0.0,0.0,0.00,0.00,0.00,0.00,0,True,16,2,0,2026-08-22T11:30:00Z,45,0,0,0,6401
Victor Munoz,MID,Liverpool,377,1,9,1,27,0,4,0,1,0,0,0,0,0,0,0,0,0,15,4.0,8.9,14.0,2.7,0.10,0.04,0.14,1.07,0,False,17,2,2,2026-08-23T15:30:00Z,65,0,0,0,48042
Joshua Zirkzee,FWD,Man Utd,440,1,4,1,0,0,0,0,0,0,0,0,0,0,0,0,0,0,0,0.0,0.0,0.0,0.0,0.00,0.00,0.00,0.00,0,False,11,2,0,2026-08-22T11:30:00Z,55,0,0,0,56060
Nicolò Savona,DEF,Nott'm Forest,475,1,6,1,0,0,0,0,0,0,0,0,0,0,0,0,0,0,0,0.0,0.0,0.0,0.0,0.00,0.00,0.00,0.00,0,True,13,0,1,2026-08-22T14:00:00Z,45,0,0,0,209
Christian Walton,GK,Ipswich Town,300,1,5,1,0,0,0,0,0,0,0,0,0,0,0,0,0,0,0,0.0,0.0,0.0,0.0,0.00,0.00,0.00,0.00,0,True,20,2,1,2026-08-22T14:00:00Z,45,0,0,0,47085
Harry Wilson,MID,Leeds,260,1,6,1,65,1,3,0,0,1,0,0,0,0,0,0,0,0,8,6.2,15.3,4.0,2.6,0.00,0.02,0.02,0.53,2,False,18,0,1,2026-08-22T14:00:00Z,65,0,0,0,577649
Jack Taylor,MID,Ipswich Town,312,1,5,1,0,0,0,0,0,0,0,0,0,0,0,0,0,0,0,0.0,0.0,0.0,0.0,0.00,0.00,0.00,0.00,0,True,20,2,1,2026-08-22T14:00:00Z,45,0,0,0,4505
Marcus Tavernier,MID,Bournemouth,68,1,8,1,90,1,10,1,0,0,2,0,0,0,0,0,0,3,32,40.0,17.2,18.0,7.5,0.40,0.08,0.48,2.25,8,False,15,2,1,2026-08-23T13:00:00Z,60,0,0,0,139421
David Akintola,MID,Hull City,296,1,4,1,0,0,0,0,0,0,0,0,0,0,0,0,0,0,0,0.0,0.0,0.0,0.0,0.00,0.00,0.00,0.00,0,True,16,2,0,2026-08-22T11:30:00Z,50,0,0,0,3400
Walter Benítez,GK,Crystal Palace,199,1,3,1,0,0,0,0,0,0,0,0,0,0,0,0,0,0,0,0.0,0.0,0.0,0.0,0.00,0.00,0.00,0.00,0,False,9,2,0,2026-08-22T14:00:00Z,45,0,0,0,10987
Aaron Anselmino,DEF,Chelsea,561,1,10,1,0,0,0,0,0,0,0,0,0,0,0,0,0,0,0,0.0,0.0,0.0,0.0,0.00,0.00,0.00,0.00,0,False,10,2,3,2026-08-24T19:00:00Z,45,0,0,0,1770
Tarik Muharemović,DEF,Leeds,334,1,6,1,90,1,6,0,0,1,0,0,0,0,0,0,0,0,25,15.6,0.6,17.0,3.3,0.09,0.00,0.09,0.66,7,False,18,0,1,2026-08-22T14:00:00Z,50,0,0,0,306283
Antonín Kinský,GK,Spurs,496,1,2,1,90,1,2,0,0,0,3,0,0,0,0,0,5,0,15,43.6,0.0,0.0,4.4,0.00,0.00,0.00,3.87,0,False,4,3,0,2026-08-22T16:30:00Z,45,0,0,0,2208330
Gerónimo Rulli,GK,Man City,587,1,8,1,0,0,0,0,0,0,0,0,0,0,0,0,0,0,0,0.0,0.0,0.0,0.0,0.00,0.00,0.00,0.00,0,True,3,2,1,2026-08-23T13:00:00Z,50,0,0,0,1589
Anthony Elanga,MID,Newcastle,454,1,9,1,75,1,9,1,0,0,1,0,0,0,0,0,0,2,31,37.4,3.5,28.0,6.9,0.22,0.01,0.23,1.94,2,True,14,2,2,2026-08-23T15:30:00Z,60,0,0,0,64591
Justin Kluivert,MID,Bournemouth,70,1,8,1,74,1,3,0,0,1,0,0,0,0,0,0,0,0,15,11.0,14.3,17.0,4.2,0.11,0.00,0.11,1.94,9,False,15,2,1,2026-08-23T13:00:00Z,60,0,0,0,96045
Ross Barkley,MID,Aston Villa,46,1,7,1,73,1,2,0,0,0,4,0,0,0,0,0,0,0,11,9.4,21.4,7.0,3.8,0.10,0.02,0.12,3.55,1,False,5,4,0,2026-08-23T13:00:00Z,50,0,0,0,20508
Mitoma Kaoru,MID,Brighton,121,1,7,1,0,0,0,0,0,0,0,0,0,0,0,0,0,0,0,0.0,0.0,0.0,0.0,0.00,0.00,0.00,0.00,0,True,2,4,0,2026-08-23T13:00:00Z,60,0,0,0,4360
Felipe Rodrigues da Silva,DEF,Nott'm Forest,470,1,6,1,0,0,0,0,0,0,0,0,0,0,0,0,0,0,0,0.0,0.0,0.0,0.0,0.00,0.00,0.00,0.00,0,True,13,0,1,2026-08-22T14:00:00Z,50,0,0,0,4345
Ben Davies,DEF,Spurs,508,1,2,1,0,0,0,0,0,0,0,0,0,0,0,0,0,0,0,0.0,0.0,0.0,0.0,0.00,0.00,0.00,0.00,0,False,4,3,0,2026-08-22T16:30:00Z,40,0,0,0,99420
Axel Disasi,DEF,Chelsea,153,1,10,1,0,0,0,0,0,0,0,0,0,0,0,0,0,0,0,0.0,0.0,0.0,0.0,0.00,0.00,0.00,0.00,0,False,10,2,3,2026-08-24T19:00:00Z,45,0,0,0,5243
Jack Harrison,MID,Leeds,342,1,6,1,0,0,0,0,0,0,0,0,0,0,0,0,0,0,0,0.0,0.0,0.0,0.0,0.00,0.00,0.00,0.00,0,False,18,0,1,2026-08-22T14:00:00Z,50,0,0,0,135
Kjell Scherpen,GK,Ipswich Town,564,1,5,1,90,1,2,0,0,0,1,0,0,0,0,0,2,0,12,14.4,0.0,0.0,1.4,0.00,0.00,0.00,0.66,0,True,20,2,1,2026-08-22T14:00:00Z,45,0,0,0,57252
Jeremy Jacquet,DEF,Liverpool,362,1,9,1,69,1,1,0,0,0,2,0,0,0,0,0,0,0,9,12.4,11.9,0.0,2.4,0.00,0.02,0.02,1.04,3,False,17,2,2,2026-08-23T15:30:00Z,50,0,0,0,205604
Lewis Koumas,MID,Liverpool,381,1,9,1,12,0,1,0,0,0,0,0,0,0,0,0,0,0,4,1.2,0.5,7.0,0.9,0.03,0.00,0.03,0.48,1,False,17,2,2,2026-08-23T15:30:00Z,50,0,0,0,1626
Joao Gomes,MID,Aston Villa,54,1,7,1,39,1,-2,0,0,0,4,0,0,0,0,1,0,0,-2,1.0,11.0,0.0,1.2,0.00,0.01,0.01,2.58,7,False,5,4,0,2026-08-23T13:00:00Z,55,0,0,0,6573
Benjamin Sesko,FWD,Man Utd,439,1,4,1,23,0,1,0,0,0,0,0,0,0,0,0,0,0,2,0.0,0.5,9.0,0.9,0.04,0.00,0.04,0.07,0,False,11,2,0,2026-08-22T11:30:00Z,70,0,0,0,114788
Kaye Furo,FWD,Brentford,107,1,2,1,0,0,0,0,0,0,0,0,0,0,0,0,0,0,0,0.0,0.0,0.0,0.0,0.00,0.00,0.00,0.00,0,True,19,3,0,2026-08-22T16:30:00Z,45,0,0,0,78000
Kiernan Dewsbury-Hall,MID,Everton,236,1,3,1,90,1,11,1,0,1,0,0,0,0,0,0,0,3,40,42.8,28.3,27.0,9.8,0.12,0.17,0.29,1.92,8,True,8,2,0,2026-08-22T14:00:00Z,65,0,0,0,288693
Chiedozie Ogbene,MID,Ipswich Town,314,1,5,1,0,0,0,0,0,0,0,0,0,0,0,0,0,0,0,0.0,0.0,0.0,0.0,0.00,0.00,0.00,0.00,0,True,20,2,1,2026-08-22T14:00:00Z,50,0,0,0,1539
Olivier Boscagli,DEF,Brighton,114,1,7,1,90,1,6,0,0,1,0,0,0,0,0,0,0,0,29,15.2,7.3,6.0,2.9,0.00,0.04,0.04,0.29,6,True,2,4,0,2026-08-23T13:00:00Z,45,0,0,0,19109
Jayden Danns,FWD,Liverpool,382,1,9,1,0,0,0,0,0,0,0,0,0,0,0,0,0,0,0,0.0,0.0,0.0,0.0,0.00,0.00,0.00,0.00,0,False,17,2,2,2026-08-23T15:30:00Z,45,0,0,0,3221
Christos Tzolis,MID,Arsenal,557,1,1,1,75,1,6,0,1,1,0,0,0,0,0,0,0,0,30,17.0,39.8,30.0,8.7,0.19,0.14,0.33,0.06,6,True,7,3,0,2026-08-21T19:00:00Z,65,0,0,0,2247384
João Pedro Junqueira de Jesus,FWD,Chelsea,165,1,10,1,90,1,11,1,1,0,2,0,0,0,0,0,0,2,45,51.2,23.0,37.0,11.1,0.63,0.06,0.69,1.33,3,False,10,2,3,2026-08-24T19:00:00Z,75,0,0,0,5764207
Reinildo Mandava,DEF,Sunderland,536,1,5,1,90,1,1,0,0,0,2,0,0,0,0,0,0,0,9,23.0,27.5,4.0,5.5,0.00,0.29,0.29,1.80,8,False,12,2,1,2026-08-22T14:00:00Z,45,0,0,0,43515
Hidemasa Morita,MID,Hull City,563,1,4,1,0,0,0,0,0,0,0,0,0,0,0,0,0,0,0,0.0,0.0,0.0,0.0,0.00,0.00,0.00,0.00,0,True,16,2,0,2026-08-22T11:30:00Z,50,0,0,0,2175
Sean Steur,MID,Newcastle,462,1,9,1,55,1,1,0,0,0,1,0,0,0,0,0,0,0,3,0.4,1.2,0.0,0.2,0.00,0.00,0.00,1.48,2,True,14,2,2,2026-08-23T15:30:00Z,50,0,0,0,9830
Noah Okafor,MID,Leeds,336,1,6,1,24,0,1,0,0,0,0,0,0,0,0,0,0,0,10,10.0,14.0,4.0,2.8,0.00,0.16,0.16,0.13,5,False,18,0,1,2026-08-22T14:00:00Z,60,0,0,0,45369
Nico Elvedi,DEF,Leeds,598,1,6,1,0,0,0,0,0,0,0,0,0,0,0,0,0,0,0,0.0,0.0,0.0,0.0,0.00,0.00,0.00,0.00,0,False,18,0,1,2026-08-22T14:00:00Z,45,0,0,0,1842
Nathan Collins,DEF,Brentford,84,1,2,1,90,1,6,0,0,1,0,0,0,0,0,0,0,0,21,11.6,21.5,17.0,5.0,0.34,0.04,0.38,0.57,3,True,19,3,0,2026-08-22T16:30:00Z,55,0,0,0,156847
David Raya Martín,GK,Arsenal,1,1,1,1,90,1,6,0,0,1,0,0,0,0,0,0,1,0,24,11.8,0.0,0.0,1.2,0.00,0.00,0.00,0.20,0,True,7,3,0,2026-08-21T19:00:00Z,60,0,0,0,3347153
Adam Smith,DEF,Bournemouth,64,1,8,1,90,1,1,0,0,0,2,0,0,0,0,0,0,0,4,7.0,0.6,0.0,0.8,0.00,0.00,0.00,2.25,5,False,15,2,1,2026-08-23T13:00:00Z,45,0,0,0,8561
Arthur Masuaku,DEF,Sunderland,540,1,5,1,0,0,0,0,0,0,0,0,0,0,0,0,0,0,0,0.0,0.0,0.0,0.0,0.00,0.00,0.00,0.00,0,False,12,2,1,2026-08-22T14:00:00Z,40,0,0,0,25578
Mohamed Belloumi,MID,Hull City,286,1,4,1,90,1,3,0,0,1,0,0,0,0,0,0,0,0,8,10.6,2.2,7.0,2.0,0.05,0.03,0.08,1.83,10,True,16,2,0,2026-08-22T11:30:00Z,50,0,0,0,40446
Sam Szmodics,MID,Ipswich Town,319,1,5,1,0,0,0,0,0,0,0,0,0,0,0,0,0,0,0,0.0,0.0,0.0,0.0,0.00,0.00,0.00,0.00,0,True,20,2,1,2026-08-22T14:00:00Z,50,0,0,0,1030
Dwight McNeil,MID,Crystal Palace,241,1,3,1,62,1,2,0,0,0,2,0,0,0,0,0,0,0,11,9.6,4.7,2.0,1.6,0.05,0.02,0.07,0.98,5,False,9,2,0,2026-08-22T14:00:00Z,55,0,0,0,15735
Nobel Mendy,DEF,Hull City,586,1,4,1,63,1,15,1,0,1,0,0,0,0,0,0,0,1,35,51.8,0.6,33.0,8.5,0.28,0.00,0.28,0.86,13,True,16,2,0,2026-08-22T11:30:00Z,40,0,0,0,92688
Harry Maguire,DEF,Man Utd,418,1,4,1,90,1,1,0,0,0,2,0,0,0,0,0,0,0,15,25.4,28.6,19.0,7.3,0.04,0.40,0.44,1.01,4,False,11,2,0,2026-08-22T11:30:00Z,50,0,0,0,1650905
Dean Henderson,GK,Crystal Palace,198,1,3,1,90,1,2,0,0,0,2,0,0,0,0,0,3,0,14,28.2,0.0,0.0,2.8,0.00,0.00,0.00,1.12,0,False,9,2,0,2026-08-22T14:00:00Z,50,0,0,0,171144
David Brooks,MID,Bournemouth,74,1,8,1,0,0,0,0,0,0,0,0,0,0,0,0,0,0,0,0.0,0.0,0.0,0.0,0.00,0.00,0.00,0.00,0,False,15,2,1,2026-08-23T13:00:00Z,50,0,0,0,4610
João Victor de Souza Menezes,DEF,Spurs,511,1,2,1,0,0,0,0,0,0,0,0,0,0,0,0,0,0,0,0.0,0.0,0.0,0.0,0.00,0.00,0.00,0.00,0,False,4,3,0,2026-08-22T16:30:00Z,40,0,0,0,27254
Matty Cash,DEF,Aston Villa,32,1,7,1,90,1,-1,0,0,0,4,0,0,0,1,0,0,0,-8,12.0,1.1,0.0,1.3,0.00,0.00,0.00,3.77,7,False,5,4,0,2026-08-23T13:00:00Z,45,0,0,0,789072
Marcus Bettinelli,GK,Man City,386,1,8,1,0,0,0,0,0,0,0,0,0,0,0,0,0,0,0,0.0,0.0,0.0,0.0,0.00,0.00,0.00,0.00,0,True,3,2,1,2026-08-23T13:00:00Z,45,0,0,0,2479
Amar Dedic,DEF,Newcastle,593,1,9,1,90,1,1,0,0,0,2,0,0,0,0,0,0,0,-1,16.4,1.2,5.0,2.3,0.03,0.00,0.03,2.98,9,True,14,2,2,2026-08-23T15:30:00Z,45,0,0,0,20712
Youri Tielemans,MID,Man Utd,43,1,4,1,66,1,2,0,0,0,2,0,0,0,0,0,0,0,13,5.0,11.3,4.0,2.0,0.04,0.11,0.15,0.94,5,False,11,2,0,2026-08-22T11:30:00Z,60,0,0,0,224637
Rio Ngumoha,MID,Liverpool,369,1,9,1,62,1,2,0,0,0,2,0,0,0,0,0,0,0,9,2.4,6.0,5.0,1.3,0.04,0.02,0.06,0.51,3,False,17,2,2,2026-08-23T15:30:00Z,60,0,0,0,104767
Bendito Mantato,MID,Man Utd,437,1,4,1,0,0,0,0,0,0,0,0,0,0,0,0,0,0,0,0.0,0.0,0.0,0.0,0.00,0.00,0.00,0.00,0,False,11,2,0,2026-08-22T11:30:00Z,45,0,0,0,16079
Jordan Pickford,GK,Everton,226,1,3,1,90,1,7,0,0,1,0,0,0,0,0,0,4,0,34,31.8,0.0,0.0,3.2,0.00,0.02,0.02,1.96,0,True,8,2,0,2026-08-22T14:00:00Z,55,0,0,0,698199
Liam Millar,MID,Hull City,287,1,4,1,19,0,0,0,0,0,0,0,0,0,1,0,0,0,2,2.0,0.3,2.0,0.4,0.00,0.00,0.00,0.67,3,True,16,2,0,2026-08-22T11:30:00Z,50,0,0,0,6086
Mateo Kovačić,MID,Man City,406,1,8,1,27,0,1,0,0,0,0,0,0,0,0,0,0,0,3,2.2,2.1,0.0,0.4,0.00,0.01,0.01,0.10,2,True,3,2,1,2026-08-23T13:00:00Z,55,0,0,0,6303
Kosta Nedeljkovic,DEF,Aston Villa,39,1,7,1,0,0,0,0,0,0,0,0,0,0,0,0,0,0,0,0.0,0.0,0.0,0.0,0.00,0.00,0.00,0.00,0,False,5,4,0,2026-08-23T13:00:00Z,40,0,0,0,29043
Michael Svoboda,DEF,Brighton,120,1,7,1,0,0,0,0,0,0,0,0,0,0,0,0,0,0,0,0.0,0.0,0.0,0.0,0.00,0.00,0.00,0.00,0,True,2,4,0,2026-08-23T13:00:00Z,50,0,0,0,3997
Kevin Santos Lopes de Macedo,MID,Fulham,263,1,10,1,17,0,1,0,0,0,0,0,0,0,0,0,0,0,2,5.2,1.9,0.0,0.7,0.00,0.01,0.01,0.03,3,True,6,2,3,2026-08-24T19:00:00Z,55,0,0,0,5144
Nico González Iglesias,MID,Man City,405,1,8,1,0,0,0,0,0,0,0,0,0,0,0,0,0,0,0,0.0,0.0,0.0,0.0,0.00,0.00,0.00,0.00,0,True,3,2,1,2026-08-23T13:00:00Z,55,0,0,0,11878
Richarlison de Andrade,FWD,Spurs,527,1,2,1,67,1,2,0,0,0,3,0,0,0,0,0,0,0,6,0.0,2.2,0.0,0.2,0.00,0.00,0.00,3.02,1,False,4,3,0,2026-08-22T16:30:00Z,60,0,0,0,283639
Daniel Muñoz Mejía,DEF,Crystal Palace,201,1,3,1,54,1,0,0,0,0,2,0,0,0,0,0,0,0,-4,1.2,1.8,21.0,2.4,0.23,0.01,0.24,0.84,4,False,9,2,0,2026-08-22T14:00:00Z,55,0,0,0,873015
Benoît Badiashile Mukinayi,DEF,Chelsea,146,1,10,1,0,0,0,0,0,0,0,0,0,0,0,0,0,0,0,0.0,0.0,0.0,0.0,0.00,0.00,0.00,0.00,0,False,10,2,3,2026-08-24T19:00:00Z,45,0,0,0,2313
Matheus França de Oliveira,MID,Crystal Palace,217,1,3,1,0,0,0,0,0,0,0,0,0,0,0,0,0,0,0,0.0,0.0,0.0,0.0,0.00,0.00,0.00,0.00,0,False,9,2,0,2026-08-22T14:00:00Z,50,0,0,0,3157
Riccardo Calafiori,DEF,Arsenal,8,1,1,1,80,1,9,0,1,1,0,0,0,0,0,0,0,0,31,26.0,12.2,4.0,4.2,0.04,0.09,0.13,0.06,5,True,7,3,0,2026-08-21T19:00:00Z,55,0,0,0,3542684
Vitezslav Jaros,GK,Liverpool,354,1,9,1,0,0,0,0,0,0,0,0,0,0,0,0,0,0,0,0.0,0.0,0.0,0.0,0.00,0.00,0.00,0.00,0,False,17,2,2,2026-08-23T15:30:00Z,40,0,0,0,1351
James Trafford,GK,Leeds,385,1,6,1,90,1,9,0,0,1,0,0,0,0,0,0,3,2,28,19.4,0.0,0.0,1.9,0.00,0.00,0.00,0.66,0,False,18,0,1,2026-08-22T14:00:00Z,50,0,0,0,265439
Emersonn Correia da Silva,FWD,Ipswich Town,316,1,5,1,65,1,9,1,0,0,1,0,0,0,0,0,0,3,41,45.6,26.3,40.0,11.2,0.82,0.06,0.88,0.63,3,True,20,2,1,2026-08-22T14:00:00Z,55,0,0,0,33590
Neco Williams,DEF,Nott'm Forest,469,1,6,1,90,1,2,0,0,0,1,0,0,0,0,0,0,0,13,15.2,5.8,6.0,2.7,0.00,0.02,0.02,0.47,6,True,13,0,1,2026-08-22T14:00:00Z,50,0,0,0,924685
Bafodé Diakité,DEF,Bournemouth,62,1,8,1,0,0,0,0,0,0,0,0,0,0,0,0,0,0,0,0.0,0.0,0.0,0.0,0.00,0.00,0.00,0.00,0,False,15,2,1,2026-08-23T13:00:00Z,50,0,0,0,15573
Marco Palestra,DEF,Chelsea,152,1,10,1,0,0,0,0,0,0,0,0,0,0,0,0,0,0,0,0.0,0.0,0.0,0.0,0.00,0.00,0.00,0.00,0,False,10,2,3,2026-08-24T19:00:00Z,55,0,0,0,263643
Victor Lindelöf,DEF,Aston Villa,37,1,7,1,90,1,-2,0,0,0,4,1,0,0,0,0,0,0,-13,1.8,0.1,0.0,0.2,0.00,0.00,0.00,3.77,3,False,5,4,0,2026-08-23T13:00:00Z,45,0,0,0,24630
Trai Hume,DEF,Sunderland,534,1,5,1,79,1,2,0,0,0,1,0,0,0,0,0,0,0,14,9.4,39.4,13.0,6.2,0.04,0.27,0.31,1.69,4,False,12,2,1,2026-08-22T14:00:00Z,45,0,0,0,641436
Brandon Thomas-Asante,FWD,Coventry City,194,1,1,1,69,1,2,0,0,0,3,0,0,0,0,0,0,0,9,4.6,1.1,0.0,0.6,0.00,0.02,0.02,1.60,6,False,1,3,0,2026-08-21T19:00:00Z,50,0,0,0,66198
Emile Smith Rowe,MID,Fulham,262,1,10,1,0,0,0,0,0,0,0,0,0,0,0,0,0,0,0,0.0,0.0,0.0,0.0,0.00,0.00,0.00,0.00,0,True,6,2,3,2026-08-24T19:00:00Z,55,0,0,0,35036
Loum Tchaouna,MID,Coventry City,190,1,1,1,81,1,2,0,0,0,3,0,0,0,0,0,0,0,11,1.8,6.0,3.0,1.1,0.04,0.02,0.06,1.76,8,False,1,3,0,2026-08-21T19:00:00Z,55,0,0,0,12321
Dominic Calvert-Lewin,FWD,Leeds,346,1,6,1,90,1,1,0,0,1,0,0,0,0,1,0,0,0,-2,0.0,0.8,11.0,0.7,0.13,0.00,0.13,0.66,2,False,18,0,1,2026-08-22T14:00:00Z,60,0,0,0,2823371
Ibrahim Sangaré,MID,Nott'm Forest,488,1,6,1,90,1,2,0,0,0,1,0,0,0,0,0,0,0,10,17.8,13.0,3.0,3.4,0.03,0.01,0.04,0.47,6,True,13,0,1,2026-08-22T14:00:00Z,50,0,0,0,100536
Jurriën Timber,DEF,Arsenal,5,1,1,1,0,0,0,0,0,0,0,0,0,0,0,0,0,0,0,0.0,0.0,0.0,0.0,0.00,0.00,0.00,0.00,0,True,7,3,0,2026-08-21T19:00:00Z,65,0,0,0,11200
Jack Rudoni,MID,Coventry City,183,1,1,1,20,0,1,0,0,0,0,0,0,0,0,0,0,0,3,5.6,3.8,17.0,2.6,0.15,0.00,0.15,0.29,5,False,1,3,0,2026-08-21T19:00:00Z,50,0,0,0,13002
Fabian Schär,DEF,Newcastle,446,1,9,1,1,0,1,0,0,0,1,0,0,0,0,0,0,0,-1,0.0,0.0,0.0,0.0,0.00,0.00,0.00,0.79,0,True,14,2,2,2026-08-23T15:30:00Z,50,0,0,0,20496
Mike Penders,GK,Chelsea,560,1,10,1,0,0,0,0,0,0,0,0,0,0,0,0,0,0,0,0.0,0.0,0.0,0.0,0.00,0.00,0.00,0.00,0,False,10,2,3,2026-08-24T19:00:00Z,45,0,0,0,6087
Michael Keane,DEF,Everton,231,1,3,1,0,0,0,0,0,0,0,0,0,0,0,0,0,0,0,0.0,0.0,0.0,0.0,0.00,0.00,0.00,0.00,0,True,8,2,0,2026-08-22T14:00:00Z,50,0,0,0,151116
Leny Yoro,DEF,Man Utd,420,1,4,1,0,0,0,0,0,0,0,0,0,0,0,0,0,0,0,0.0,0.0,0.0,0.0,0.00,0.00,0.00,0.00,0,False,11,2,0,2026-08-22T11:30:00Z,50,0,0,0,62047
Anton Stach,MID,Leeds,335,1,6,1,90,1,13,1,0,1,0,0,0,0,0,0,0,3,37,47.8,2.3,16.0,6.6,0.10,0.05,0.15,0.66,16,False,18,0,1,2026-08-22T14:00:00Z,60,0,0,0,80326
Luca Williams-Barnett,MID,Spurs,601,1,2,1,0,0,0,0,0,0,0,0,0,0,0,0,0,0,0,0.0,0.0,0.0,0.0,0.00,0.00,0.00,0.00,0,False,4,3,0,2026-08-22T16:30:00Z,45,0,0,0,0
Semi Ajayi,DEF,Hull City,279,1,4,1,63,1,14,1,0,1,0,0,0,0,0,0,0,2,39,44.2,0.2,35.0,7.9,0.52,0.00,0.52,0.86,7,True,16,2,0,2026-08-22T11:30:00Z,40,0,0,0,83256
Luke Shaw,DEF,Man Utd,423,1,4,1,90,1,1,0,0,0,2,0,0,0,0,0,0,0,13,25.2,59.2,6.0,9.0,0.00,0.26,0.26,1.01,4,False,11,2,0,2026-08-22T11:30:00Z,45,0,0,0,1947696
Jamie Bynoe-Gittens,MID,Chelsea,158,1,10,1,0,0,0,0,0,0,0,0,0,0,0,0,0,0,0,0.0,0.0,0.0,0.0,0.00,0.00,0.00,0.00,0,False,10,2,3,2026-08-24T19:00:00Z,60,0,0,0,3231
Ephron Mason-Clark,MID,Coventry City,186,1,1,1,0,0,0,0,0,0,0,0,0,0,0,0,0,0,0,0.0,0.0,0.0,0.0,0.00,0.00,0.00,0.00,0,False,1,3,0,2026-08-21T19:00:00Z,55,0,0,0,11314
Malick Yalcouyé,MID,Brighton,605,1,7,1,4,0,1,0,0,0,0,0,0,0,0,0,0,0,3,0.6,2.7,0.0,0.3,0.00,0.01,0.01,0.00,0,True,2,4,0,2026-08-23T13:00:00Z,45,0,0,0,0
Jan Paul van Hecke,DEF,Spurs,112,1,2,1,90,1,1,0,0,0,3,0,0,0,0,0,0,0,3,28.2,2.8,2.0,3.3,0.00,0.03,0.03,3.87,9,False,4,3,0,2026-08-22T16:30:00Z,50,0,0,0,955905
Darnell Furlong,DEF,Ipswich Town,308,1,5,1,0,0,0,0,0,0,0,0,0,0,0,0,0,0,0,0.0,0.0,0.0,0.0,0.00,0.00,0.00,0.00,0,True,20,2,1,2026-08-22T14:00:00Z,40,0,0,0,56130
Harry Amass,DEF,Man Utd,424,1,4,1,0,0,0,0,0,0,0,0,0,0,0,0,0,0,0,0.0,0.0,0.0,0.0,0.00,0.00,0.00,0.00,0,False,11,2,0,2026-08-22T11:30:00Z,40,0,0,0,18310
James McConnell,MID,Liverpool,378,1,9,1,0,0,0,0,0,0,0,0,0,0,0,0,0,0,0,0.0,0.0,0.0,0.0,0.00,0.00,0.00,0.00,0,False,17,2,2,2026-08-23T15:30:00Z,45,0,0,0,24189
Ollie Watkins,FWD,Aston Villa,55,1,7,1,0,0,0,0,0,0,0,0,0,0,0,0,0,0,0,0.0,0.0,0.0,0.0,0.00,0.00,0.00,0.00,0,False,5,4,0,2026-08-23T13:00:00Z,80,0,0,0,898121
Jack Fletcher,MID,Man Utd,434,1,4,1,0,0,0,0,0,0,0,0,0,0,0,0,0,0,0,0.0,0.0,0.0,0.0,0.00,0.00,0.00,0.00,0,False,11,2,0,2026-08-22T11:30:00Z,50,0,0,0,1008
Mathys Tel,MID,Spurs,514,1,2,1,90,1,2,0,0,0,3,0,0,0,0,0,0,0,17,10.4,26.0,9.0,4.5,0.06,0.06,0.12,3.87,8,False,4,3,0,2026-08-22T16:30:00Z,60,0,0,0,50995
Diogo Dalot Teixeira,DEF,Man Utd,417,1,4,1,10,0,1,0,0,0,0,0,0,0,0,0,0,0,6,7.6,11.3,0.0,1.9,0.00,0.00,0.00,0.00,3,False,11,2,0,2026-08-22T11:30:00Z,50,0,0,0,246316
Brenden Aaronson,MID,Leeds,337,1,6,1,81,1,3,0,0,1,0,0,0,0,0,0,0,0,16,8.0,1.1,7.0,1.6,0.01,0.01,0.02,0.58,7,False,18,0,1,2026-08-22T14:00:00Z,55,0,0,0,87156
Azor Matusiwa,MID,Ipswich Town,310,1,5,1,0,0,0,0,0,0,0,0,0,0,0,0,0,0,0,0.0,0.0,0.0,0.0,0.00,0.00,0.00,0.00,0,True,20,2,1,2026-08-22T14:00:00Z,50,0,0,0,430
Issa Diop,DEF,Ipswich Town,259,1,5,1,90,1,2,0,0,0,1,0,0,0,0,0,0,0,7,7.2,0.8,2.0,1.0,0.00,0.01,0.01,0.66,5,True,20,2,1,2026-08-22T14:00:00Z,40,0,0,0,1668644
Jean-Philippe Mateta,FWD,Crystal Palace,223,1,3,1,62,1,2,0,0,0,2,0,0,0,0,0,0,0,-3,1.4,12.3,11.0,2.5,0.70,0.02,0.72,0.98,5,False,9,2,0,2026-08-22T14:00:00Z,65,0,0,0,504100
Eddie Nketiah,FWD,Crystal Palace,224,1,3,1,55,1,1,0,0,0,2,0,0,0,0,0,0,0,12,10.4,24.5,23.0,5.8,0.60,0.58,1.18,0.84,3,False,9,2,0,2026-08-22T14:00:00Z,55,0,0,0,43148
Jorge Cuenca Barreno,DEF,Fulham,255,1,10,1,90,1,3,0,0,0,3,0,0,0,0,0,0,0,7,32.8,21.3,0.0,5.4,0.00,0.03,0.03,2.24,10,True,6,2,3,2026-08-24T19:00:00Z,45,0,0,0,1787
Jesurun Rak-Sakyi,MID,Crystal Palace,219,1,3,1,0,0,0,0,0,0,0,0,0,0,0,0,0,0,0,0.0,0.0,0.0,0.0,0.00,0.00,0.00,0.00,0,False,9,2,0,2026-08-22T14:00:00Z,50,0,0,0,550
Bryan Mbeumo,MID,Man Utd,427,1,4,1,90,1,2,0,0,0,2,0,0,0,0,0,0,0,12,9.6,28.1,49.0,8.7,0.50,0.23,0.73,1.01,4,False,11,2,0,2026-08-22T11:30:00Z,80,0,0,0,3492739
Veljko Milosavljevic,DEF,Bournemouth,63,1,8,1,0,0,0,0,0,0,0,0,0,0,0,0,0,0,0,0.0,0.0,0.0,0.0,0.00,0.00,0.00,0.00,0,False,15,2,1,2026-08-23T13:00:00Z,50,0,0,0,1122
Jake O'Brien,DEF,Everton,232,1,3,1,0,0,0,0,0,0,0,0,0,0,0,0,0,0,0,0.0,0.0,0.0,0.0,0.00,0.00,0.00,0.00,0,True,8,2,0,2026-08-22T14:00:00Z,50,0,0,0,44689
Jahnoah Markelo,FWD,Coventry City,196,1,1,1,0,0,0,0,0,0,0,0,0,0,0,0,0,0,0,0.0,0.0,0.0,0.0,0.00,0.00,0.00,0.00,0,False,1,3,0,2026-08-21T19:00:00Z,50,0,0,0,1827
Luc De Fougerolles,DEF,Fulham,610,1,10,1,0,0,0,0,0,0,0,0,0,0,0,0,0,0,0,0.0,0.0,0.0,0.0,0.00,0.00,0.00,0.00,0,True,6,2,3,2026-08-24T19:00:00Z,40,0,0,0,0
Dan Burn,DEF,Newcastle,448,1,9,1,0,0,0,0,0,0,0,0,0,0,0,0,0,0,0,0.0,0.0,0.0,0.0,0.00,0.00,0.00,0.00,0,True,14,2,2,2026-08-23T15:30:00Z,50,0,0,0,213973
George Hirst,FWD,Ipswich Town,317,1,5,1,0,0,0,0,0,0,0,0,0,0,0,0,0,0,0,0.0,0.0,0.0,0.0,0.00,0.00,0.00,0.00,0,True,20,2,1,2026-08-22T14:00:00Z,50,0,0,0,25160
Josh Eccles,MID,Coventry City,187,1,1,1,0,0,0,0,0,0,0,0,0,0,0,0,0,0,0,0.0,0.0,0.0,0.0,0.00,0.00,0.00,0.00,0,False,1,3,0,2026-08-21T19:00:00Z,50,0,0,0,1503
Chuba Akpom,FWD,Ipswich Town,320,1,5,1,24,0,1,0,0,0,0,0,0,0,0,0,0,0,3,1.4,0.0,2.0,0.3,0.00,0.00,0.00,0.03,3,True,20,2,1,2026-08-22T14:00:00Z,50,0,0,0,47871
Joe Gomez,DEF,Liverpool,359,1,9,1,0,0,0,0,0,0,0,0,0,0,0,0,0,0,0,0.0,0.0,0.0,0.0,0.00,0.00,0.00,0.00,0,False,17,2,2,2026-08-23T15:30:00Z,50,0,0,0,1714
Harry Howell,MID,Brighton,132,1,7,1,0,0,0,0,0,0,0,0,0,0,0,0,0,0,0,0.0,0.0,0.0,0.0,0.00,0.00,0.00,0.00,0,True,2,4,0,2026-08-23T13:00:00Z,45,0,0,0,6770
Konstantinos Tzolakis,GK,Hull City,572,1,4,1,90,1,10,0,0,1,0,0,0,0,0,0,5,3,41,34.6,0.0,0.0,3.5,0.00,0.00,0.00,1.83,0,True,16,2,0,2026-08-22T11:30:00Z,45,0,0,0,48305
Omar Marmoush,FWD,Man City,401,1,8,1,0,0,0,0,0,0,0,0,0,0,0,0,0,0,0,0.0,0.0,0.0,0.0,0.00,0.00,0.00,0.00,0,True,3,2,1,2026-08-23T13:00:00Z,70,0,0,0,80421
Ibrahim Osman,MID,Brighton,600,1,7,1,12,0,1,0,0,0,0,0,0,0,0,0,0,0,7,4.2,15.4,4.0,2.4,0.00,0.05,0.05,0.00,2,True,2,4,0,2026-08-23T13:00:00Z,50,0,0,0,633
Dane Scarlett,FWD,Spurs,528,1,2,1,0,0,0,0,0,0,0,0,0,0,0,0,0,0,0,0.0,0.0,0.0,0.0,0.00,0.00,0.00,0.00,0,False,4,3,0,2026-08-22T16:30:00Z,45,0,0,0,149807
Trey Nyoni,MID,Liverpool,375,1,9,1,0,0,0,0,0,0,0,0,0,0,0,0,0,0,0,0.0,0.0,0.0,0.0,0.00,0.00,0.00,0.00,0,False,17,2,2,2026-08-23T15:30:00Z,50,0,0,0,3729
Eliot Matazo,MID,Hull City,291,1,4,1,0,0,0,0,0,0,0,0,0,0,0,0,0,0,0,0.0,0.0,0.0,0.0,0.00,0.00,0.00,0.00,0,True,16,2,0,2026-08-22T11:30:00Z,45,0,0,0,600
Lisandro Martínez,DEF,Man Utd,419,1,4,1,0,0,0,0,0,0,0,0,0,0,0,0,0,0,0,0.0,0.0,0.0,0.0,0.00,0.00,0.00,0.00,0,False,11,2,0,2026-08-22T11:30:00Z,50,0,0,0,115360
Jefferson Lerma Solís,MID,Crystal Palace,213,1,3,1,0,0,0,0,0,0,0,0,0,0,0,0,0,0,0,0.0,0.0,0.0,0.0,0.00,0.00,0.00,0.00,0,False,9,2,0,2026-08-22T14:00:00Z,50,0,0,0,10665
Emmanuel Emegha,FWD,Chelsea,170,1,10,1,0,0,0,0,0,0,0,0,0,0,0,0,0,0,0,0.0,0.0,0.0,0.0,0.00,0.00,0.00,0.00,0,False,10,2,3,2026-08-24T19:00:00Z,50,0,0,0,11724
Tyler Dibling,MID,Everton,245,1,3,1,0,0,0,0,0,0,0,0,0,0,0,0,0,0,0,0.0,0.0,0.0,0.0,0.00,0.00,0.00,0.00,0,True,8,2,0,2026-08-22T14:00:00Z,55,0,0,0,3592
Igor Jesus Maciel da Cruz,FWD,Nott'm Forest,491,1,6,1,90,1,2,0,0,0,1,0,0,0,0,0,0,0,8,5.2,6.8,31.0,4.3,0.22,0.02,0.24,0.47,3,True,13,0,1,2026-08-22T14:00:00Z,60,0,0,0,389784
Destiny Udogie,DEF,Spurs,506,1,2,1,4,0,1,0,0,0,0,0,0,0,0,0,0,0,3,0.0,0.7,0.0,0.0,0.00,0.02,0.02,0.44,0,False,4,3,0,2026-08-22T16:30:00Z,45,0,0,0,43741
Joel Latibeaudiere,DEF,Coventry City,179,1,1,1,0,0,0,0,0,0,0,0,0,0,0,0,0,0,0,0.0,0.0,0.0,0.0,0.00,0.00,0.00,0.00,0,False,1,3,0,2026-08-21T19:00:00Z,40,0,0,0,3977
Noussair Mazraoui,DEF,Man Utd,422,1,4,1,79,1,1,0,0,0,2,0,0,0,0,0,0,0,8,17.4,29.4,9.0,5.6,0.22,0.05,0.27,1.01,5,False,11,2,0,2026-08-22T11:30:00Z,45,0,0,0,56217
Rayan Cherki,MID,Man City,399,1,8,1,27,0,8,0,2,0,0,0,0,0,0,0,0,1,28,39.2,48.8,4.0,9.2,0.00,0.50,0.50,0.10,0,True,3,2,1,2026-08-23T13:00:00Z,75,0,0,0,679336
John McGinn,MID,Aston Villa,45,1,7,1,81,1,1,0,0,0,4,0,0,0,1,0,0,0,8,1.6,2.4,1.0,0.5,0.04,0.01,0.05,3.62,6,False,5,4,0,2026-08-23T13:00:00Z,55,0,0,0,290994
Jannik Schuster,DEF,Brentford,93,1,2,1,0,0,0,0,0,0,0,0,0,0,0,0,0,0,0,0.0,0.0,0.0,0.0,0.00,0.00,0.00,0.00,0,True,19,3,0,2026-08-22T16:30:00Z,45,0,0,0,15125
Ryan Gravenberch,MID,Liverpool,371,1,9,1,77,1,5,0,1,0,2,0,0,0,0,0,0,0,26,24.4,16.0,4.0,4.4,0.06,0.05,0.11,1.10,11,False,17,2,2,2026-08-23T15:30:00Z,60,0,0,0,172067
Archie Gray,MID,Spurs,522,1,2,1,85,1,2,0,0,0,3,0,0,0,0,0,0,0,15,6.2,3.3,0.0,1.0,0.00,0.01,0.01,3.43,5,False,4,3,0,2026-08-22T16:30:00Z,50,0,0,0,19767
Marc Guéhi,DEF,Man City,388,1,8,1,90,1,10,1,0,0,1,0,0,0,0,0,0,2,31,43.6,17.5,28.0,8.9,0.89,0.32,1.21,0.65,4,True,3,2,1,2026-08-23T13:00:00Z,60,0,0,0,1521853
Mohammed Kudus,MID,Spurs,512,1,2,1,0,0,0,0,0,0,0,0,0,0,0,0,0,0,0,0.0,0.0,0.0,0.0,0.00,0.00,0.00,0.00,0,False,4,3,0,2026-08-22T16:30:00Z,65,0,0,0,8272
Luke Woolfenden,DEF,Coventry City,180,1,1,1,0,0,0,0,0,0,0,0,0,0,0,0,0,0,0,0.0,0.0,0.0,0.0,0.00,0.00,0.00,0.00,0,False,1,3,0,2026-08-21T19:00:00Z,40,0,0,0,16501
Kostas Tsimikas,DEF,Liverpool,364,1,9,1,0,0,0,0,0,0,0,0,0,0,0,0,0,0,0,0.0,0.0,0.0,0.0,0.00,0.00,0.00,0.00,0,False,17,2,2,2026-08-23T15:30:00Z,50,0,0,0,6683
Michael Kayode,DEF,Brentford,88,1,2,1,75,1,13,1,0,1,0,0,0,0,0,0,0,1,36,33.8,1.5,46.0,8.1,0.50,0.00,0.50,0.47,4,True,19,3,0,2026-08-22T16:30:00Z,45,0,0,0,282611
Jack Clarke,MID,Ipswich Town,313,1,5,1,19,0,7,1,0,0,0,0,0,0,0,0,0,1,27,33.6,0.6,18.0,5.2,0.10,0.00,0.10,0.03,2,True,20,2,1,2026-08-22T14:00:00Z,55,0,0,0,24135
Harvey Elliott,MID,Liverpool,383,1,9,1,0,0,0,0,0,0,0,0,0,0,0,0,0,0,0,0.0,0.0,0.0,0.0,0.00,0.00,0.00,0.00,0,False,17,2,2,2026-08-23T15:30:00Z,55,0,0,0,6399
Djed Spence,DEF,Spurs,505,1,2,1,0,0,0,0,0,0,0,0,0,0,0,0,0,0,0,0.0,0.0,0.0,0.0,0.00,0.00,0.00,0.00,0,False,4,3,0,2026-08-22T16:30:00Z,45,0,0,0,93085
Lucas Gourna-Douath,MID,Hull City,589,1,4,1,0,0,0,0,0,0,0,0,0,0,0,0,0,0,0,0.0,0.0,0.0,0.0,0.00,0.00,0.00,0.00,0,True,16,2,0,2026-08-22T11:30:00Z,50,0,0,0,2352
Francisco Evanilson de Lima Barbosa,FWD,Bournemouth,79,1,8,1,74,1,4,0,1,1,0,0,0,0,1,0,0,0,17,19.4,11.9,2.0,3.3,0.00,0.21,0.21,1.94,8,False,15,2,1,2026-08-23T13:00:00Z,60,0,0,0,200122
Zach Abbott,DEF,Nott'm Forest,477,1,6,1,0,0,0,0,0,0,0,0,0,0,0,0,0,0,0,0.0,0.0,0.0,0.0,0.00,0.00,0.00,0.00,0,True,13,0,1,2026-08-22T14:00:00Z,40,0,0,0,23851
Viktor Gyökeres,FWD,Arsenal,25,1,1,1,0,0,0,0,0,0,0,0,0,0,0,0,0,0,0,0.0,0.0,0.0,0.0,0.00,0.00,0.00,0.00,0,True,7,3,0,2026-08-21T19:00:00Z,75,0,0,0,816962
Trevoh Chalobah,DEF,Chelsea,143,1,10,1,0,0,0,0,0,0,0,0,0,0,0,0,0,0,0,0.0,0.0,0.0,0.0,0.00,0.00,0.00,0.00,0,False,10,2,3,2026-08-24T19:00:00Z,55,0,0,0,21121
Abdukodir Khusanov,DEF,Man City,393,1,8,1,90,1,2,0,0,0,1,0,0,0,0,0,0,0,14,17.0,3.4,0.0,2.0,0.00,0.02,0.02,0.65,4,True,3,2,1,2026-08-23T13:00:00Z,55,0,0,0,147622
Stefan Bajčetić Maquieira,MID,Liverpool,376,1,9,1,0,0,0,0,0,0,0,0,0,0,0,0,0,0,0,0.0,0.0,0.0,0.0,0.00,0.00,0.00,0.00,0,False,17,2,2,2026-08-23T15:30:00Z,50,0,0,0,157
Alfie Cresswell,MID,Leeds,604,1,6,1,0,0,0,0,0,0,0,0,0,0,0,0,0,0,0,0.0,0.0,0.0,0.0,0.00,0.00,0.00,0.00,0,False,18,0,1,2026-08-22T14:00:00Z,45,0,0,0,0
Max Alleyne,DEF,Man City,394,1,8,1,0,0,0,0,0,0,0,0,0,0,0,0,0,0,0,0.0,0.0,0.0,0.0,0.00,0.00,0.00,0.00,0,True,3,2,1,2026-08-23T13:00:00Z,50,0,0,0,1089
Gustavo Hamer,MID,Coventry City,584,1,1,1,8,0,1,0,0,0,0,0,0,0,0,0,0,0,3,0.4,0.3,0.0,0.1,0.00,0.00,0.00,0.13,1,False,1,3,0,2026-08-21T19:00:00Z,55,0,0,0,12932
Taiwo Awoniyi,FWD,Coventry City,492,1,1,1,20,0,1,0,0,0,0,0,0,0,0,0,0,0,4,0.0,1.4,0.0,0.1,0.00,0.00,0.00,0.29,1,False,1,3,0,2026-08-21T19:00:00Z,55,0,0,0,76129
Ethan Ampadu,MID,Leeds,338,1,6,1,90,1,5,0,0,1,0,0,0,0,0,0,0,0,18,18.6,23.3,0.0,4.2,0.00,0.04,0.04,0.66,13,False,18,0,1,2026-08-22T14:00:00Z,55,0,0,0,132659
Josh Acheampong,DEF,Chelsea,151,1,10,1,90,1,3,0,0,0,2,0,0,0,0,0,0,0,13,33.2,2.2,2.0,3.7,0.00,0.01,0.01,1.33,15,False,10,2,3,2026-08-24T19:00:00Z,45,0,0,0,24066
Daniel Ballard,DEF,Sunderland,532,1,5,1,90,1,0,0,0,0,2,0,0,0,1,0,0,0,4,18.2,1.2,0.0,1.9,0.00,0.01,0.01,1.80,9,False,12,2,1,2026-08-22T14:00:00Z,50,0,0,0,518741
Florentino Ibrain Morris Luís,MID,Ipswich Town,571,1,5,1,0,0,0,0,0,0,0,0,0,0,0,0,0,0,0,0.0,0.0,0.0,0.0,0.00,0.00,0.00,0.00,0,True,20,2,1,2026-08-22T14:00:00Z,50,0,0,0,12850
Junior Kroupi,MID,Bournemouth,78,1,8,1,0,0,0,0,0,0,0,0,0,0,0,0,0,0,0,0.0,0.0,0.0,0.0,0.00,0.00,0.00,0.00,0,False,15,2,1,2026-08-23T13:00:00Z,75,0,0,0,42378
Harvey Cartwright,GK,Hull City,275,1,4,1,0,0,0,0,0,0,0,0,0,0,0,0,0,0,0,0.0,0.0,0.0,0.0,0.00,0.00,0.00,0.00,0,True,16,2,0,2026-08-22T11:30:00Z,40,0,0,0,1022
Robin Roefs,GK,Sunderland,529,1,5,1,90,1,1,0,0,0,2,0,0,0,0,0,1,0,7,15.2,0.0,0.0,1.5,0.00,0.00,0.00,1.80,0,False,12,2,1,2026-08-22T14:00:00Z,50,0,0,0,397315
Matz Sels,GK,Nott'm Forest,467,1,6,1,90,1,2,0,0,0,1,0,0,0,0,0,2,0,11,14.2,0.0,0.0,1.4,0.00,0.00,0.00,0.47,0,True,13,0,1,2026-08-22T14:00:00Z,50,0,0,0,140711
Cristian Romero,DEF,Spurs,500,1,2,1,0,0,0,0,0,0,0,0,0,0,0,0,0,0,0,0.0,0.0,0.0,0.0,0.00,0.00,0.00,0.00,0,False,4,3,0,2026-08-22T16:30:00Z,50,0,0,0,25814
Virgil van Dijk,DEF,Liverpool,356,1,9,1,90,1,2,0,0,0,2,0,0,0,1,0,0,0,8,25.6,1.6,24.0,5.1,0.25,0.01,0.26,1.58,11,False,17,2,2,2026-08-23T15:30:00Z,65,0,0,0,1670280
Kevin Danso,DEF,Spurs,501,1,2,1,0,0,0,0,0,0,0,0,0,0,0,0,0,0,0,0.0,0.0,0.0,0.0,0.00,0.00,0.00,0.00,0,False,4,3,0,2026-08-22T16:30:00Z,50,0,0,0,15516
Đorđe Petrović,GK,Bournemouth,57,1,8,1,90,1,2,0,0,0,2,0,0,0,0,0,4,0,13,36.8,0.0,0.0,3.7,0.00,0.00,0.00,2.25,0,False,15,2,1,2026-08-23T13:00:00Z,45,0,0,0,288326
Levi Samuels Colwill,DEF,Chelsea,149,1,10,1,90,1,0,0,0,0,2,0,0,0,1,0,0,0,6,6.0,1.6,7.0,1.5,0.01,0.03,0.04,1.33,4,False,10,2,3,2026-08-24T19:00:00Z,50,0,0,0,142918
Daniel James,MID,Leeds,343,1,6,1,0,0,0,0,0,0,0,0,0,0,0,0,0,0,0,0.0,0.0,0.0,0.0,0.00,0.00,0.00,0.00,0,False,18,0,1,2026-08-22T14:00:00Z,50,0,0,0,11272
Jayden Lienou,DEF,Leeds,603,1,6,1,0,0,0,0,0,0,0,0,0,0,0,0,0,0,0,0.0,0.0,0.0,0.0,0.00,0.00,0.00,0.00,0,False,18,0,1,2026-08-22T14:00:00Z,40,0,0,0,0
Nikola Milenković,DEF,Nott'm Forest,471,1,6,1,90,1,2,0,0,0,1,0,0,0,0,0,0,0,4,7.6,0.6,14.0,2.2,0.11,0.02,0.13,0.47,7,True,13,0,1,2026-08-22T14:00:00Z,55,0,0,0,173511
Simon Adingra,MID,Sunderland,546,1,5,1,0,0,0,0,0,0,0,0,0,0,0,0,0,0,0,0.0,0.0,0.0,0.0,0.00,0.00,0.00,0.00,0,False,12,2,1,2026-08-22T14:00:00Z,50,0,0,0,9551
Enzo Le Fée,MID,Sunderland,542,1,5,1,79,1,2,0,0,0,1,0,0,0,0,0,0,0,13,4.6,9.9,0.0,1.5,0.00,0.03,0.03,1.69,2,False,12,2,1,2026-08-22T14:00:00Z,60,0,0,0,942702
Wesley Fofana,DEF,Chelsea,145,1,10,1,0,0,0,0,0,0,0,0,0,0,0,0,0,0,0,0.0,0.0,0.0,0.0,0.00,0.00,0.00,0.00,0,False,10,2,3,2026-08-24T19:00:00Z,50,0,0,0,1057
Malick Thiaw,DEF,Newcastle,445,1,9,1,90,1,3,0,0,0,2,0,0,0,0,0,0,0,0,37.8,0.2,0.0,3.8,0.00,0.00,0.00,2.98,15,True,14,2,2,2026-08-23T15:30:00Z,50,0,0,0,146838
David Raya Martín,GKP,Arsenal,1,2,20,2,90,1,6,0,0,1,0,0,0,0,0,0,0,0,21,5.6,0.0,0.0,0.6,0.00,0.00,0.00,0.33,0,False,2,0,1,2026-08-31T19:00:00Z,61,63703,88754,25051,4602146
Gabriel dos Santos Magalhães,DEF,Arsenal,4,2,20,2,90,1,8,0,0,1,0,0,0,0,0,0,0,0,23,18.2,3.2,6.0,2.7,0.13,0.02,0.15,0.33,10,False,2,0,1,2026-08-31T19:00:00Z,80,-29092,13118,42210,2503305
Myles Lewis-Skelly,MID,Arsenal,7,2,20,2,70,1,3,0,0,1,0,0,0,0,0,0,0,0,15,10.6,3.2,5.0,1.9,0.07,0.02,0.09,0.33,5,False,2,0,1,2026-08-31T19:00:00Z,54,-2964,497,3461,65589
Riccardo Calafiori,DEF,Arsenal,8,2,20,2,90,1,11,0,1,1,0,0,0,0,0,0,0,2,30,21.2,11.9,9.0,4.2,0.11,0.46,0.57,0.33,3,False,2,0,1,2026-08-31T19:00:00Z,58,6879,45305,38426,5531321
Benjamin White,DEF,Arsenal,10,2,20,2,90,1,7,0,0,1,0,0,0,0,0,0,0,1,26,16.4,20.3,0.0,3.7,0.00,0.05,0.05,0.33,4,False,2,0,1,2026-08-31T19:00:00Z,55,-38627,3019,41646,568436
Cristhian Mosquera,DEF,Arsenal,11,2,20,2,78,1,6,0,0,1,0,0,0,0,0,0,0,0,25,10.2,1.4,0.0,1.2,0.00,0.01,0.01,0.33,4,False,2,0,1,2026-08-31T19:00:00Z,53,-5196,653,5849,185835
Bukayo Saka,MID,Arsenal,12,2,20,2,90,1,11,1,0,1,0,0,0,0,0,0,0,3,46,41.0,8.0,44.0,9.3,0.63,0.04,0.67,0.33,11,False,2,0,1,2026-08-31T19:00:00Z,95,29995,58348,28353,1464816
Declan Rice,MID,Arsenal,13,2,20,2,84,1,5,0,0,1,0,0,0,0,0,0,0,0,19,24.0,27.6,0.0,5.2,0.00,0.10,0.10,0.33,12,False,2,0,1,2026-08-31T19:00:00Z,74,-24807,6576,31383,1333639
Eberechi Eze,MID,Arsenal,14,2,20,2,45,0,1,0,0,0,0,0,0,0,0,0,0,0,6,1.6,2.0,2.0,0.6,0.00,0.07,0.07,0.24,3,False,2,0,1,2026-08-31T19:00:00Z,63,-3055,1114,4169,109315
Martin Ødegaard,MID,Arsenal,15,2,20,2,70,1,3,0,0,1,0,0,0,0,0,0,0,0,13,6.8,6.8,5.0,1.9,0.08,0.07,0.15,0.33,5,False,2,0,1,2026-08-31T19:00:00Z,68,-12154,46153,58307,2175361
Mikel Merino Zazón,MID,Arsenal,17,2,20,2,19,0,1,0,0,0,0,0,0,0,0,0,0,0,7,2.8,1.0,0.0,0.4,0.00,0.00,0.00,0.00,4,False,2,0,1,2026-08-31T19:00:00Z,58,-1488,368,1856,43726
Martín Zubimendi Ibáñez,MID,Arsenal,19,2,20,2,5,0,1,0,0,0,0,0,0,0,0,0,0,0,5,4.8,0.9,0.0,0.6,0.00,0.00,0.00,0.00,2,False,2,0,1,2026-08-31T19:00:00Z,53,-2086,274,2360,65589
Kai Havertz,FWD,Arsenal,26,2,20,2,90,1,2,0,0,1,0,0,0,0,0,0,0,0,5,2.4,3.4,23.0,2.9,0.02,0.03,0.05,0.33,5,False,2,0,1,2026-08-31T19:00:00Z,76,7760,36944,29184,929174
Emiliano Martínez Romero,GKP,Aston Villa,28,2,20,2,90,1,2,0,0,0,3,0,0,0,0,0,4,0,18,36.2,20.0,0.0,5.6,0.00,0.01,0.01,1.41,0,True,1,0,1,2026-08-31T19:00:00Z,50,-10261,4244,14505,524710
Ezri Konsa Ngoyo,DEF,Arsenal,31,2,20,2,11,0,1,0,0,0,0,0,0,0,0,0,0,0,3,3.2,0.1,0.0,0.3,0.00,0.00,0.00,0.00,1,False,2,0,1,2026-08-31T19:00:00Z,46,33276,60142,26866,2120704
Matty Cash,DEF,Aston Villa,32,2,20,2,77,1,2,0,0,0,1,0,0,0,0,0,0,0,8,14.0,1.8,7.0,2.3,0.15,0.01,0.16,1.04,6,True,1,0,1,2026-08-31T19:00:00Z,44,-15119,1701,16820,535642
Pau Torres,DEF,Aston Villa,34,2,20,2,90,1,2,0,0,0,1,0,0,0,0,0,0,0,6,11.0,0.8,0.0,1.2,0.00,0.01,0.01,1.04,4,True,1,0,1,2026-08-31T19:00:00Z,45,-2081,17,2098,32794
Ian Maatsen,DEF,Aston Villa,36,2,20,2,90,1,1,0,0,0,1,0,0,0,1,0,0,0,-5,4.8,0.5,12.0,1.7,0.07,0.00,0.07,1.04,8,True,1,0,1,2026-08-31T19:00:00Z,45,-4169,32,4201,54657
Victor Lindelöf,DEF,Aston Villa,37,2,20,2,90,1,2,0,0,0,1,0,0,0,0,0,0,0,10,15.0,1.2,0.0,1.6,0.00,0.08,0.08,1.04,7,True,1,0,1,2026-08-31T19:00:00Z,45,-127,619,746,32794
Morgan Rogers,MID,Chelsea,40,2,16,2,90,1,5,0,1,0,3,0,0,0,0,0,0,0,28,26.8,46.5,23.0,9.6,0.14,1.01,1.15,1.41,5,True,5,4,3,2026-08-30T13:00:00Z,77,40614,85328,44714,4405380
Emiliano Buendía Stati,MID,Aston Villa,41,2,20,2,90,1,2,0,0,0,1,0,0,0,0,0,0,0,9,5.0,13.2,9.0,2.7,0.04,0.02,0.06,1.04,5,True,1,0,1,2026-08-31T19:00:00Z,59,4892,7306,2414,98383
Evann Guessand,MID,Crystal Palace,42,2,11,2,27,0,1,0,0,0,1,0,0,0,0,0,0,0,3,2.2,0.3,0.0,0.3,0.00,0.01,0.01,0.20,1,True,15,1,4,2026-08-28T19:00:00Z,54,-94,54,148,0
Youri Tielemans,MID,Man Utd,43,2,18,2,90,1,4,0,0,0,2,0,0,0,0,0,0,0,26,33.2,46.3,20.0,10.0,0.47,0.11,0.58,2.06,13,True,12,5,2,2026-08-30T15:30:00Z,58,-5170,1668,6838,163972
John McGinn,MID,Aston Villa,45,2,20,2,90,1,1,0,0,0,1,0,0,0,1,0,0,0,2,0.0,12.0,10.0,1.7,0.05,0.05,0.10,1.04,4,True,1,0,1,2026-08-31T19:00:00Z,54,-1129,4164,5293,240492
Ross Barkley,MID,Aston Villa,46,2,20,2,77,1,2,0,0,0,1,0,0,0,0,0,0,0,23,12.8,23.3,2.0,3.8,0.03,0.02,0.05,1.04,10,True,1,0,1,2026-08-31T19:00:00Z,50,-800,347,1147,32794
Boubacar Kamara,MID,Aston Villa,47,2,20,2,90,1,2,0,0,0,1,0,0,0,0,0,0,0,13,10.6,14.2,0.0,2.5,0.00,0.03,0.03,1.04,8,True,1,0,1,2026-08-31T19:00:00Z,50,-204,780,984,32794
George Hemmings,MID,Aston Villa,51,2,20,2,70,1,2,0,0,0,1,0,0,0,0,0,0,0,5,1.8,4.3,0.0,0.6,0.00,0.01,0.01,1.01,6,True,1,0,1,2026-08-31T19:00:00Z,45,-4523,2042,6565,131178
Alysson Edward Franco da Rocha dos Santos,MID,Aston Villa,52,2,20,2,19,0,0,0,0,0,0,0,0,0,1,0,0,0,2,1.2,0.8,2.0,0.4,0.00,0.00,0.00,0.02,2,True,1,0,1,2026-08-31T19:00:00Z,50,-458,52,510,10931
Tammy Abraham,FWD,Aston Villa,56,2,20,2,19,0,1,0,0,0,0,0,0,0,0,0,0,0,3,0.0,1.3,0.0,0.1,0.00,0.00,0.00,0.02,0,True,1,0,1,2026-08-31T19:00:00Z,55,-33,1017,1050,21863
Đorđe Petrović,GKP,Bournemouth,57,2,12,2,90,1,3,0,0,0,1,0,0,0,0,0,5,0,20,33.8,0.0,0.0,3.4,0.00,0.00,0.00,1.84,0,True,9,1,1,2026-08-29T14:00:00Z,45,-3077,3502,6579,327944
James Hill,DEF,Bournemouth,60,2,12,2,90,1,4,0,0,0,1,0,0,0,0,0,0,0,19,25.6,21.0,4.0,5.1,0.00,0.74,0.74,1.84,12,True,9,1,1,2026-08-29T14:00:00Z,55,-21,1781,1802,87452
Adrien Truffert,DEF,Bournemouth,61,2,12,2,90,1,4,0,0,0,1,0,0,0,0,0,0,2,27,27.8,23.7,4.0,5.6,0.00,0.07,0.07,1.84,9,True,9,1,1,2026-08-29T14:00:00Z,55,-4728,2814,7542,327944
Adam Smith,DEF,Bournemouth,64,2,12,2,90,1,1,0,0,0,1,0,0,0,1,0,0,0,5,15.6,15.7,0.0,3.1,0.00,0.02,0.02,1.84,6,True,9,1,1,2026-08-29T14:00:00Z,45,-34,243,277,10931
Rayan Vitor Simplício Rocha,MID,Bournemouth,67,2,12,2,90,1,2,0,0,0,1,0,0,0,0,0,0,0,4,8.6,3.5,44.0,5.6,0.40,0.02,0.42,1.84,5,True,9,1,1,2026-08-29T14:00:00Z,63,-4061,2379,6440,174903
Marcus Tavernier,MID,Bournemouth,68,2,12,2,90,1,1,0,0,0,1,0,0,0,1,0,0,0,20,15.0,38.3,11.0,6.4,0.09,0.21,0.30,1.84,11,True,9,1,1,2026-08-29T14:00:00Z,61,26771,52908,26137,732408
Alex Scott,MID,Bournemouth,69,2,12,2,86,1,12,1,0,1,0,0,0,0,1,0,0,3,39,47.6,32.1,21.0,10.1,0.26,0.27,0.53,1.71,15,True,9,1,1,2026-08-29T14:00:00Z,61,-11763,13600,25363,623093
Justin Kluivert,MID,Bournemouth,70,2,12,2,80,1,3,0,0,1,0,0,0,0,0,0,0,0,12,11.2,26.9,57.0,9.5,0.61,0.05,0.66,1.67,5,True,9,1,1,2026-08-29T14:00:00Z,60,-8452,2240,10692,98383
Lewis Cook,MID,Bournemouth,71,2,12,2,68,1,3,0,0,1,0,0,0,0,0,0,0,0,13,3.8,12.8,0.0,1.7,0.00,0.01,0.01,1.67,2,True,9,1,1,2026-08-29T14:00:00Z,50,-575,162,737,21863
Tyler Adams,MID,Bournemouth,73,2,12,2,21,0,1,0,0,0,1,0,0,0,0,0,0,0,4,1.6,1.3,0.0,0.3,0.00,0.00,0.00,0.16,3,True,9,1,1,2026-08-29T14:00:00Z,50,-404,636,1040,32794
David Brooks,MID,Bournemouth,74,2,12,2,9,0,1,0,0,0,1,0,0,0,0,0,0,0,3,0.0,1.6,0.0,0.1,0.00,0.01,0.01,0.16,0,True,9,1,1,2026-08-29T14:00:00Z,50,-120,98,218,10931
Ryan Christie,MID,Bournemouth,75,2,12,2,3,0,1,0,0,0,1,0,0,0,0,0,0,0,5,2.8,0.3,0.0,0.3,0.00,0.00,0.00,0.13,2,True,9,1,1,2026-08-29T14:00:00Z,50,27,177,150,0
Francisco Evanilson de Lima Barbosa,FWD,Bournemouth,79,2,12,2,80,1,5,0,1,1,0,0,0,0,0,0,0,0,11,15.0,22.2,22.0,5.9,0.58,0.04,0.62,1.67,3,True,9,1,1,2026-08-29T14:00:00Z,60,-2684,10839,13523,349807
Álvaro Rodríguez,FWD,Bournemouth,81,2,12,2,9,0,1,0,0,0,1,0,0,0,0,0,0,0,4,0.0,0.0,0.0,0.0,0.00,0.00,0.00,0.16,1,True,9,1,1,2026-08-29T14:00:00Z,60,31,441,410,10931
Caoimhín Kelleher,GKP,Brentford,82,2,17,2,90,1,2,0,0,0,1,0,0,0,0,0,1,0,7,9.4,0.0,0.0,0.9,0.00,0.00,0.00,1.46,0,False,13,1,1,2026-08-30T13:00:00Z,50,6431,13661,7230,677751
Nathan Collins,DEF,Brentford,84,2,17,2,90,1,3,0,0,0,1,0,0,0,1,0,0,0,14,28.0,0.9,34.0,6.3,0.17,0.01,0.18,1.46,13,False,13,1,1,2026-08-30T13:00:00Z,54,-5830,68,5898,109315
Keane Lewis-Potter,MID,Brentford,86,2,17,2,87,1,6,0,1,0,1,0,0,0,0,0,0,1,29,38.4,31.6,2.0,7.2,0.02,0.13,0.15,1.46,11,False,13,1,1,2026-08-30T13:00:00Z,55,-5831,2582,8413,185835
Kristoffer Ajer,DEF,Brentford,87,2,17,2,90,1,3,0,0,0,1,0,0,0,1,0,0,0,7,37.8,21.0,2.0,6.1,0.00,0.01,0.01,1.46,17,False,13,1,1,2026-08-30T13:00:00Z,45,-5632,7661,13293,426327
Michael Kayode,DEF,Brentford,88,2,17,2,87,1,2,0,0,0,1,0,0,0,0,0,0,0,9,14.4,16.0,8.0,3.8,0.02,0.21,0.23,1.46,4,False,13,1,1,2026-08-30T13:00:00Z,46,-3460,9367,12827,841723
Rico Henry,DEF,Brentford,89,2,17,2,2,0,1,0,0,0,0,0,0,0,0,0,0,0,3,0.0,0.0,0.0,0.0,0.00,0.00,0.00,0.00,0,False,13,1,1,2026-08-30T13:00:00Z,44,-253,106,359,21863
Aaron Hickey,DEF,Brentford,90,2,17,2,2,0,1,0,0,0,0,0,0,0,0,0,0,0,6,4.0,4.1,0.0,0.8,0.00,0.02,0.02,0.00,1,False,13,1,1,2026-08-30T13:00:00Z,45,-44,107,151,10931
Ethan Pinnock,DEF,Brentford,91,2,17,2,12,0,1,0,0,0,1,0,0,0,0,0,0,0,-1,3.8,0.7,0.0,0.5,0.00,0.00,0.00,0.54,2,False,13,1,1,2026-08-30T13:00:00Z,45,73,217,144,10931
Kevin Schade,MID,Brentford,94,2,17,2,87,1,10,1,0,0,1,0,0,0,0,0,0,3,34,45.6,11.1,34.0,9.1,0.25,0.02,0.27,1.46,9,False,13,1,1,2026-08-30T13:00:00Z,61,246141,258068,11927,1104078
Dango Ouattara,MID,Brentford,95,2,17,2,29,0,1,0,0,0,1,0,0,0,0,0,0,0,16,15.4,15.5,2.0,3.3,0.02,0.08,0.10,1.36,7,False,13,1,1,2026-08-30T13:00:00Z,63,-1932,477,2409,54657
Mikkel Damsgaard,MID,Brentford,96,2,17,2,68,1,3,0,0,1,0,0,0,0,0,0,0,0,20,16.6,32.4,25.0,7.4,0.03,0.13,0.16,0.13,9,False,13,1,1,2026-08-30T13:00:00Z,54,-435,929,1364,43726
Vitaly Janelt,MID,Brentford,98,2,17,2,90,1,1,0,0,0,1,0,0,0,1,0,0,0,11,16.4,35.4,4.0,5.6,0.00,0.14,0.14,1.46,10,False,13,1,1,2026-08-30T13:00:00Z,50,1448,13326,11878,273287
Yehor Yarmoliuk,MID,Brentford,102,2,17,2,21,0,1,0,0,0,1,0,0,0,0,0,0,0,4,3.0,12.5,4.0,2.0,0.00,0.01,0.01,1.32,0,False,13,1,1,2026-08-30T13:00:00Z,48,-1217,808,2025,76520
Jaidon Anthony,MID,Brentford,105,2,17,2,60,1,2,0,0,1,0,0,0,0,1,0,0,0,4,3.2,25.9,15.0,4.4,0.11,0.06,0.17,0.09,1,False,13,1,1,2026-08-30T13:00:00Z,59,1145,1496,351,10931
Igor Thiago Nascimento Rodrigues,FWD,Brentford,106,2,17,2,90,1,2,0,0,0,1,0,0,0,0,0,0,0,2,2.4,6.2,55.0,6.4,0.80,0.01,0.81,1.46,4,False,13,1,1,2026-08-30T13:00:00Z,78,12575,35279,22704,983832
Callum Wilson,FWD,Brentford,108,2,17,2,2,0,1,0,0,0,0,0,0,0,0,0,0,0,3,0.0,0.1,7.0,0.7,0.04,0.00,0.04,0.00,1,False,13,1,1,2026-08-30T13:00:00Z,54,-955,695,1650,32794
Bart Verbruggen,GKP,Brighton,109,2,16,2,90,1,0,0,0,0,4,0,0,0,0,0,1,0,-1,10.2,0.0,0.0,1.0,0.00,0.00,0.00,2.93,0,False,6,4,3,2026-08-30T13:00:00Z,45,-613,42908,43521,2372128
Carl Rushworth,GKP,Coventry City,110,2,13,2,90,1,2,0,0,0,1,0,0,0,0,0,1,0,10,10.6,0.0,0.0,1.1,0.00,0.00,0.00,0.72,0,True,11,0,1,2026-08-29T14:00:00Z,45,-2464,1452,3916,87452
Jan Paul van Hecke,DEF,Spurs,112,2,15,2,90,1,1,0,0,0,2,0,0,0,0,0,0,0,9,26.6,13.7,33.0,7.3,0.11,0.03,0.14,0.72,8,True,17,0,2,2026-08-29T16:30:00Z,49,-6882,9081,15963,721477
Ferdi Kadıoğlu,DEF,Brighton,113,2,16,2,90,1,0,0,0,0,4,0,0,0,0,0,0,0,-4,2.8,16.7,8.0,2.8,0.02,0.01,0.03,2.93,0,False,6,4,3,2026-08-30T13:00:00Z,44,-1818,2576,4394,174903
Olivier Boscagli,DEF,Brighton,114,2,16,2,90,1,-1,0,0,0,4,0,0,0,1,0,0,0,-2,16.8,26.6,11.0,5.4,0.05,0.11,0.16,2.93,3,False,6,4,3,2026-08-30T13:00:00Z,45,840,1288,448,32794
Maxim De Cuyper,DEF,Brighton,115,2,16,2,90,1,0,0,0,0,4,0,0,0,0,0,0,0,-2,8.8,23.7,5.0,3.8,0.03,0.05,0.08,2.93,2,False,6,4,3,2026-08-30T13:00:00Z,49,178488,189032,10544,2929632
Lewis Dunk,DEF,Brighton,116,2,16,2,90,1,-1,0,0,0,4,0,0,0,1,0,0,0,-4,14.8,2.0,0.0,1.7,0.00,0.01,0.01,2.93,3,False,6,4,3,2026-08-30T13:00:00Z,45,1712,6311,4599,163972
João Pedro Loureiro da Costa,DEF,Brighton,119,2,16,2,10,0,0,0,0,0,0,0,0,0,1,0,0,0,-1,0.0,0.3,0.0,0.0,0.00,0.00,0.00,0.04,0,False,6,4,3,2026-08-30T13:00:00Z,45,2,89,87,0
Pascal Groß,MID,Brighton,124,2,16,2,90,1,13,1,1,0,4,0,0,0,0,0,0,3,46,47.8,33.2,23.0,10.4,0.05,0.11,0.16,2.93,6,False,6,4,3,2026-08-30T13:00:00Z,58,563546,569947,6401,2907769
Diego Gómez Amarilla,MID,Brighton,127,2,16,2,90,1,5,0,1,0,4,0,0,0,0,0,0,0,15,4.6,20.3,42.0,6.7,0.38,0.17,0.55,2.93,5,False,6,4,3,2026-08-30T13:00:00Z,50,-19811,7600,27411,437259
Mats Wieffer,DEF,Brighton,130,2,16,2,79,1,0,0,0,0,4,0,0,0,0,0,0,0,6,20.4,9.2,4.0,3.4,0.03,0.08,0.11,2.89,7,False,6,4,3,2026-08-30T13:00:00Z,49,-1234,19,1253,21863
Charalampos Kostoulas,FWD,Brighton,138,2,16,2,79,1,5,0,1,0,4,0,0,0,0,0,0,0,17,5.0,15.1,17.0,3.7,0.17,0.02,0.19,2.89,6,False,6,4,3,2026-08-30T13:00:00Z,56,207207,214363,7156,338875
Reece James,DEF,Chelsea,142,2,16,2,22,0,1,0,0,0,1,0,0,0,0,0,0,0,-1,0.4,0.4,2.0,0.3,0.00,0.00,0.00,0.14,0,True,5,4,3,2026-08-30T13:00:00Z,54,-53173,382,53555,666819
Malo Gusto,DEF,Chelsea,144,2,16,2,90,1,1,0,0,0,3,0,0,0,0,0,0,0,-1,7.8,0.7,0.0,0.9,0.00,0.01,0.01,1.41,5,True,5,4,3,2026-08-30T13:00:00Z,50,-3773,1140,4913,109315
Wesley Fofana,DEF,Chelsea,145,2,16,2,67,1,0,0,0,0,2,0,0,0,1,0,0,0,-2,19.4,0.9,0.0,2.0,0.00,0.01,0.01,1.26,9,True,5,4,3,2026-08-30T13:00:00Z,50,691,1385,694,21863
Jorrel Hato,DEF,Chelsea,148,2,16,2,90,1,4,0,1,0,3,0,0,0,0,0,0,0,12,30.0,20.7,0.0,5.1,0.00,0.06,0.06,1.41,6,True,5,4,3,2026-08-30T13:00:00Z,45,-4829,485,5314,87452
Levi Samuels Colwill,DEF,Chelsea,149,2,16,2,71,1,1,0,0,0,2,0,0,0,0,0,0,0,2,13.2,0.4,0.0,1.4,0.00,0.00,0.00,1.31,9,True,5,4,3,2026-08-30T13:00:00Z,48,-2965,645,3610,98383
Josh Acheampong,DEF,Chelsea,151,2,16,2,22,0,1,0,0,0,1,0,0,0,0,0,0,0,-1,6.2,0.1,0.0,0.6,0.00,0.00,0.00,0.14,3,True,5,4,3,2026-08-30T13:00:00Z,45,-982,252,1234,32794
Axel Disasi,DEF,Chelsea,153,2,16,2,16,0,1,0,0,0,1,0,0,0,0,0,0,0,-2,1.2,0.0,0.0,0.1,0.00,0.00,0.00,0.20,1,True,5,4,3,2026-08-30T13:00:00Z,45,-483,17,500,10931
Cole Palmer,MID,Chelsea,154,2,16,2,90,1,7,1,0,0,3,0,0,0,0,0,0,0,28,40.8,25.3,26.0,9.2,0.66,0.13,0.79,1.41,8,True,5,4,3,2026-08-30T13:00:00Z,97,-36134,35297,71431,2907769
Pedro Lomba Neto,MID,Chelsea,156,2,16,2,67,1,7,1,0,0,2,0,0,0,0,0,0,0,32,45.2,25.6,38.0,10.9,0.41,0.33,0.74,1.26,4,True,5,4,3,2026-08-30T13:00:00Z,65,-3867,2614,6481,153040
Moisés Caicedo Corozo,MID,Chelsea,159,2,16,2,13,0,1,0,0,0,0,0,0,0,0,0,0,0,3,0.0,0.1,0.0,0.0,0.00,0.00,0.00,0.07,0,True,5,4,3,2026-08-30T13:00:00Z,53,-5476,243,5719,120246
Alejandro Garnacho Ferreyra,MID,Aston Villa,160,2,20,2,12,0,1,0,0,0,0,0,0,0,0,0,0,0,3,0.2,2.0,0.0,0.2,0.00,0.00,0.00,0.00,2,True,1,0,1,2026-08-31T19:00:00Z,58,-1471,297,1768,32794
Roméo Lavia,MID,Chelsea,161,2,16,2,67,1,7,1,0,0,2,0,0,0,0,0,0,0,32,39.0,0.8,33.0,7.3,0.54,0.00,0.54,1.26,7,True,5,4,3,2026-08-30T13:00:00Z,50,-1507,242,1749,21863
Andrey Nascimento dos Santos,MID,Man Utd,162,2,18,2,10,0,1,0,0,0,1,0,0,0,0,0,0,0,2,6.2,0.7,0.0,0.7,0.00,0.00,0.00,1.00,5,True,12,5,2,2026-08-30T15:30:00Z,48,-2558,651,3209,65589
João Pedro Junqueira de Jesus,FWD,Chelsea,165,2,16,2,90,1,9,1,1,0,3,1,0,0,0,0,0,2,44,52.8,22.5,46.0,12.1,1.23,0.04,1.27,1.41,3,True,5,4,3,2026-08-30T13:00:00Z,78,-232939,32268,265207,7258492
Nicolas Jackson,FWD,Chelsea,166,2,16,2,70,1,2,0,0,0,1,0,0,0,0,0,0,0,11,4.2,5.9,2.0,1.2,0.00,0.10,0.10,1.01,3,True,5,4,3,2026-08-30T13:00:00Z,65,17581,22103,4522,153040
Liam Delap,FWD,Chelsea,167,2,16,2,24,0,1,0,0,0,1,0,0,0,0,0,0,0,9,4.0,10.1,7.0,2.1,0.07,0.00,0.07,0.33,0,True,5,4,3,2026-08-30T13:00:00Z,56,1985,21436,19451,306081
Bobby Thomas,DEF,Coventry City,173,2,13,2,77,1,8,0,0,1,0,0,0,0,0,0,0,2,28,17.0,0.7,0.0,1.8,0.00,0.01,0.01,0.18,9,True,11,0,1,2026-08-29T14:00:00Z,40,-2570,14551,17121,940106
Milan van Ewijk,DEF,Coventry City,175,2,13,2,90,1,2,0,0,0,1,0,0,0,0,0,0,0,15,15.4,33.9,6.0,5.5,0.00,0.19,0.19,0.72,2,True,11,0,1,2026-08-29T14:00:00Z,40,-48065,920,48985,983832
Jay Dasilva,DEF,Coventry City,176,2,13,2,90,1,2,0,0,0,1,0,0,0,0,0,0,0,15,15.2,7.3,17.0,4.0,0.18,0.05,0.23,0.72,3,True,11,0,1,2026-08-29T14:00:00Z,40,2540,3379,839,76520
Aurèle Amenda,DEF,Coventry City,182,2,13,2,90,1,1,0,0,0,1,0,0,0,1,0,0,0,4,11.4,2.1,5.0,1.9,0.02,0.04,0.06,0.72,4,True,11,0,1,2026-08-29T14:00:00Z,40,-4080,17,4097,65589
Jack Rudoni,MID,Coventry City,183,2,13,2,70,1,3,0,0,1,0,0,0,0,0,0,0,0,12,6.8,27.7,4.0,3.9,0.06,0.09,0.15,0.02,6,True,11,0,1,2026-08-29T14:00:00Z,49,105,506,401,10931
Matt Grimes,MID,Coventry City,184,2,13,2,90,1,2,0,0,0,1,0,0,0,0,0,0,0,14,14.2,20.9,2.0,3.7,0.01,0.04,0.05,0.72,10,True,11,0,1,2026-08-29T14:00:00Z,49,-471,122,593,10931
Tatsuhiro Sakamoto,MID,Coventry City,185,2,13,2,31,0,1,0,0,0,1,0,0,0,0,0,0,0,8,6.2,5.9,7.0,1.9,0.02,0.02,0.04,0.69,4,True,11,0,1,2026-08-29T14:00:00Z,48,-176,83,259,10931
Ephron Mason-Clark,MID,Coventry City,186,2,13,2,57,1,1,0,0,0,0,0,0,0,0,0,0,0,4,4.2,16.0,0.0,2.0,0.00,0.06,0.06,0.02,4,True,11,0,1,2026-08-29T14:00:00Z,54,-202,37,239,10931
Victor Torp,MID,Coventry City,188,2,13,2,19,0,1,0,0,0,1,0,0,0,0,0,0,0,2,0.0,3.6,0.0,0.3,0.00,0.01,0.01,0.69,2,True,11,0,1,2026-08-29T14:00:00Z,53,-249,31,280,10931
Loum Tchaouna,MID,Coventry City,190,2,13,2,58,1,1,0,0,0,0,0,0,0,0,0,0,0,7,7.0,18.5,5.0,3.1,0.05,0.13,0.18,0.02,6,True,11,0,1,2026-08-29T14:00:00Z,54,-197,6,203,10931
Brandon Thomas-Asante,FWD,Coventry City,194,2,13,2,32,0,1,0,0,0,1,0,0,0,0,0,0,0,5,1.2,2.0,2.0,0.5,0.00,0.00,0.00,0.69,2,True,11,0,1,2026-08-29T14:00:00Z,50,839,4412,3573,87452
Dean Henderson,GKP,Crystal Palace,198,2,11,2,90,1,1,0,0,0,4,0,0,0,0,0,4,0,4,30.2,0.0,0.0,3.0,0.00,0.00,0.00,2.21,0,True,15,1,4,2026-08-28T19:00:00Z,50,-6924,82,7006,142109
Maxence Lacroix,DEF,Chelsea,200,2,16,2,90,1,1,0,0,0,3,0,0,0,0,0,0,0,-3,13.0,0.1,6.0,1.9,0.02,0.00,0.02,1.41,9,True,5,4,3,2026-08-30T13:00:00Z,59,-14815,4211,19026,743340
Chris Richards,DEF,Crystal Palace,202,2,11,2,90,1,0,0,0,0,4,0,0,0,0,0,0,0,-4,15.0,0.1,17.0,3.2,0.04,0.00,0.04,2.21,6,True,15,1,4,2026-08-28T19:00:00Z,50,-499,898,1397,65589
Jaydee Canvot,DEF,Crystal Palace,203,2,11,2,90,1,0,0,0,0,4,0,0,0,0,0,0,0,-1,22.8,0.5,0.0,2.3,0.00,0.00,0.00,2.21,7,True,15,1,4,2026-08-28T19:00:00Z,48,-397,195,592,21863
Tyrick Mitchell,DEF,Crystal Palace,204,2,11,2,90,1,0,0,0,0,4,0,0,0,0,0,0,0,-8,11.6,21.6,7.0,4.0,0.11,0.16,0.27,2.21,5,True,15,1,4,2026-08-28T19:00:00Z,45,-2507,7554,10061,655888
Oscar Mingueza,DEF,Crystal Palace,207,2,11,2,15,0,1,0,0,0,1,0,0,0,0,0,0,0,1,2.2,0.1,0.0,0.2,0.00,0.00,0.00,0.20,1,True,15,1,4,2026-08-28T19:00:00Z,44,-126,53,179,10931
Brennan Johnson,MID,Everton,209,2,12,2,28,0,1,0,0,0,0,0,0,0,0,0,0,0,1,1.2,0.0,0.0,0.1,0.00,0.00,0.00,1.58,2,False,3,1,1,2026-08-29T14:00:00Z,59,-231,219,450,10931
Adam Wharton,MID,Crystal Palace,210,2,11,2,90,1,2,0,0,0,4,0,0,0,0,0,0,0,21,16.2,24.7,0.0,4.1,0.00,0.07,0.07,2.21,7,True,15,1,4,2026-08-28T19:00:00Z,55,-2262,688,2950,76520
Yéremy Pino Santos,MID,Crystal Palace,211,2,11,2,67,1,5,0,1,0,3,0,0,0,0,0,0,0,27,10.8,34.2,9.0,5.4,0.05,0.07,0.12,2.01,10,True,15,1,4,2026-08-28T19:00:00Z,55,-1391,431,1822,43726
Daichi Kamada,MID,Crystal Palace,214,2,11,2,90,1,2,0,0,0,4,0,0,0,0,0,0,0,21,17.6,2.8,7.0,2.7,0.05,0.02,0.07,2.21,9,True,15,1,4,2026-08-28T19:00:00Z,50,56,1913,1857,54657
Jørgen Strand Larsen,FWD,Crystal Palace,222,2,11,2,62,1,2,0,0,0,3,0,0,0,0,0,0,0,13,5.2,0.3,4.0,1.0,0.05,0.00,0.05,2.01,4,True,15,1,4,2026-08-28T19:00:00Z,60,530,2888,2358,65589
Eddie Nketiah,FWD,Crystal Palace,224,2,11,2,67,1,2,0,0,0,3,0,0,0,0,0,0,0,8,2.6,10.6,8.0,2.1,0.36,0.00,0.36,2.01,6,True,15,1,4,2026-08-28T19:00:00Z,55,-1404,728,2132,54657
Jordan Pickford,GKP,Everton,226,2,12,2,90,1,3,0,0,0,1,0,0,0,0,0,4,0,22,31.6,0.0,0.0,3.2,0.00,0.00,0.00,2.16,0,False,3,1,1,2026-08-29T14:00:00Z,55,9940,18201,8261,994763
James Tarkowski,DEF,Everton,229,2,12,2,90,1,12,1,0,0,1,0,0,0,0,0,0,2,27,54.8,11.3,19.0,8.5,0.10,0.01,0.11,2.16,10,False,3,1,1,2026-08-29T14:00:00Z,61,123957,133269,9312,1683445
Jarrad Branthwaite,DEF,Everton,230,2,12,2,90,1,4,0,0,0,1,0,0,0,0,0,0,0,6,22.6,1.5,33.0,5.7,0.09,0.01,0.10,2.16,12,False,3,1,1,2026-08-29T14:00:00Z,55,8140,11746,3606,262355
Vitalii Mykolenko,DEF,Everton,233,2,12,2,90,1,4,0,0,0,1,0,0,0,0,0,0,0,7,36.8,1.0,0.0,3.8,0.00,0.01,0.01,2.16,12,False,3,1,1,2026-08-29T14:00:00Z,46,23821,33191,9370,459121
Kiernan Dewsbury-Hall,MID,Everton,236,2,12,2,90,1,2,0,0,0,1,0,0,0,0,0,0,0,24,19.4,52.3,9.0,8.1,0.06,0.16,0.22,2.16,10,False,3,1,1,2026-08-29T14:00:00Z,66,-1635,28050,29685,666819
Iliman Ndiaye,MID,Everton,237,2,12,2,90,1,4,0,0,0,1,0,0,0,0,0,0,0,16,12.6,14.5,10.0,3.7,0.02,0.07,0.09,2.16,13,False,3,1,1,2026-08-29T14:00:00Z,58,-44222,4482,48704,754271
James Garner,MID,Everton,239,2,12,2,61,1,1,0,0,0,1,0,0,0,1,0,0,0,9,3.4,1.1,0.0,0.5,0.00,0.00,0.00,0.58,10,False,3,1,1,2026-08-29T14:00:00Z,60,-345,946,1291,21863
Tim Iroegbunam,MID,Everton,240,2,12,2,4,0,1,0,0,0,0,0,0,0,0,0,0,0,2,0.0,0.0,0.0,0.0,0.00,0.00,0.00,0.00,0,False,3,1,1,2026-08-29T14:00:00Z,50,-41,47,88,0
Dwight McNeil,MID,Crystal Palace,241,2,11,2,22,0,1,0,0,0,1,0,0,0,0,0,0,0,2,0.4,0.3,0.0,0.1,0.00,0.00,0.00,0.20,2,True,15,1,4,2026-08-28T19:00:00Z,54,-243,41,284,10931
Tyrique George,MID,Everton,242,2,12,2,61,1,2,0,0,0,1,0,0,0,0,0,0,0,12,6.0,12.2,16.0,3.4,0.05,0.01,0.06,0.58,2,False,3,1,1,2026-08-29T14:00:00Z,55,-6489,1501,7990,98383
Carlos Alcaraz Durán,MID,Everton,243,2,12,2,4,0,0,0,0,0,0,0,0,0,1,0,0,0,-2,0.0,0.5,8.0,0.5,0.03,0.02,0.05,0.00,0,False,3,1,1,2026-08-29T14:00:00Z,49,-145,102,247,10931
Harrison Armstrong,MID,Everton,244,2,12,2,86,1,2,0,0,0,1,0,0,0,0,0,0,0,12,11.2,12.3,0.0,2.4,0.00,0.03,0.03,2.16,9,False,3,1,1,2026-08-29T14:00:00Z,50,-1918,502,2420,43726
Merlin Röhl,MID,Everton,246,2,12,2,85,1,2,0,0,0,1,0,0,0,0,0,0,0,13,8.4,2.3,0.0,1.1,0.00,0.01,0.01,2.16,9,False,3,1,1,2026-08-29T14:00:00Z,49,-409,6,415,0
Hayden Hackney,MID,Everton,247,2,12,2,28,0,1,0,0,0,0,0,0,0,0,0,0,0,3,7.8,1.4,2.0,1.1,0.00,0.01,0.01,1.58,3,False,3,1,1,2026-08-29T14:00:00Z,54,-612,129,741,21863
Norberto Bercique Gomes Betuncal,FWD,Everton,248,2,12,2,20,0,1,0,0,0,0,0,0,0,0,0,0,0,2,3.0,0.3,3.0,0.6,0.04,0.00,0.04,1.58,1,False,3,1,1,2026-08-29T14:00:00Z,54,-4784,0,4784,65589
Thierno Barry,FWD,Everton,249,2,12,2,69,1,2,0,0,0,1,0,0,0,0,0,0,0,6,10.0,11.7,58.0,8.0,1.48,0.00,1.48,0.58,3,False,3,1,1,2026-08-29T14:00:00Z,56,23308,46315,23007,885449
Bernd Leno,GKP,Fulham,250,2,19,2,90,1,3,0,0,0,1,0,0,0,0,0,3,0,11,19.2,0.0,0.0,1.9,0.00,0.00,0.00,2.02,0,False,20,1,0,2026-08-30T13:00:00Z,45,16751,21656,4905,360738
Joachim Andersen,DEF,Fulham,253,2,19,2,90,1,1,0,0,0,1,0,0,0,1,0,0,0,4,17.8,12.9,2.0,3.3,0.00,0.04,0.04,2.02,8,False,20,1,0,2026-08-30T13:00:00Z,50,1096,1729,633,10931
Antonee Robinson,DEF,Fulham,254,2,19,2,90,1,2,0,0,0,1,0,0,0,0,0,0,0,10,9.8,4.6,0.0,1.4,0.00,0.02,0.02,2.02,3,False,20,1,0,2026-08-30T13:00:00Z,45,6059,9334,3275,153040
Calvin Bassey,DEF,Fulham,257,2,19,2,90,1,2,0,0,0,1,0,0,0,0,0,0,0,13,19.4,2.6,0.0,2.2,0.00,0.01,0.01,2.02,7,False,20,1,0,2026-08-30T13:00:00Z,45,1677,2552,875,76520
Timothy Castagne,DEF,Fulham,258,2,19,2,67,1,6,0,0,1,0,0,0,0,0,0,0,0,18,0.0,0.7,0.0,0.0,0.00,0.00,0.00,0.26,2,False,20,1,0,2026-08-30T13:00:00Z,45,7425,9979,2554,98383
Issa Diop,DEF,Ipswich Town,259,2,18,2,90,1,2,0,0,0,5,0,0,0,0,0,0,0,7,40.8,0.3,0.0,4.1,0.00,0.00,0.00,4.77,12,False,16,5,2,2026-08-30T15:30:00Z,40,-30042,4390,34432,1410159
Harry Wilson,MID,Leeds,260,2,17,2,45,0,1,0,0,0,0,0,0,0,0,0,0,0,7,8.4,12.1,6.0,2.7,0.01,0.04,0.05,1.13,6,True,4,1,1,2026-08-30T13:00:00Z,62,-28314,39,28353,196766
Alex Iwobi,MID,Fulham,261,2,19,2,90,1,2,0,0,0,1,0,0,0,0,0,0,0,20,12.0,35.5,2.0,5.0,0.01,0.40,0.41,2.02,4,False,20,1,0,2026-08-30T13:00:00Z,54,-446,1582,2028,65589
Emile Smith Rowe,MID,Fulham,262,2,19,2,14,0,1,0,0,0,0,0,0,0,0,0,0,0,5,5.2,22.8,7.0,3.5,0.06,0.02,0.08,0.41,1,False,20,1,0,2026-08-30T13:00:00Z,54,-669,160,829,21863
Kevin Santos Lopes de Macedo,MID,Fulham,263,2,19,2,7,0,1,0,0,0,0,0,0,0,0,0,0,0,2,0.0,1.5,0.0,0.1,0.00,0.04,0.04,0.17,0,False,20,1,0,2026-08-30T13:00:00Z,53,-64,104,168,0
Oscar Bobb,MID,Fulham,264,2,19,2,67,1,3,0,0,1,0,0,0,0,0,0,0,0,8,7.0,12.4,6.0,2.5,0.00,0.01,0.01,0.26,5,False,20,1,0,2026-08-30T13:00:00Z,55,138,1198,1060,32794
Sander Berge,MID,Fulham,265,2,19,2,82,1,2,0,0,0,1,0,0,0,0,0,0,0,14,6.0,27.9,2.0,3.6,0.00,0.20,0.20,1.85,2,False,20,1,0,2026-08-30T13:00:00Z,49,-468,354,822,32794
Saša Lukić,MID,Ipswich Town,267,2,18,2,72,1,1,0,0,0,4,0,0,0,1,0,0,0,11,17.4,11.9,2.0,3.1,0.02,0.02,0.04,3.91,11,False,16,5,2,2026-08-30T15:30:00Z,49,-213,118,331,10931
Josh King,MID,Fulham,268,2,19,2,90,1,2,0,0,0,1,0,0,0,0,0,0,0,8,10.6,4.5,21.0,3.6,0.47,0.03,0.50,2.02,4,False,20,1,0,2026-08-30T13:00:00Z,55,40191,49883,9692,251424
Ryan Sessegnon,DEF,Fulham,269,2,19,2,22,0,1,0,0,0,1,0,0,0,0,0,0,0,3,8.6,11.0,8.0,2.8,0.02,0.12,0.14,1.77,1,False,20,1,0,2026-08-30T13:00:00Z,43,-842,93,935,32794
John Egan,DEF,Hull City,277,2,13,2,90,1,9,0,0,1,0,0,0,0,0,0,0,1,25,23.8,0.4,0.0,2.4,0.00,0.00,0.00,1.29,13,False,7,0,1,2026-08-29T14:00:00Z,41,61,17634,17573,776134
Semi Ajayi,DEF,Hull City,279,2,13,2,90,1,6,0,0,1,0,0,0,0,0,0,0,0,24,15.6,0.8,0.0,1.6,0.00,0.00,0.00,1.29,7,False,7,0,1,2026-08-29T14:00:00Z,42,-4488,31869,36357,1541336
Lewie Coyle,DEF,Hull City,280,2,13,2,45,1,0,0,0,0,0,0,0,0,1,0,0,0,2,4.6,0.3,0.0,0.5,0.00,0.00,0.00,1.09,4,False,7,0,1,2026-08-29T14:00:00Z,40,241,1426,1185,76520
Cody Drameh,DEF,Hull City,281,2,13,2,45,0,1,0,0,0,0,0,0,0,0,0,0,0,4,4.2,0.4,0.0,0.5,0.00,0.00,0.00,0.20,3,False,7,0,1,2026-08-29T14:00:00Z,40,-149,0,149,0
Ryan Giles,DEF,Hull City,282,2,13,2,90,1,6,0,0,1,0,0,0,0,0,0,0,0,21,9.6,15.0,2.0,2.7,0.00,0.07,0.07,1.29,2,False,7,0,1,2026-08-29T14:00:00Z,40,7428,15697,8269,317012
Mohamed Belloumi,MID,Hull City,286,2,13,2,82,1,6,0,1,1,0,0,0,0,0,0,0,0,23,23.2,12.1,11.0,4.6,0.12,0.02,0.14,1.11,10,False,7,0,1,2026-08-29T14:00:00Z,51,31323,46415,15092,513779
Liam Millar,MID,Hull City,287,2,13,2,31,0,6,1,0,0,0,0,0,0,0,0,0,0,24,34.0,0.8,13.0,4.8,0.58,0.00,0.58,0.20,1,False,7,0,1,2026-08-29T14:00:00Z,50,-185,0,185,0
Regan Slater,MID,Hull City,290,2,13,2,90,1,2,0,0,1,0,0,0,0,1,0,0,0,6,9.8,2.8,2.0,1.5,0.00,0.01,0.01,1.29,10,False,7,0,1,2026-08-29T14:00:00Z,45,-14761,10064,24825,579368
Oli McBurnie,FWD,Hull City,295,2,13,2,90,1,1,0,0,1,0,0,0,0,1,0,0,0,7,0.8,13.3,8.0,2.2,0.00,0.01,0.01,1.29,4,False,7,0,1,2026-08-29T14:00:00Z,55,-7429,4924,12353,207698
Dara O'Shea,DEF,Ipswich Town,304,2,18,2,90,1,0,0,0,0,5,0,0,0,0,0,0,0,-14,0.0,0.8,9.0,0.9,0.07,0.01,0.08,4.77,1,False,16,5,2,2026-08-30T15:30:00Z,40,-6950,1155,8105,295150
Leif Davis,DEF,Ipswich Town,305,2,18,2,90,1,6,1,0,0,5,0,0,0,0,0,0,0,1,47.0,14.7,50.0,11.2,0.54,0.12,0.66,4.77,4,False,16,5,2,2026-08-30T15:30:00Z,40,17026,31302,14276,754271
Jacob Greaves,DEF,Ipswich Town,306,2,18,2,90,1,-1,0,0,0,5,1,0,0,1,0,0,0,-13,18.4,1.3,0.0,2.0,0.00,0.01,0.01,4.77,10,False,16,5,2,2026-08-30T15:30:00Z,40,-1777,284,2061,120246
Darnell Furlong,DEF,Ipswich Town,308,2,18,2,17,0,1,0,0,0,1,0,0,0,0,0,0,0,-1,5.0,0.5,0.0,0.6,0.00,0.00,0.00,0.86,3,False,16,5,2,2026-08-30T15:30:00Z,39,2541,4106,1565,65589
Marcelino Núñez,MID,Ipswich Town,309,2,18,2,61,1,2,0,0,0,3,0,0,0,0,0,0,0,6,11.6,12.1,2.0,2.6,0.00,0.02,0.02,2.85,9,False,16,5,2,2026-08-30T15:30:00Z,49,-346,51,397,10931
Abdul Fatawu,MID,Ipswich Town,315,2,18,2,82,1,4,0,1,0,5,0,0,0,1,0,0,0,25,26.6,42.3,2.0,7.1,0.00,0.22,0.22,4.59,4,False,16,5,2,2026-08-30T15:30:00Z,54,-1565,44,1609,21863
Emersonn Correia da Silva,FWD,Ipswich Town,316,2,18,2,45,1,1,0,0,0,1,0,0,0,0,0,0,0,7,1.0,11.1,2.0,1.4,0.00,0.00,0.00,0.77,1,False,16,5,2,2026-08-30T15:30:00Z,55,7960,22926,14966,371670
Chuba Akpom,FWD,Ipswich Town,320,2,18,2,45,0,5,1,0,0,4,0,0,0,0,0,0,0,30,33.2,1.7,17.0,5.2,0.97,0.00,0.97,4.01,0,False,16,5,2,2026-08-30T15:30:00Z,50,-3054,3408,6462,131178
Kasey McAteer,MID,Ipswich Town,323,2,18,2,7,0,1,0,0,0,0,0,0,0,0,0,0,0,3,0.2,0.0,0.0,0.0,0.00,0.00,0.00,0.18,1,False,16,5,2,2026-08-30T15:30:00Z,45,-3925,334,4259,109315
Jaka Bijol,DEF,Leeds,327,2,17,2,45,1,1,0,0,0,1,0,0,0,0,0,0,0,0,8.4,0.2,0.0,0.9,0.00,0.00,0.00,0.55,5,True,4,1,1,2026-08-30T13:00:00Z,50,-3049,499,3548,76520
Joe Rodon,DEF,Leeds,329,2,17,2,33,1,1,0,0,0,0,0,0,0,0,0,0,0,4,8.6,0.3,2.0,1.1,0.00,0.00,0.00,0.35,4,True,4,1,1,2026-08-30T13:00:00Z,43,-6127,26,6153,87452
Jayden Bogle,DEF,Leeds,330,2,17,2,67,1,2,0,0,0,1,0,0,0,0,0,0,0,9,18.6,11.3,4.0,3.4,0.00,0.01,0.01,0.74,7,True,4,1,1,2026-08-30T13:00:00Z,46,62846,76041,13195,721477
James Justin,DEF,Leeds,332,2,17,2,90,1,2,0,0,0,1,0,0,0,0,0,0,0,12,24.6,11.8,9.0,4.5,0.03,0.01,0.04,1.67,8,True,4,1,1,2026-08-30T13:00:00Z,45,-1264,2314,3578,163972
Tarik Muharemović,DEF,Leeds,334,2,17,2,90,1,4,0,0,0,1,0,0,0,0,0,0,0,17,51.6,0.8,2.0,5.4,0.00,0.01,0.01,1.67,19,True,4,1,1,2026-08-30T13:00:00Z,50,2795,14576,11781,470053
Anton Stach,MID,Leeds,335,2,17,2,90,1,4,0,0,0,1,0,0,0,0,0,0,0,13,24.6,17.0,4.0,4.6,0.07,0.01,0.08,1.67,16,True,4,1,1,2026-08-30T13:00:00Z,60,-10390,2974,13364,273287
Noah Okafor,MID,Leeds,336,2,17,2,68,1,2,0,0,0,1,0,0,0,0,0,0,0,11,6.4,7.5,10.0,2.4,0.08,0.01,0.09,0.74,2,True,4,1,1,2026-08-30T13:00:00Z,58,-1074,1071,2145,43726
Brenden Aaronson,MID,Leeds,337,2,17,2,45,1,1,0,0,0,1,0,0,0,0,0,0,0,6,2.2,0.6,0.0,0.3,0.00,0.01,0.01,0.55,3,True,4,1,1,2026-08-30T13:00:00Z,53,-2130,120,2250,54657
Ethan Ampadu,MID,Leeds,338,2,17,2,90,1,2,0,0,0,1,0,0,0,0,0,0,0,12,19.6,16.6,1.0,3.7,0.01,0.09,0.10,1.67,10,True,4,1,1,2026-08-30T13:00:00Z,54,-2327,830,3157,98383
Daniel James,MID,Leeds,343,2,17,2,22,0,1,0,0,0,0,0,0,0,0,0,0,0,2,0.0,1.1,12.0,1.1,0.24,0.01,0.25,0.93,2,True,4,1,1,2026-08-30T13:00:00Z,49,-254,113,367,10931
Tanaka Ao,MID,Leeds,345,2,17,2,45,0,1,0,0,0,0,0,0,0,0,0,0,0,6,20.0,1.8,0.0,2.2,0.00,0.01,0.01,1.13,11,True,4,1,1,2026-08-30T13:00:00Z,49,-110,1254,1364,32794
Dominic Calvert-Lewin,FWD,Leeds,346,2,17,2,90,1,8,1,0,0,1,0,0,0,0,0,0,2,31,38.4,4.0,35.0,7.7,0.92,0.02,0.94,1.67,4,True,4,1,1,2026-08-30T13:00:00Z,60,-45629,62208,107837,2754729
Lukas Nmecha,FWD,Leeds,347,2,17,2,21,0,4,0,1,0,0,0,0,0,0,0,0,0,18,18.2,20.3,6.0,4.5,0.10,0.00,0.10,0.93,1,True,4,1,1,2026-08-30T13:00:00Z,54,-1218,1152,2370,54657
Alisson Becker,GKP,Liverpool,350,2,14,2,90,1,0,0,0,0,2,0,0,0,1,0,1,0,-5,7.6,0.0,0.0,0.8,0.00,0.00,0.00,2.30,0,True,18,2,2,2026-08-29T11:30:00Z,55,-406,6124,6530,426327
Virgil van Dijk,DEF,Liverpool,356,2,14,2,90,1,1,0,0,0,2,0,0,0,0,0,0,0,5,24.6,4.3,2.0,3.1,0.00,0.03,0.03,2.30,7,True,18,2,2,2026-08-29T11:30:00Z,65,-14060,11646,25706,1781829
Jeremie Frimpong,DEF,Liverpool,357,2,14,2,70,1,1,0,0,0,2,0,0,0,0,0,0,0,9,12.8,13.8,4.0,3.1,0.00,0.02,0.02,2.23,6,True,18,2,2,2026-08-29T11:30:00Z,53,-6835,944,7779,196766
Milos Kerkez,DEF,Liverpool,358,2,14,2,70,1,1,0,0,0,2,0,0,0,0,0,0,0,9,24.0,12.8,0.0,3.7,0.00,0.01,0.01,2.23,8,True,18,2,2,2026-08-29T11:30:00Z,54,-4988,1466,6454,251424
Jeremy Jacquet,DEF,Liverpool,362,2,14,2,76,1,3,0,0,0,2,0,0,0,0,0,0,0,13,30.8,15.1,2.0,4.8,0.00,0.05,0.05,2.23,11,True,18,2,2,2026-08-29T11:30:00Z,50,10155,17671,7516,371670
Kostas Tsimikas,DEF,Liverpool,364,2,14,2,19,0,1,0,0,0,0,0,0,0,0,0,0,0,4,3.6,1.3,9.0,1.4,0.04,0.01,0.05,0.07,0,True,18,2,2,2026-08-29T11:30:00Z,49,-187,51,238,10931
Florian Wirtz,MID,Liverpool,366,2,14,2,90,1,4,0,1,0,2,0,0,0,1,0,0,0,23,27.8,24.3,22.0,7.4,0.23,0.20,0.43,2.30,10,True,18,2,2,2026-08-29T11:30:00Z,73,-27499,1421,28920,644956
Cody Gakpo,MID,Liverpool,367,2,14,2,70,1,5,0,1,0,2,0,0,0,0,0,0,0,21,23.2,27.8,6.0,5.7,0.00,0.65,0.65,2.23,3,True,18,2,2,2026-08-29T11:30:00Z,72,-20426,31694,52120,1377364
Dominik Szoboszlai,MID,Liverpool,368,2,14,2,90,1,4,0,0,0,2,0,0,0,0,0,0,0,24,21.4,40.7,4.0,6.6,0.16,0.17,0.33,2.30,13,True,18,2,2,2026-08-29T11:30:00Z,70,-119839,20920,140759,3651109
Rio Ngumoha,MID,Liverpool,369,2,14,2,19,0,1,0,0,0,0,0,0,0,0,0,0,0,5,2.0,1.3,2.0,0.5,0.00,0.03,0.03,0.07,0,True,18,2,2,2026-08-29T11:30:00Z,57,-2313,460,2773,54657
Ryan Gravenberch,MID,Liverpool,371,2,14,2,19,0,1,0,0,0,0,0,0,0,0,0,0,0,7,4.4,12.1,0.0,1.7,0.00,0.01,0.01,0.07,1,True,18,2,2,2026-08-29T11:30:00Z,58,-4894,725,5619,120246
Alexis Mac Allister,MID,Liverpool,372,2,14,2,76,1,2,0,0,0,2,0,0,0,0,0,0,0,10,12.6,7.7,0.0,2.0,0.00,0.39,0.39,2.23,10,True,18,2,2,2026-08-29T11:30:00Z,54,-1910,2272,4182,142109
Trey Nyoni,MID,Liverpool,375,2,14,2,13,0,1,0,0,0,0,0,0,0,0,0,0,0,3,6.4,2.2,0.0,0.9,0.00,0.00,0.00,0.07,5,True,18,2,2,2026-08-29T11:30:00Z,49,-155,45,200,0
Victor Munoz,MID,Liverpool,377,2,14,2,90,1,6,1,0,0,2,0,0,0,1,0,0,0,24,42.2,16.8,29.0,8.8,0.32,0.19,0.51,2.30,7,True,18,2,2,2026-08-29T11:30:00Z,65,-7021,847,7868,98383
Alexander Isak,FWD,Liverpool,379,2,14,2,90,1,8,1,0,0,2,0,0,0,0,0,0,2,30,34.0,10.3,48.0,9.2,0.99,0.00,0.99,2.30,1,True,18,2,2,2026-08-29T11:30:00Z,91,21060,65216,44156,2426785
Gianluigi Donnarumma,GKP,Man City,384,2,11,2,90,1,0,0,0,0,1,1,0,0,0,0,1,0,5,6.8,0.0,0.0,0.7,0.00,0.00,0.00,0.66,0,False,8,1,4,2026-08-28T19:00:00Z,55,-11087,7098,18185,841723
James Trafford,GKP,Leeds,385,2,17,2,90,1,3,0,0,0,1,0,0,0,0,0,4,0,20,37.6,0.0,0.0,3.8,0.00,0.00,0.00,1.67,0,True,4,1,1,2026-08-30T13:00:00Z,50,1672,10122,8450,590299
Nico O'Reilly,DEF,Man City,387,2,11,2,88,1,2,0,0,0,1,0,0,0,0,0,0,0,11,3.6,7.8,5.0,1.6,0.02,0.02,0.04,0.66,1,False,8,1,4,2026-08-28T19:00:00Z,64,-43617,3111,46728,1213393
Marc Guéhi,DEF,Man City,388,2,11,2,90,1,2,0,0,0,1,0,0,0,0,0,0,0,12,24.2,15.8,0.0,4.0,0.00,0.04,0.04,0.66,5,False,8,1,4,2026-08-28T19:00:00Z,60,-14070,15472,29542,2011389
Rúben dos Santos Gato Alves Dias,DEF,Man City,390,2,11,2,90,1,2,0,0,0,1,0,0,0,0,0,0,0,19,27.0,22.3,35.0,8.4,0.09,0.57,0.66,0.66,6,False,8,1,4,2026-08-28T19:00:00Z,55,-2375,2901,5276,207698
Joško Gvardiol,DEF,Man City,391,2,11,2,74,1,5,0,1,0,1,0,0,0,0,0,0,0,18,27.6,30.8,2.0,6.0,0.00,0.04,0.04,0.66,2,False,8,1,4,2026-08-28T19:00:00Z,57,65499,94263,28764,2885906
Abdukodir Khusanov,DEF,Man City,393,2,11,2,88,1,2,0,0,0,1,0,0,0,0,0,0,0,17,21.0,5.3,4.0,3.0,0.00,0.02,0.02,0.66,7,False,8,1,4,2026-08-28T19:00:00Z,54,-4916,870,5786,153040
Vitor de Oliveira Nunes dos Reis,DEF,Man City,396,2,11,2,1,0,1,0,0,0,0,0,0,0,0,0,0,0,3,1.2,0.9,0.0,0.2,0.00,0.00,0.00,0.00,0,False,8,1,4,2026-08-28T19:00:00Z,45,-44,48,92,0
Antoine Semenyo,MID,Man City,397,2,11,2,90,1,5,0,1,0,1,0,0,0,0,0,0,0,33,29.2,43.0,40.0,11.2,0.06,0.57,0.63,0.66,3,False,8,1,4,2026-08-28T19:00:00Z,84,43497,73771,30274,1661583
Phil Foden,MID,Man City,398,2,11,2,90,1,9,0,2,0,1,0,0,0,0,0,0,1,38,42.8,45.8,17.0,10.6,0.87,0.45,1.32,0.66,7,False,8,1,4,2026-08-28T19:00:00Z,69,-19321,103,19424,207698
Rayan Cherki,MID,Man City,399,2,11,2,81,1,14,2,0,0,1,0,0,0,1,0,0,3,60,74.8,47.8,49.0,17.2,0.35,0.55,0.90,0.66,3,False,8,1,4,2026-08-28T19:00:00Z,78,4179,64201,60022,3071741
Omar Marmoush,FWD,Man City,401,2,11,2,90,1,2,0,0,0,2,0,0,0,0,0,0,0,14,9.2,35.1,28.0,7.2,0.17,0.07,0.24,0.72,4,False,8,1,4,2026-08-28T19:00:00Z,70,-8497,5946,14443,229561
Nico González Iglesias,MID,Man City,405,2,11,2,70,1,2,0,0,1,0,0,0,0,1,0,0,0,9,7.2,29.5,0.0,3.7,0.00,0.20,0.20,0.74,4,False,8,1,4,2026-08-28T19:00:00Z,55,-1202,256,1458,21863
Mateo Kovačić,MID,Man City,406,2,11,2,15,0,1,0,0,0,0,0,0,0,0,0,0,0,9,2.0,3.1,0.0,0.5,0.00,0.01,0.01,0.00,0,False,8,1,4,2026-08-28T19:00:00Z,54,-245,52,297,10931
Erling Haaland,FWD,Man City,411,2,11,2,90,1,13,2,0,0,1,0,0,0,0,0,0,3,60,69.0,0.1,51.0,12.0,0.66,0.00,0.66,0.66,5,False,8,1,4,2026-08-28T19:00:00Z,156,34935,46449,11514,8045558
Senne Lammens,GKP,Man Utd,412,2,18,2,90,1,2,0,0,0,2,0,0,0,0,0,3,0,11,27.0,0.0,0.0,2.7,0.00,0.00,0.00,2.06,0,True,12,5,2,2026-08-30T15:30:00Z,49,-27287,3936,31223,1104078
Patrick Dorgu,MID,Man Utd,415,2,18,2,10,0,1,0,0,0,1,0,0,0,0,0,0,0,4,7.0,11.7,39.0,5.8,0.18,0.01,0.19,1.00,2,True,12,5,2,2026-08-30T15:30:00Z,58,-1955,567,2522,54657
Diogo Dalot Teixeira,DEF,Man Utd,417,2,18,2,73,1,2,0,0,0,1,0,0,0,0,0,0,0,12,16.4,42.2,33.0,9.2,0.15,0.12,0.27,1.06,4,True,12,5,2,2026-08-30T15:30:00Z,49,-3902,719,4621,174903
Harry Maguire,DEF,Man Utd,418,2,18,2,90,1,4,0,1,0,2,0,0,0,0,0,0,0,13,7.2,1.5,6.0,1.5,0.03,0.01,0.04,2.06,5,True,12,5,2,2026-08-30T15:30:00Z,49,-45925,2434,48359,972900
Lisandro Martínez,DEF,Man Utd,419,2,18,2,90,1,1,0,0,0,2,0,0,0,0,0,0,0,2,4.8,1.8,3.0,1.0,0.03,0.06,0.09,2.06,0,True,12,5,2,2026-08-30T15:30:00Z,50,-1426,2245,3671,142109
Leny Yoro,DEF,Man Utd,420,2,18,2,16,0,1,0,0,0,1,0,0,0,0,0,0,0,-2,1.8,1.8,0.0,0.4,0.00,0.01,0.01,1.00,2,True,12,5,2,2026-08-30T15:30:00Z,48,-997,307,1304,54657
Noussair Mazraoui,DEF,Man Utd,422,2,18,2,17,0,1,0,0,0,1,0,0,0,0,0,0,0,-1,1.4,1.3,0.0,0.3,0.00,0.00,0.00,1.00,0,True,12,5,2,2026-08-30T15:30:00Z,44,-1427,399,1826,54657
Luke Shaw,DEF,Man Utd,423,2,18,2,72,1,2,0,0,0,1,0,0,0,0,0,0,0,12,18.4,1.6,4.0,2.4,0.00,0.02,0.02,1.06,8,True,12,5,2,2026-08-30T15:30:00Z,43,-57186,1602,58788,863586
Bruno Borges Fernandes,MID,Man Utd,426,2,18,2,90,1,23,3,1,0,2,0,0,0,0,0,0,3,87,132.4,62.5,66.0,26.1,2.02,0.48,2.50,2.06,8,True,12,5,2,2026-08-30T15:30:00Z,120,-108834,20271,129105,4263271
Bryan Mbeumo,MID,Man Utd,427,2,18,2,90,1,11,1,1,0,2,0,0,0,1,0,0,2,37,45.6,43.3,35.0,12.4,1.76,0.21,1.97,2.06,5,True,12,5,2,2026-08-30T15:30:00Z,79,-65228,19864,85092,2284676
Matheus Santos Carneiro da Cunha,MID,Man Utd,428,2,18,2,79,1,9,0,2,0,1,0,0,0,0,0,0,1,31,20.0,27.6,28.0,7.6,0.11,0.15,0.26,1.06,2,True,12,5,2,2026-08-30T15:30:00Z,79,-5963,8817,14780,623093
Marcus Rashford,MID,Man Utd,429,2,18,2,79,1,2,0,0,0,1,0,0,0,0,0,0,0,17,16.0,34.3,58.0,10.8,0.26,0.05,0.31,1.06,6,True,12,5,2,2026-08-30T15:30:00Z,70,-4234,3647,7881,163972
Kobbie Mainoo,MID,Man Utd,432,2,18,2,79,1,4,0,0,0,1,0,0,0,0,0,0,0,25,15.2,7.2,9.0,3.1,0.14,0.27,0.41,1.06,15,True,12,5,2,2026-08-30T15:30:00Z,55,261,6051,5790,174903
Benjamin Sesko,FWD,Man Utd,439,2,18,2,10,0,1,0,0,0,1,0,0,0,0,0,0,0,5,2.2,10.5,2.0,1.5,0.00,0.01,0.01,1.00,3,True,12,5,2,2026-08-30T15:30:00Z,70,-6976,6110,13086,185835
Malick Thiaw,DEF,Newcastle,445,2,15,2,90,1,6,0,0,1,0,0,0,0,0,0,0,0,25,6.8,1.5,0.0,0.8,0.00,0.02,0.02,1.12,3,False,19,0,2,2026-08-29T16:30:00Z,50,-591,5227,5818,240492
Sven Botman,DEF,Newcastle,447,2,15,2,90,1,5,0,0,1,0,0,0,0,1,0,0,0,22,11.2,1.8,2.0,1.5,0.01,0.00,0.01,1.12,5,False,19,0,2,2026-08-29T16:30:00Z,50,1244,2875,1631,76520
Lewis Hall,DEF,Newcastle,449,2,15,2,90,1,11,0,0,1,0,0,0,0,0,0,0,3,52,39.0,27.3,4.0,7.0,0.03,0.31,0.34,1.12,13,False,19,0,2,2026-08-29T16:30:00Z,52,137141,146791,9650,1781829
Bruno Guimarães Rodriguez Moura,MID,Arsenal,452,2,20,2,19,0,1,0,0,0,0,0,0,0,0,0,0,0,4,1.4,0.8,2.0,0.4,0.00,0.01,0.01,0.00,3,False,2,0,1,2026-08-31T19:00:00Z,67,-1786,2829,4615,196766
Harvey Barnes,MID,Newcastle,453,2,15,2,90,1,3,0,0,1,0,0,0,0,0,0,0,0,9,7.2,22.1,7.0,3.6,0.04,0.01,0.05,1.12,4,False,19,0,2,2026-08-29T16:30:00Z,61,98617,106182,7565,568436
Anthony Elanga,MID,Newcastle,454,2,15,2,81,1,8,1,0,1,0,0,0,0,0,0,0,0,32,36.8,15.3,29.0,8.1,0.20,0.10,0.30,0.74,3,False,19,0,2,2026-08-29T16:30:00Z,61,-129431,195,129626,535642
Sandro Tonali,MID,Spurs,455,2,15,2,74,1,2,0,0,0,2,0,0,0,0,0,0,0,16,5.0,26.3,4.0,3.5,0.05,0.02,0.07,0.72,4,True,17,0,2,2026-08-29T16:30:00Z,53,-8989,1336,10325,207698
Jacob Ramsey,MID,Newcastle,456,2,15,2,8,0,1,0,0,0,0,0,0,0,0,0,0,0,3,0.2,4.2,0.0,0.4,0.00,0.13,0.13,0.38,1,False,19,0,2,2026-08-29T16:30:00Z,49,-3305,18,3323,32794
Jacob Murphy,MID,Newcastle,457,2,15,2,8,0,1,0,0,0,0,0,0,0,0,0,0,0,3,2.2,3.1,2.0,0.7,0.00,0.20,0.20,0.38,3,False,19,0,2,2026-08-29T16:30:00Z,59,64,527,463,10931
Lewis Miley,MID,Newcastle,459,2,15,2,90,1,3,0,0,1,0,0,0,0,0,0,0,0,16,11.2,14.7,0.0,2.6,0.00,0.04,0.04,1.12,9,False,19,0,2,2026-08-29T16:30:00Z,55,14,286,272,10931
Joe Willock,MID,Newcastle,460,2,15,2,70,1,3,0,0,1,0,0,0,0,0,0,0,0,0,0.0,4.3,8.0,0.5,0.07,0.02,0.09,0.74,2,False,19,0,2,2026-08-29T16:30:00Z,50,4783,6290,1507,54657
Bazoumana Touré,MID,Newcastle,461,2,15,2,1,0,1,0,0,0,0,0,0,0,0,0,0,0,3,0.0,0.0,0.0,0.0,0.00,0.00,0.00,0.00,0,False,19,0,2,2026-08-29T16:30:00Z,58,-324,205,529,10931
Sean Steur,MID,Newcastle,462,2,15,2,19,0,1,0,0,0,0,0,0,0,0,0,0,0,4,5.0,0.0,0.0,0.5,0.00,0.00,0.00,0.38,3,False,19,0,2,2026-08-29T16:30:00Z,49,-102,137,239,10931
Nick Woltemade,FWD,Newcastle,463,2,15,2,19,0,4,0,1,0,0,0,0,0,0,0,0,0,18,18.2,10.5,11.0,4.0,0.02,0.01,0.03,0.38,0,False,19,0,2,2026-08-29T16:30:00Z,59,-2252,0,2252,54657
Yoane Wissa,FWD,Newcastle,464,2,15,2,81,1,8,1,0,1,0,0,0,0,0,0,0,2,37,35.6,10.3,46.0,9.2,0.35,0.00,0.35,0.74,6,False,19,0,2,2026-08-29T16:30:00Z,62,-43315,53553,96868,2055115
Matz Sels,GKP,Nott'm Forest,467,2,14,2,90,1,1,0,0,0,2,0,0,0,0,0,2,0,6,16.6,0.0,0.0,1.7,0.00,0.01,0.01,1.75,0,False,14,2,2,2026-08-29T11:30:00Z,50,-2369,1216,3585,174903
Neco Williams,DEF,Nott'm Forest,469,2,14,2,90,1,6,0,1,0,2,0,0,0,0,0,0,0,16,34.4,25.3,6.0,6.6,0.12,0.15,0.27,1.75,12,False,14,2,2,2026-08-29T11:30:00Z,50,-19373,7305,26678,972900
Nikola Milenković,DEF,Nott'm Forest,471,2,14,2,90,1,3,0,0,0,2,0,0,0,0,0,0,0,3,17.0,0.0,0.0,1.7,0.00,0.00,0.00,1.75,13,False,14,2,2,2026-08-29T11:30:00Z,54,-8003,38,8041,109315
Murillo Costa dos Santos,DEF,Nott'm Forest,472,2,14,2,90,1,1,0,0,0,2,0,0,0,0,0,0,0,2,11.2,0.3,8.0,2.0,0.18,0.00,0.18,1.75,6,False,14,2,2,2026-08-29T11:30:00Z,55,346,4884,4538,229561
Ola Aina,DEF,Nott'm Forest,473,2,14,2,85,1,0,0,0,0,2,0,0,0,1,0,0,0,2,11.8,15.5,4.0,3.1,0.00,0.35,0.35,1.75,5,False,14,2,2,2026-08-29T11:30:00Z,45,-13026,729,13755,262355
Jair Paula da Cunha Filho,DEF,Nott'm Forest,474,2,14,2,90,1,1,0,0,0,2,0,0,0,0,0,0,0,6,14.6,0.4,0.0,1.5,0.00,0.00,0.00,1.75,8,False,14,2,2,2026-08-29T11:30:00Z,45,-293,147,440,21863
Luca Netz,DEF,Nott'm Forest,478,2,14,2,4,0,1,0,0,0,0,0,0,0,0,0,0,0,5,2.0,0.0,0.0,0.2,0.00,0.00,0.00,0.00,1,False,14,2,2,2026-08-29T11:30:00Z,44,-35,38,73,0
Morgan Gibbs-White,MID,Nott'm Forest,480,2,14,2,90,1,13,1,1,0,2,0,0,0,0,0,0,3,36,56.4,12.5,17.0,8.6,0.79,0.04,0.83,1.75,5,False,14,2,2,2026-08-29T11:30:00Z,80,-14511,37984,52495,1716240
Elliot Anderson,MID,Man City,481,2,11,2,81,1,3,0,0,0,1,0,0,0,1,0,0,0,25,25.0,20.2,13.0,5.8,0.07,0.22,0.29,0.66,14,False,8,1,4,2026-08-28T19:00:00Z,63,-12934,4751,17685,448190
Callum Hudson-Odoi,MID,Nott'm Forest,482,2,14,2,1,0,1,0,0,0,0,0,0,0,0,0,0,0,2,0.0,0.3,0.0,0.0,0.00,0.00,0.00,0.00,0,False,14,2,2,2026-08-29T11:30:00Z,58,-596,162,758,10931
Dan Ndoye,MID,Nott'm Forest,483,2,14,2,65,1,9,1,0,0,1,0,0,0,0,0,0,2,30,35.8,23.0,36.0,9.5,0.35,0.63,0.98,1.42,9,False,14,2,2,2026-08-29T11:30:00Z,55,-5420,440,5860,76520
James McAtee,MID,Nott'm Forest,486,2,14,2,90,1,2,0,0,0,2,0,0,0,0,0,0,0,16,8.2,18.5,0.0,2.7,0.00,0.16,0.16,1.75,8,False,14,2,2,2026-08-29T11:30:00Z,55,-378,226,604,10931
Nicolás Domínguez,MID,Nott'm Forest,487,2,14,2,1,0,1,0,0,0,0,0,0,0,0,0,0,0,3,0.2,0.0,0.0,0.0,0.00,0.00,0.00,0.00,0,False,14,2,2,2026-08-29T11:30:00Z,49,-157,39,196,10931
Igor Jesus Maciel da Cruz,FWD,Nott'm Forest,491,2,14,2,90,1,1,0,0,0,2,0,0,0,1,0,0,0,4,8.6,13.3,38.0,6.0,0.74,0.04,0.78,1.75,5,False,14,2,2,2026-08-29T11:30:00Z,58,-10929,4592,15521,295150
Taiwo Awoniyi,FWD,Coventry City,492,2,13,2,90,1,2,0,0,0,1,0,0,0,0,0,0,0,6,10.0,23.6,65.0,9.9,0.93,0.03,0.96,0.72,3,True,11,0,1,2026-08-29T14:00:00Z,54,-3453,47,3500,43726
Antonín Kinský,GKP,Spurs,496,2,15,2,90,1,1,0,0,0,2,0,0,0,0,0,0,0,4,3.8,0.0,0.0,0.4,0.00,0.00,0.00,0.72,0,True,17,0,2,2026-08-29T16:30:00Z,45,-64796,9533,74329,1923938
Pedro Porro Sauceda,DEF,Spurs,499,2,15,2,90,1,1,0,0,0,2,0,0,0,0,0,0,0,1,9.4,7.9,21.0,3.8,0.33,0.10,0.43,0.72,4,True,17,0,2,2026-08-29T16:30:00Z,54,-46283,1373,47656,863586
Andrew Robertson,DEF,Spurs,502,2,15,2,67,1,2,0,0,0,1,0,0,0,0,0,0,0,7,11.2,16.8,25.0,5.3,0.06,0.02,0.08,0.48,3,True,17,0,2,2026-08-29T16:30:00Z,44,-4669,3378,8047,284218
Micky van de Ven,DEF,Spurs,503,2,15,2,90,1,0,0,0,0,2,0,0,0,1,0,0,0,5,15.2,2.1,0.0,1.7,0.00,0.02,0.02,0.72,8,True,17,0,2,2026-08-29T16:30:00Z,50,-9498,3302,12800,426327
Luka Vušković,DEF,Brighton,504,2,16,2,90,1,0,0,0,0,4,0,0,0,0,0,0,0,-2,22.8,8.3,5.0,3.6,0.03,0.02,0.05,2.93,8,False,6,4,3,2026-08-30T13:00:00Z,50,27435,34108,6673,371670
Destiny Udogie,DEF,Spurs,506,2,15,2,22,0,1,0,0,0,1,0,0,0,0,0,0,0,2,5.2,11.5,2.0,1.9,0.00,0.19,0.19,0.24,1,True,17,0,2,2026-08-29T16:30:00Z,44,-839,214,1053,32794
Mohammed Kudus,MID,Spurs,512,2,15,2,22,0,1,0,0,0,1,0,0,0,0,0,0,0,4,1.2,3.3,11.0,1.6,0.04,0.01,0.05,0.24,2,True,17,0,2,2026-08-29T16:30:00Z,65,636,1284,648,10931
Mathys Tel,MID,Spurs,514,2,15,2,67,1,2,0,0,0,1,0,0,0,0,0,0,0,10,3.8,3.3,34.0,4.1,0.14,0.03,0.17,0.48,3,True,17,0,2,2026-08-29T16:30:00Z,57,-1259,109,1368,21863
Rodrigo Bentancur,MID,Spurs,516,2,15,2,90,1,2,0,0,0,2,0,0,0,0,0,0,0,17,15.4,7.1,0.0,2.3,0.00,0.02,0.02,0.72,11,True,17,0,2,2026-08-29T16:30:00Z,55,-194,198,392,21863
Archie Gray,MID,Spurs,522,2,15,2,67,1,2,0,0,0,1,0,0,0,0,0,0,0,9,1.8,1.5,0.0,0.3,0.00,0.00,0.00,0.48,6,True,17,0,2,2026-08-29T16:30:00Z,49,-444,310,754,21863
Mikey Moore,MID,Spurs,523,2,15,2,22,0,1,0,0,0,1,0,0,0,0,0,0,0,1,0.0,0.4,1.0,0.0,0.02,0.00,0.02,0.24,1,True,17,0,2,2026-08-29T16:30:00Z,50,-364,0,364,10931
Mateus Fernandes,MID,Spurs,525,2,15,2,90,1,2,0,0,0,2,0,0,0,0,0,0,0,18,14.0,46.3,1.0,6.1,0.01,0.17,0.18,0.72,8,True,17,0,2,2026-08-29T16:30:00Z,57,-4247,263,4510,87452
Dominic Solanke-Mitchell,FWD,Spurs,526,2,15,2,15,0,1,0,0,0,0,0,0,0,0,0,0,0,6,3.2,0.3,6.0,1.0,0.20,0.00,0.20,0.00,0,True,17,0,2,2026-08-29T16:30:00Z,58,-2459,1062,3521,87452
Robin Roefs,GKP,Sunderland,529,2,19,2,90,1,6,0,0,1,0,0,0,0,0,0,0,0,22,4.0,0.0,0.0,0.4,0.00,0.00,0.00,0.95,0,True,10,1,0,2026-08-30T13:00:00Z,49,-5973,1297,7270,273287
Daniel Ballard,DEF,Sunderland,532,2,19,2,90,1,8,0,0,1,0,0,0,0,0,0,0,0,27,23.6,1.2,7.0,3.2,0.03,0.00,0.03,0.95,10,True,10,1,0,2026-08-30T13:00:00Z,49,-7250,2325,9575,284218
Nordi Mukiele,DEF,Sunderland,533,2,19,2,90,1,9,0,0,1,0,0,0,0,0,0,0,1,28,42.6,8.0,2.0,5.3,0.00,0.01,0.01,0.95,19,True,10,1,0,2026-08-30T13:00:00Z,54,-2066,3312,5378,207698
Trai Hume,DEF,Sunderland,534,2,19,2,90,1,6,0,0,1,0,0,0,0,0,0,0,0,24,18.6,19.1,2.0,4.0,0.00,0.01,0.01,0.95,6,True,10,1,0,2026-08-30T13:00:00Z,43,-20169,866,21035,317012
Reinildo Mandava,DEF,Sunderland,536,2,19,2,90,1,6,0,0,1,0,0,0,0,0,0,0,0,26,16.4,6.0,2.0,2.4,0.00,0.01,0.01,0.95,7,True,10,1,0,2026-08-30T13:00:00Z,44,-1155,89,1244,32794
Thomas Meunier,DEF,Sunderland,541,2,19,2,90,1,6,0,0,1,0,0,0,0,0,0,0,0,27,22.6,20.0,9.0,5.2,0.02,0.05,0.07,0.95,8,True,10,1,0,2026-08-30T13:00:00Z,45,572,1028,456,32794
Enzo Le Fée,MID,Sunderland,542,2,19,2,89,1,3,0,0,1,0,0,0,0,0,0,0,0,13,3.4,21.2,30.0,5.5,0.37,0.17,0.54,0.86,6,True,10,1,0,2026-08-30T13:00:00Z,57,-10287,6373,16660,371670
Habib Diarra,MID,Sunderland,543,2,19,2,18,0,4,0,1,0,0,0,0,0,0,0,0,0,15,15.2,10.3,0.0,2.6,0.00,0.16,0.16,0.02,0,True,10,1,0,2026-08-30T13:00:00Z,54,-116,6,122,0
Granit Xhaka,MID,Sunderland,544,2,19,2,90,1,6,0,0,1,0,0,0,0,0,0,0,3,29,20.4,57.9,0.0,7.8,0.00,0.36,0.36,0.95,7,True,10,1,0,2026-08-30T13:00:00Z,55,-11749,3737,15486,404464
Noah Sadiki,MID,Sunderland,545,2,19,2,90,1,3,0,0,1,0,0,0,0,0,0,0,0,21,18.4,7.8,6.0,3.2,0.02,0.02,0.04,0.95,11,True,10,1,0,2026-08-30T13:00:00Z,49,-622,255,877,21863
Romaine Mundle,MID,Sunderland,547,2,19,2,1,0,1,0,0,0,0,0,0,0,0,0,0,0,2,8.0,0.1,17.0,2.5,0.17,0.00,0.17,0.09,1,True,10,1,0,2026-08-30T13:00:00Z,49,-32,6,38,0
Chris Rigg,MID,Sunderland,548,2,19,2,7,0,1,0,0,0,0,0,0,0,0,0,0,0,3,0.0,0.0,0.0,0.0,0.00,0.00,0.00,0.34,0,True,10,1,0,2026-08-30T13:00:00Z,49,-129,14,143,0
Nilson Angulo,MID,Sunderland,551,2,19,2,64,1,3,0,0,1,0,0,0,0,0,0,0,0,13,7.2,16.7,0.0,2.4,0.00,0.04,0.04,0.58,5,True,10,1,0,2026-08-30T13:00:00Z,50,-191,313,504,10931
Brian Brobbey,FWD,Sunderland,552,2,19,2,63,1,2,0,0,1,0,0,0,0,0,0,0,0,5,0.0,2.8,6.0,0.7,0.03,0.00,0.03,0.58,4,True,10,1,0,2026-08-30T13:00:00Z,57,108029,126152,18123,710545
Wilson Isidor,FWD,Sunderland,553,2,19,2,26,0,8,1,0,0,0,0,0,0,0,0,0,3,29,29.2,0.1,25.0,5.4,1.39,0.00,1.39,0.37,0,True,10,1,0,2026-08-30T13:00:00Z,55,-6128,1634,7762,142109
Christos Tzolis,MID,Arsenal,557,2,20,2,45,1,0,0,0,0,0,0,0,0,1,0,0,0,1,0.0,11.8,4.0,1.6,0.00,0.01,0.01,0.10,3,False,2,0,1,2026-08-31T19:00:00Z,63,-98052,7190,105242,1366433
Xaver Schlager,MID,Nott'm Forest,558,2,14,2,90,1,4,0,0,0,2,0,0,0,0,0,0,0,15,21.2,0.7,7.0,2.9,0.05,0.00,0.05,1.75,15,False,14,2,2,2026-08-29T11:30:00Z,50,-374,129,503,10931
Daizen Maeda,MID,Ipswich Town,562,2,18,2,72,1,2,0,0,0,4,0,0,0,0,0,0,0,10,8.0,1.4,19.0,2.8,0.06,0.01,0.07,3.91,5,False,16,5,2,2026-08-30T15:30:00Z,53,-938,72,1010,21863
Hidemasa Morita,MID,Hull City,563,2,13,2,45,1,1,0,0,0,0,0,0,0,0,0,0,0,6,11.0,13.4,0.0,2.4,0.00,0.00,0.00,1.09,3,False,7,0,1,2026-08-29T14:00:00Z,50,-87,8,95,0
Kjell Scherpen,GKP,Ipswich Town,564,2,18,2,90,1,2,0,0,0,5,0,0,0,0,0,6,0,9,46.4,0.0,0.0,4.6,0.00,0.01,0.01,4.77,0,False,16,5,2,2026-08-30T15:30:00Z,45,-1317,343,1660,65589
Mamadou Sangaré,MID,Brentford,565,2,17,2,90,1,4,0,0,0,1,0,0,0,0,0,0,0,16,24.4,25.3,11.0,6.1,0.21,0.03,0.24,1.46,14,False,13,1,1,2026-08-30T13:00:00Z,56,-99300,5543,104843,1125941
António João Pereira de Albuquerque Tavares da Silva,DEF,Bournemouth,566,2,12,2,90,1,4,0,0,0,1,0,0,0,0,0,0,0,11,18.6,1.8,13.0,3.3,0.25,0.03,0.28,1.84,10,True,9,1,1,2026-08-29T14:00:00Z,50,837,2154,1317,43726
Lukás Hornícek,GKP,Newcastle,567,2,15,2,90,1,7,0,0,1,0,0,0,0,0,0,4,0,32,34.6,0.0,0.0,3.5,0.00,0.00,0.00,1.12,0,False,19,0,2,2026-08-29T16:30:00Z,50,1541,4329,2788,163972
Valentín Barco,MID,Chelsea,568,2,16,2,8,0,1,0,0,0,1,0,0,0,0,0,0,0,1,0.0,0.0,4.0,0.2,0.04,0.00,0.04,0.07,1,True,5,4,3,2026-08-30T13:00:00Z,54,-149,133,282,10931
Gonzalo García,FWD,Fulham,569,2,19,2,90,1,2,0,0,0,1,0,0,0,0,0,0,0,2,5.6,2.8,24.0,3.2,0.27,0.01,0.28,2.02,4,False,20,1,0,2026-08-30T13:00:00Z,60,15196,34492,19296,415396
César Palacios,MID,Fulham,570,2,19,2,75,1,1,0,0,0,1,0,0,0,1,0,0,0,6,3.0,1.3,3.0,0.7,0.02,0.00,0.02,1.62,9,False,20,1,0,2026-08-30T13:00:00Z,54,-44,528,572,21863
Konstantinos Tzolakis,GKP,Hull City,572,2,13,2,90,1,10,0,0,1,0,0,0,0,0,0,3,3,32,26.2,0.0,0.0,2.6,0.00,0.00,0.00,1.29,0,False,7,0,1,2026-08-29T14:00:00Z,46,55411,66863,11452,1333639
Caleb Yirenkyi,MID,Coventry City,575,2,13,2,70,1,3,0,0,1,0,0,0,0,0,0,0,0,17,9.4,16.0,7.0,3.2,0.03,0.13,0.16,0.02,7,True,11,0,1,2026-08-29T14:00:00Z,48,-570,122,692,10931
Elliot Stroud,MID,Hull City,576,2,13,2,58,1,0,0,0,0,0,0,0,0,1,0,0,0,-2,0.0,4.3,7.0,0.9,0.01,0.01,0.02,1.09,7,False,7,0,1,2026-08-29T14:00:00Z,50,-209,82,291,10931
Takehiro Tomiyasu,DEF,Crystal Palace,577,2,11,2,73,1,1,0,0,0,3,0,0,0,0,0,0,0,-3,12.6,1.3,2.0,1.6,0.00,0.00,0.00,2.01,8,True,15,1,4,2026-08-28T19:00:00Z,44,-276,138,414,32794
Ronald Araujo,DEF,Liverpool,579,2,14,2,13,0,0,0,0,0,0,0,0,0,1,0,0,0,-1,5.8,2.3,0.0,0.8,0.00,0.01,0.01,0.07,1,True,18,2,2,2026-08-29T11:30:00Z,54,3637,9777,6140,327944
Shea Charles,MID,Fulham,580,2,19,2,22,0,1,0,0,0,1,0,0,0,0,0,0,0,2,0.6,2.8,6.0,0.9,0.09,0.03,0.12,1.77,2,False,20,1,0,2026-08-30T13:00:00Z,50,72,293,221,10931
Pep Chavarría,DEF,Chelsea,583,2,16,2,18,0,1,0,0,0,1,0,0,0,0,0,0,0,1,6.4,0.3,0.0,0.7,0.00,0.02,0.02,0.09,3,True,5,4,3,2026-08-30T13:00:00Z,49,-82,260,342,10931
Gustavo Hamer,MID,Coventry City,584,2,13,2,19,0,1,0,0,0,1,0,0,0,0,0,0,0,2,0.2,1.5,0.0,0.2,0.00,0.02,0.02,0.69,0,True,11,0,1,2026-08-29T14:00:00Z,54,-210,26,236,10931
Lucas Herrington,DEF,Hull City,585,2,13,2,31,0,1,0,0,0,0,0,0,0,0,0,0,0,3,3.0,0.2,0.0,0.3,0.00,0.00,0.00,0.20,1,False,7,0,1,2026-08-29T14:00:00Z,40,-309,654,963,65589
Nobel Mendy,DEF,Hull City,586,2,13,2,58,1,1,0,0,0,0,0,0,0,0,0,0,0,9,27.6,0.0,7.0,3.5,0.01,0.00,0.01,1.09,9,False,7,0,1,2026-08-29T14:00:00Z,41,-22287,4029,26316,688682
Anan Khalaili,DEF,Crystal Palace,588,2,11,2,74,1,2,0,0,0,3,0,0,0,1,0,0,0,9,26.4,1.5,3.0,3.1,0.02,0.00,0.02,2.01,14,True,15,1,4,2026-08-28T19:00:00Z,50,568,1119,551,32794
Lucas Gourna-Douath,MID,Hull City,589,2,13,2,45,0,1,0,0,0,0,0,0,0,0,0,0,0,6,12.8,0.9,0.0,1.4,0.00,0.01,0.01,0.20,6,False,7,0,1,2026-08-29T14:00:00Z,50,-41,22,63,0
Julio Enciso,MID,Ipswich Town,591,2,18,2,90,1,5,0,1,0,5,0,0,0,0,0,0,0,25,21.8,12.4,21.0,5.5,0.40,0.31,0.71,4.77,8,False,16,5,2,2026-08-30T15:30:00Z,55,-3023,1258,4281,87452
Abdoul Ouattara,DEF,Ipswich Town,592,2,18,2,17,0,1,0,0,0,1,0,0,0,0,0,0,0,-1,0.6,0.6,0.0,0.1,0.00,0.00,0.00,0.86,0,False,16,5,2,2026-08-30T15:30:00Z,40,-849,441,1290,98383
Amar Dedic,DEF,Newcastle,593,2,15,2,90,1,11,0,1,1,0,0,0,0,0,0,0,2,37,42.6,30.4,0.0,7.3,0.00,0.06,0.06,1.12,8,False,19,0,2,2026-08-29T16:30:00Z,45,-27876,167,28043,207698
Promise David,FWD,Brighton,594,2,16,2,10,0,1,0,0,0,0,0,0,0,0,0,0,0,3,0.0,3.7,0.0,0.4,0.00,0.00,0.00,0.04,0,False,6,4,3,2026-08-30T13:00:00Z,59,412,1825,1413,21863
Zavier Gozo,MID,Crystal Palace,595,2,11,2,22,0,1,0,0,0,1,0,0,0,0,0,0,0,3,1.4,1.3,0.0,0.3,0.00,0.00,0.00,0.20,1,True,15,1,4,2026-08-28T19:00:00Z,50,-32,15,47,0
Zion Suzuki,GKP,Aston Villa,597,2,20,2,90,1,2,0,0,0,1,0,0,0,0,0,1,0,8,13.6,0.0,0.0,1.4,0.00,0.00,0.00,1.04,0,True,1,0,1,2026-08-31T19:00:00Z,50,5048,8905,3857,207698
Nico Elvedi,DEF,Leeds,598,2,17,2,56,0,1,0,0,0,1,0,0,0,0,0,0,0,9,16.0,1.1,6.0,2.3,0.00,0.00,0.00,1.32,6,True,4,1,1,2026-08-30T13:00:00Z,45,8,128,120,10931
Ibrahim Osman,MID,Brighton,600,2,16,2,16,0,1,0,0,0,1,0,0,0,0,0,0,0,6,3.0,1.3,2.0,0.6,0.00,0.01,0.01,0.10,1,False,6,4,3,2026-08-30T13:00:00Z,50,-17,65,82,0
Malick Yalcouyé,MID,Brighton,605,2,16,2,73,1,8,1,0,0,3,0,0,0,0,0,0,1,39,50.8,20.1,42.0,11.3,0.70,0.16,0.86,2.83,7,False,6,4,3,2026-08-30T13:00:00Z,45,-6289,17023,23312,437259
Aaron Wan-Bissaka,DEF,Aston Villa,611,2,20,2,12,0,1,0,0,0,0,0,0,0,0,0,0,0,4,3.6,0.8,0.0,0.4,0.00,0.00,0.00,0.00,2,True,1,0,1,2026-08-31T19:00:00Z,45,58,910,852,21863
Ayyoub Bouaddi,MID,Man City,616,2,11,2,8,0,1,0,0,0,0,0,0,0,0,0,0,0,3,1.8,4.3,0.0,0.6,0.00,0.12,0.12,0.00,1,False,8,1,4,2026-08-28T19:00:00Z,55,-817,543,1360,21863
Mohamed-Ali Cho,MID,Hull City,617,2,13,2,7,0,1,0,0,0,0,0,0,0,0,0,0,0,3,0.4,0.3,0.0,0.1,0.00,0.00,0.00,0.18,0,False,7,0,1,2026-08-29T14:00:00Z,50,132,213,81,0
Exequiel Palacios,MID,Ipswich Town,619,2,18,2,28,0,1,0,0,0,2,0,0,0,0,0,0,0,11,7.2,12.0,2.0,2.1,0.00,0.01,0.01,1.92,6,False,16,5,2,2026-08-30T15:30:00Z,50,-142,353,495,10931
Ryan McAidoo,MID,Man City,621,2,11,2,8,0,1,0,0,0,0,0,0,0,0,0,0,0,3,0.0,0.5,1.0,0.1,0.10,0.00,0.10,0.00,0,False,8,1,4,2026-08-28T19:00:00Z,45,-547,122,669,10931
Kaden Braithwaite,DEF,Man City,622,2,11,2,1,0,1,0,0,0,0,0,0,0,0,0,0,0,3,0.6,0.8,0.0,0.1,0.00,0.00,0.00,0.00,0,False,8,1,4,2026-08-28T19:00:00Z,40,-593,359,952,21863
David Raya Martín,GKP,Arsenal,1,3,29,3,90,1,3,0,0,0,1,0,0,0,0,0,4,0,15,28.8,0.0,0.0,2.9,0.00,0.01,0.01,0.39,0,True,6,2,1,2026-09-06T15:30:00Z,61,63703,88754,25051,4602146
Gabriel dos Santos Magalhães,DEF,Arsenal,4,3,29,3,90,1,2,0,0,0,1,0,0,0,0,0,0,0,10,23.6,2.4,76.0,10.2,0.31,0.02,0.33,0.39,7,True,6,2,1,2026-09-06T15:30:00Z,80,-29092,13118,42210,2503305
Myles Lewis-Skelly,MID,Arsenal,7,3,29,3,66,1,2,0,0,0,1,0,0,0,0,0,0,0,5,0.0,12.7,4.0,1.0,0.03,0.10,0.13,0.26,2,True,6,2,1,2026-09-06T15:30:00Z,54,-2964,497,3461,65589
Riccardo Calafiori,DEF,Arsenal,8,3,29,3,66,1,2,0,0,0,1,0,0,0,0,0,0,0,0,4.4,3.2,26.0,3.4,0.39,0.03,0.42,0.26,1,True,6,2,1,2026-09-06T15:30:00Z,58,6879,45305,38426,5531321
Piero Hincapié,DEF,Arsenal,9,3,29,3,23,0,1,0,0,0,0,0,0,0,0,0,0,0,3,6.0,0.5,2.0,0.9,0.00,0.00,0.00,0.13,3,True,6,2,1,2026-09-06T15:30:00Z,52,-3019,777,3796,98383
Benjamin White,DEF,Arsenal,10,3,29,3,90,1,2,0,0,0,1,0,0,0,0,0,0,0,11,15.8,5.1,10.0,3.1,0.00,0.03,0.03,0.39,6,True,6,2,1,2026-09-06T15:30:00Z,55,-38627,3019,41646,568436
Bukayo Saka,MID,Arsenal,12,3,29,3,89,1,2,0,0,0,1,0,0,0,0,0,0,0,13,10.6,27.8,70.0,10.8,0.23,0.23,0.46,0.39,4,True,6,2,1,2026-09-06T15:30:00Z,95,29995,58348,28353,1464816
Declan Rice,MID,Arsenal,13,3,29,3,90,1,5,0,1,0,1,0,0,0,0,0,0,0,22,33.8,19.9,2.0,5.6,0.03,0.08,0.11,0.39,6,True,6,2,1,2026-09-06T15:30:00Z,74,-24807,6576,31383,1333639
Martin Ødegaard,MID,Arsenal,15,3,29,3,76,1,10,1,0,0,1,0,0,0,0,0,0,3,47,45.0,54.2,30.0,12.9,0.72,0.88,1.60,0.27,3,True,6,2,1,2026-09-06T15:30:00Z,68,-12154,46153,58307,2175361
Noni Madueke,MID,Arsenal,16,3,29,3,1,0,1,0,0,0,0,0,0,0,0,0,0,0,3,2.2,0.8,0.0,0.3,0.00,0.01,0.01,0.00,1,True,6,2,1,2026-09-06T15:30:00Z,62,-552,430,982,21863
Mikel Merino Zazón,MID,Arsenal,17,3,29,3,13,0,0,0,0,0,0,0,0,0,1,0,0,0,0,0.0,1.1,0.0,0.1,0.00,0.00,0.00,0.11,0,True,6,2,1,2026-09-06T15:30:00Z,58,-1488,368,1856,43726
Martín Zubimendi Ibáñez,MID,Arsenal,19,3,29,3,23,0,1,0,0,0,0,0,0,0,0,0,0,0,1,1.4,0.8,11.0,1.3,0.08,0.02,0.10,0.13,4,True,6,2,1,2026-09-06T15:30:00Z,53,-2086,274,2360,65589
Viktor Gyökeres,FWD,Arsenal,25,3,29,3,12,0,1,0,0,0,0,0,0,0,0,0,0,0,2,0.0,0.1,0.0,0.0,0.00,0.00,0.00,0.11,1,True,6,2,1,2026-09-06T15:30:00Z,71,-6973,3240,10213,338875
Kai Havertz,FWD,Arsenal,26,3,29,3,77,1,8,1,0,0,1,0,0,0,0,0,0,2,38,43.0,37.0,57.0,13.7,0.27,0.27,0.54,0.27,1,True,6,2,1,2026-09-06T15:30:00Z,76,7760,36944,29184,929174
Emiliano Martínez Romero,GKP,Aston Villa,28,3,25,3,90,1,3,0,0,0,2,0,0,0,0,0,8,0,26,63.2,0.0,0.0,6.3,0.00,0.00,0.00,2.05,0,False,11,0,0,2026-09-05T16:30:00Z,50,-10261,4244,14505,524710
Ezri Konsa Ngoyo,DEF,Arsenal,31,3,29,3,90,1,4,0,0,0,1,0,0,0,0,0,0,0,15,19.4,1.4,4.0,2.5,0.00,0.01,0.01,0.39,10,True,6,2,1,2026-09-06T15:30:00Z,46,33276,60142,26866,2120704
Matty Cash,DEF,Aston Villa,32,3,25,3,84,1,6,0,0,1,0,0,0,0,0,0,0,0,23,6.4,16.3,6.0,2.9,0.00,0.03,0.03,0.22,1,False,11,0,0,2026-09-05T16:30:00Z,44,-15119,1701,16820,535642
Tyrone Mings,DEF,Aston Villa,33,3,25,3,90,1,6,0,0,1,0,0,0,0,0,0,0,0,28,14.8,4.4,13.0,3.2,0.11,0.02,0.13,0.57,5,False,11,0,0,2026-09-05T16:30:00Z,45,207,1031,824,43726
Ian Maatsen,DEF,Aston Villa,36,3,25,3,74,1,7,0,0,1,0,0,0,0,0,0,0,1,29,10.6,19.8,4.0,3.4,0.00,0.42,0.42,0.22,3,False,11,0,0,2026-09-05T16:30:00Z,45,-4169,32,4201,54657
Victor Lindelöf,DEF,Aston Villa,37,3,25,3,90,1,6,0,0,1,0,0,0,0,0,0,0,0,28,22.4,24.9,2.0,4.9,0.00,0.08,0.08,0.57,4,False,11,0,0,2026-09-05T16:30:00Z,45,-127,619,746,32794
Morgan Rogers,MID,Chelsea,40,3,29,3,86,1,6,1,0,0,2,0,0,0,1,0,0,0,22,30.2,13.6,16.0,6.0,0.08,0.03,0.11,2.05,5,False,1,2,1,2026-09-06T15:30:00Z,77,40614,85328,44714,4405380
Emiliano Buendía Stati,MID,Aston Villa,41,3,25,3,74,1,3,0,0,1,0,0,0,0,0,0,0,0,2,0.0,10.8,7.0,1.4,0.61,0.05,0.66,0.22,2,False,11,0,0,2026-09-05T16:30:00Z,59,4892,7306,2414,98383
Youri Tielemans,MID,Man Utd,43,3,30,3,90,1,2,0,0,0,2,0,0,0,0,0,0,0,17,18.6,18.9,9.0,4.7,0.05,0.06,0.11,1.01,7,False,9,2,2,2026-09-06T13:00:00Z,58,-5170,1668,6838,163972
John McGinn,MID,Aston Villa,45,3,25,3,90,1,3,0,0,1,0,0,0,0,0,0,0,0,6,1.4,5.6,4.0,1.1,0.68,0.03,0.71,0.57,5,False,11,0,0,2026-09-05T16:30:00Z,54,-1129,4164,5293,240492
Ross Barkley,MID,Aston Villa,46,3,25,3,90,1,3,0,0,1,0,0,0,0,0,0,0,0,15,13.6,34.1,15.0,6.3,0.22,0.09,0.31,0.57,6,False,11,0,0,2026-09-05T16:30:00Z,50,-800,347,1147,32794
Boubacar Kamara,MID,Aston Villa,47,3,25,3,90,1,3,0,0,1,0,0,0,0,0,0,0,0,20,13.6,26.2,0.0,4.0,0.00,0.07,0.07,0.57,10,False,11,0,0,2026-09-05T16:30:00Z,50,-204,780,984,32794
George Hemmings,MID,Aston Villa,51,3,25,3,74,1,3,0,0,1,0,0,0,0,0,0,0,0,12,10.8,13.5,21.0,4.5,0.07,0.14,0.21,0.22,7,False,11,0,0,2026-09-05T16:30:00Z,45,-4523,2042,6565,131178
Alysson Edward Franco da Rocha dos Santos,MID,Aston Villa,52,3,25,3,15,0,1,0,0,0,0,0,0,0,0,0,0,0,3,0.2,1.8,0.0,0.2,0.00,0.00,0.00,0.35,1,False,11,0,0,2026-09-05T16:30:00Z,50,-458,52,510,10931
Tammy Abraham,FWD,Aston Villa,56,3,25,3,5,0,1,0,0,0,0,0,0,0,0,0,0,0,3,2.0,1.0,0.0,0.3,0.00,0.00,0.00,0.35,1,False,11,0,0,2026-09-05T16:30:00Z,55,-33,1017,1050,21863
Đorđe Petrović,GKP,Bournemouth,57,3,27,3,90,1,1,0,0,0,2,0,0,0,0,0,0,0,0,3.4,0.0,0.0,0.3,0.00,0.00,0.00,0.71,0,False,17,2,2,2026-09-05T11:30:00Z,45,-3077,3502,6579,327944
James Hill,DEF,Bournemouth,60,3,27,3,90,1,1,0,0,0,2,0,0,0,0,0,0,0,4,16.8,31.5,2.0,5.0,0.00,0.02,0.02,0.71,6,False,17,2,2,2026-09-05T11:30:00Z,55,-21,1781,1802,87452
Adrien Truffert,DEF,Bournemouth,61,3,27,3,90,1,0,0,0,0,2,0,0,0,1,0,0,0,-3,10.2,15.7,2.0,2.8,0.01,0.06,0.07,0.71,6,False,17,2,2,2026-09-05T11:30:00Z,55,-4728,2814,7542,327944
Adam Smith,DEF,Bournemouth,64,3,27,3,90,1,0,0,0,0,2,0,0,0,1,0,0,0,3,9.6,25.3,4.0,3.9,0.01,0.04,0.05,0.71,4,False,17,2,2,2026-09-05T11:30:00Z,45,-34,243,277,10931
Rayan Vitor Simplício Rocha,MID,Bournemouth,67,3,27,3,88,1,2,0,0,0,2,0,0,0,0,0,0,0,8,1.6,0.9,10.0,1.3,0.04,0.01,0.05,0.66,2,False,17,2,2,2026-09-05T11:30:00Z,63,-4061,2379,6440,174903
Marcus Tavernier,MID,Bournemouth,68,3,27,3,88,1,10,1,0,0,2,0,0,0,0,0,0,3,43,46.6,13.2,77.0,13.7,1.01,0.05,1.06,0.66,9,False,17,2,2,2026-09-05T11:30:00Z,61,26771,52908,26137,732408
Alex Scott,MID,Bournemouth,69,3,27,3,90,1,10,0,2,0,2,0,0,0,0,0,0,2,37,13.4,22.9,12.0,4.8,0.07,0.02,0.09,0.71,11,False,17,2,2,2026-09-05T11:30:00Z,61,-11763,13600,25363,623093
Justin Kluivert,MID,Bournemouth,70,3,27,3,75,1,1,0,0,0,1,0,0,0,1,0,0,0,6,0.0,2.0,3.0,0.2,0.06,0.01,0.07,0.48,4,False,17,2,2,2026-09-05T11:30:00Z,60,-8452,2240,10692,98383
Lewis Cook,MID,Bournemouth,71,3,27,3,14,0,1,0,0,0,1,0,0,0,0,0,0,0,2,0.0,0.3,0.0,0.0,0.00,0.00,0.00,0.23,1,False,17,2,2,2026-09-05T11:30:00Z,50,-575,162,737,21863
Ben Gannon-Doak,MID,Bournemouth,72,3,27,3,1,0,1,0,0,0,0,0,0,0,0,0,0,0,3,2.0,0.5,5.0,0.8,0.02,0.00,0.02,0.05,2,False,17,2,2,2026-09-05T11:30:00Z,49,-157,85,242,10931
Tyler Adams,MID,Bournemouth,73,3,27,3,75,1,4,0,0,0,1,0,0,0,0,0,0,0,15,12.2,11.5,0.0,2.4,0.00,0.01,0.01,0.48,12,False,17,2,2,2026-09-05T11:30:00Z,50,-404,636,1040,32794
David Brooks,MID,Bournemouth,74,3,27,3,14,0,1,0,0,0,1,0,0,0,0,0,0,0,2,0.0,0.0,0.0,0.0,0.00,0.00,0.00,0.23,0,False,17,2,2,2026-09-05T11:30:00Z,50,-120,98,218,10931
Ryan Christie,MID,Bournemouth,75,3,27,3,1,0,1,0,0,0,0,0,0,0,0,0,0,0,3,0.0,0.0,0.0,0.0,0.00,0.00,0.00,0.00,0,False,17,2,2,2026-09-05T11:30:00Z,50,27,177,150,0
Francisco Evanilson de Lima Barbosa,FWD,Bournemouth,79,3,27,3,90,1,2,0,0,0,2,0,0,0,0,0,0,0,4,3.2,5.1,21.0,2.9,0.13,0.01,0.14,0.71,7,False,17,2,2,2026-09-05T11:30:00Z,60,-2684,10839,13523,349807
Caoimhín Kelleher,GKP,Brentford,82,3,22,3,90,1,2,0,0,0,1,0,0,0,0,0,2,0,10,16.8,0.0,0.0,1.7,0.00,0.00,0.00,1.71,0,True,20,1,1,2026-09-05T14:00:00Z,50,6431,13661,7230,677751
Nathan Collins,DEF,Brentford,84,3,22,3,16,1,1,0,0,0,0,0,0,0,0,0,0,0,4,1.0,0.0,0.0,0.1,0.00,0.00,0.00,0.10,1,True,20,1,1,2026-09-05T14:00:00Z,54,-5830,68,5898,109315
Keane Lewis-Potter,MID,Brentford,86,3,22,3,90,1,2,0,0,0,1,0,0,0,0,0,0,0,4,8.2,45.1,22.0,7.5,0.24,0.40,0.64,1.71,6,True,20,1,1,2026-09-05T14:00:00Z,55,-5831,2582,8413,185835
Kristoffer Ajer,DEF,Brentford,87,3,22,3,90,1,2,0,0,0,1,0,0,0,0,0,0,0,8,11.8,0.3,0.0,1.2,0.00,0.00,0.00,1.71,5,True,20,1,1,2026-09-05T14:00:00Z,45,-5632,7661,13293,426327
Michael Kayode,DEF,Brentford,88,3,22,3,45,1,1,0,0,0,0,0,0,0,0,0,0,0,2,7.6,0.3,2.0,1.0,0.03,0.00,0.03,0.35,5,True,20,1,1,2026-09-05T14:00:00Z,46,-3460,9367,12827,841723
Aaron Hickey,DEF,Brentford,90,3,22,3,45,0,1,0,0,0,1,0,0,0,0,0,0,0,0,7.6,1.0,0.0,0.9,0.00,0.00,0.00,1.36,5,True,20,1,1,2026-09-05T14:00:00Z,45,-44,107,151,10931
Ethan Pinnock,DEF,Brentford,91,3,22,3,90,1,3,0,0,0,1,0,0,0,1,0,0,0,3,18.2,0.0,6.0,2.4,0.11,0.00,0.11,2.12,13,True,20,1,1,2026-09-05T14:00:00Z,45,73,217,144,10931
Jannik Schuster,DEF,Brentford,93,3,22,3,73,0,4,0,0,0,1,0,0,0,0,0,0,0,11,17.2,0.2,4.0,2.1,0.10,0.01,0.11,1.61,10,True,20,1,1,2026-09-05T14:00:00Z,45,10207,11300,1093,21863
Kevin Schade,MID,Brentford,94,3,22,3,90,1,2,0,0,0,1,0,0,0,0,0,0,0,11,4.0,13.3,8.0,2.5,0.00,0.17,0.17,1.71,5,True,20,1,1,2026-09-05T14:00:00Z,61,246141,258068,11927,1104078
Dango Ouattara,MID,Brentford,95,3,22,3,45,1,1,0,0,0,0,0,0,0,0,0,0,0,6,6.8,11.3,0.0,1.8,0.00,0.01,0.01,0.35,11,True,20,1,1,2026-09-05T14:00:00Z,63,-1932,477,2409,54657
Mikkel Damsgaard,MID,Brentford,96,3,22,3,85,1,8,0,1,0,1,0,0,0,0,0,0,3,30,10.0,28.5,6.0,4.5,0.00,0.21,0.21,1.63,4,True,20,1,1,2026-09-05T14:00:00Z,54,-435,929,1364,43726
Vitaly Janelt,MID,Brentford,98,3,22,3,90,1,11,1,0,0,1,0,0,0,1,0,0,3,30,48.0,3.1,17.0,6.8,0.11,0.01,0.12,1.71,12,True,20,1,1,2026-09-05T14:00:00Z,50,1448,13326,11878,273287
Yehor Yarmoliuk,MID,Brentford,102,3,22,3,45,0,0,0,0,0,1,0,0,0,1,0,0,0,1,2.4,3.4,2.0,0.8,0.03,0.02,0.05,1.36,5,True,20,1,1,2026-09-05T14:00:00Z,48,-1217,808,2025,76520
Frank Onyeka,MID,Coventry City,104,3,26,3,62,1,2,0,0,0,1,0,0,0,0,0,0,0,5,0.4,0.4,0.0,0.1,0.00,0.00,0.00,1.17,3,False,15,1,0,2026-09-05T14:00:00Z,49,-182,100,282,10931
Jaidon Anthony,MID,Brentford,105,3,22,3,45,0,1,0,0,0,1,0,0,0,0,0,0,0,3,0.0,2.2,3.0,0.4,0.05,0.01,0.06,1.36,4,True,20,1,1,2026-09-05T14:00:00Z,59,1145,1496,351,10931
Igor Thiago Nascimento Rodrigues,FWD,Brentford,106,3,22,3,90,1,2,0,0,0,1,0,0,0,0,0,0,0,9,16.0,1.4,43.0,6.0,0.50,0.01,0.51,1.71,6,True,20,1,1,2026-09-05T14:00:00Z,78,12575,35279,22704,983832
Callum Wilson,FWD,Brentford,108,3,22,3,4,0,1,0,0,0,0,0,0,0,0,0,0,0,2,1.0,0.0,0.0,0.1,0.00,0.00,0.00,0.08,1,True,20,1,1,2026-09-05T14:00:00Z,54,-955,695,1650,32794
Bart Verbruggen,GKP,Brighton,109,3,23,3,90,1,3,0,0,0,1,0,0,0,0,0,3,0,17,29.2,3.0,0.0,3.2,0.00,0.20,0.20,2.49,0,True,13,1,1,2026-09-05T14:00:00Z,45,-613,42908,43521,2372128
Carl Rushworth,GKP,Coventry City,110,3,26,3,90,1,2,0,0,0,1,0,0,0,0,0,2,0,13,18.8,0.0,0.0,1.9,0.00,0.00,0.00,2.12,0,False,15,1,0,2026-09-05T14:00:00Z,45,-2464,1452,3916,87452
Jan Paul van Hecke,DEF,Spurs,112,3,28,3,90,1,8,0,0,1,0,0,0,0,0,0,0,2,29,16.6,12.8,11.0,4.0,0.09,0.01,0.10,0.92,4,False,18,0,0,2026-09-05T14:00:00Z,49,-6882,9081,15963,721477
Ferdi Kadıoğlu,DEF,Brighton,113,3,23,3,77,1,2,0,0,0,1,0,0,0,0,0,0,0,8,12.6,12.5,19.0,4.4,0.06,0.01,0.07,2.40,5,True,13,1,1,2026-09-05T14:00:00Z,44,-1818,2576,4394,174903
Olivier Boscagli,DEF,Brighton,114,3,23,3,90,1,2,0,0,0,1,0,0,0,0,0,0,0,17,20.6,62.3,0.0,8.3,0.00,0.33,0.33,2.49,4,True,13,1,1,2026-09-05T14:00:00Z,45,840,1288,448,32794
Maxim De Cuyper,DEF,Brighton,115,3,23,3,76,1,4,0,1,0,1,0,0,0,1,0,0,0,17,19.6,22.1,2.0,4.4,0.00,0.14,0.14,2.40,2,True,13,1,1,2026-09-05T14:00:00Z,49,178488,189032,10544,2929632
Lewis Dunk,DEF,Brighton,116,3,23,3,90,1,5,0,0,0,1,0,0,0,0,0,0,1,20,30.8,1.9,4.0,3.7,0.00,0.01,0.01,2.49,12,True,13,1,1,2026-09-05T14:00:00Z,45,1712,6311,4599,163972
João Pedro Loureiro da Costa,DEF,Brighton,119,3,23,3,12,0,1,0,0,0,0,0,0,0,0,0,0,0,7,5.8,14.5,0.0,2.0,0.00,0.16,0.16,0.10,1,True,13,1,1,2026-09-05T14:00:00Z,45,2,89,87,0
Pascal Groß,MID,Brighton,124,3,23,3,90,1,1,0,0,0,1,0,0,0,1,0,0,0,-1,0.0,16.5,19.0,3.2,0.79,0.04,0.83,2.49,4,True,13,1,1,2026-09-05T14:00:00Z,58,563546,569947,6401,2907769
Diego Gómez Amarilla,MID,Brighton,127,3,23,3,90,1,2,0,0,0,1,0,0,0,0,0,0,0,13,15.2,26.4,30.0,7.2,0.09,0.05,0.14,2.49,9,True,13,1,1,2026-09-05T14:00:00Z,50,-19811,7600,27411,437259
Yasin Ayari,MID,Brighton,129,3,23,3,90,1,2,0,0,0,1,0,0,0,0,0,0,0,18,11.4,14.8,18.0,4.4,0.17,0.04,0.21,2.49,3,True,13,1,1,2026-09-05T14:00:00Z,54,71,1383,1312,43726
Danny Welbeck,FWD,Chelsea,136,3,29,3,3,0,1,0,0,0,0,0,0,0,0,0,0,0,3,0.0,0.3,2.0,0.2,0.00,0.00,0.00,0.00,0,False,1,2,1,2026-09-06T15:30:00Z,59,-1297,4778,6075,109315
Charalampos Kostoulas,FWD,Brighton,138,3,23,3,90,1,2,0,0,0,1,0,0,0,0,0,0,0,9,9.6,5.3,24.0,3.9,0.43,0.02,0.45,2.49,8,True,13,1,1,2026-09-05T14:00:00Z,56,207207,214363,7156,338875
Reece James,DEF,Chelsea,142,3,29,3,90,1,1,0,0,0,2,0,0,0,0,0,0,0,9,12.6,15.0,13.0,4.1,0.07,0.05,0.12,2.05,3,False,1,2,1,2026-09-06T15:30:00Z,54,-53173,382,53555,666819
Malo Gusto,DEF,Chelsea,144,3,29,3,30,0,1,0,0,0,0,0,0,0,0,0,0,0,4,3.0,3.4,1.0,0.7,0.04,0.01,0.05,0.14,2,False,1,2,1,2026-09-06T15:30:00Z,50,-3773,1140,4913,109315
Wesley Fofana,DEF,Chelsea,145,3,29,3,90,1,3,0,0,0,2,0,0,0,0,0,0,0,16,39.8,22.8,0.0,6.3,0.00,0.04,0.04,2.05,17,False,1,2,1,2026-09-06T15:30:00Z,50,691,1385,694,21863
Jorrel Hato,DEF,Chelsea,148,3,29,3,59,1,3,0,1,0,2,0,0,0,0,0,0,0,5,34.8,11.2,2.0,4.8,0.00,0.02,0.02,1.91,6,False,1,2,1,2026-09-06T15:30:00Z,45,-4829,485,5314,87452
Josh Acheampong,DEF,Chelsea,151,3,29,3,90,1,1,0,0,0,2,0,0,0,0,0,0,0,-3,2.2,1.8,4.0,0.8,0.00,0.01,0.01,2.05,1,False,1,2,1,2026-09-06T15:30:00Z,45,-982,252,1234,32794
Axel Disasi,DEF,Chelsea,153,3,29,3,90,1,3,0,0,0,2,0,0,0,0,0,0,0,14,31.4,13.3,2.0,4.7,0.00,0.04,0.04,3.14,13,False,1,2,1,2026-09-06T15:30:00Z,45,-483,17,500,10931
Cole Palmer,MID,Chelsea,154,3,29,3,90,1,1,0,0,0,2,0,0,0,1,0,0,0,11,7.0,15.8,32.0,5.5,0.11,0.04,0.15,2.05,3,False,1,2,1,2026-09-06T15:30:00Z,97,-36134,35297,71431,2907769
Enzo Fernández,MID,Chelsea,155,3,29,3,75,1,3,0,0,1,0,0,0,0,0,0,0,0,17,10.2,18.9,18.0,4.7,0.13,0.12,0.25,1.00,3,False,1,2,1,2026-09-06T15:30:00Z,69,9629,17791,8162,393533
Pedro Lomba Neto,MID,Chelsea,156,3,29,3,80,1,2,0,0,0,2,0,0,0,0,0,0,0,10,6.2,23.8,14.0,4.4,0.03,0.03,0.06,2.05,7,False,1,2,1,2026-09-06T15:30:00Z,65,-3867,2614,6481,153040
Estêvão Almeida de Oliveira Gonçalves,MID,Chelsea,157,3,29,3,9,0,1,0,0,0,0,0,0,0,0,0,0,0,5,3.2,0.4,17.0,2.1,0.04,0.00,0.04,0.00,0,False,1,2,1,2026-09-06T15:30:00Z,63,-1864,875,2739,76520
Alejandro Garnacho Ferreyra,MID,Aston Villa,160,3,25,3,15,0,1,0,0,0,0,0,0,0,0,0,0,0,4,1.0,1.6,0.0,0.3,0.00,0.00,0.00,0.35,0,False,11,0,0,2026-09-05T16:30:00Z,58,-1471,297,1768,32794
Roméo Lavia,MID,Chelsea,161,3,29,3,59,1,1,0,0,0,2,0,0,0,0,0,0,0,7,5.8,1.5,0.0,0.7,0.00,0.01,0.01,1.91,6,False,1,2,1,2026-09-06T15:30:00Z,50,-1507,242,1749,21863
Andrey Nascimento dos Santos,MID,Man Utd,162,3,30,3,6,0,1,0,0,0,1,0,0,0,0,0,0,0,4,7.2,0.6,6.0,1.4,0.00,0.01,0.01,0.09,4,False,9,2,2,2026-09-06T13:00:00Z,48,-2558,651,3209,65589
João Pedro Junqueira de Jesus,FWD,Chelsea,165,3,29,3,90,1,1,0,0,0,2,0,0,0,1,0,0,0,8,0.0,28.8,9.0,3.7,0.02,0.05,0.07,2.05,1,False,1,2,1,2026-09-06T15:30:00Z,78,-232939,32268,265207,7258492
Nicolas Jackson,FWD,Chelsea,166,3,29,3,84,1,2,0,0,1,0,0,0,0,0,0,0,0,10,1.2,17.5,20.0,3.9,0.24,0.44,0.68,0.22,2,False,1,2,1,2026-09-06T15:30:00Z,65,17581,22103,4522,153040
Liam Delap,FWD,Chelsea,167,3,29,3,73,1,2,0,0,1,0,0,0,0,0,0,0,0,6,2.4,20.8,5.0,2.8,0.06,0.06,0.12,0.89,5,False,1,2,1,2026-09-06T15:30:00Z,56,1985,21436,19451,306081
Bobby Thomas,DEF,Coventry City,173,3,26,3,90,1,4,0,0,0,1,0,0,0,0,0,0,0,19,20.6,20.8,24.0,6.5,0.22,0.17,0.39,2.12,12,False,15,1,0,2026-09-05T14:00:00Z,40,-2570,14551,17121,940106
Milan van Ewijk,DEF,Coventry City,175,3,26,3,90,1,3,0,0,0,1,0,0,0,1,0,0,0,5,16.8,5.2,2.0,2.4,0.00,0.06,0.06,2.12,11,False,15,1,0,2026-09-05T14:00:00Z,40,-48065,920,48985,983832
Jay Dasilva,DEF,Coventry City,176,3,26,3,84,1,2,0,0,0,1,0,0,0,0,0,0,0,10,21.8,14.9,0.0,3.7,0.00,0.08,0.08,2.12,7,False,15,1,0,2026-09-05T14:00:00Z,40,2540,3379,839,76520
Aurèle Amenda,DEF,Coventry City,182,3,26,3,90,1,2,0,0,0,1,0,0,0,0,0,0,0,4,4.4,1.3,6.0,1.2,0.00,0.34,0.34,2.12,3,False,15,1,0,2026-09-05T14:00:00Z,40,-4080,17,4097,65589
Jack Rudoni,MID,Coventry City,183,3,26,3,62,1,2,0,0,0,1,0,0,0,0,0,0,0,9,14.4,28.5,33.0,7.6,0.29,0.09,0.38,1.17,5,False,15,1,0,2026-09-05T14:00:00Z,49,105,506,401,10931
Matt Grimes,MID,Coventry City,184,3,26,3,90,1,2,0,0,0,1,0,0,0,0,0,0,0,8,18.6,2.3,1.0,2.2,0.04,0.00,0.04,2.12,8,False,15,1,0,2026-09-05T14:00:00Z,49,-471,122,593,10931
Ephron Mason-Clark,MID,Coventry City,186,3,26,3,70,1,2,0,0,0,1,0,0,0,0,0,0,0,4,0.0,0.8,2.0,0.1,0.00,0.00,0.00,1.17,5,False,15,1,0,2026-09-05T14:00:00Z,54,-202,37,239,10931
Loum Tchaouna,MID,Coventry City,190,3,26,3,27,0,1,0,0,0,0,0,0,0,0,0,0,0,9,8.2,24.8,21.0,5.4,0.10,0.03,0.13,0.95,1,False,15,1,0,2026-09-05T14:00:00Z,54,-197,6,203,10931
Brandon Thomas-Asante,FWD,Coventry City,194,3,26,3,19,0,1,0,0,0,0,0,0,0,0,0,0,0,6,2.2,0.3,2.0,0.5,0.00,0.00,0.00,0.95,3,False,15,1,0,2026-09-05T14:00:00Z,50,839,4412,3573,87452
Ellis Simms,FWD,Coventry City,195,3,26,3,19,0,1,0,0,0,0,0,0,0,0,0,0,0,3,5.0,10.0,35.0,5.0,0.30,0.00,0.30,0.95,0,False,15,1,0,2026-09-05T14:00:00Z,50,-2886,628,3514,65589
Dean Henderson,GKP,Crystal Palace,198,3,24,3,90,1,2,0,0,0,2,0,0,0,0,0,5,0,19,38.4,0.0,0.0,3.8,0.00,0.00,0.00,3.14,0,False,10,2,3,2026-09-05T14:00:00Z,50,-6924,82,7006,142109
Maxence Lacroix,DEF,Chelsea,200,3,29,3,90,1,2,0,0,0,2,0,0,0,1,0,0,0,3,26.0,1.3,2.0,2.9,0.00,0.01,0.01,2.05,11,False,1,2,1,2026-09-06T15:30:00Z,59,-14815,4211,19026,743340
Daniel Muñoz Mejía,DEF,Crystal Palace,201,3,24,3,31,0,1,0,0,0,0,0,0,0,0,0,0,0,5,2.4,0.8,4.0,0.7,0.03,0.00,0.03,0.26,1,False,10,2,3,2026-09-05T14:00:00Z,54,-13552,5414,18966,634025
Chris Richards,DEF,Crystal Palace,202,3,24,3,90,1,1,0,0,0,2,0,0,0,0,0,0,0,8,28.8,0.5,7.0,3.6,0.04,0.00,0.04,3.14,9,False,10,2,3,2026-09-05T14:00:00Z,50,-499,898,1397,65589
Jaydee Canvot,DEF,Crystal Palace,203,3,24,3,90,1,1,0,0,0,2,0,0,0,0,0,0,0,4,13.0,1.9,0.0,1.5,0.00,0.00,0.00,3.14,9,False,10,2,3,2026-09-05T14:00:00Z,48,-397,195,592,21863
Tyrick Mitchell,DEF,Crystal Palace,204,3,24,3,73,1,15,2,0,0,2,0,0,0,0,0,0,2,31,78.0,10.7,47.0,13.6,0.66,0.01,0.67,2.57,6,False,10,2,3,2026-09-05T14:00:00Z,45,-2507,7554,10061,655888
Oscar Mingueza,DEF,Crystal Palace,207,3,24,3,1,0,1,0,0,0,0,0,0,0,0,0,0,0,4,1.0,0.3,0.0,0.1,0.00,0.00,0.00,0.13,1,False,10,2,3,2026-09-05T14:00:00Z,44,-126,53,179,10931
Brennan Johnson,MID,Everton,209,3,30,3,65,1,1,0,0,0,1,0,0,0,1,0,0,0,3,6.6,22.9,9.0,3.9,0.05,0.04,0.09,0.37,8,True,16,2,2,2026-09-06T13:00:00Z,59,-231,219,450,10931
Adam Wharton,MID,Crystal Palace,210,3,24,3,90,1,2,0,0,0,2,0,0,0,0,0,0,0,10,14.8,2.8,2.0,2.0,0.00,0.01,0.01,3.14,8,False,10,2,3,2026-09-05T14:00:00Z,55,-2262,688,2950,76520
Yéremy Pino Santos,MID,Crystal Palace,211,3,24,3,88,1,5,0,1,0,2,0,0,0,0,0,0,0,25,8.0,42.6,6.0,5.7,0.25,0.30,0.55,3.01,5,False,10,2,3,2026-09-05T14:00:00Z,55,-1391,431,1822,43726
Will Hughes,MID,Crystal Palace,212,3,24,3,16,0,1,0,0,0,0,0,0,0,0,0,0,0,3,2.4,0.3,0.0,0.3,0.00,0.00,0.00,0.57,3,False,10,2,3,2026-09-05T14:00:00Z,44,-23115,5769,28884,819860
Daichi Kamada,MID,Crystal Palace,214,3,24,3,88,1,5,0,1,0,2,0,0,0,0,0,0,0,21,19.6,23.2,6.0,4.9,0.00,0.01,0.01,3.01,4,False,10,2,3,2026-09-05T14:00:00Z,50,56,1913,1857,54657
Jørgen Strand Larsen,FWD,Crystal Palace,222,3,24,3,45,0,1,0,0,0,0,0,0,0,0,0,0,0,4,2.4,0.8,0.0,0.3,0.00,0.00,0.00,1.54,4,False,10,2,3,2026-09-05T14:00:00Z,60,530,2888,2358,65589
Eddie Nketiah,FWD,Crystal Palace,224,3,24,3,45,1,4,0,1,0,2,0,0,0,0,0,0,0,16,21.2,10.7,19.0,5.1,0.14,0.00,0.14,1.60,2,False,10,2,3,2026-09-05T14:00:00Z,55,-1404,728,2132,54657
Jordan Pickford,GKP,Everton,226,3,30,3,90,1,1,0,0,0,2,0,0,0,0,0,1,0,6,9.2,0.0,0.0,0.9,0.00,0.00,0.00,0.69,0,True,16,2,2,2026-09-06T13:00:00Z,55,9940,18201,8261,994763
James Tarkowski,DEF,Everton,229,3,30,3,90,1,3,0,0,0,2,0,0,0,0,0,0,0,11,24.4,1.0,6.0,3.1,0.02,0.01,0.03,0.69,12,True,16,2,2,2026-09-06T13:00:00Z,61,123957,133269,9312,1683445
Jarrad Branthwaite,DEF,Everton,230,3,30,3,90,1,3,0,0,0,2,0,0,0,0,0,0,0,10,41.6,0.6,34.0,7.6,0.08,0.00,0.08,0.69,11,True,16,2,2,2026-09-06T13:00:00Z,55,8140,11746,3606,262355
Vitalii Mykolenko,DEF,Everton,233,3,30,3,90,1,1,0,0,0,2,0,0,0,0,0,0,0,8,12.8,2.5,0.0,1.5,0.00,0.01,0.01,0.69,6,True,16,2,2,2026-09-06T13:00:00Z,46,23821,33191,9370,459121
Kiernan Dewsbury-Hall,MID,Everton,236,3,30,3,90,1,2,0,0,0,2,0,0,0,0,0,0,0,20,24.0,30.0,33.0,8.7,0.27,0.07,0.34,0.69,11,True,16,2,2,2026-09-06T13:00:00Z,66,-1635,28050,29685,666819
Iliman Ndiaye,MID,Everton,237,3,30,3,86,1,3,0,0,1,0,0,0,0,0,0,0,0,12,7.0,17.9,10.0,3.5,0.02,0.04,0.06,1.35,5,True,16,2,2,2026-09-06T13:00:00Z,58,-44222,4482,48704,754271
Jack Grealish,MID,Man City,238,3,26,3,24,0,1,0,0,0,1,0,0,0,0,0,0,0,8,6.0,12.3,10.0,2.8,0.02,0.13,0.15,0.31,1,True,7,1,0,2026-09-05T14:00:00Z,65,124,1974,1850,43726
James Garner,MID,Everton,239,3,30,3,76,1,2,0,0,0,1,0,0,0,0,0,0,0,19,9.6,31.1,0.0,4.1,0.00,0.08,0.08,0.40,8,True,16,2,2,2026-09-06T13:00:00Z,60,-345,946,1291,21863
Tyrique George,MID,Everton,242,3,30,3,90,1,10,1,0,0,2,0,0,0,0,0,0,3,35,44.2,34.4,25.0,10.4,0.04,0.07,0.11,0.69,4,True,16,2,2,2026-09-06T13:00:00Z,55,-6489,1501,7990,98383
Harrison Armstrong,MID,Everton,244,3,30,3,90,1,1,0,0,0,2,0,0,0,1,0,0,0,5,5.2,6.7,9.0,2.1,0.09,0.03,0.12,0.69,5,True,16,2,2,2026-09-06T13:00:00Z,50,-1918,502,2420,43726
Merlin Röhl,MID,Everton,246,3,30,3,74,1,1,0,0,0,1,0,0,0,1,0,0,0,10,4.4,16.8,0.0,2.1,0.00,0.13,0.13,0.40,6,True,16,2,2,2026-09-06T13:00:00Z,49,-409,6,415,0
Hayden Hackney,MID,Everton,247,3,30,3,15,0,4,0,1,0,1,0,0,0,0,0,0,0,14,20.6,25.5,10.0,5.6,0.04,0.09,0.13,0.29,1,True,16,2,2,2026-09-06T13:00:00Z,54,-612,129,741,21863
Thierno Barry,FWD,Everton,249,3,30,3,90,1,2,0,0,0,2,0,0,0,0,0,0,0,7,0.2,15.0,24.0,3.9,0.38,0.02,0.40,0.69,4,True,16,2,2,2026-09-06T13:00:00Z,56,23308,46315,23007,885449
Bernd Leno,GKP,Fulham,250,3,24,3,90,1,1,0,0,0,3,0,0,0,0,0,2,0,8,18.8,0.0,0.0,1.9,0.00,0.00,0.00,1.97,0,True,8,2,3,2026-09-05T14:00:00Z,45,16751,21656,4905,360738
Joachim Andersen,DEF,Fulham,253,3,24,3,90,1,1,0,0,0,3,0,0,0,0,0,0,0,8,24.4,22.9,6.0,5.3,0.00,0.06,0.06,1.97,7,True,8,2,3,2026-09-05T14:00:00Z,50,1096,1729,633,10931
Antonee Robinson,DEF,Fulham,254,3,24,3,78,1,1,0,0,0,3,0,0,0,0,0,0,0,7,14.6,24.8,9.0,4.8,0.08,0.10,0.18,1.97,5,True,8,2,3,2026-09-05T14:00:00Z,45,6059,9334,3275,153040
Calvin Bassey,DEF,Fulham,257,3,24,3,90,1,1,0,0,0,3,0,0,0,0,0,0,0,2,13.8,6.4,0.0,2.0,0.00,0.04,0.04,1.97,2,True,8,2,3,2026-09-05T14:00:00Z,45,1677,2552,875,76520
Timothy Castagne,DEF,Fulham,258,3,24,3,90,1,1,0,0,0,3,0,0,0,0,0,0,0,-1,20.6,24.1,30.0,7.5,0.58,0.19,0.77,1.97,7,True,8,2,3,2026-09-05T14:00:00Z,45,7425,9979,2554,98383
Issa Diop,DEF,Ipswich Town,259,3,21,3,90,1,3,0,0,0,2,0,0,0,0,0,0,0,10,27.2,10.8,0.0,3.8,0.00,0.01,0.01,0.69,11,True,14,0,2,2026-09-04T19:00:00Z,40,-30042,4390,34432,1410159
Harry Wilson,MID,Leeds,260,3,23,3,17,0,0,0,0,0,0,0,0,0,1,0,0,0,0,1.4,20.3,2.0,2.4,0.00,0.00,0.00,1.32,1,False,5,1,1,2026-09-05T14:00:00Z,62,-28314,39,28353,196766
Alex Iwobi,MID,Fulham,261,3,24,3,82,1,2,0,0,0,3,0,0,0,0,0,0,0,15,7.6,23.7,11.0,4.2,0.04,0.26,0.30,1.97,4,True,8,2,3,2026-09-05T14:00:00Z,54,-446,1582,2028,65589
Emile Smith Rowe,MID,Fulham,262,3,24,3,11,0,1,0,0,0,0,0,0,0,0,0,0,0,3,0.2,0.5,2.0,0.3,0.00,0.00,0.00,0.00,0,True,8,2,3,2026-09-05T14:00:00Z,54,-669,160,829,21863
Oscar Bobb,MID,Fulham,264,3,24,3,78,1,2,0,0,0,3,0,0,0,0,0,0,0,17,11.2,58.8,53.0,12.3,0.32,0.65,0.97,1.97,4,True,8,2,3,2026-09-05T14:00:00Z,55,138,1198,1060,32794
Sander Berge,MID,Fulham,265,3,24,3,29,0,1,0,0,0,1,0,0,0,0,0,0,0,9,3.2,2.9,0.0,0.6,0.00,0.10,0.10,0.84,2,True,8,2,3,2026-09-05T14:00:00Z,49,-468,354,822,32794
Saša Lukić,MID,Ipswich Town,267,3,21,3,90,1,2,0,0,0,2,0,0,0,0,0,0,0,13,10.4,14.2,0.0,2.5,0.00,0.02,0.02,0.69,4,True,14,0,2,2026-09-04T19:00:00Z,49,-213,118,331,10931
Josh King,MID,Fulham,268,3,24,3,90,1,10,1,0,0,3,0,0,0,0,0,0,3,38,44.6,26.0,34.0,10.5,0.31,0.27,0.58,1.97,7,True,8,2,3,2026-09-05T14:00:00Z,55,40191,49883,9692,251424
Ryan Sessegnon,DEF,Fulham,269,3,24,3,11,0,1,0,0,0,0,0,0,0,0,0,0,0,3,2.0,14.8,4.0,2.1,0.08,0.32,0.40,0.00,1,True,8,2,3,2026-09-05T14:00:00Z,43,-842,93,935,32794
Rodrigo Muniz Carvalho,FWD,Fulham,271,3,24,3,7,0,1,0,0,0,0,0,0,0,0,0,0,0,5,3.2,10.1,27.0,4.0,0.38,0.00,0.38,0.00,0,True,8,2,3,2026-09-05T14:00:00Z,54,-614,1032,1646,43726
John Egan,DEF,Hull City,277,3,25,3,90,1,6,0,0,1,0,0,0,0,0,0,0,0,18,15.4,0.1,0.0,1.6,0.00,0.00,0.00,1.93,7,True,2,0,0,2026-09-05T16:30:00Z,41,61,17634,17573,776134
Semi Ajayi,DEF,Hull City,279,3,25,3,90,1,5,0,0,1,0,0,0,0,1,0,0,0,17,11.0,0.7,0.0,1.2,0.00,0.00,0.00,1.93,6,True,2,0,0,2026-09-05T16:30:00Z,42,-4488,31869,36357,1541336
Lewie Coyle,DEF,Hull City,280,3,25,3,63,1,6,0,0,1,0,0,0,0,0,0,0,0,19,1.4,4.6,0.0,0.6,0.00,0.01,0.01,1.81,0,True,2,0,0,2026-09-05T16:30:00Z,40,241,1426,1185,76520
Ryan Giles,DEF,Hull City,282,3,25,3,90,1,8,0,0,1,0,0,0,0,0,0,0,2,30,14.8,26.4,0.0,4.1,0.00,0.04,0.04,1.93,4,True,2,0,0,2026-09-05T16:30:00Z,40,7428,15697,8269,317012
Mohamed Belloumi,MID,Hull City,286,3,25,3,81,1,5,0,0,1,0,0,0,0,0,0,0,0,15,22.8,12.4,10.0,4.5,0.03,0.01,0.04,1.93,12,True,2,0,0,2026-09-05T16:30:00Z,51,31323,46415,15092,513779
Regan Slater,MID,Hull City,290,3,25,3,90,1,3,0,0,1,0,0,0,0,0,0,0,0,10,10.6,12.3,8.0,3.1,0.04,0.01,0.05,1.93,6,True,2,0,0,2026-09-05T16:30:00Z,45,-14761,10064,24825,579368
Oli McBurnie,FWD,Hull City,295,3,25,3,90,1,2,0,0,1,0,0,0,0,0,0,0,0,2,2.6,11.3,15.0,2.9,0.38,0.05,0.43,1.93,3,True,2,0,0,2026-09-05T16:30:00Z,55,-7429,4924,12353,207698
Dara O'Shea,DEF,Ipswich Town,304,3,21,3,90,1,3,0,0,0,2,0,0,0,0,0,0,0,5,23.8,4.4,4.0,3.2,0.00,0.01,0.01,0.69,11,True,14,0,2,2026-09-04T19:00:00Z,40,-6950,1155,8105,295150
Leif Davis,DEF,Ipswich Town,305,3,21,3,90,1,1,0,0,0,2,0,0,0,0,0,0,0,4,17.4,21.5,19.0,5.8,0.11,0.12,0.23,0.69,6,True,14,0,2,2026-09-04T19:00:00Z,40,17026,31302,14276,754271
Jacob Greaves,DEF,Ipswich Town,306,3,21,3,90,1,1,0,0,0,2,0,0,0,0,0,0,0,6,15.0,12.3,4.0,3.1,0.00,0.04,0.04,0.69,7,True,14,0,2,2026-09-04T19:00:00Z,40,-1777,284,2061,120246
Jack Clarke,MID,Ipswich Town,313,3,21,3,24,0,1,0,0,0,0,0,0,0,0,0,0,0,3,3.4,11.7,4.0,1.9,0.05,0.02,0.07,0.06,2,True,14,0,2,2026-09-04T19:00:00Z,54,-540,82,622,21863
Abdul Fatawu,MID,Ipswich Town,315,3,21,3,78,1,2,0,0,0,2,0,0,0,0,0,0,0,14,10.2,32.9,4.0,4.7,0.03,0.15,0.18,0.69,6,True,14,0,2,2026-09-04T19:00:00Z,54,-1565,44,1609,21863
Emersonn Correia da Silva,FWD,Ipswich Town,316,3,21,3,65,1,2,0,0,0,2,0,0,0,0,0,0,0,8,3.2,0.0,8.0,1.1,0.22,0.00,0.22,0.62,3,True,14,0,2,2026-09-04T19:00:00Z,55,7960,22926,14966,371670
Kasey McAteer,MID,Ipswich Town,323,3,21,3,11,0,1,0,0,0,0,0,0,0,0,0,0,0,5,3.2,0.5,7.0,1.1,0.05,0.00,0.05,0.00,1,True,14,0,2,2026-09-04T19:00:00Z,45,-3925,334,4259,109315
Jaka Bijol,DEF,Leeds,327,3,23,3,29,0,1,0,0,0,1,0,0,0,0,0,0,0,1,6.2,0.0,0.0,0.6,0.00,0.00,0.00,1.95,4,False,5,1,1,2026-09-05T14:00:00Z,50,-3049,499,3548,76520
Pascal Struijk,DEF,Brighton,328,3,23,3,1,0,1,0,0,0,0,0,0,0,0,0,0,0,3,0.2,0.1,0.0,0.0,0.00,0.00,0.00,0.00,0,True,13,1,1,2026-09-05T14:00:00Z,49,222,525,303,21863
Jayden Bogle,DEF,Leeds,330,3,23,3,60,1,14,1,0,1,0,0,0,0,1,0,0,3,30,35.4,1.7,33.0,7.0,0.90,0.02,0.92,0.24,2,False,5,1,1,2026-09-05T14:00:00Z,46,62846,76041,13195,721477
Gabriel Gudmundsson,DEF,Leeds,331,3,23,3,90,1,2,0,0,0,1,0,0,0,0,0,0,0,9,12.6,1.2,2.0,1.6,0.00,0.00,0.00,2.19,5,False,5,1,1,2026-09-05T14:00:00Z,45,118,275,157,10931
James Justin,DEF,Leeds,332,3,23,3,90,1,4,0,0,0,1,0,0,0,0,0,0,0,9,16.8,1.5,21.0,3.9,0.14,0.00,0.14,2.19,10,False,5,1,1,2026-09-05T14:00:00Z,45,-1264,2314,3578,163972
Tarik Muharemović,DEF,Leeds,334,3,23,3,90,1,4,0,0,0,1,0,0,0,0,0,0,0,10,29.2,0.8,2.0,3.2,0.00,0.01,0.01,2.19,13,False,5,1,1,2026-09-05T14:00:00Z,50,2795,14576,11781,470053
Anton Stach,MID,Leeds,335,3,23,3,90,1,2,0,0,0,1,0,0,0,0,0,0,0,7,15.4,16.5,19.0,5.1,0.32,0.10,0.42,2.19,6,False,5,1,1,2026-09-05T14:00:00Z,60,-10390,2974,13364,273287
Noah Okafor,MID,Leeds,336,3,23,3,61,1,3,0,0,1,0,0,0,0,0,0,0,0,9,1.4,0.6,2.0,0.4,0.00,0.01,0.01,0.24,0,False,5,1,1,2026-09-05T14:00:00Z,58,-1074,1071,2145,43726
Brenden Aaronson,MID,Leeds,337,3,23,3,28,0,1,0,0,0,1,0,0,0,0,0,0,0,5,0.0,1.0,0.0,0.1,0.00,0.00,0.00,1.95,0,False,5,1,1,2026-09-05T14:00:00Z,53,-2130,120,2250,54657
Ethan Ampadu,MID,Leeds,338,3,23,3,90,1,2,0,0,0,1,0,0,0,0,0,0,0,13,23.6,1.3,0.0,2.5,0.00,0.01,0.01,2.19,11,False,5,1,1,2026-09-05T14:00:00Z,54,-2327,830,3157,98383
Tanaka Ao,MID,Leeds,345,3,23,3,72,1,5,0,1,0,1,0,0,0,0,0,0,0,18,20.8,12.2,13.0,4.6,0.53,0.01,0.54,0.87,8,False,5,1,1,2026-09-05T14:00:00Z,49,-110,1254,1364,32794
Dominic Calvert-Lewin,FWD,Leeds,346,3,23,3,72,1,1,0,0,0,1,0,0,0,1,0,0,0,0,4.4,11.3,21.0,3.7,0.56,0.06,0.62,0.87,3,False,5,1,1,2026-09-05T14:00:00Z,60,-45629,62208,107837,2754729
Lukas Nmecha,FWD,Leeds,347,3,23,3,17,0,1,0,0,0,0,0,0,0,0,0,0,0,2,0.0,1.8,9.0,0.9,0.17,0.14,0.31,1.32,0,False,5,1,1,2026-09-05T14:00:00Z,54,-1218,1152,2370,54657
Alisson Becker,GKP,Liverpool,350,3,21,3,90,1,8,0,0,1,0,0,0,0,0,0,5,1,35,30.4,0.0,0.0,3.0,0.00,0.00,0.00,0.75,0,False,12,0,2,2026-09-04T19:00:00Z,55,-406,6124,6530,426327
Virgil van Dijk,DEF,Liverpool,356,3,21,3,90,1,6,0,0,1,0,0,0,0,0,0,0,0,32,23.2,1.8,0.0,2.5,0.00,0.02,0.02,0.75,7,False,12,0,2,2026-09-04T19:00:00Z,65,-14060,11646,25706,1781829
Milos Kerkez,DEF,Liverpool,358,3,21,3,90,1,5,0,0,1,0,0,0,0,1,0,0,0,23,13.8,11.3,0.0,2.5,0.00,0.03,0.03,0.75,5,False,12,0,2,2026-09-04T19:00:00Z,54,-4988,1466,6454,251424
Jeremy Jacquet,DEF,Liverpool,362,3,21,3,90,1,5,0,0,1,0,0,0,0,1,0,0,0,28,22.8,12.5,2.0,3.7,0.00,0.03,0.03,0.75,9,False,12,0,2,2026-09-04T19:00:00Z,50,10155,17671,7516,371670
Florian Wirtz,MID,Liverpool,366,3,21,3,90,1,3,0,0,1,0,0,0,0,0,0,0,0,14,6.6,34.0,22.0,6.3,0.18,0.05,0.23,0.65,4,False,12,0,2,2026-09-04T19:00:00Z,73,-27499,1421,28920,644956
Cody Gakpo,MID,Liverpool,367,3,21,3,90,1,11,0,2,1,0,0,0,0,0,0,0,2,43,49.6,42.7,13.0,10.5,0.06,0.40,0.46,0.75,10,False,12,0,2,2026-09-04T19:00:00Z,72,-20426,31694,52120,1377364
Dominik Szoboszlai,MID,Liverpool,368,3,21,3,90,1,3,0,0,1,0,0,0,0,0,0,0,0,20,19.4,29.9,21.0,7.0,0.16,0.08,0.24,0.75,9,False,12,0,2,2026-09-04T19:00:00Z,70,-119839,20920,140759,3651109
Ryan Gravenberch,MID,Liverpool,371,3,21,3,26,0,1,0,0,0,0,0,0,0,0,0,0,0,2,2.2,1.7,0.0,0.4,0.00,0.00,0.00,0.17,2,False,12,0,2,2026-09-04T19:00:00Z,58,-4894,725,5619,120246
Alexis Mac Allister,MID,Liverpool,372,3,21,3,83,1,2,0,0,1,0,0,0,0,1,0,0,0,14,16.6,12.8,18.0,4.7,0.08,0.02,0.10,0.60,11,False,12,0,2,2026-09-04T19:00:00Z,54,-1910,2272,4182,142109
Trey Nyoni,MID,Liverpool,375,3,21,3,6,0,1,0,0,0,0,0,0,0,0,0,0,0,3,0.2,0.1,0.0,0.0,0.00,0.00,0.00,0.15,0,False,12,0,2,2026-09-04T19:00:00Z,49,-155,45,200,0
Victor Munoz,MID,Liverpool,377,3,21,3,63,1,3,0,0,1,0,0,0,0,0,0,0,0,9,0.8,4.3,6.0,1.1,0.00,0.02,0.02,0.58,4,False,12,0,2,2026-09-04T19:00:00Z,65,-7021,847,7868,98383
Alexander Isak,FWD,Liverpool,379,3,21,3,63,1,13,2,0,1,0,0,0,0,0,0,0,3,61,67.0,6.4,34.0,10.7,0.21,0.05,0.26,0.58,3,False,12,0,2,2026-09-04T19:00:00Z,91,21060,65216,44156,2426785
Lewis Koumas,MID,Liverpool,381,3,21,3,1,0,1,0,0,0,0,0,0,0,0,0,0,0,3,0.0,0.0,0.0,0.0,0.00,0.00,0.00,0.10,0,False,12,0,2,2026-09-04T19:00:00Z,50,-17,80,97,0
Gianluigi Donnarumma,GKP,Man City,384,3,26,3,90,1,7,0,0,1,0,0,0,0,0,0,3,0,29,26.8,0.0,0.0,2.7,0.00,0.00,0.00,1.37,0,True,7,1,0,2026-09-05T14:00:00Z,55,-11087,7098,18185,841723
James Trafford,GKP,Leeds,385,3,23,3,90,1,3,0,0,0,1,0,0,0,0,0,4,0,18,34.8,0.0,0.0,3.5,0.00,0.00,0.00,2.19,0,False,5,1,1,2026-09-05T14:00:00Z,50,1672,10122,8450,590299
Marc Guéhi,DEF,Man City,388,3,26,3,90,1,8,0,0,1,0,0,0,0,0,0,0,2,31,28.8,9.6,2.0,4.0,0.00,0.02,0.02,1.37,9,True,7,1,0,2026-09-05T14:00:00Z,60,-14070,15472,29542,2011389
Rúben dos Santos Gato Alves Dias,DEF,Man City,390,3,26,3,90,1,6,0,0,1,0,0,0,0,0,0,0,0,25,20.6,6.6,0.0,2.7,0.00,0.03,0.03,1.37,3,True,7,1,0,2026-09-05T14:00:00Z,55,-2375,2901,5276,207698
Joško Gvardiol,DEF,Man City,391,3,26,3,90,1,8,0,0,1,0,0,0,0,0,0,0,2,31,18.8,6.9,7.0,3.3,0.01,0.02,0.03,1.37,8,True,7,1,0,2026-09-05T14:00:00Z,57,65499,94263,28764,2885906
Abdukodir Khusanov,DEF,Man City,393,3,26,3,90,1,5,0,0,1,0,0,0,0,1,0,0,0,22,13.6,3.9,0.0,1.8,0.00,0.02,0.02,1.37,6,True,7,1,0,2026-09-05T14:00:00Z,54,-4916,870,5786,153040
Antoine Semenyo,MID,Man City,397,3,26,3,90,1,6,0,1,1,0,0,0,0,0,0,0,0,26,22.6,45.9,11.0,8.0,0.05,0.34,0.39,1.37,4,True,7,1,0,2026-09-05T14:00:00Z,84,43497,73771,30274,1661583
Phil Foden,MID,Man City,398,3,26,3,24,0,1,0,0,0,0,0,0,0,0,0,0,0,3,4.4,14.8,7.0,2.6,0.62,0.01,0.63,0.50,1,True,7,1,0,2026-09-05T14:00:00Z,69,-19321,103,19424,207698
Rayan Cherki,MID,Man City,399,3,26,3,65,1,3,0,0,1,0,0,0,0,0,0,0,0,23,7.4,52.2,24.0,8.4,0.21,0.30,0.51,0.86,3,True,7,1,0,2026-09-05T14:00:00Z,78,4179,64201,60022,3071741
Omar Marmoush,FWD,Man City,401,3,26,3,83,1,2,0,0,1,0,0,0,0,0,0,0,0,6,0.0,2.4,10.0,1.0,0.17,0.01,0.18,0.88,0,True,7,1,0,2026-09-05T14:00:00Z,70,-8497,5946,14443,229561
Sávio Moreira de Oliveira,MID,Spurs,403,3,28,3,60,1,3,0,0,1,0,0,0,0,0,0,0,0,15,6.2,17.3,15.0,3.9,0.02,0.27,0.29,0.49,0,False,18,0,0,2026-09-05T14:00:00Z,65,-2972,1632,4604,76520
Nico González Iglesias,MID,Man City,405,3,26,3,76,1,2,0,0,0,2,0,0,0,0,0,0,0,11,6.2,12.4,2.0,2.1,0.00,0.01,0.01,1.33,7,True,7,1,0,2026-09-05T14:00:00Z,55,-1202,256,1458,21863
Erling Haaland,FWD,Man City,411,3,26,3,90,1,9,1,0,1,0,0,0,0,0,0,0,3,40,48.8,13.6,63.0,12.5,1.06,0.48,1.54,1.37,7,True,7,1,0,2026-09-05T14:00:00Z,156,34935,46449,11514,8045558
Senne Lammens,GKP,Man Utd,412,3,30,3,90,1,2,0,0,0,2,0,0,0,0,0,4,0,13,31.8,0.0,0.0,3.2,0.00,0.00,0.00,1.01,0,False,9,2,2,2026-09-06T13:00:00Z,49,-27287,3936,31223,1104078
Patrick Dorgu,MID,Man Utd,415,3,30,3,20,0,1,0,0,0,2,0,0,0,0,0,0,0,3,4.2,1.3,2.0,0.8,0.00,0.01,0.01,0.36,3,False,9,2,2,2026-09-06T13:00:00Z,58,-1955,567,2522,54657
Diogo Dalot Teixeira,DEF,Man Utd,417,3,30,3,83,1,1,0,0,0,1,0,0,0,1,0,0,0,8,4.8,22.7,6.0,3.4,0.01,0.01,0.02,0.92,4,False,9,2,2,2026-09-06T13:00:00Z,49,-3902,719,4621,174903
Harry Maguire,DEF,Man Utd,418,3,30,3,90,1,2,0,0,0,2,0,0,0,1,0,0,0,1,26.8,1.3,2.0,3.0,0.00,0.01,0.01,1.01,12,False,9,2,2,2026-09-06T13:00:00Z,49,-45925,2434,48359,972900
Lisandro Martínez,DEF,Man Utd,419,3,30,3,90,1,3,0,0,0,2,0,0,0,0,0,0,0,7,29.0,0.3,0.0,2.9,0.00,0.00,0.00,1.01,10,False,9,2,2,2026-09-06T13:00:00Z,50,-1426,2245,3671,142109
Leny Yoro,DEF,Man Utd,420,3,30,3,6,0,1,0,0,0,1,0,0,0,0,0,0,0,1,6.0,0.6,2.0,0.9,0.00,0.01,0.01,0.09,3,False,9,2,2,2026-09-06T13:00:00Z,48,-997,307,1304,54657
Noussair Mazraoui,DEF,Man Utd,422,3,30,3,1,0,1,0,0,0,1,0,0,0,0,0,0,0,-1,2.2,0.5,2.0,0.5,0.00,0.01,0.01,0.07,1,False,9,2,2,2026-09-06T13:00:00Z,44,-1427,399,1826,54657
Luke Shaw,DEF,Man Utd,423,3,30,3,90,1,4,0,1,0,1,0,0,0,1,0,0,0,22,42.4,24.8,3.0,7.0,0.02,0.23,0.25,0.94,8,False,9,2,2,2026-09-06T13:00:00Z,43,-57186,1602,58788,863586
Bruno Borges Fernandes,MID,Man Utd,426,3,30,3,90,1,2,0,0,0,2,0,0,0,0,0,0,0,11,3.4,33.6,14.0,5.1,0.15,0.06,0.21,1.01,2,False,9,2,2,2026-09-06T13:00:00Z,120,-108834,20271,129105,4263271
Bryan Mbeumo,MID,Man Utd,427,3,30,3,90,1,8,1,0,0,2,0,0,0,0,0,0,1,29,39.8,13.7,18.0,7.2,0.05,0.03,0.08,1.01,8,False,9,2,2,2026-09-06T13:00:00Z,79,-65228,19864,85092,2284676
Matheus Santos Carneiro da Cunha,MID,Man Utd,428,3,30,3,69,1,3,0,0,1,0,0,0,0,0,0,0,0,10,2.8,6.2,10.0,1.9,0.12,0.05,0.17,0.65,3,False,9,2,2,2026-09-06T13:00:00Z,79,-5963,8817,14780,623093
Marcus Rashford,MID,Man Utd,429,3,30,3,69,1,3,0,0,1,0,0,0,0,0,0,0,0,11,3.8,12.5,8.0,2.4,0.00,0.06,0.06,0.65,4,False,9,2,2,2026-09-06T13:00:00Z,70,-4234,3647,7881,163972
Kobbie Mainoo,MID,Man Utd,432,3,30,3,83,1,9,0,1,0,1,0,0,0,0,0,0,2,32,34.2,24.5,0.0,5.9,0.00,0.07,0.07,0.92,15,False,9,2,2,2026-09-06T13:00:00Z,55,261,6051,5790,174903
Benjamin Sesko,FWD,Man Utd,439,3,30,3,20,0,5,1,0,0,2,0,0,0,0,0,0,0,28,31.2,0.2,21.0,5.2,0.29,0.00,0.29,0.36,0,False,9,2,2,2026-09-06T13:00:00Z,70,-6976,6110,13086,185835
Malick Thiaw,DEF,Newcastle,445,3,27,3,90,1,-1,0,0,0,2,1,0,0,0,0,0,0,0,7.6,12.3,2.0,2.2,0.00,0.05,0.05,1.37,3,True,3,2,2,2026-09-05T11:30:00Z,50,-591,5227,5818,240492
Sven Botman,DEF,Newcastle,447,3,27,3,90,1,1,0,0,0,2,0,0,0,0,0,0,0,3,26.0,0.9,4.0,3.1,0.00,0.16,0.16,1.37,9,True,3,2,2,2026-09-05T11:30:00Z,50,1244,2875,1631,76520
Lewis Hall,DEF,Newcastle,449,3,27,3,89,1,4,0,1,0,2,0,0,0,0,0,0,0,20,28.0,13.4,3.0,4.4,0.01,0.01,0.02,1.35,6,True,3,2,2,2026-09-05T11:30:00Z,52,137141,146791,9650,1781829
Tino Livramento,DEF,Newcastle,450,3,27,3,1,0,1,0,0,0,0,0,0,0,0,0,0,0,3,0.2,0.0,0.0,0.0,0.00,0.00,0.00,0.02,0,True,3,2,2,2026-09-05T11:30:00Z,49,-651,372,1023,10931
Harvey Barnes,MID,Newcastle,453,3,27,3,90,1,12,1,1,0,2,0,0,0,0,0,0,2,37,33.0,2.8,23.0,5.9,0.11,0.03,0.14,1.37,6,True,3,2,2,2026-09-05T11:30:00Z,61,98617,106182,7565,568436
Anthony Elanga,MID,Newcastle,454,3,27,3,76,1,1,0,0,0,2,0,0,0,1,0,0,0,8,8.4,31.8,4.0,4.4,0.00,0.23,0.23,1.33,4,True,3,2,2,2026-09-05T11:30:00Z,61,-129431,195,129626,535642
Sandro Tonali,MID,Spurs,455,3,28,3,90,1,5,0,0,1,0,0,0,0,0,0,0,0,22,22.8,8.0,0.0,3.1,0.00,0.01,0.01,0.92,12,False,18,0,0,2026-09-05T14:00:00Z,53,-8989,1336,10325,207698
Jacob Ramsey,MID,Newcastle,456,3,27,3,27,0,6,1,0,0,0,0,0,0,0,0,0,0,22,32.4,0.8,17.0,5.0,0.11,0.02,0.13,0.04,4,True,3,2,2,2026-09-05T11:30:00Z,49,-3305,18,3323,32794
Jacob Murphy,MID,Newcastle,457,3,27,3,13,0,1,0,0,0,0,0,0,0,0,0,0,0,5,0.2,0.3,0.0,0.1,0.00,0.00,0.00,0.04,1,True,3,2,2,2026-09-05T11:30:00Z,59,64,527,463,10931
Lewis Miley,MID,Newcastle,459,3,27,3,62,1,2,0,0,0,2,0,0,0,0,0,0,0,11,3.2,1.1,2.0,0.6,0.00,0.02,0.02,1.33,4,True,3,2,2,2026-09-05T11:30:00Z,55,14,286,272,10931
Joe Willock,MID,Newcastle,460,3,27,3,62,1,2,0,0,0,2,0,0,0,0,0,0,0,6,6.0,2.2,11.0,1.9,0.36,0.01,0.37,1.33,3,True,3,2,2,2026-09-05T11:30:00Z,50,4783,6290,1507,54657
Sean Steur,MID,Newcastle,462,3,27,3,13,0,1,0,0,0,0,0,0,0,0,0,0,0,3,2.0,0.5,0.0,0.3,0.00,0.00,0.00,0.04,2,True,3,2,2,2026-09-05T11:30:00Z,49,-102,137,239,10931
Yoane Wissa,FWD,Newcastle,464,3,27,3,90,1,1,0,0,0,2,0,0,0,1,0,0,0,7,0.0,7.3,0.0,0.7,0.00,0.03,0.03,1.37,3,True,3,2,2,2026-09-05T11:30:00Z,62,-43315,53553,96868,2055115
Matz Sels,GKP,Nott'm Forest,467,3,28,3,90,1,6,0,0,1,0,0,0,0,0,0,0,0,21,2.4,0.0,0.0,0.2,0.00,0.00,0.00,1.06,0,True,19,0,0,2026-09-05T14:00:00Z,50,-2369,1216,3585,174903
Neco Williams,DEF,Nott'm Forest,469,3,28,3,90,1,7,0,0,1,0,0,0,0,0,0,0,1,28,11.4,10.9,4.0,2.6,0.00,0.07,0.07,1.06,6,True,19,0,0,2026-09-05T14:00:00Z,50,-19373,7305,26678,972900
Nikola Milenković,DEF,Nott'm Forest,471,3,28,3,90,1,7,0,0,1,0,0,0,0,1,0,0,0,27,28.6,0.8,2.0,3.1,0.00,0.01,0.01,1.06,11,True,19,0,0,2026-09-05T14:00:00Z,54,-8003,38,8041,109315
Murillo Costa dos Santos,DEF,Nott'm Forest,472,3,28,3,89,1,8,0,0,1,0,0,0,0,0,0,0,0,25,17.8,1.2,10.0,2.9,0.17,0.00,0.17,1.06,10,True,19,0,0,2026-09-05T14:00:00Z,55,346,4884,4538,229561
Ola Aina,DEF,Nott'm Forest,473,3,28,3,58,1,1,0,0,0,0,0,0,0,0,0,0,0,8,13.0,0.5,0.0,1.4,0.00,0.00,0.00,0.81,7,True,19,0,0,2026-09-05T14:00:00Z,45,-13026,729,13755,262355
Jair Paula da Cunha Filho,DEF,Nott'm Forest,474,3,28,3,90,1,8,0,0,1,0,0,0,0,0,0,0,0,24,20.0,0.7,1.0,2.2,0.03,0.01,0.04,1.06,12,True,19,0,0,2026-09-05T14:00:00Z,45,-293,147,440,21863
Morgan Gibbs-White,MID,Nott'm Forest,480,3,28,3,90,1,3,0,0,1,0,0,0,0,0,0,0,0,3,5.6,3.0,13.0,2.2,0.48,0.01,0.49,1.06,7,True,19,0,0,2026-09-05T14:00:00Z,80,-14511,37984,52495,1716240
Elliot Anderson,MID,Man City,481,3,26,3,90,1,3,0,0,1,0,0,0,0,0,0,0,0,23,26.6,28.1,5.0,6.0,0.02,0.17,0.19,1.37,11,True,7,1,0,2026-09-05T14:00:00Z,63,-12934,4751,17685,448190
Dan Ndoye,MID,Nott'm Forest,483,3,28,3,58,1,1,0,0,0,0,0,0,0,0,0,0,0,5,0.4,0.3,0.0,0.1,0.00,0.00,0.00,0.81,5,True,19,0,0,2026-09-05T14:00:00Z,55,-5420,440,5860,76520
James McAtee,MID,Nott'm Forest,486,3,28,3,90,1,2,0,0,1,0,0,0,0,1,0,0,0,22,14.2,59.5,10.0,8.4,0.13,0.22,0.35,1.06,7,True,19,0,0,2026-09-05T14:00:00Z,55,-378,226,604,10931
Chris Wood,FWD,Nott'm Forest,490,3,28,3,16,0,1,0,0,0,0,0,0,0,0,0,0,0,3,0.2,0.1,0.0,0.0,0.00,0.00,0.00,0.18,0,True,19,0,0,2026-09-05T14:00:00Z,58,-2934,1112,4046,98383
Igor Jesus Maciel da Cruz,FWD,Nott'm Forest,491,3,28,3,31,0,1,0,0,0,0,0,0,0,0,0,0,0,3,1.2,0.4,0.0,0.2,0.00,0.00,0.00,0.26,1,True,19,0,0,2026-09-05T14:00:00Z,58,-10929,4592,15521,295150
Taiwo Awoniyi,FWD,Coventry City,492,3,26,3,70,1,2,0,0,0,1,0,0,0,0,0,0,0,6,3.6,10.3,3.0,1.7,0.31,0.00,0.31,1.17,5,False,15,1,0,2026-09-05T14:00:00Z,54,-3453,47,3500,43726
Antonín Kinský,GKP,Spurs,496,3,28,3,90,1,6,0,0,1,0,0,0,0,0,0,1,0,24,10.4,10.0,0.0,2.0,0.00,0.00,0.00,0.92,0,False,18,0,0,2026-09-05T14:00:00Z,45,-64796,9533,74329,1923938
Pedro Porro Sauceda,DEF,Spurs,499,3,28,3,90,1,7,0,0,1,0,0,0,0,0,0,0,1,28,13.2,35.8,6.0,5.5,0.03,0.06,0.09,0.92,4,False,18,0,0,2026-09-05T14:00:00Z,54,-46283,1373,47656,863586
Kevin Danso,DEF,Spurs,501,3,28,3,90,1,2,0,0,0,1,0,0,0,0,0,0,0,9,20.8,10.9,0.0,3.2,0.00,0.08,0.08,1.21,8,False,18,0,0,2026-09-05T14:00:00Z,50,235,706,471,21863
Andrew Robertson,DEF,Spurs,502,3,28,3,29,0,1,0,0,0,0,0,0,0,0,0,0,0,3,6.0,0.3,0.0,0.6,0.00,0.00,0.00,0.43,1,False,18,0,0,2026-09-05T14:00:00Z,44,-4669,3378,8047,284218
Micky van de Ven,DEF,Spurs,503,3,28,3,90,1,9,0,0,1,0,0,0,0,0,0,0,3,30,21.4,1.2,14.0,3.7,0.57,0.00,0.57,0.92,9,False,18,0,0,2026-09-05T14:00:00Z,50,-9498,3302,12800,426327
Luka Vušković,DEF,Brighton,504,3,23,3,90,1,12,1,0,0,1,0,0,0,0,0,0,2,27,56.2,1.8,40.0,9.8,0.19,0.01,0.20,2.49,10,True,13,1,1,2026-09-05T14:00:00Z,50,27435,34108,6673,371670
Destiny Udogie,DEF,Spurs,506,3,28,3,60,1,5,0,0,1,0,0,0,0,1,0,0,0,16,4.6,1.3,2.0,0.8,0.00,0.02,0.02,0.49,3,False,18,0,0,2026-09-05T14:00:00Z,44,-839,214,1053,32794
Mohammed Kudus,MID,Spurs,512,3,28,3,29,0,1,0,0,0,0,0,0,0,0,0,0,0,13,5.2,15.1,2.0,2.2,0.00,0.16,0.16,0.43,3,False,18,0,0,2026-09-05T14:00:00Z,65,636,1284,648,10931
Mathys Tel,MID,Spurs,514,3,28,3,73,1,3,0,0,1,0,0,0,0,0,0,0,0,11,6.8,20.2,20.0,4.7,0.00,0.05,0.05,0.76,2,False,18,0,0,2026-09-05T14:00:00Z,57,-1259,109,1368,21863
Rodrigo Bentancur,MID,Spurs,516,3,28,3,90,1,5,0,0,1,0,0,0,0,0,0,0,0,14,18.4,3.3,6.0,2.8,0.02,0.01,0.03,0.92,17,False,18,0,0,2026-09-05T14:00:00Z,55,-194,198,392,21863
Conor Gallagher,MID,Spurs,519,3,28,3,83,1,3,0,0,1,0,0,0,0,0,0,0,0,23,10.2,4.4,2.0,1.7,0.00,0.06,0.06,0.88,11,False,18,0,0,2026-09-05T14:00:00Z,53,133,512,379,21863
Mateus Fernandes,MID,Spurs,525,3,28,3,7,0,0,0,0,0,0,0,0,0,1,0,0,0,-1,0.0,0.4,0.0,0.0,0.00,0.00,0.00,0.04,0,False,18,0,0,2026-09-05T14:00:00Z,57,-4247,263,4510,87452
Dominic Solanke-Mitchell,FWD,Spurs,526,3,28,3,6,0,1,0,0,0,0,0,0,0,0,0,0,0,-1,0.0,0.3,4.0,0.4,0.17,0.00,0.17,0.04,1,False,18,0,0,2026-09-05T14:00:00Z,58,-2459,1062,3521,87452
Robin Roefs,GKP,Sunderland,529,3,22,3,90,1,2,0,0,0,1,0,0,0,0,0,1,0,11,12.6,0.0,0.0,1.3,0.00,0.00,0.00,1.21,0,False,4,1,1,2026-09-05T14:00:00Z,49,-5973,1297,7270,273287
Daniel Ballard,DEF,Sunderland,532,3,22,3,90,1,4,0,0,0,1,0,0,0,0,0,0,0,12,25.0,10.3,8.0,4.3,0.06,0.14,0.20,1.21,10,False,4,1,1,2026-09-05T14:00:00Z,49,-7250,2325,9575,284218
Nordi Mukiele,DEF,Sunderland,533,3,22,3,90,1,4,0,0,0,1,0,0,0,0,0,0,0,16,32.4,5.0,0.0,3.7,0.00,0.02,0.02,1.21,14,False,4,1,1,2026-09-05T14:00:00Z,54,-2066,3312,5378,207698
Trai Hume,DEF,Sunderland,534,3,22,3,26,0,1,0,0,0,0,0,0,0,0,0,0,0,8,3.8,0.1,0.0,0.4,0.00,0.00,0.00,0.45,2,False,4,1,1,2026-09-05T14:00:00Z,43,-20169,866,21035,317012
Reinildo Mandava,DEF,Sunderland,536,3,22,3,90,1,2,0,0,0,1,0,0,0,0,0,0,0,14,14.4,1.5,0.0,1.6,0.00,0.01,0.01,1.21,7,False,4,1,1,2026-09-05T14:00:00Z,44,-1155,89,1244,32794
Thomas Meunier,DEF,Sunderland,541,3,22,3,63,1,2,0,0,0,1,0,0,0,0,0,0,0,0,5.2,1.5,6.0,1.3,0.11,0.00,0.11,0.76,2,False,4,1,1,2026-09-05T14:00:00Z,45,572,1028,456,32794
Enzo Le Fée,MID,Sunderland,542,3,22,3,90,1,8,1,0,0,1,0,0,0,0,0,0,1,25,40.0,3.7,24.0,6.8,0.84,0.03,0.87,1.21,6,False,4,1,1,2026-09-05T14:00:00Z,57,-10287,6373,16660,371670
Granit Xhaka,MID,Sunderland,544,3,22,3,90,1,3,0,0,0,1,0,0,0,1,0,0,0,12,15.2,20.5,3.0,3.9,0.06,0.12,0.18,1.21,15,False,4,1,1,2026-09-05T14:00:00Z,55,-11749,3737,15486,404464
Noah Sadiki,MID,Sunderland,545,3,22,3,73,1,1,0,0,0,1,0,0,0,1,0,0,0,16,8.8,15.0,48.0,7.2,0.28,0.18,0.46,0.82,3,False,4,1,1,2026-09-05T14:00:00Z,49,-622,255,877,21863
Nilson Angulo,MID,Sunderland,551,3,22,3,63,1,2,0,0,0,1,0,0,0,0,0,0,0,11,8.6,5.7,16.0,3.0,0.00,0.07,0.07,0.76,5,False,4,1,1,2026-09-05T14:00:00Z,50,-191,313,504,10931
Brian Brobbey,FWD,Sunderland,552,3,22,3,90,1,2,0,0,0,1,0,0,0,0,0,0,0,11,4.4,37.1,29.0,7.1,0.26,0.06,0.32,1.21,3,False,4,1,1,2026-09-05T14:00:00Z,57,108029,126152,18123,710545
Wilson Isidor,FWD,Sunderland,553,3,22,3,26,0,4,0,1,0,0,0,0,0,0,0,0,0,15,0.2,0.3,10.0,1.1,0.10,0.01,0.11,0.45,2,False,4,1,1,2026-09-05T14:00:00Z,55,-6128,1634,7762,142109
Christos Tzolis,MID,Arsenal,557,3,29,3,90,1,5,0,1,0,1,0,0,0,1,0,0,1,31,30.6,50.0,4.0,8.5,0.00,0.20,0.20,0.39,8,True,6,2,1,2026-09-06T15:30:00Z,63,-98052,7190,105242,1366433
Xaver Schlager,MID,Nott'm Forest,558,3,28,3,90,1,3,0,0,1,0,0,0,0,0,0,0,0,18,11.2,2.3,1.0,1.5,0.03,0.06,0.09,1.06,10,True,19,0,0,2026-09-05T14:00:00Z,50,-374,129,503,10931
Daizen Maeda,MID,Ipswich Town,562,3,21,3,65,1,2,0,0,0,2,0,0,0,0,0,0,0,9,8.2,0.1,17.0,2.5,0.04,0.00,0.04,0.62,5,True,14,0,2,2026-09-04T19:00:00Z,53,-938,72,1010,21863
Kjell Scherpen,GKP,Ipswich Town,564,3,21,3,90,1,2,0,0,0,2,0,0,0,0,0,5,0,13,27.8,0.0,0.0,2.8,0.00,0.00,0.00,0.69,0,True,14,0,2,2026-09-04T19:00:00Z,45,-1317,343,1660,65589
Mamadou Sangaré,MID,Brentford,565,3,22,3,45,1,0,0,0,0,0,0,0,0,1,0,0,0,0,0.0,1.3,8.0,0.6,0.15,0.01,0.16,0.35,5,True,20,1,1,2026-09-05T14:00:00Z,56,-99300,5543,104843,1125941
António João Pereira de Albuquerque Tavares da Silva,DEF,Bournemouth,566,3,27,3,90,1,1,0,0,0,2,0,0,0,0,0,0,0,8,23.8,1.2,17.0,4.2,0.02,0.01,0.03,0.71,8,False,17,2,2,2026-09-05T11:30:00Z,50,837,2154,1317,43726
Lukás Hornícek,GKP,Newcastle,567,3,27,3,90,1,2,0,0,0,2,0,0,0,0,0,4,0,12,33.4,0.0,0.0,3.3,0.00,0.00,0.00,1.37,0,True,3,2,2,2026-09-05T11:30:00Z,50,1541,4329,2788,163972
Gonzalo García,FWD,Fulham,569,3,24,3,90,1,2,0,0,0,3,0,0,0,0,0,0,0,10,5.8,14.0,39.0,5.9,0.44,0.20,0.64,1.97,7,True,8,2,3,2026-09-05T14:00:00Z,60,15196,34492,19296,415396
César Palacios,MID,Fulham,570,3,24,3,60,1,8,1,0,0,2,0,0,0,0,0,0,1,27,33.8,13.7,51.0,9.9,0.80,0.02,0.82,1.14,0,True,8,2,3,2026-09-05T14:00:00Z,54,-44,528,572,21863
Konstantinos Tzolakis,GKP,Hull City,572,3,25,3,90,1,6,0,0,1,0,0,0,0,0,0,1,0,25,11.6,0.0,0.0,1.2,0.00,0.00,0.00,1.93,0,True,2,0,0,2026-09-05T16:30:00Z,46,55411,66863,11452,1333639
Jens Hjertø-Dahl,MID,Hull City,574,3,25,3,8,0,1,0,0,0,0,0,0,0,0,0,0,0,4,0.0,0.0,0.0,0.0,0.00,0.00,0.00,0.00,1,True,2,0,0,2026-09-05T16:30:00Z,49,-152,53,205,10931
Caleb Yirenkyi,MID,Coventry City,575,3,26,3,27,0,1,0,0,0,0,0,0,0,0,0,0,0,4,1.0,0.3,0.0,0.1,0.00,0.00,0.00,0.95,6,False,15,1,0,2026-09-05T14:00:00Z,48,-570,122,692,10931
Elliot Stroud,MID,Hull City,576,3,25,3,62,1,3,0,0,1,0,0,0,0,0,0,0,0,5,0.0,11.8,4.0,1.4,0.04,0.01,0.05,1.81,2,True,2,0,0,2026-09-05T16:30:00Z,50,-209,82,291,10931
Mykhailo Mudryk,MID,Chelsea,578,3,29,3,16,0,1,0,0,0,0,0,0,0,0,0,0,0,3,0.0,0.1,2.0,0.1,0.00,0.00,0.00,0.16,0,False,1,2,1,2026-09-06T15:30:00Z,53,-353,14,367,0
Ronald Araujo,DEF,Liverpool,579,3,21,3,90,1,8,0,0,1,0,0,0,0,0,0,0,0,27,20.0,2.4,2.0,2.4,0.00,0.01,0.01,0.75,10,False,12,0,2,2026-09-04T19:00:00Z,54,3637,9777,6140,327944
Shea Charles,MID,Fulham,580,3,24,3,78,1,2,0,0,0,3,0,0,0,0,0,0,0,18,12.4,35.2,8.0,5.6,0.00,0.09,0.09,1.97,11,True,8,2,3,2026-09-05T14:00:00Z,50,72,293,221,10931
Ousmane Diomande,DEF,Nott'm Forest,581,3,28,3,1,0,1,0,0,0,0,0,0,0,0,0,0,0,3,0.0,0.0,0.0,0.0,0.00,0.00,0.00,0.00,0,True,19,0,0,2026-09-05T14:00:00Z,54,-403,895,1298,54657
Pep Chavarría,DEF,Chelsea,583,3,29,3,30,0,1,0,0,0,0,0,0,0,0,0,0,0,2,2.4,2.0,4.0,0.8,0.00,0.00,0.00,0.14,2,False,1,2,1,2026-09-06T15:30:00Z,49,-82,260,342,10931
Gustavo Hamer,MID,Coventry City,584,3,26,3,5,0,1,0,0,0,0,0,0,0,0,0,0,0,1,0.0,0.0,0.0,0.0,0.00,0.00,0.00,0.00,2,False,15,1,0,2026-09-05T14:00:00Z,54,-210,26,236,10931
Lucas Herrington,DEF,Hull City,585,3,25,3,19,0,1,0,0,0,0,0,0,0,0,0,0,0,2,6.6,0.1,0.0,0.7,0.00,0.00,0.00,0.12,2,True,2,0,0,2026-09-05T16:30:00Z,40,-309,654,963,65589
Nobel Mendy,DEF,Hull City,586,3,25,3,70,1,8,0,0,1,0,0,0,0,0,0,0,0,22,16.2,0.6,14.0,3.1,0.03,0.00,0.03,1.81,10,True,2,0,0,2026-09-05T16:30:00Z,41,-22287,4029,26316,688682
Anan Khalaili,DEF,Crystal Palace,588,3,24,3,90,1,3,0,0,0,2,0,0,0,0,0,0,0,6,21.6,2.3,8.0,3.2,0.72,0.01,0.73,3.14,10,False,10,2,3,2026-09-05T14:00:00Z,50,568,1119,551,32794
Lucas Gourna-Douath,MID,Hull City,589,3,25,3,81,1,2,0,0,1,0,0,0,0,1,0,0,0,7,13.4,21.6,0.0,3.5,0.00,0.01,0.01,1.93,10,True,2,0,0,2026-09-05T16:30:00Z,50,-41,22,63,0
Julio Enciso,MID,Ipswich Town,591,3,21,3,90,1,1,0,0,0,2,0,0,0,1,0,0,0,16,10.2,22.5,23.0,5.6,0.24,0.02,0.26,0.69,5,True,14,0,2,2026-09-04T19:00:00Z,55,-3023,1258,4281,87452
Abdoul Ouattara,DEF,Ipswich Town,592,3,21,3,12,0,1,0,0,0,0,0,0,0,0,0,0,0,4,3.6,14.0,0.0,1.8,0.00,0.02,0.02,0.00,0,True,14,0,2,2026-09-04T19:00:00Z,40,-849,441,1290,98383
Amar Dedic,DEF,Newcastle,593,3,27,3,90,1,1,0,0,0,2,0,0,0,0,0,0,0,3,0.6,6.4,10.0,1.7,0.11,0.02,0.13,1.37,1,True,3,2,2,2026-09-05T11:30:00Z,45,-27876,167,28043,207698
Promise David,FWD,Brighton,594,3,23,3,13,0,0,0,0,0,0,0,0,0,1,0,0,0,-7,0.0,0.0,4.0,0.0,0.42,0.00,0.42,0.10,0,True,13,1,1,2026-09-05T14:00:00Z,59,412,1825,1413,21863
Matteo Ruggeri,DEF,Aston Villa,596,3,25,3,15,0,1,0,0,0,0,0,0,0,0,0,0,0,3,2.6,2.6,0.0,0.5,0.00,0.01,0.01,0.35,1,False,11,0,0,2026-09-05T16:30:00Z,45,123,335,212,10931
Zion Suzuki,GKP,Aston Villa,597,3,25,3,90,1,10,0,0,1,0,0,0,0,0,0,4,3,38,27.2,0.0,0.0,2.7,0.00,0.00,0.00,0.57,0,False,11,0,0,2026-09-05T16:30:00Z,50,5048,8905,3857,207698
Nico Elvedi,DEF,Leeds,598,3,23,3,90,1,4,0,0,0,1,0,0,0,0,0,0,0,12,27.6,21.1,6.0,5.5,0.00,0.57,0.57,2.19,10,False,5,1,1,2026-09-05T14:00:00Z,45,8,128,120,10931
Malick Yalcouyé,MID,Brighton,605,3,23,3,90,1,2,0,0,0,1,0,0,0,0,0,0,0,16,8.2,24.4,20.0,5.3,0.05,0.09,0.14,2.49,5,True,13,1,1,2026-09-05T14:00:00Z,45,-6289,17023,23312,437259
Daniel Jebbison,FWD,Bournemouth,608,3,27,3,1,0,1,0,0,0,0,0,0,0,0,0,0,0,4,0.0,0.0,0.0,0.0,0.00,0.00,0.00,0.05,0,False,17,2,2,2026-09-05T11:30:00Z,50,-10,539,549,10931
Aaron Wan-Bissaka,DEF,Aston Villa,611,3,25,3,5,0,1,0,0,0,0,0,0,0,0,0,0,0,3,2.8,0.9,0.0,0.4,0.00,0.00,0.00,0.35,1,False,11,0,0,2026-09-05T16:30:00Z,45,58,910,852,21863
Ayyoub Bouaddi,MID,Man City,616,3,26,3,14,0,1,0,0,0,0,0,0,0,0,0,0,0,5,11.2,0.5,0.0,1.2,0.00,0.00,0.00,0.37,5,True,7,1,0,2026-09-05T14:00:00Z,55,-817,543,1360,21863
Mohamed-Ali Cho,MID,Hull City,617,3,25,3,8,0,1,0,0,0,0,0,0,0,0,0,0,0,5,3.0,0.0,17.0,2.0,0.05,0.00,0.05,0.00,0,True,2,0,0,2026-09-05T16:30:00Z,50,132,213,81,0
Exequiel Palacios,MID,Ipswich Town,619,3,21,3,77,1,4,0,0,0,2,0,0,0,0,0,0,0,24,20.2,22.5,0.0,4.3,0.00,0.02,0.02,0.69,19,True,14,0,2,2026-09-04T19:00:00Z,50,-142,353,495,10931
Ryan McAidoo,MID,Man City,621,3,26,3,3,0,1,0,0,0,0,0,0,0,0,0,0,0,5,5.2,0.0,2.0,0.7,0.00,0.00,0.00,0.02,4,True,7,1,0,2026-09-05T14:00:00Z,45,-547,122,669,10931
Bradley Barcola,MID,Liverpool,627,3,21,3,26,0,1,0,0,0,0,0,0,0,0,0,0,0,5,3.0,10.5,2.0,1.6,0.00,0.07,0.07,0.17,0,False,12,0,2,2026-09-04T19:00:00Z,80,-7180,5077,12257,196766
Matias Fernandez-Pardo,FWD,Newcastle,634,3,27,3,27,0,1,0,0,0,0,0,0,0,0,0,0,0,4,0.0,0.8,6.0,0.7,0.00,0.00,0.00,0.04,1,True,3,2,2,2026-09-05T11:30:00Z,60,148,1041,893,10931
Hugo Larsson,MID,Fulham,635,3,24,3,11,0,1,0,0,0,0,0,0,0,0,0,0,0,3,3.6,1.3,9.0,1.4,0.13,0.22,0.35,0.00,1,True,8,2,3,2026-09-05T14:00:00Z,50,7,54,47,0
Brooke Norton-Cuffy,DEF,Hull City,638,3,25,3,26,0,1,0,0,0,0,0,0,0,0,0,0,0,3,2.2,0.3,2.0,0.5,0.00,0.00,0.00,0.12,1,True,2,0,0,2026-09-05T16:30:00Z,40,-744,416,1160,32794
Zian Flemming,FWD,Ipswich Town,640,3,21,3,24,0,1,0,0,0,0,0,0,0,0,0,0,0,4,3.2,0.5,7.0,1.1,0.02,0.01,0.03,0.06,0,True,14,0,2,2026-09-04T19:00:00Z,55,-116,551,667,10931
Sorba Thomas,MID,Hull City,642,3,25,3,27,0,1,0,0,0,0,0,0,0,0,0,0,0,5,3.2,10.8,0.0,1.4,0.00,0.04,0.04,0.12,1,True,2,0,0,2026-09-05T16:30:00Z,55,48,262,214,0
Ben Chilwell,DEF,Crystal Palace,643,3,24,3,16,0,7,1,0,0,0,0,0,0,0,0,0,0,20,33.2,0.7,17.0,5.1,0.15,0.00,0.15,0.57,0,False,10,2,3,2026-09-05T14:00:00Z,45,-1577,341,1918,54657
Quinten Timber,MID,Crystal Palace,644,3,24,3,73,1,2,0,0,0,2,0,0,0,0,0,0,0,8,4.2,0.2,1.0,0.5,0.02,0.00,0.02,2.57,6,False,10,2,3,2026-09-05T14:00:00Z,50,86,265,179,0
Malick Fofana,MID,Sunderland,646,3,22,3,16,0,1,0,0,0,0,0,0,0,0,0,0,0,3,0.0,0.5,0.0,0.1,0.00,0.00,0.00,0.39,0,False,4,1,1,2026-09-05T14:00:00Z,55,-2,203,205,0
Darío Osorio,MID,Crystal Palace,647,3,24,3,1,0,1,0,0,0,0,0,0,0,0,0,0,0,2,2.0,0.3,0.0,0.2,0.00,0.00,0.00,0.13,1,False,10,2,3,2026-09-05T14:00:00Z,55,-35,9,44,0
Ainsley Maitland-Niles,DEF,Everton,649,3,30,3,13,0,7,1,0,0,1,0,0,0,0,0,0,0,13,33.4,0.8,7.0,4.1,0.03,0.00,0.03,0.29,0,True,16,2,2,2026-09-06T13:00:00Z,45,9854,12074,2220,131178
David Raya Martín,GKP,Arsenal,1,4,36,4,90,1,14,0,0,1,0,0,1,0,0,0,2,3,38,37.8,0.2,0.0,3.8,0.00,0.00,0.00,1.80,0,False,20,0,2,2026-09-12T19:00:00Z,61,63703,88754,25051,4602146
Gabriel dos Santos Magalhães,DEF,Arsenal,4,4,36,4,90,1,9,0,0,1,0,0,0,0,1,0,0,2,30,20.6,1.5,1.0,2.3,0.02,0.01,0.03,1.80,11,False,20,0,2,2026-09-12T19:00:00Z,80,-29092,13118,42210,2503305
Jurriën Timber,DEF,Arsenal,5,4,36,4,45,0,1,0,0,0,0,0,0,0,0,0,0,0,3,6.0,1.9,0.0,0.8,0.00,0.01,0.01,1.57,3,False,20,0,2,2026-09-12T19:00:00Z,65,4997,7138,2141,43726
Myles Lewis-Skelly,MID,Arsenal,7,4,36,4,45,1,1,0,0,0,0,0,0,0,0,0,0,0,2,0.0,1.4,0.0,0.0,0.00,0.00,0.00,0.23,0,False,20,0,2,2026-09-12T19:00:00Z,54,-2964,497,3461,65589
Riccardo Calafiori,DEF,Arsenal,8,4,36,4,90,1,6,0,0,1,0,0,0,0,0,0,0,0,18,8.8,1.7,7.0,1.8,0.06,0.01,0.07,1.80,4,False,20,0,2,2026-09-12T19:00:00Z,58,6879,45305,38426,5531321
Benjamin White,DEF,Arsenal,10,4,36,4,45,1,1,0,0,0,0,0,0,0,0,0,0,0,4,4.2,0.8,6.0,1.1,0.00,0.00,0.00,0.23,3,False,20,0,2,2026-09-12T19:00:00Z,55,-38627,3019,41646,568436
Bukayo Saka,MID,Arsenal,12,4,36,4,90,1,8,1,0,1,0,0,0,0,0,0,0,0,28,45.4,16.9,57.0,11.9,1.38,0.08,1.46,1.80,7,False,20,0,2,2026-09-12T19:00:00Z,95,29995,58348,28353,1464816
Declan Rice,MID,Arsenal,13,4,36,4,80,1,6,0,1,1,0,0,0,0,0,0,0,0,27,45.0,36.4,0.0,8.1,0.00,0.37,0.37,1.41,10,False,20,0,2,2026-09-12T19:00:00Z,74,-24807,6576,31383,1333639
Eberechi Eze,MID,Arsenal,14,4,36,4,9,0,1,0,0,0,0,0,0,0,0,0,0,0,3,0.2,0.0,2.0,0.2,0.00,0.00,0.00,0.40,0,False,20,0,2,2026-09-12T19:00:00Z,63,-3055,1114,4169,109315
Martin Ødegaard,MID,Arsenal,15,4,36,4,84,1,3,0,0,1,0,0,0,0,0,0,0,0,26,19.4,58.2,2.0,8.0,0.00,0.25,0.25,1.80,5,False,20,0,2,2026-09-12T19:00:00Z,68,-12154,46153,58307,2175361
Mikel Merino Zazón,MID,Arsenal,17,4,36,4,5,0,1,0,0,0,0,0,0,0,0,0,0,0,3,0.2,0.1,0.0,0.0,0.00,0.00,0.00,0.00,0,False,20,0,2,2026-09-12T19:00:00Z,58,-1488,368,1856,43726
Martín Zubimendi Ibáñez,MID,Arsenal,19,4,36,4,9,0,1,0,0,0,0,0,0,0,0,0,0,0,5,3.4,0.2,0.0,0.4,0.00,0.00,0.00,0.40,2,False,20,0,2,2026-09-12T19:00:00Z,53,-2086,274,2360,65589
Kai Havertz,FWD,Arsenal,26,4,36,4,90,1,1,0,0,1,0,0,0,0,1,0,0,0,0,1.6,12.4,32.0,4.6,0.34,0.02,0.36,1.80,2,False,20,0,2,2026-09-12T19:00:00Z,76,7760,36944,29184,929174
Emiliano Martínez Romero,GKP,Aston Villa,28,4,31,4,90,1,2,0,0,0,2,0,0,0,0,0,3,0,10,19.6,0.0,0.0,2.0,0.00,0.00,0.00,1.38,0,True,18,1,2,2026-09-12T14:00:00Z,50,-10261,4244,14505,524710
Ezri Konsa Ngoyo,DEF,Arsenal,31,4,36,4,90,1,6,0,0,1,0,0,0,0,0,0,0,0,16,11.8,0.2,0.0,1.2,0.00,0.00,0.00,1.80,8,False,20,0,2,2026-09-12T19:00:00Z,46,33276,60142,26866,2120704
Tyrone Mings,DEF,Aston Villa,33,4,31,4,65,0,0,0,0,0,2,0,0,0,1,0,0,0,0,15.6,0.6,4.0,2.0,0.09,0.00,0.09,2.08,5,True,18,1,2,2026-09-12T14:00:00Z,45,207,1031,824,43726
Pau Torres,DEF,Aston Villa,34,4,31,4,24,1,1,0,0,0,0,0,0,0,0,0,0,0,4,0.2,0.4,2.0,0.3,0.00,0.00,0.00,0.20,0,True,18,1,2,2026-09-12T14:00:00Z,45,-2081,17,2098,32794
Ian Maatsen,DEF,Aston Villa,36,4,31,4,90,1,1,0,0,0,2,0,0,0,0,0,0,0,7,10.2,3.4,24.0,3.8,0.18,0.03,0.21,1.66,4,True,18,1,2,2026-09-12T14:00:00Z,45,-4169,32,4201,54657
Victor Lindelöf,DEF,Aston Villa,37,4,31,4,90,1,1,0,0,0,2,0,0,0,0,0,0,0,2,16.4,1.1,35.0,5.3,0.44,0.01,0.45,2.28,2,True,18,1,2,2026-09-12T14:00:00Z,45,-127,619,746,32794
Morgan Rogers,MID,Chelsea,40,4,33,4,90,1,8,1,0,0,2,0,0,0,0,0,0,1,31,43.2,5.9,42.0,9.1,0.21,0.02,0.23,1.38,6,True,11,2,2,2026-09-12T14:00:00Z,77,40614,85328,44714,4405380
Emiliano Buendía Stati,MID,Aston Villa,41,4,31,4,62,1,2,0,0,0,1,0,0,0,0,0,0,0,8,0.0,3.9,0.0,0.1,0.00,0.01,0.01,1.42,5,True,18,1,2,2026-09-12T14:00:00Z,59,4892,7306,2414,98383
Youri Tielemans,MID,Man Utd,43,4,39,4,66,1,2,0,0,0,1,0,0,0,0,0,0,0,15,12.2,13.8,4.0,3.0,0.00,0.04,0.04,0.53,5,True,15,0,1,2026-09-13T15:30:00Z,58,-5170,1668,6838,163972
John McGinn,MID,Aston Villa,45,4,31,4,90,1,6,0,1,0,2,0,0,0,0,0,0,1,30,26.4,31.4,0.0,5.8,0.00,0.11,0.11,2.28,9,True,18,1,2,2026-09-12T14:00:00Z,54,-1129,4164,5293,240492
Ross Barkley,MID,Aston Villa,46,4,31,4,62,1,2,0,0,0,1,0,0,0,0,0,0,0,14,6.0,2.7,7.0,1.6,0.03,0.01,0.04,1.42,7,True,18,1,2,2026-09-12T14:00:00Z,50,-800,347,1147,32794
Boubacar Kamara,MID,Aston Villa,47,4,31,4,90,1,2,0,0,0,2,0,0,0,0,0,0,0,17,11.6,12.4,2.0,2.6,0.00,0.05,0.05,2.28,5,True,18,1,2,2026-09-12T14:00:00Z,50,-204,780,984,32794
George Hemmings,MID,Aston Villa,51,4,31,4,45,1,1,0,0,0,0,0,0,0,0,0,0,0,3,2.0,11.5,2.0,1.6,0.00,0.01,0.01,0.39,1,True,18,1,2,2026-09-12T14:00:00Z,45,-4523,2042,6565,131178
Alysson Edward Franco da Rocha dos Santos,MID,Aston Villa,52,4,31,4,45,0,6,1,0,0,2,0,0,0,0,0,0,0,24,34.4,2.3,23.0,6.0,0.06,0.00,0.06,1.89,2,True,18,1,2,2026-09-12T14:00:00Z,50,-458,52,510,10931
Johan Manzambi,MID,Aston Villa,53,4,31,4,27,0,1,0,0,0,1,0,0,0,0,0,0,0,3,2.6,4.0,0.0,0.7,0.00,0.08,0.08,0.86,2,True,18,1,2,2026-09-12T14:00:00Z,59,18702,20131,1429,32794
Tammy Abraham,FWD,Aston Villa,56,4,31,4,45,0,1,0,0,0,2,0,0,0,0,0,0,0,4,1.2,1.5,2.0,0.5,0.00,0.00,0.00,1.89,1,True,18,1,2,2026-09-12T14:00:00Z,55,-33,1017,1050,21863
Đorđe Petrović,GKP,Bournemouth,57,4,32,4,90,1,1,0,0,0,2,0,0,0,0,0,0,0,0,0.0,0.0,0.0,0.0,0.00,0.00,0.00,0.50,0,True,4,2,2,2026-09-12T14:00:00Z,45,-3077,3502,6579,327944
James Hill,DEF,Bournemouth,60,4,32,4,90,1,2,0,0,0,2,0,0,0,1,0,0,0,5,22.0,11.4,0.0,3.3,0.00,0.01,0.01,0.50,11,True,4,2,2,2026-09-12T14:00:00Z,55,-21,1781,1802,87452
Adrien Truffert,DEF,Bournemouth,61,4,32,4,90,1,3,0,0,0,2,0,0,0,0,0,0,0,23,38.6,18.0,28.0,8.5,0.08,0.10,0.18,0.50,16,True,4,2,2,2026-09-12T14:00:00Z,55,-4728,2814,7542,327944
Adam Smith,DEF,Bournemouth,64,4,32,4,90,1,0,0,0,0,2,0,0,0,1,0,0,0,-1,11.4,2.0,0.0,1.3,0.00,0.01,0.01,0.50,6,True,4,2,2,2026-09-12T14:00:00Z,45,-34,243,277,10931
Rayan Vitor Simplício Rocha,MID,Bournemouth,67,4,32,4,81,1,2,0,0,0,2,0,0,0,0,0,0,0,7,5.6,17.8,20.0,4.3,0.39,0.02,0.41,0.39,3,True,4,2,2,2026-09-12T14:00:00Z,63,-4061,2379,6440,174903
Marcus Tavernier,MID,Bournemouth,68,4,32,4,82,1,8,1,0,0,2,0,0,0,1,0,0,2,44,49.4,58.3,37.0,14.5,0.20,0.47,0.67,0.39,8,True,4,2,2,2026-09-12T14:00:00Z,61,26771,52908,26137,732408
Alex Scott,MID,Bournemouth,69,4,32,4,90,1,4,0,0,0,2,0,0,0,0,0,0,0,19,22.2,46.1,10.0,7.8,0.19,0.05,0.24,0.50,15,True,4,2,2,2026-09-12T14:00:00Z,61,-11763,13600,25363,623093
Justin Kluivert,MID,Bournemouth,70,4,32,4,65,1,8,1,0,0,2,0,0,0,0,0,0,1,31,40.0,3.3,43.0,8.6,0.21,0.02,0.23,0.39,4,True,4,2,2,2026-09-12T14:00:00Z,60,-8452,2240,10692,98383
Lewis Cook,MID,Bournemouth,71,4,32,4,8,0,0,0,0,0,0,0,0,0,1,0,0,0,-1,0.6,0.3,0.0,0.1,0.00,0.00,0.00,0.11,2,True,4,2,2,2026-09-12T14:00:00Z,50,-575,162,737,21863
Ben Gannon-Doak,MID,Bournemouth,72,4,32,4,8,0,1,0,0,0,0,0,0,0,0,0,0,0,6,1.6,1.5,7.0,1.0,0.10,0.03,0.13,0.11,4,True,4,2,2,2026-09-12T14:00:00Z,49,-157,85,242,10931
Tyler Adams,MID,Bournemouth,73,4,32,4,81,1,2,0,0,0,2,0,0,0,0,0,0,0,16,13.0,5.9,7.0,2.6,0.03,0.02,0.05,0.39,10,True,4,2,2,2026-09-12T14:00:00Z,50,-404,636,1040,32794
David Brooks,MID,Bournemouth,74,4,32,4,7,0,0,0,0,0,0,0,0,0,1,0,0,0,-1,4.2,0.3,2.0,0.7,0.00,0.00,0.00,0.11,3,True,4,2,2,2026-09-12T14:00:00Z,50,-120,98,218,10931
Ryan Christie,MID,Bournemouth,75,4,32,4,24,0,1,0,0,0,0,0,0,0,0,0,0,0,7,6.6,14.4,4.0,2.5,0.00,0.12,0.12,0.11,7,True,4,2,2,2026-09-12T14:00:00Z,50,27,177,150,0
Francisco Evanilson de Lima Barbosa,FWD,Bournemouth,79,4,32,4,90,1,5,0,1,0,2,0,0,0,0,0,0,0,22,22.8,40.0,4.0,6.7,0.00,0.25,0.25,0.48,4,True,4,2,2,2026-09-12T14:00:00Z,60,-2684,10839,13523,349807
Álvaro Rodríguez,FWD,Bournemouth,81,4,32,4,1,0,1,0,0,0,0,0,0,0,0,0,0,0,3,0.0,0.5,0.0,0.1,0.00,0.00,0.00,0.02,0,True,4,2,2,2026-09-12T14:00:00Z,60,31,441,410,10931
Caoimhín Kelleher,GKP,Brentford,82,4,32,4,90,1,3,0,0,0,2,0,0,0,0,0,8,0,19,44.0,0.0,0.0,4.4,0.00,0.00,0.00,1.75,0,False,3,2,2,2026-09-12T14:00:00Z,50,6431,13661,7230,677751
Keane Lewis-Potter,MID,Brentford,86,4,32,4,59,1,1,0,0,0,2,0,0,0,0,0,0,0,0,0.8,1.6,6.0,0.8,0.03,0.13,0.16,1.25,2,False,3,2,2,2026-09-12T14:00:00Z,55,-5831,2582,8413,185835
Kristoffer Ajer,DEF,Brentford,87,4,32,4,90,1,1,0,0,0,2,0,0,0,0,0,0,0,0,15.2,0.5,8.0,2.4,0.02,0.00,0.02,1.75,9,False,3,2,2,2026-09-12T14:00:00Z,45,-5632,7661,13293,426327
Michael Kayode,DEF,Brentford,88,4,32,4,19,0,1,0,0,0,0,0,0,0,0,0,0,0,5,5.4,14.1,0.0,2.0,0.00,0.15,0.15,0.41,1,False,3,2,2,2026-09-12T14:00:00Z,46,-3460,9367,12827,841723
Aaron Hickey,DEF,Brentford,90,4,32,4,70,1,1,0,0,0,2,0,0,0,0,0,0,0,4,10.0,2.1,6.0,1.8,0.03,0.03,0.06,1.33,7,False,3,2,2,2026-09-12T14:00:00Z,45,-44,107,151,10931
Ethan Pinnock,DEF,Brentford,91,4,32,4,90,1,2,0,0,0,5,0,0,0,0,0,0,0,-11,18.0,0.7,4.0,2.3,0.01,0.00,0.01,2.81,10,False,3,2,2,2026-09-12T14:00:00Z,45,73,217,144,10931
Jannik Schuster,DEF,Brentford,93,4,32,4,90,1,3,0,0,0,2,0,0,0,0,0,0,0,5,22.2,0.5,8.0,3.1,0.00,0.01,0.01,1.75,12,False,3,2,2,2026-09-12T14:00:00Z,45,10207,11300,1093,21863
Kevin Schade,MID,Brentford,94,4,32,4,90,1,15,2,0,0,2,0,0,0,0,0,0,3,49,70.8,8.3,28.0,10.7,0.21,0.10,0.31,1.75,4,False,3,2,2,2026-09-12T14:00:00Z,61,246141,258068,11927,1104078
Dango Ouattara,MID,Brentford,95,4,32,4,30,0,1,0,0,0,0,0,0,0,0,0,0,0,4,2.0,1.7,6.0,1.0,0.02,0.01,0.03,0.50,4,False,3,2,2,2026-09-12T14:00:00Z,63,-1932,477,2409,54657
Mikkel Damsgaard,MID,Brentford,96,4,32,4,30,0,1,0,0,0,0,0,0,0,0,0,0,0,3,0.0,7.8,6.0,1.3,0.10,0.00,0.10,0.50,4,False,3,2,2,2026-09-12T14:00:00Z,54,-435,929,1364,43726
Vitaly Janelt,MID,Brentford,98,4,32,4,90,1,4,0,0,0,2,0,0,0,0,0,0,0,20,28.4,14.4,0.0,4.3,0.00,0.08,0.08,1.75,20,False,3,2,2,2026-09-12T14:00:00Z,50,1448,13326,11878,273287
Yehor Yarmoliuk,MID,Brentford,102,4,32,4,59,1,4,0,1,0,2,0,0,0,0,0,0,0,19,22.0,22.8,4.0,4.9,0.00,0.21,0.21,1.25,5,False,3,2,2,2026-09-12T14:00:00Z,48,-1217,808,2025,76520
Frank Onyeka,MID,Coventry City,104,4,38,4,72,1,2,0,0,0,3,0,0,0,0,0,0,0,11,6.2,0.9,21.0,2.8,0.03,0.01,0.04,2.16,7,True,5,0,5,2026-09-13T13:00:00Z,49,-182,100,282,10931
Jaidon Anthony,MID,Brentford,105,4,32,4,59,1,1,0,0,0,2,0,0,0,0,0,0,0,12,14.6,15.3,2.0,3.2,0.00,0.10,0.10,1.25,11,False,3,2,2,2026-09-12T14:00:00Z,59,1145,1496,351,10931
Igor Thiago Nascimento Rodrigues,FWD,Brentford,106,4,32,4,90,1,1,0,0,0,2,0,0,0,1,0,0,0,3,0.0,16.0,10.0,2.4,0.11,0.03,0.14,1.75,1,False,3,2,2,2026-09-12T14:00:00Z,78,12575,35279,22704,983832
Bart Verbruggen,GKP,Brighton,109,4,38,4,90,1,8,0,0,1,0,0,0,0,0,0,6,0,39,47.8,0.0,0.0,4.8,0.00,0.00,0.00,1.33,0,False,7,0,5,2026-09-13T13:00:00Z,45,-613,42908,43521,2372128
Carl Rushworth,GKP,Coventry City,110,4,38,4,90,1,0,0,0,0,5,0,0,0,0,0,2,0,-5,18.0,0.0,0.0,1.8,0.00,0.01,0.01,2.81,0,True,5,0,5,2026-09-13T13:00:00Z,45,-2464,1452,3916,87452
Jan Paul van Hecke,DEF,Spurs,112,4,37,4,90,1,8,0,0,1,0,0,0,0,0,0,0,0,27,38.4,15.2,7.0,6.1,0.14,0.05,0.19,1.11,13,True,9,0,0,2026-09-12T16:30:00Z,49,-6882,9081,15963,721477
Ferdi Kadıoğlu,DEF,Brighton,113,4,38,4,90,1,6,0,0,1,0,0,0,0,0,0,0,0,24,6.4,15.4,0.0,2.2,0.00,0.09,0.09,1.33,2,False,7,0,5,2026-09-13T13:00:00Z,44,-1818,2576,4394,174903
Olivier Boscagli,DEF,Brighton,114,4,38,4,77,1,6,0,0,1,0,0,0,0,0,0,0,0,25,11.6,14.3,2.0,2.8,0.01,0.03,0.04,1.11,9,False,7,0,5,2026-09-13T13:00:00Z,45,840,1288,448,32794
Maxim De Cuyper,DEF,Brighton,115,4,38,4,90,1,11,0,1,1,0,0,0,0,0,0,0,2,41,24.8,46.9,3.0,7.5,0.03,0.04,0.07,1.33,1,False,7,0,5,2026-09-13T13:00:00Z,49,178488,189032,10544,2929632
Lewis Dunk,DEF,Brighton,116,4,38,4,90,1,12,1,0,1,0,0,0,0,0,0,0,0,39,57.2,4.3,7.0,6.9,0.03,0.03,0.06,1.33,6,False,7,0,5,2026-09-13T13:00:00Z,45,1712,6311,4599,163972
João Pedro Loureiro da Costa,DEF,Brighton,119,4,38,4,6,0,1,0,0,0,0,0,0,0,0,0,0,0,3,1.2,0.3,0.0,0.2,0.00,0.00,0.00,0.04,1,False,7,0,5,2026-09-13T13:00:00Z,45,2,89,87,0
Pascal Groß,MID,Brighton,124,4,38,4,90,1,17,1,2,1,0,0,0,0,0,0,0,3,56,83.8,79.1,18.0,18.1,0.82,0.19,1.01,1.33,6,False,7,0,5,2026-09-13T13:00:00Z,58,563546,569947,6401,2907769
Matt O'Riley,MID,Brighton,126,4,38,4,6,0,1,0,0,0,0,0,0,0,0,0,0,0,4,2.2,10.5,0.0,1.3,0.00,0.01,0.01,0.04,1,False,7,0,5,2026-09-13T13:00:00Z,54,-109,225,334,10931
Diego Gómez Amarilla,MID,Brighton,127,4,38,4,83,1,3,0,0,1,0,0,0,0,0,0,0,0,6,2.4,9.0,9.0,2.0,0.14,0.06,0.20,1.30,3,False,7,0,5,2026-09-13T13:00:00Z,50,-19811,7600,27411,437259
Yasin Ayari,MID,Brighton,129,4,38,4,90,1,8,1,0,1,0,0,0,0,0,0,0,0,38,39.0,6.8,27.0,7.3,0.31,0.03,0.34,1.33,7,False,7,0,5,2026-09-13T13:00:00Z,54,71,1383,1312,43726
Danny Welbeck,FWD,Chelsea,136,4,33,4,12,0,1,0,0,0,0,0,0,0,0,0,0,0,4,7.2,10.6,4.0,2.2,0.00,0.06,0.06,0.54,1,True,11,2,2,2026-09-12T14:00:00Z,59,-1297,4778,6075,109315
Charalampos Kostoulas,FWD,Brighton,138,4,38,4,83,1,10,1,1,1,0,0,0,0,0,0,0,1,40,33.0,7.0,38.0,7.8,0.39,0.01,0.40,1.30,7,False,7,0,5,2026-09-13T13:00:00Z,56,207207,214363,7156,338875
Reece James,DEF,Chelsea,142,4,33,4,90,1,1,0,0,0,2,0,0,0,0,0,0,0,11,19.8,10.4,15.0,4.5,0.16,0.14,0.30,1.38,4,True,11,2,2,2026-09-12T14:00:00Z,54,-53173,382,53555,666819
Malo Gusto,DEF,Chelsea,144,4,33,4,77,1,1,0,0,0,2,0,0,0,0,0,0,0,7,14.0,23.3,6.0,4.3,0.04,0.07,0.11,0.84,5,True,11,2,2,2026-09-12T14:00:00Z,50,-3773,1140,4913,109315
Wesley Fofana,DEF,Chelsea,145,4,33,4,85,1,1,0,0,0,2,0,0,0,0,0,0,0,10,18.4,4.7,4.0,2.7,0.00,0.03,0.03,0.89,6,True,11,2,2,2026-09-12T14:00:00Z,50,691,1385,694,21863
Tosin Adarabioyo,DEF,Chelsea,147,4,33,4,5,0,1,0,0,0,0,0,0,0,0,0,0,0,5,9.0,0.2,0.0,0.9,0.00,0.00,0.00,0.03,4,True,11,2,2,2026-09-12T14:00:00Z,44,-268,65,333,10931
Jorrel Hato,DEF,Chelsea,148,4,33,4,45,1,0,0,0,0,2,0,0,0,0,0,0,0,-8,3.8,2.9,2.0,0.9,0.00,0.10,0.10,0.44,3,True,11,2,2,2026-09-12T14:00:00Z,45,-4829,485,5314,87452
Levi Samuels Colwill,DEF,Chelsea,149,4,33,4,90,1,1,0,0,0,2,0,0,0,0,0,0,0,8,26.8,12.2,4.0,4.3,0.00,0.01,0.01,1.38,6,True,11,2,2,2026-09-12T14:00:00Z,48,-2965,645,3610,98383
Axel Disasi,DEF,Chelsea,153,4,33,4,33,1,-3,0,0,0,3,0,0,0,0,1,0,0,-18,2.2,0.1,0.0,0.2,0.00,0.00,0.00,0.38,6,True,11,2,2,2026-09-12T14:00:00Z,45,-483,17,500,10931
Cole Palmer,MID,Chelsea,154,4,33,4,90,1,5,0,1,0,2,0,0,0,0,0,0,0,28,18.6,37.6,12.0,6.8,0.13,0.25,0.38,1.38,3,True,11,2,2,2026-09-12T14:00:00Z,97,-36134,35297,71431,2907769
Enzo Fernández,MID,Chelsea,155,4,33,4,81,1,2,0,0,1,0,0,0,0,1,0,0,0,17,10.4,20.7,15.0,4.6,0.18,0.13,0.31,0.50,10,True,11,2,2,2026-09-12T14:00:00Z,69,9629,17791,8162,393533
Pedro Lomba Neto,MID,Chelsea,156,4,33,4,85,1,2,0,0,0,2,0,0,0,0,0,0,0,17,15.8,31.3,27.0,7.4,0.05,0.10,0.15,0.89,7,True,11,2,2,2026-09-12T14:00:00Z,65,-3867,2614,6481,153040
Estêvão Almeida de Oliveira Gonçalves,MID,Chelsea,157,4,33,4,4,0,1,0,0,0,0,0,0,0,0,0,0,0,6,5.0,0.5,21.0,2.7,0.03,0.07,0.10,0.49,1,True,11,2,2,2026-09-12T14:00:00Z,63,-1864,875,2739,76520
Roméo Lavia,MID,Chelsea,161,4,33,4,68,1,2,0,0,0,2,0,0,0,0,0,0,0,14,7.4,4.9,0.0,1.2,0.00,0.07,0.07,0.84,9,True,11,2,2,2026-09-12T14:00:00Z,50,-1507,242,1749,21863
João Pedro Junqueira de Jesus,FWD,Chelsea,165,4,33,4,90,1,12,1,1,0,2,0,0,0,0,0,0,3,44,54.4,15.7,31.0,10.1,0.29,0.04,0.33,1.38,2,True,11,2,2,2026-09-12T14:00:00Z,78,-232939,32268,265207,7258492
Nicolas Jackson,FWD,Chelsea,166,4,33,4,45,1,0,0,0,0,0,0,0,0,1,0,0,0,0,0.0,2.0,2.0,0.2,0.00,0.04,0.04,0.39,0,True,11,2,2,2026-09-12T14:00:00Z,65,17581,22103,4522,153040
Liam Delap,FWD,Chelsea,167,4,33,4,90,1,5,1,0,0,1,0,0,0,1,0,0,0,25,28.6,12.6,38.0,7.9,0.63,0.08,0.71,0.73,4,True,11,2,2,2026-09-12T14:00:00Z,56,1985,21436,19451,306081
Bobby Thomas,DEF,Coventry City,173,4,38,4,90,1,0,0,0,0,5,0,0,0,0,0,0,0,-17,6.8,0.4,23.0,3.0,0.19,0.07,0.26,2.81,8,True,5,0,5,2026-09-13T13:00:00Z,40,-2570,14551,17121,940106
Milan van Ewijk,DEF,Coventry City,175,4,38,4,90,1,0,0,0,0,5,0,0,0,0,0,0,0,-5,18.8,11.6,4.0,3.4,0.00,0.04,0.04,2.81,7,True,5,0,5,2026-09-13T13:00:00Z,40,-48065,920,48985,983832
Jay Dasilva,DEF,Coventry City,176,4,38,4,90,1,0,0,0,0,5,0,0,0,0,0,0,0,-7,12.8,26.0,0.0,3.9,0.00,0.33,0.33,2.81,3,True,5,0,5,2026-09-13T13:00:00Z,40,2540,3379,839,76520
Aurèle Amenda,DEF,Coventry City,182,4,38,4,90,1,0,0,0,0,5,0,0,0,0,0,0,0,-12,18.2,10.3,4.0,3.3,0.00,0.00,0.00,2.81,8,True,5,0,5,2026-09-13T13:00:00Z,40,-4080,17,4097,65589
Jack Rudoni,MID,Coventry City,183,4,38,4,72,1,2,0,0,0,3,0,0,0,0,0,0,0,11,10.8,55.5,25.0,9.1,0.33,0.73,1.06,2.16,5,True,5,0,5,2026-09-13T13:00:00Z,49,105,506,401,10931
Matt Grimes,MID,Coventry City,184,4,38,4,83,1,2,0,0,0,4,0,0,0,0,0,0,0,9,5.6,5.8,2.0,1.3,0.05,0.02,0.07,2.60,3,True,5,0,5,2026-09-13T13:00:00Z,49,-471,122,593,10931
Ephron Mason-Clark,MID,Coventry City,186,4,38,4,59,1,1,0,0,0,2,0,0,0,0,0,0,0,5,6.0,1.0,44.0,5.1,0.49,0.01,0.50,1.37,4,True,5,0,5,2026-09-13T13:00:00Z,54,-202,37,239,10931
Victor Torp,MID,Coventry City,188,4,38,4,6,0,1,0,0,0,1,0,0,0,0,0,0,0,3,0.4,0.4,0.0,0.1,0.00,0.00,0.00,0.21,0,True,5,0,5,2026-09-13T13:00:00Z,53,-249,31,280,10931
Brandon Thomas-Asante,FWD,Coventry City,194,4,38,4,17,0,1,0,0,0,2,0,0,0,0,0,0,0,7,6.0,0.5,26.0,3.3,0.21,0.03,0.24,0.64,0,True,5,0,5,2026-09-13T13:00:00Z,50,839,4412,3573,87452
Walter Benítez,GKP,Crystal Palace,199,4,34,4,90,1,2,0,0,0,3,0,0,0,0,0,3,0,3,18.8,0.0,0.0,1.9,0.00,0.00,0.00,1.68,0,True,12,2,3,2026-09-12T14:00:00Z,45,172,361,189,10931
Maxence Lacroix,DEF,Chelsea,200,4,33,4,4,0,1,0,0,0,0,0,0,0,0,0,0,0,4,3.6,0.0,0.0,0.4,0.00,0.00,0.00,0.49,3,True,11,2,2,2026-09-12T14:00:00Z,59,-14815,4211,19026,743340
Daniel Muñoz Mejía,DEF,Crystal Palace,201,4,34,4,90,1,2,0,0,0,1,0,0,0,0,0,0,0,23,31.6,55.9,39.0,12.7,0.22,0.18,0.40,0.82,7,True,12,2,3,2026-09-12T14:00:00Z,54,-13552,5414,18966,634025
Chris Richards,DEF,Crystal Palace,202,4,34,4,90,1,2,0,0,0,3,0,0,0,1,0,0,0,2,22.4,5.9,0.0,2.8,0.00,0.06,0.06,1.68,13,True,12,2,3,2026-09-12T14:00:00Z,50,-499,898,1397,65589
Tyrick Mitchell,DEF,Crystal Palace,204,4,34,4,76,1,1,0,0,0,2,0,0,0,0,0,0,0,6,7.8,18.1,0.0,2.6,0.00,0.06,0.06,1.13,1,True,12,2,3,2026-09-12T14:00:00Z,45,-2507,7554,10061,655888
Brennan Johnson,MID,Everton,209,4,37,4,74,1,3,0,0,1,0,0,0,0,0,0,0,0,13,11.2,29.0,6.0,4.6,0.16,0.18,0.34,0.43,6,False,19,0,0,2026-09-12T16:30:00Z,59,-231,219,450,10931
Adam Wharton,MID,Crystal Palace,210,4,34,4,76,1,2,0,0,0,2,0,0,0,0,0,0,0,13,5.2,11.8,3.0,2.0,0.08,0.04,0.12,1.13,5,True,12,2,3,2026-09-12T14:00:00Z,55,-2262,688,2950,76520
Yéremy Pino Santos,MID,Crystal Palace,211,4,34,4,36,1,1,0,0,0,1,0,0,0,0,0,0,0,4,0.0,2.7,2.0,0.5,0.00,0.01,0.01,0.38,1,True,12,2,3,2026-09-12T14:00:00Z,55,-1391,431,1822,43726
Will Hughes,MID,Crystal Palace,212,4,34,4,13,0,1,0,0,0,1,0,0,0,0,0,0,0,6,5.6,15.0,0.0,2.1,0.00,0.04,0.04,0.55,4,True,12,2,3,2026-09-12T14:00:00Z,44,-23115,5769,28884,819860
Jefferson Lerma Solís,MID,Crystal Palace,213,4,34,4,6,0,1,0,0,0,1,0,0,0,0,0,0,0,3,2.2,0.3,0.0,0.3,0.00,0.00,0.00,0.48,1,True,12,2,3,2026-09-12T14:00:00Z,49,-184,34,218,10931
Daichi Kamada,MID,Crystal Palace,214,4,34,4,83,1,8,0,2,0,2,0,0,0,0,0,0,0,30,36.2,21.9,2.0,6.0,0.00,0.05,0.05,1.20,1,True,12,2,3,2026-09-12T14:00:00Z,50,56,1913,1857,54657
Jørgen Strand Larsen,FWD,Crystal Palace,222,4,34,4,83,1,8,1,0,0,2,0,0,0,0,0,0,2,39,40.8,12.8,31.0,8.5,0.09,0.02,0.11,1.20,2,True,12,2,3,2026-09-12T14:00:00Z,60,530,2888,2358,65589
Jordan Pickford,GKP,Everton,226,4,37,4,90,1,6,0,0,1,0,0,0,0,0,0,2,0,25,11.6,0.0,0.0,1.2,0.00,0.00,0.00,0.69,0,False,19,0,0,2026-09-12T16:30:00Z,55,9940,18201,8261,994763
James Tarkowski,DEF,Everton,229,4,37,4,90,1,8,0,0,1,0,0,0,0,0,0,0,2,32,19.2,1.8,0.0,2.1,0.00,0.01,0.01,0.69,8,False,19,0,0,2026-09-12T16:30:00Z,61,123957,133269,9312,1683445
Jarrad Branthwaite,DEF,Everton,230,4,37,4,90,1,6,0,0,1,0,0,0,0,0,0,0,0,27,30.0,3.4,0.0,3.3,0.00,0.00,0.00,0.69,9,False,19,0,0,2026-09-12T16:30:00Z,55,8140,11746,3606,262355
Jake O'Brien,DEF,Everton,232,4,37,4,15,0,1,0,0,0,0,0,0,0,0,0,0,0,2,1.0,0.0,0.0,0.1,0.00,0.00,0.00,0.26,1,False,19,0,0,2026-09-12T16:30:00Z,48,-470,212,682,32794
Vitalii Mykolenko,DEF,Everton,233,4,37,4,90,1,11,0,0,1,0,0,0,0,0,0,0,3,38,24.4,11.3,4.0,4.0,0.00,0.07,0.07,0.69,11,False,19,0,0,2026-09-12T16:30:00Z,46,23821,33191,9370,459121
Kiernan Dewsbury-Hall,MID,Everton,236,4,37,4,90,1,2,0,0,1,0,0,0,0,1,0,0,0,16,15.0,19.0,28.0,6.2,0.17,0.09,0.26,0.69,6,False,19,0,0,2026-09-12T16:30:00Z,66,-1635,28050,29685,666819
Iliman Ndiaye,MID,Everton,237,4,37,4,45,0,1,0,0,0,0,0,0,0,0,0,0,0,15,9.8,1.8,2.0,1.4,0.00,0.01,0.01,0.80,10,False,19,0,0,2026-09-12T16:30:00Z,58,-44222,4482,48704,754271
Jack Grealish,MID,Man City,238,4,39,4,25,0,1,0,0,0,0,0,0,0,0,0,0,0,4,3.4,1.2,2.0,0.7,0.00,0.01,0.01,0.30,4,False,16,0,1,2026-09-13T15:30:00Z,65,124,1974,1850,43726
James Garner,MID,Everton,239,4,37,4,90,1,4,0,0,1,0,0,0,0,1,0,0,0,23,23.6,5.1,7.0,3.6,0.04,0.02,0.06,0.69,17,False,19,0,0,2026-09-12T16:30:00Z,60,-345,946,1291,21863
Tim Iroegbunam,MID,Everton,240,4,37,4,21,0,0,0,0,0,0,0,0,0,1,0,0,0,2,3.0,0.2,0.0,0.3,0.00,0.00,0.00,0.35,2,False,19,0,0,2026-09-12T16:30:00Z,50,-41,47,88,0
Tyrique George,MID,Everton,242,4,37,4,64,1,3,0,0,1,0,0,0,0,0,0,0,0,13,6.4,15.4,5.0,2.7,0.05,0.15,0.20,0.39,3,False,19,0,0,2026-09-12T16:30:00Z,55,-6489,1501,7990,98383
Harrison Armstrong,MID,Everton,244,4,37,4,90,1,3,0,0,1,0,0,0,0,0,0,0,0,6,12.4,4.5,2.0,1.9,0.00,0.02,0.02,0.69,5,False,19,0,0,2026-09-12T16:30:00Z,50,-1918,502,2420,43726
Hayden Hackney,MID,Everton,247,4,37,4,15,0,1,0,0,0,0,0,0,0,0,0,0,0,3,3.2,10.8,4.0,1.8,0.00,0.02,0.02,0.26,1,False,19,0,0,2026-09-12T16:30:00Z,54,-612,129,741,21863
Thierno Barry,FWD,Everton,249,4,37,4,90,1,2,0,0,1,0,0,0,0,0,0,0,0,5,3.2,14.0,57.0,7.4,0.67,0.03,0.70,0.69,2,False,19,0,0,2026-09-12T16:30:00Z,56,23308,46315,23007,885449
Bernd Leno,GKP,Fulham,250,4,35,4,90,1,9,0,0,1,0,0,0,0,0,0,3,2,29,25.4,0.0,0.0,2.5,0.00,0.00,0.00,1.28,0,False,14,0,0,2026-09-12T14:00:00Z,45,16751,21656,4905,360738
Antonee Robinson,DEF,Fulham,254,4,35,4,90,1,6,0,0,1,0,0,0,0,0,0,0,0,25,17.6,22.1,6.0,4.6,0.05,0.05,0.10,1.28,9,False,14,0,0,2026-09-12T14:00:00Z,45,6059,9334,3275,153040
Kenny Tete,DEF,Fulham,256,4,35,4,27,0,0,0,0,0,0,0,0,0,1,0,0,0,-1,1.6,0.3,2.0,0.4,0.00,0.00,0.00,0.65,3,False,14,0,0,2026-09-12T14:00:00Z,44,-830,14,844,21863
Calvin Bassey,DEF,Fulham,257,4,35,4,90,1,6,0,0,1,0,0,0,0,0,0,0,0,27,23.4,0.7,21.0,4.5,0.05,0.00,0.05,1.28,8,False,14,0,0,2026-09-12T14:00:00Z,45,1677,2552,875,76520
Timothy Castagne,DEF,Fulham,258,4,35,4,71,1,6,0,0,1,0,0,0,0,0,0,0,0,23,11.2,0.8,2.0,1.4,0.00,0.01,0.01,0.74,5,False,14,0,0,2026-09-12T14:00:00Z,45,7425,9979,2554,98383
Issa Diop,DEF,Ipswich Town,259,4,34,4,90,1,1,0,0,0,2,0,0,0,0,0,0,0,8,15.0,1.8,2.0,1.9,0.00,0.13,0.13,0.62,7,False,8,2,3,2026-09-12T14:00:00Z,40,-30042,4390,34432,1410159
Harry Wilson,MID,Leeds,260,4,40,4,18,0,1,0,0,0,1,0,0,0,0,0,0,0,4,3.2,4.7,0.0,0.8,0.00,0.03,0.03,0.30,2,True,17,4,1,2026-09-14T19:00:00Z,62,-28314,39,28353,196766
Alex Iwobi,MID,Fulham,261,4,35,4,76,1,3,0,0,1,0,0,0,0,0,0,0,0,15,7.6,33.7,10.0,5.1,0.15,0.11,0.26,0.81,4,False,14,0,0,2026-09-12T14:00:00Z,54,-446,1582,2028,65589
Emile Smith Rowe,MID,Fulham,262,4,35,4,13,0,1,0,0,0,0,0,0,0,0,0,0,0,3,1.2,0.5,0.0,0.2,0.00,0.00,0.00,0.46,2,False,14,0,0,2026-09-12T14:00:00Z,54,-669,160,829,21863
Kevin Santos Lopes de Macedo,MID,Fulham,263,4,35,4,18,0,1,0,0,0,0,0,0,0,0,0,0,0,4,0.2,3.3,1.0,0.5,0.03,0.07,0.10,0.54,3,False,14,0,0,2026-09-12T14:00:00Z,53,-64,104,168,0
Oscar Bobb,MID,Fulham,264,4,35,4,62,1,3,0,0,1,0,0,0,0,0,0,0,0,12,10.0,30.0,4.0,4.4,0.00,0.13,0.13,0.63,7,False,14,0,0,2026-09-12T14:00:00Z,55,138,1198,1060,32794
Sander Berge,MID,Fulham,265,4,35,4,90,1,3,0,0,1,0,0,0,0,0,0,0,0,14,18.6,11.7,6.0,3.6,0.00,0.01,0.01,1.28,9,False,14,0,0,2026-09-12T14:00:00Z,49,-468,354,822,32794
Saša Lukić,MID,Ipswich Town,267,4,34,4,76,1,1,0,0,0,2,0,0,0,1,0,0,0,8,10.2,23.5,2.0,3.6,0.00,0.10,0.10,0.35,10,False,8,2,3,2026-09-12T14:00:00Z,49,-213,118,331,10931
Josh King,MID,Fulham,268,4,35,4,76,1,3,0,0,1,0,0,0,0,0,0,0,0,19,11.4,14.3,37.0,6.3,0.21,0.09,0.30,0.81,4,False,14,0,0,2026-09-12T14:00:00Z,55,40191,49883,9692,251424
Rodrigo Muniz Carvalho,FWD,Fulham,271,4,35,4,13,0,1,0,0,0,0,0,0,0,0,0,0,0,4,2.0,0.3,2.0,0.4,0.00,0.00,0.00,0.46,1,False,14,0,0,2026-09-12T14:00:00Z,54,-614,1032,1646,43726
John Egan,DEF,Hull City,277,4,33,4,90,1,2,0,0,0,2,0,0,0,1,0,0,0,-1,14.2,0.5,6.0,2.1,0.04,0.00,0.04,0.91,14,False,6,2,2,2026-09-12T14:00:00Z,41,61,17634,17573,776134
Semi Ajayi,DEF,Hull City,279,4,33,4,90,1,1,0,0,0,2,0,0,0,0,0,0,0,-6,5.4,1.3,6.0,1.3,0.13,0.00,0.13,0.91,3,False,6,2,2,2026-09-12T14:00:00Z,42,-4488,31869,36357,1541336
Lewie Coyle,DEF,Hull City,280,4,33,4,81,1,1,0,0,0,2,0,0,0,0,0,0,0,2,5.6,10.9,5.0,2.2,0.13,0.01,0.14,0.72,3,False,6,2,2,2026-09-12T14:00:00Z,40,241,1426,1185,76520
Ryan Giles,DEF,Hull City,282,4,33,4,90,1,4,0,1,0,2,0,0,0,0,0,0,0,20,32.4,33.5,0.0,6.6,0.00,0.17,0.17,0.91,7,False,6,2,2,2026-09-12T14:00:00Z,40,7428,15697,8269,317012
Mohamed Belloumi,MID,Hull City,286,4,33,4,59,1,13,2,0,0,1,0,0,0,0,0,0,2,43,68.2,11.7,31.0,11.1,0.17,0.06,0.23,0.26,1,False,6,2,2,2026-09-12T14:00:00Z,51,31323,46415,15092,513779
Matt Crooks,MID,Hull City,289,4,33,4,68,1,1,0,0,0,2,0,0,0,1,0,0,0,2,11.0,0.4,0.0,1.1,0.00,0.00,0.00,0.55,10,False,6,2,2,2026-09-12T14:00:00Z,44,587,3213,2626,54657
Regan Slater,MID,Hull City,290,4,33,4,90,1,2,0,0,0,2,0,0,0,0,0,0,0,22,19.2,26.9,7.0,5.3,0.04,0.10,0.14,0.91,11,False,6,2,2,2026-09-12T14:00:00Z,45,-14761,10064,24825,579368
Oli McBurnie,FWD,Hull City,295,4,33,4,81,1,4,0,1,0,2,0,0,0,1,0,0,0,17,23.6,10.8,19.0,5.3,0.33,0.04,0.37,0.72,3,False,6,2,2,2026-09-12T14:00:00Z,55,-7429,4924,12353,207698
Dara O'Shea,DEF,Ipswich Town,304,4,34,4,90,1,1,0,0,0,2,0,0,0,0,0,0,0,5,29.6,30.8,4.0,6.4,0.00,0.08,0.08,0.62,9,False,8,2,3,2026-09-12T14:00:00Z,40,-6950,1155,8105,295150
Leif Davis,DEF,Ipswich Town,305,4,34,4,90,1,14,1,2,0,2,0,0,0,0,0,0,1,35,54.8,17.1,39.0,11.1,0.52,0.19,0.71,0.62,2,False,8,2,3,2026-09-12T14:00:00Z,40,17026,31302,14276,754271
Jacob Greaves,DEF,Ipswich Town,306,4,34,4,87,1,1,0,0,0,2,0,0,0,0,0,0,0,7,18.8,2.0,0.0,2.1,0.00,0.01,0.01,0.62,6,False,8,2,3,2026-09-12T14:00:00Z,40,-1777,284,2061,120246
Jack Clarke,MID,Ipswich Town,313,4,34,4,62,1,1,0,0,0,1,0,0,0,1,0,0,0,8,5.0,13.0,21.0,3.9,0.15,0.02,0.17,0.20,2,False,8,2,3,2026-09-12T14:00:00Z,54,-540,82,622,21863
Abdul Fatawu,MID,Ipswich Town,315,4,34,4,61,1,1,0,0,0,1,0,0,0,1,0,0,0,6,6.2,11.3,6.0,2.4,0.00,0.05,0.05,0.20,7,False,8,2,3,2026-09-12T14:00:00Z,54,-1565,44,1609,21863
Emersonn Correia da Silva,FWD,Ipswich Town,316,4,34,4,62,1,12,1,1,0,1,0,0,0,0,0,0,3,45,46.6,12.4,33.0,9.2,0.44,0.05,0.49,0.20,2,False,8,2,3,2026-09-12T14:00:00Z,55,7960,22926,14966,371670
Jaden Philogene,MID,Ipswich Town,318,4,34,4,28,0,1,0,0,0,1,0,0,0,0,0,0,0,6,3.4,0.8,9.0,1.3,0.02,0.00,0.01,0.41,3,False,8,2,3,2026-09-12T14:00:00Z,54,-76,17,93,10931
Pascal Struijk,DEF,Brighton,328,4,38,4,12,0,1,0,0,0,0,0,0,0,0,0,0,0,4,11.2,0.8,0.0,1.2,0.00,0.01,0.01,0.22,4,False,7,0,5,2026-09-13T13:00:00Z,49,222,525,303,21863
Jayden Bogle,DEF,Leeds,330,4,40,4,82,1,15,1,0,1,0,0,0,0,0,0,0,3,45,47.8,18.5,71.0,13.7,0.41,0.05,0.46,0.59,3,True,17,4,1,2026-09-14T19:00:00Z,46,62846,76041,13195,721477
Gabriel Gudmundsson,DEF,Leeds,331,4,40,4,72,1,6,0,0,1,0,0,0,0,0,0,0,0,26,10.0,8.6,4.0,2.3,0.00,0.18,0.18,0.58,4,True,17,4,1,2026-09-14T19:00:00Z,45,118,275,157,10931
James Justin,DEF,Leeds,332,4,40,4,90,1,2,0,0,0,1,0,0,0,0,0,0,0,11,18.4,25.6,4.0,4.8,0.00,0.28,0.28,0.88,5,True,17,4,1,2026-09-14T19:00:00Z,45,-1264,2314,3578,163972
Tarik Muharemović,DEF,Leeds,334,4,40,4,90,1,7,0,1,0,1,0,0,0,0,0,0,0,27,37.0,10.5,2.0,5.0,0.00,0.02,0.02,0.88,11,True,17,4,1,2026-09-14T19:00:00Z,50,2795,14576,11781,470053
Anton Stach,MID,Leeds,335,4,40,4,87,1,3,0,0,1,0,0,0,0,0,0,0,0,16,12.0,40.4,12.0,6.4,0.43,0.07,0.50,0.59,10,True,17,4,1,2026-09-14T19:00:00Z,60,-10390,2974,13364,273287
Noah Okafor,MID,Leeds,336,4,40,4,71,1,9,1,0,1,0,0,0,0,0,0,0,1,35,41.4,17.8,21.0,8.0,0.07,0.08,0.15,0.58,6,True,17,4,1,2026-09-14T19:00:00Z,58,-1074,1071,2145,43726
Brenden Aaronson,MID,Leeds,337,4,40,4,18,0,1,0,0,0,1,0,0,0,0,0,0,0,4,0.2,0.3,2.0,0.3,0.00,0.00,0.00,0.30,1,True,17,4,1,2026-09-14T19:00:00Z,53,-2130,120,2250,54657
Ethan Ampadu,MID,Leeds,338,4,40,4,90,1,7,0,1,0,1,0,0,0,0,0,0,0,25,8.0,1.7,4.0,1.4,0.07,0.02,0.09,0.88,12,True,17,4,1,2026-09-14T19:00:00Z,54,-2327,830,3157,98383
Sean Longstaff,MID,Leeds,339,4,40,4,2,0,1,0,0,0,1,0,0,0,0,0,0,0,4,0.0,0.0,0.0,0.0,0.00,0.00,0.00,0.28,0,True,17,4,1,2026-09-14T19:00:00Z,49,-313,81,394,10931
Daniel James,MID,Leeds,343,4,40,4,7,0,1,0,0,0,1,0,0,0,0,0,0,0,4,0.0,0.0,3.0,0.3,0.11,0.00,0.11,0.28,2,True,17,4,1,2026-09-14T19:00:00Z,49,-254,113,367,10931
Tanaka Ao,MID,Leeds,345,4,40,4,71,1,6,0,1,1,0,0,0,0,0,0,0,0,24,9.2,3.1,2.0,1.4,0.06,0.03,0.09,0.58,5,True,17,4,1,2026-09-14T19:00:00Z,49,-110,1254,1364,32794
Dominic Calvert-Lewin,FWD,Leeds,346,4,40,4,77,1,10,1,1,1,0,0,0,0,1,0,0,2,37,51.0,12.2,67.0,13.0,0.87,0.00,0.87,0.59,5,True,17,4,1,2026-09-14T19:00:00Z,60,-45629,62208,107837,2754729
Lukas Nmecha,FWD,Leeds,347,4,40,4,12,0,1,0,0,0,1,0,0,0,0,0,0,0,4,0.2,0.3,0.0,0.1,0.00,0.01,0.01,0.28,1,True,17,4,1,2026-09-14T19:00:00Z,54,-1218,1152,2370,54657
Alisson Becker,GKP,Liverpool,350,4,35,4,90,1,9,0,0,1,0,0,0,0,0,0,3,2,29,21.0,0.0,0.0,2.1,0.00,0.00,0.00,0.70,0,True,10,0,0,2026-09-12T14:00:00Z,55,-406,6124,6530,426327
Virgil van Dijk,DEF,Liverpool,356,4,35,4,90,1,8,0,0,1,0,0,0,0,0,0,0,0,25,25.8,12.8,0.0,3.9,0.00,0.01,0.01,0.70,10,True,10,0,0,2026-09-12T14:00:00Z,65,-14060,11646,25706,1781829
Jeremie Frimpong,DEF,Liverpool,357,4,35,4,18,0,1,0,0,0,0,0,0,0,0,0,0,0,12,13.0,24.9,2.0,4.0,0.00,0.12,0.12,0.10,4,True,10,0,0,2026-09-12T14:00:00Z,53,-6835,944,7779,196766
Milos Kerkez,DEF,Liverpool,358,4,35,4,45,0,1,0,0,0,0,0,0,0,0,0,0,0,6,9.8,7.1,0.0,1.7,0.00,0.01,0.01,0.30,3,True,10,0,0,2026-09-12T14:00:00Z,54,-4988,1466,6454,251424
Jeremy Jacquet,DEF,Liverpool,362,4,35,4,90,1,9,0,0,1,0,0,0,0,0,0,0,3,36,20.2,3.3,0.0,2.4,0.00,0.02,0.02,0.70,5,True,10,0,0,2026-09-12T14:00:00Z,50,10155,17671,7516,371670
Kostas Tsimikas,DEF,Liverpool,364,4,35,4,45,1,1,0,0,0,0,0,0,0,0,0,0,0,2,2.8,1.6,0.0,0.4,0.00,0.01,0.01,0.40,3,True,10,0,0,2026-09-12T14:00:00Z,49,-187,51,238,10931
Florian Wirtz,MID,Liverpool,366,4,35,4,90,1,3,0,0,1,0,0,0,0,0,0,0,0,14,7.6,31.8,12.0,5.1,0.11,0.06,0.17,0.70,9,True,10,0,0,2026-09-12T14:00:00Z,73,-27499,1421,28920,644956
Cody Gakpo,MID,Liverpool,367,4,35,4,30,0,1,0,0,0,0,0,0,0,0,0,0,0,3,0.8,1.3,7.0,0.9,0.08,0.02,0.10,0.16,2,True,10,0,0,2026-09-12T14:00:00Z,72,-20426,31694,52120,1377364
Dominik Szoboszlai,MID,Liverpool,368,4,35,4,90,1,3,0,0,1,0,0,0,0,0,0,0,0,25,16.0,55.7,9.0,8.1,0.12,0.28,0.40,0.70,6,True,10,0,0,2026-09-12T14:00:00Z,70,-119839,20920,140759,3651109
Rio Ngumoha,MID,Liverpool,369,4,35,4,18,0,1,0,0,0,0,0,0,0,0,0,0,0,-1,0.0,0.8,4.0,0.3,0.11,0.00,0.11,0.10,1,True,10,0,0,2026-09-12T14:00:00Z,57,-2313,460,2773,54657
Ryan Gravenberch,MID,Liverpool,371,4,35,4,59,1,1,0,0,0,0,0,0,0,0,0,0,0,13,19.6,11.4,2.0,3.3,0.04,0.01,0.05,0.54,10,True,10,0,0,2026-09-12T14:00:00Z,58,-4894,725,5619,120246
Alexis Mac Allister,MID,Liverpool,372,4,35,4,30,0,1,0,0,0,0,0,0,0,0,0,0,0,7,9.2,22.4,4.0,3.6,0.02,0.02,0.04,0.16,4,True,10,0,0,2026-09-12T14:00:00Z,54,-1910,2272,4182,142109
Victor Munoz,MID,Liverpool,377,4,35,4,59,1,1,0,0,0,0,0,0,0,0,0,0,0,5,3.4,1.4,37.0,4.2,0.10,0.00,0.10,0.54,2,True,10,0,0,2026-09-12T14:00:00Z,65,-7021,847,7868,98383
Alexander Isak,FWD,Liverpool,379,4,35,4,90,1,2,0,0,1,0,0,0,0,0,0,0,0,5,1.2,2.8,28.0,3.2,0.50,0.00,0.50,0.70,1,True,10,0,0,2026-09-12T14:00:00Z,91,21060,65216,44156,2426785
Gianluigi Donnarumma,GKP,Man City,384,4,39,4,90,1,7,0,0,1,0,0,0,0,0,0,3,0,29,20.6,0.0,0.0,2.1,0.00,0.00,0.00,1.00,0,False,16,0,1,2026-09-13T15:30:00Z,55,-11087,7098,18185,841723
James Trafford,GKP,Leeds,385,4,40,4,90,1,3,0,0,0,1,0,0,0,0,0,4,0,17,29.0,0.0,0.0,2.9,0.00,0.00,0.00,0.88,0,True,17,4,1,2026-09-14T19:00:00Z,50,1672,10122,8450,590299
Nico O'Reilly,DEF,Man City,387,4,39,4,8,0,1,0,0,0,0,0,0,0,0,0,0,0,3,0.0,0.5,0.0,0.1,0.00,0.00,0.00,0.50,0,False,16,0,1,2026-09-13T15:30:00Z,64,-43617,3111,46728,1213393
Marc Guéhi,DEF,Man City,388,4,39,4,90,1,6,0,0,1,0,0,0,0,0,0,0,0,27,16.6,0.6,2.0,1.9,0.00,0.00,0.00,1.00,7,False,16,0,1,2026-09-13T15:30:00Z,60,-14070,15472,29542,2011389
Matheus Nunes,DEF,Man City,389,4,39,4,90,1,9,0,0,1,0,0,0,0,0,0,0,1,34,31.2,1.5,0.0,3.3,0.00,0.01,0.01,1.00,11,False,16,0,1,2026-09-13T15:30:00Z,59,-530,1064,1594,109315
Rúben dos Santos Gato Alves Dias,DEF,Man City,390,4,39,4,90,1,6,0,0,1,0,0,0,0,0,0,0,0,24,17.4,0.2,2.0,2.0,0.00,0.00,0.00,1.00,7,False,16,0,1,2026-09-13T15:30:00Z,55,-2375,2901,5276,207698
Joško Gvardiol,DEF,Man City,391,4,39,4,90,1,11,0,1,1,0,0,0,0,1,0,0,3,36,16.4,1.1,4.0,2.2,0.02,0.00,0.02,1.00,7,False,16,0,1,2026-09-13T15:30:00Z,57,65499,94263,28764,2885906
Antoine Semenyo,MID,Man City,397,4,39,4,90,1,3,0,0,1,0,0,0,0,0,0,0,0,7,2.2,16.1,6.0,2.4,0.00,0.06,0.06,1.00,3,False,16,0,1,2026-09-13T15:30:00Z,84,43497,73771,30274,1661583
Phil Foden,MID,Man City,398,4,39,4,22,1,-2,0,0,0,0,0,0,0,0,1,0,0,-4,0.0,12.1,6.0,1.6,0.00,0.02,0.02,0.10,0,False,16,0,1,2026-09-13T15:30:00Z,69,-19321,103,19424,207698
Rayan Cherki,MID,Man City,399,4,39,4,45,1,1,0,0,0,0,0,0,0,0,0,0,0,4,1.6,6.6,4.0,1.2,0.03,0.06,0.09,0.20,1,False,16,0,1,2026-09-13T15:30:00Z,78,4179,64201,60022,3071741
Omar Marmoush,FWD,Man City,401,4,39,4,76,1,2,0,0,1,0,0,0,0,0,0,0,0,9,3.2,11.6,14.0,2.9,0.02,0.03,0.05,1.08,5,False,16,0,1,2026-09-13T15:30:00Z,70,-8497,5946,14443,229561
Sávio Moreira de Oliveira,MID,Spurs,403,4,37,4,90,1,3,0,0,1,0,0,0,0,0,0,0,0,22,20.8,53.7,28.0,10.3,0.10,0.26,0.36,1.11,6,True,9,0,0,2026-09-12T16:30:00Z,65,-2972,1632,4604,76520
Nico González Iglesias,MID,Man City,405,4,39,4,18,1,1,0,0,0,0,0,0,0,0,0,0,0,3,0.0,0.1,0.0,0.0,0.00,0.00,0.00,0.27,1,False,16,0,1,2026-09-13T15:30:00Z,55,-1202,256,1458,21863
Erling Haaland,FWD,Man City,411,4,39,4,90,1,9,1,0,1,0,0,0,0,0,0,0,3,36,34.0,1.6,37.0,7.3,0.87,0.01,0.88,1.00,3,False,16,0,1,2026-09-13T15:30:00Z,156,34935,46449,11514,8045558
Senne Lammens,GKP,Man Utd,412,4,39,4,90,1,2,0,0,0,1,0,0,0,0,0,1,0,5,6.6,0.0,0.0,0.7,0.00,0.00,0.00,1.10,0,True,15,0,1,2026-09-13T15:30:00Z,49,-27287,3936,31223,1104078
Patrick Dorgu,MID,Man Utd,415,4,39,4,90,1,4,0,0,0,1,0,0,0,0,0,0,0,19,19.6,18.7,4.0,4.2,0.00,0.03,0.03,1.10,12,True,15,0,1,2026-09-13T15:30:00Z,58,-1955,567,2522,54657
Diogo Dalot Teixeira,DEF,Man Utd,417,4,39,4,90,1,2,0,0,0,1,0,0,0,0,0,0,0,9,6.2,16.5,3.0,2.6,0.02,0.05,0.07,1.10,3,True,15,0,1,2026-09-13T15:30:00Z,49,-3902,719,4621,174903
Harry Maguire,DEF,Man Utd,418,4,39,4,90,1,1,0,0,0,1,0,0,0,1,0,0,0,4,9.4,1.6,11.0,2.2,0.12,0.01,0.13,1.10,5,True,15,0,1,2026-09-13T15:30:00Z,49,-45925,2434,48359,972900
Lisandro Martínez,DEF,Man Utd,419,4,39,4,90,1,2,0,0,0,1,0,0,0,0,0,0,0,14,20.2,3.4,7.0,3.1,0.03,0.08,0.11,1.10,6,True,15,0,1,2026-09-13T15:30:00Z,50,-1426,2245,3671,142109
Bruno Borges Fernandes,MID,Man Utd,426,4,39,4,90,1,2,0,0,0,1,0,0,0,0,0,0,0,17,17.0,31.4,7.0,5.5,0.03,0.33,0.36,1.10,7,True,15,0,1,2026-09-13T15:30:00Z,120,-108834,20271,129105,4263271
Bryan Mbeumo,MID,Man Utd,427,4,39,4,90,1,2,0,0,0,1,0,0,0,0,0,0,0,9,11.2,32.8,24.0,6.8,0.49,0.08,0.57,1.10,5,True,15,0,1,2026-09-13T15:30:00Z,79,-65228,19864,85092,2284676
Matheus Santos Carneiro da Cunha,MID,Man Utd,428,4,39,4,90,1,2,0,0,0,1,0,0,0,0,0,0,0,8,2.4,14.3,15.0,3.2,0.11,0.03,0.14,1.10,2,True,15,0,1,2026-09-13T15:30:00Z,79,-5963,8817,14780,623093
Marcus Rashford,MID,Man Utd,429,4,39,4,82,1,2,0,0,0,1,0,0,0,0,0,0,0,6,5.4,14.1,29.0,4.9,0.12,0.08,0.20,1.08,5,True,15,0,1,2026-09-13T15:30:00Z,70,-4234,3647,7881,163972
Kobbie Mainoo,MID,Man Utd,432,4,39,4,90,1,4,0,0,0,1,0,0,0,0,0,0,0,20,19.8,37.2,1.0,5.8,0.03,0.07,0.10,1.10,13,True,15,0,1,2026-09-13T15:30:00Z,55,261,6051,5790,174903
Benjamin Sesko,FWD,Man Utd,439,4,39,4,23,0,1,0,0,0,0,0,0,0,0,0,0,0,4,1.2,0.7,4.0,0.6,0.06,0.00,0.06,0.57,2,True,15,0,1,2026-09-13T15:30:00Z,70,-6976,6110,13086,185835
Joshua Zirkzee,FWD,Man Utd,440,4,39,4,7,0,1,0,0,0,0,0,0,0,0,0,0,0,4,4.4,4.8,0.0,0.9,0.00,0.01,0.01,0.02,3,True,15,0,1,2026-09-13T15:30:00Z,53,-884,1006,1890,43726
Malick Thiaw,DEF,Newcastle,445,4,40,4,90,1,2,0,0,0,4,0,0,0,0,0,0,0,-6,22.6,0.9,0.0,2.4,0.00,0.00,0.00,2.08,11,False,13,4,1,2026-09-14T19:00:00Z,50,-591,5227,5818,240492
Sven Botman,DEF,Newcastle,447,4,40,4,90,1,2,0,0,0,4,0,0,0,0,0,0,0,2,31.2,0.3,0.0,3.2,0.00,0.00,0.00,2.08,17,False,13,4,1,2026-09-14T19:00:00Z,50,1244,2875,1631,76520
Lewis Hall,DEF,Newcastle,449,4,40,4,90,1,0,0,0,0,4,0,0,0,0,0,0,0,9,21.0,3.9,7.0,3.2,0.02,0.01,0.03,2.08,6,False,13,4,1,2026-09-14T19:00:00Z,52,137141,146791,9650,1781829
Tino Livramento,DEF,Newcastle,450,4,40,4,32,0,3,0,1,0,1,0,0,0,1,0,0,0,9,4.8,3.8,4.0,1.3,0.00,0.01,0.01,0.16,3,False,13,4,1,2026-09-14T19:00:00Z,49,-651,372,1023,10931
Bruno Guimarães Rodriguez Moura,MID,Arsenal,452,4,36,4,45,0,7,1,0,0,0,0,0,0,0,0,0,1,29,35.4,3.9,11.0,5.0,0.09,0.14,0.23,1.57,3,False,20,0,2,2026-09-12T19:00:00Z,67,-1786,2829,4615,196766
Harvey Barnes,MID,Newcastle,453,4,40,4,90,1,2,0,0,0,4,0,0,0,0,0,0,0,13,12.2,16.8,30.0,5.9,0.29,0.31,0.60,2.08,6,False,13,4,1,2026-09-14T19:00:00Z,61,98617,106182,7565,568436
Sandro Tonali,MID,Spurs,455,4,37,4,90,1,3,0,0,1,0,0,0,0,0,0,0,0,16,12.2,30.7,6.0,4.9,0.09,0.31,0.40,1.11,11,True,9,0,0,2026-09-12T16:30:00Z,53,-8989,1336,10325,207698
Jacob Murphy,MID,Newcastle,457,4,40,4,56,1,0,0,0,0,3,0,0,0,1,0,0,0,2,1.2,3.7,2.0,0.7,0.00,0.14,0.14,1.91,4,False,13,4,1,2026-09-14T19:00:00Z,59,64,527,463,10931
Lewis Miley,MID,Newcastle,459,4,40,4,79,1,0,0,0,0,4,1,0,0,0,0,0,0,9,6.6,4.5,0.0,1.1,0.00,0.03,0.03,1.97,10,False,13,4,1,2026-09-14T19:00:00Z,55,14,286,272,10931
Joe Willock,MID,Newcastle,460,4,40,4,32,0,1,0,0,0,1,0,0,0,0,0,0,0,8,7.6,13.3,18.0,3.9,0.12,0.06,0.18,0.16,4,False,13,4,1,2026-09-14T19:00:00Z,50,4783,6290,1507,54657
Bazoumana Touré,MID,Newcastle,461,4,40,4,33,0,6,1,0,0,1,0,0,0,0,0,0,0,24,36.6,5.3,21.0,6.3,0.28,0.01,0.29,0.16,2,False,13,4,1,2026-09-14T19:00:00Z,58,-324,205,529,10931
Sean Steur,MID,Newcastle,462,4,40,4,71,0,2,0,0,0,4,0,0,0,0,0,0,0,14,12.0,20.2,0.0,3.2,0.00,0.03,0.03,1.81,7,False,13,4,1,2026-09-14T19:00:00Z,49,-102,137,239,10931
Yoane Wissa,FWD,Newcastle,464,4,40,4,90,1,2,0,0,0,4,0,0,0,0,0,0,0,3,2.2,21.5,12.0,3.6,0.16,0.00,0.16,2.08,5,False,13,4,1,2026-09-14T19:00:00Z,62,-43315,53553,96868,2055115
Matz Sels,GKP,Nott'm Forest,467,4,31,4,90,1,3,0,0,0,1,0,0,0,0,0,5,0,19,35.0,0.0,0.0,3.5,0.00,0.00,0.00,0.82,0,False,2,1,2,2026-09-12T14:00:00Z,50,-2369,1216,3585,174903
Neco Williams,DEF,Nott'm Forest,469,4,31,4,90,1,2,0,0,0,1,0,0,0,0,0,0,0,9,8.8,19.9,10.0,3.9,0.20,0.16,0.36,0.82,3,False,2,1,2,2026-09-12T14:00:00Z,50,-19373,7305,26678,972900
Murillo Costa dos Santos,DEF,Nott'm Forest,472,4,31,4,90,1,6,0,1,0,1,0,0,0,1,0,0,0,18,33.0,10.9,0.0,4.4,0.00,0.01,0.01,0.82,12,False,2,1,2,2026-09-12T14:00:00Z,55,346,4884,4538,229561
Ola Aina,DEF,Nott'm Forest,473,4,31,4,90,1,2,0,0,0,1,0,0,0,0,0,0,0,11,17.4,1.7,0.0,1.9,0.00,0.01,0.01,0.82,8,False,2,1,2,2026-09-12T14:00:00Z,45,-13026,729,13755,262355
Morgan Gibbs-White,MID,Nott'm Forest,480,4,31,4,90,1,8,0,1,0,1,0,0,0,0,0,0,3,42,39.0,98.5,26.0,16.4,0.16,0.91,1.07,0.82,4,False,2,1,2,2026-09-12T14:00:00Z,80,-14511,37984,52495,1716240
Elliot Anderson,MID,Man City,481,4,39,4,90,1,5,0,0,1,0,0,0,0,0,0,0,0,18,15.2,3.3,0.0,1.9,0.00,0.01,0.01,1.00,14,False,16,0,1,2026-09-13T15:30:00Z,63,-12934,4751,17685,448190
Dan Ndoye,MID,Nott'm Forest,483,4,31,4,74,1,1,0,0,0,1,0,0,0,1,0,0,0,1,0.0,12.5,38.0,4.7,0.70,0.25,0.95,0.73,2,False,2,1,2,2026-09-12T14:00:00Z,55,-5420,440,5860,76520
James McAtee,MID,Nott'm Forest,486,4,31,4,81,1,3,0,0,0,1,0,0,0,1,0,0,0,18,14.8,27.3,10.0,5.2,0.03,0.38,0.41,0.73,12,False,2,1,2,2026-09-12T14:00:00Z,55,-378,226,604,10931
Ibrahim Sangaré,MID,Nott'm Forest,488,4,31,4,8,0,1,0,0,0,0,0,0,0,0,0,0,0,2,2.4,0.4,2.0,0.5,0.06,0.01,0.07,0.09,2,False,2,1,2,2026-09-12T14:00:00Z,49,-1764,182,1946,43726
Chris Wood,FWD,Nott'm Forest,490,4,31,4,1,0,1,0,0,0,0,0,0,0,0,0,0,0,3,0.0,0.0,0.0,0.0,0.00,0.00,0.00,0.09,0,False,2,1,2,2026-09-12T14:00:00Z,58,-2934,1112,4046,98383
Igor Jesus Maciel da Cruz,FWD,Nott'm Forest,491,4,31,4,15,0,7,1,0,0,0,0,0,0,0,0,0,2,34,36.4,11.0,17.0,6.4,0.13,0.01,0.14,0.09,3,False,2,1,2,2026-09-12T14:00:00Z,58,-10929,4592,15521,295150
Taiwo Awoniyi,FWD,Coventry City,492,4,38,4,52,1,-2,0,0,0,5,0,0,0,0,1,0,0,-5,0.0,10.9,10.0,1.9,0.06,0.01,0.07,1.37,2,True,5,0,5,2026-09-13T13:00:00Z,54,-3453,47,3500,43726
Antonín Kinský,GKP,Spurs,496,4,37,4,90,1,7,0,0,1,0,0,0,0,0,0,3,0,29,19.8,0.0,0.0,2.0,0.00,0.00,0.00,1.11,0,True,9,0,0,2026-09-12T16:30:00Z,45,-64796,9533,74329,1923938
Kevin Danso,DEF,Spurs,501,4,37,4,90,1,1,0,0,0,2,0,0,0,0,0,0,0,6,16.8,11.0,2.0,3.0,0.00,0.08,0.08,1.88,4,True,9,0,0,2026-09-12T16:30:00Z,50,235,706,471,21863
Andrew Robertson,DEF,Spurs,502,4,37,4,90,1,7,0,0,1,0,0,0,0,0,0,0,1,30,10.8,31.5,8.0,5.0,0.07,0.09,0.16,1.11,2,True,9,0,0,2026-09-12T16:30:00Z,44,-4669,3378,8047,284218
Micky van de Ven,DEF,Spurs,503,4,37,4,90,1,6,0,0,1,0,0,0,0,0,0,0,0,27,15.0,3.1,0.0,1.8,0.00,0.02,0.02,1.11,6,True,9,0,0,2026-09-12T16:30:00Z,50,-9498,3302,12800,426327
Luka Vušković,DEF,Brighton,504,4,38,4,77,1,6,0,0,1,0,0,0,0,0,0,0,0,27,16.2,1.8,13.0,3.1,0.11,0.01,0.12,1.11,9,False,7,0,5,2026-09-13T13:00:00Z,50,27435,34108,6673,371670
Mohammed Kudus,MID,Spurs,512,4,37,4,27,0,1,0,0,0,0,0,0,0,0,0,0,0,8,6.0,12.8,6.0,2.5,0.00,0.05,0.05,0.44,2,True,9,0,0,2026-09-12T16:30:00Z,65,636,1284,648,10931
Mathys Tel,MID,Spurs,514,4,37,4,27,0,1,0,0,0,0,0,0,0,0,0,0,0,3,0.6,3.2,9.0,1.3,0.01,0.09,0.10,0.44,0,True,9,0,0,2026-09-12T16:30:00Z,57,-1259,109,1368,21863
James Maddison,MID,Spurs,515,4,37,4,13,0,1,0,0,0,0,0,0,0,0,0,0,0,3,6.8,3.8,0.0,1.1,0.00,0.01,0.01,0.03,3,True,9,0,0,2026-09-12T16:30:00Z,63,-790,424,1214,43726
Rodrigo Bentancur,MID,Spurs,516,4,37,4,62,1,3,0,0,1,0,0,0,0,0,0,0,0,15,22.6,7.9,0.0,3.1,0.00,0.04,0.04,0.67,10,True,9,0,0,2026-09-12T16:30:00Z,55,-194,198,392,21863
Lucas Bergvall,MID,Spurs,520,4,37,4,27,0,1,0,0,0,0,0,0,0,0,0,0,0,8,8.0,7.9,7.0,2.3,0.06,0.25,0.31,0.44,4,True,9,0,0,2026-09-12T16:30:00Z,54,-333,55,388,10931
Archie Gray,MID,Spurs,522,4,37,4,84,1,3,0,0,1,0,0,0,0,0,0,0,0,13,9.6,6.7,10.0,2.6,0.09,0.03,0.12,1.08,11,True,9,0,0,2026-09-12T16:30:00Z,49,-444,310,754,21863
Mateus Fernandes,MID,Spurs,525,4,37,4,62,1,3,0,0,1,0,0,0,0,0,0,0,0,15,3.0,13.0,22.0,3.8,0.11,0.03,0.14,0.67,4,True,9,0,0,2026-09-12T16:30:00Z,57,-4247,263,4510,87452
Dominic Solanke-Mitchell,FWD,Spurs,526,4,37,4,62,1,2,0,0,1,0,0,0,0,0,0,0,0,4,0.0,4.3,6.0,0.8,0.00,0.01,0.01,0.67,2,True,9,0,0,2026-09-12T16:30:00Z,58,-2459,1062,3521,87452
Robin Roefs,GKP,Sunderland,529,4,36,4,90,1,2,0,0,0,2,0,0,0,0,0,3,0,9,27.2,0.0,0.0,2.7,0.00,0.00,0.00,1.88,0,True,1,0,2,2026-09-12T19:00:00Z,49,-5973,1297,7270,273287
Daniel Ballard,DEF,Sunderland,532,4,36,4,90,1,0,0,0,0,2,0,0,0,1,0,0,0,0,9.0,10.8,9.0,2.9,0.08,0.01,0.09,1.88,6,True,1,0,2,2026-09-12T19:00:00Z,49,-7250,2325,9575,284218
Nordi Mukiele,DEF,Sunderland,533,4,36,4,90,1,0,0,0,0,2,0,0,0,1,0,0,0,-5,10.4,4.9,46.0,6.1,0.70,0.02,0.72,1.88,6,True,1,0,2,2026-09-12T19:00:00Z,54,-2066,3312,5378,207698
Reinildo Mandava,DEF,Sunderland,536,4,36,4,90,1,-2,0,0,0,2,0,0,0,0,1,0,0,-12,0.0,1.4,0.0,0.0,0.00,0.01,0.01,1.09,7,True,1,0,2,2026-09-12T19:00:00Z,44,-1155,89,1244,32794
Thomas Meunier,DEF,Sunderland,541,4,36,4,75,1,2,0,0,0,1,0,0,0,0,0,0,0,5,5.8,1.8,15.0,2.3,0.13,0.00,0.13,1.09,2,True,1,0,2,2026-09-12T19:00:00Z,45,572,1028,456,32794
Enzo Le Fée,MID,Sunderland,542,4,36,4,90,1,0,0,0,0,2,0,0,1,0,0,0,0,6,6.8,29.7,26.0,6.3,0.85,0.59,1.44,1.88,4,True,1,0,2,2026-09-12T19:00:00Z,57,-10287,6373,16660,371670
Granit Xhaka,MID,Sunderland,544,4,36,4,90,1,1,0,0,0,2,0,0,0,1,0,0,0,19,14.6,44.0,0.0,5.9,0.00,0.37,0.37,1.88,11,True,1,0,2,2026-09-12T19:00:00Z,55,-11749,3737,15486,404464
Noah Sadiki,MID,Sunderland,545,4,36,4,90,1,2,0,0,0,2,0,0,0,0,0,0,0,11,11.0,1.3,1.0,1.3,0.04,0.00,0.04,1.88,10,True,1,0,2,2026-09-12T19:00:00Z,49,-622,255,877,21863
Nilson Angulo,MID,Sunderland,551,4,36,4,69,1,2,0,0,0,1,0,0,0,0,0,0,0,7,2.2,0.9,2.0,0.5,0.00,0.00,0.00,0.81,3,True,1,0,2,2026-09-12T19:00:00Z,50,-191,313,504,10931
Brian Brobbey,FWD,Sunderland,552,4,36,4,90,1,1,0,0,0,2,0,0,0,1,0,0,0,4,0.0,11.5,14.0,2.4,0.00,0.01,0.01,1.88,4,True,1,0,2,2026-09-12T19:00:00Z,57,108029,126152,18123,710545
Wilson Isidor,FWD,Sunderland,553,4,36,4,20,0,1,0,0,0,1,0,0,0,0,0,0,0,1,1.2,0.1,0.0,0.1,0.00,0.00,0.00,1.07,1,True,1,0,2,2026-09-12T19:00:00Z,55,-6128,1634,7762,142109
Christos Tzolis,MID,Arsenal,557,4,36,4,80,1,3,0,0,1,0,0,0,0,0,0,0,0,10,3.8,7.3,2.0,1.3,0.00,0.13,0.13,1.41,3,False,20,0,2,2026-09-12T19:00:00Z,63,-98052,7190,105242,1366433
Xaver Schlager,MID,Nott'm Forest,558,4,31,4,90,1,3,0,0,0,1,0,0,0,1,0,0,0,18,21.8,15.2,17.0,5.4,0.06,0.02,0.08,0.82,16,False,2,1,2,2026-09-12T14:00:00Z,50,-374,129,503,10931
Aladji Bamba,MID,Newcastle,559,4,40,4,10,0,1,0,0,0,0,0,0,0,0,0,0,0,4,1.4,0.3,0.0,0.2,0.00,0.00,0.00,0.11,2,False,13,4,1,2026-09-14T19:00:00Z,49,-206,79,285,10931
Daizen Maeda,MID,Ipswich Town,562,4,34,4,27,0,1,0,0,0,1,0,0,0,0,0,0,0,1,0.0,2.3,0.0,0.0,0.00,0.00,0.00,0.41,0,False,8,2,3,2026-09-12T14:00:00Z,53,-938,72,1010,21863
Kjell Scherpen,GKP,Ipswich Town,564,4,34,4,90,1,1,0,0,0,2,0,0,0,0,0,2,0,6,15.0,0.0,0.0,1.5,0.00,0.00,0.00,0.62,0,False,8,2,3,2026-09-12T14:00:00Z,45,-1317,343,1660,65589
Mamadou Sangaré,MID,Brentford,565,4,32,4,90,1,4,0,0,0,2,0,0,0,0,0,0,0,19,18.2,9.4,0.0,2.8,0.00,0.28,0.28,1.75,13,False,3,2,2,2026-09-12T14:00:00Z,56,-99300,5543,104843,1125941
António João Pereira de Albuquerque Tavares da Silva,DEF,Bournemouth,566,4,32,4,90,1,3,0,0,0,2,0,0,0,0,0,0,0,-2,18.0,5.3,11.0,3.4,0.58,0.23,0.81,0.50,10,True,4,2,2,2026-09-12T14:00:00Z,50,837,2154,1317,43726
Lukás Hornícek,GKP,Newcastle,567,4,40,4,90,1,1,0,0,0,4,0,0,0,0,0,3,0,2,29.4,0.0,0.0,2.9,0.00,0.00,0.00,2.08,0,False,13,4,1,2026-09-14T19:00:00Z,50,1541,4329,2788,163972
Valentín Barco,MID,Chelsea,568,4,33,4,21,0,0,0,0,0,0,0,0,0,1,0,0,0,7,1.6,2.9,2.0,0.7,0.00,0.09,0.09,0.54,2,True,11,2,2,2026-09-12T14:00:00Z,54,-149,133,282,10931
Gonzalo García,FWD,Fulham,569,4,35,4,76,1,2,0,0,1,0,0,0,0,0,0,0,0,5,4.4,10.9,10.0,2.5,0.20,0.03,0.23,0.81,3,False,14,0,0,2026-09-12T14:00:00Z,60,15196,34492,19296,415396
Florentino Ibrain Morris Luís,MID,Ipswich Town,571,4,34,4,13,0,1,0,0,0,0,0,0,0,0,0,0,0,8,9.0,21.3,2.0,3.2,0.00,0.01,0.01,0.27,2,False,8,2,3,2026-09-12T14:00:00Z,48,-158,51,209,10931
Konstantinos Tzolakis,GKP,Hull City,572,4,33,4,90,1,2,0,0,0,2,0,0,0,0,0,5,0,15,29.4,0.0,0.0,2.9,0.00,0.00,0.00,0.91,0,False,6,2,2,2026-09-12T14:00:00Z,46,55411,66863,11452,1333639
Caleb Yirenkyi,MID,Coventry City,575,4,38,4,17,0,1,0,0,0,2,0,0,0,0,0,0,0,3,0.0,10.5,0.0,1.0,0.00,0.01,0.01,0.64,0,True,5,0,5,2026-09-13T13:00:00Z,48,-570,122,692,10931
Elliot Stroud,MID,Hull City,576,4,33,4,59,1,1,0,0,0,1,0,0,0,0,0,0,0,3,0.0,1.8,1.0,0.2,0.01,0.00,0.01,0.26,5,False,6,2,2,2026-09-12T14:00:00Z,50,-209,82,291,10931
Takehiro Tomiyasu,DEF,Crystal Palace,577,4,34,4,53,0,0,0,0,0,2,0,0,0,0,0,0,0,6,10.2,1.3,4.0,1.6,0.00,0.01,0.01,1.29,5,True,12,2,3,2026-09-12T14:00:00Z,44,-276,138,414,32794
Ronald Araujo,DEF,Liverpool,579,4,35,4,71,1,6,0,0,1,0,0,0,0,0,0,0,0,24,9.8,1.8,2.0,1.4,0.00,0.00,0.00,0.60,4,True,10,0,0,2026-09-12T14:00:00Z,54,3637,9777,6140,327944
Shea Charles,MID,Fulham,580,4,35,4,90,1,5,0,0,1,0,0,0,0,0,0,0,0,19,29.0,3.4,0.0,3.2,0.00,0.02,0.02,1.28,17,False,14,0,0,2026-09-12T14:00:00Z,50,72,293,221,10931
Ousmane Diomande,DEF,Nott'm Forest,581,4,31,4,90,1,4,0,0,0,1,0,0,0,0,0,0,0,10,24.6,0.4,11.0,3.6,0.11,0.00,0.11,0.82,14,False,2,1,2,2026-09-12T14:00:00Z,54,-403,895,1298,54657
Pep Chavarría,DEF,Chelsea,583,4,33,4,45,0,1,0,0,0,0,0,0,0,0,0,0,0,4,2.0,1.7,2.0,0.6,0.00,0.01,0.01,0.94,1,True,11,2,2,2026-09-12T14:00:00Z,49,-82,260,342,10931
Lucas Herrington,DEF,Hull City,585,4,33,4,31,0,1,0,0,0,1,0,0,0,0,0,0,0,-1,1.6,0.4,0.0,0.2,0.00,0.01,0.01,0.64,1,False,6,2,2,2026-09-12T14:00:00Z,40,-309,654,963,65589
Nobel Mendy,DEF,Hull City,586,4,33,4,58,1,1,0,0,0,1,0,0,0,0,0,0,0,3,12.6,0.2,0.0,1.3,0.00,0.00,0.00,0.26,7,False,6,2,2,2026-09-12T14:00:00Z,41,-22287,4029,26316,688682
Anan Khalaili,DEF,Crystal Palace,588,4,34,4,90,1,7,1,0,0,3,0,0,0,0,0,0,0,4,40.4,16.0,31.0,8.7,0.22,0.14,0.36,1.68,5,True,12,2,3,2026-09-12T14:00:00Z,50,568,1119,551,32794
Julio Enciso,MID,Ipswich Town,591,4,34,4,90,1,2,0,0,0,2,0,0,0,0,0,0,0,7,2.2,13.8,13.0,2.9,0.05,0.20,0.25,0.62,5,False,8,2,3,2026-09-12T14:00:00Z,55,-3023,1258,4281,87452
Abdoul Ouattara,DEF,Ipswich Town,592,4,34,4,2,0,1,0,0,0,0,0,0,0,0,0,0,0,5,2.2,0.2,0.0,0.2,0.00,0.00,0.00,0.00,1,False,8,2,3,2026-09-12T14:00:00Z,40,-849,441,1290,98383
Amar Dedic,DEF,Newcastle,593,4,40,4,57,1,0,0,0,0,3,0,0,0,0,0,0,0,-3,10.4,2.7,0.0,1.3,0.00,0.00,0.00,1.91,6,False,13,4,1,2026-09-14T19:00:00Z,45,-27876,167,28043,207698
Zavier Gozo,MID,Crystal Palace,595,4,34,4,6,0,1,0,0,0,1,0,0,0,0,0,0,0,3,0.0,0.3,0.0,0.0,0.00,0.00,0.00,0.48,0,True,12,2,3,2026-09-12T14:00:00Z,50,-32,15,47,0
Zion Suzuki,GKP,Aston Villa,597,4,31,4,90,1,2,0,0,0,2,0,0,0,0,0,5,0,17,38.6,0.0,0.0,3.9,0.00,0.01,0.01,2.28,0,True,18,1,2,2026-09-12T14:00:00Z,50,5048,8905,3857,207698
Nico Elvedi,DEF,Leeds,598,4,40,4,90,1,2,0,0,0,1,0,0,0,0,0,0,0,8,18.6,0.9,10.0,3.0,0.05,0.00,0.05,0.88,9,True,17,4,1,2026-09-14T19:00:00Z,45,8,128,120,10931
Sidiki Cherif,FWD,Coventry City,599,4,38,4,30,0,1,0,0,0,3,0,0,0,0,0,0,0,3,1.0,0.2,0.0,0.1,0.00,0.00,0.00,1.43,1,True,5,0,5,2026-09-13T13:00:00Z,50,-160,322,482,10931
Ibrahim Osman,MID,Brighton,600,4,38,4,12,0,1,0,0,0,0,0,0,0,0,0,0,0,2,0.0,1.1,13.0,1.2,0.05,0.01,0.06,0.22,1,False,7,0,5,2026-09-13T13:00:00Z,50,-17,65,82,0
Malick Yalcouyé,MID,Brighton,605,4,38,4,64,1,8,1,0,1,0,0,0,0,0,0,0,0,29,47.4,12.8,43.0,10.3,0.67,0.01,0.68,1.11,6,False,7,0,5,2026-09-13T13:00:00Z,45,-6289,17023,23312,437259
Aaron Wan-Bissaka,DEF,Aston Villa,611,4,31,4,90,1,3,0,0,0,2,0,0,0,0,0,0,0,11,26.0,13.3,0.0,3.9,0.00,0.06,0.06,2.28,12,True,18,1,2,2026-09-12T14:00:00Z,45,58,910,852,21863
Mohamed-Ali Cho,MID,Hull City,617,4,33,4,30,0,1,0,0,0,1,0,0,0,0,0,0,0,3,7.2,18.5,21.0,4.7,0.47,0.16,0.63,0.64,2,False,6,2,2,2026-09-12T14:00:00Z,50,132,213,81,0
Exequiel Palacios,MID,Ipswich Town,619,4,34,4,90,1,4,0,0,0,2,0,0,0,0,0,0,0,14,18.0,5.9,2.0,2.6,0.00,0.04,0.04,0.62,13,False,8,2,3,2026-09-12T14:00:00Z,50,-142,353,495,10931
El Hadji Malick Diouf,DEF,Brentford,620,4,32,4,30,0,1,0,0,0,0,0,0,0,0,0,0,0,4,3.4,1.0,0.0,0.4,0.00,0.01,0.01,0.50,1,False,3,2,2,2026-09-12T14:00:00Z,45,-164,293,457,10931
Bradley Barcola,MID,Liverpool,627,4,35,4,71,1,3,0,0,1,0,0,0,0,0,0,0,0,9,5.6,13.6,8.0,2.7,0.21,0.03,0.24,0.60,5,True,10,0,0,2026-09-12T14:00:00Z,80,-7180,5077,12257,196766
Ibrahim Mbaye,MID,Aston Villa,631,4,31,4,27,0,1,0,0,0,1,0,0,0,0,0,0,0,6,9.0,15.2,19.0,4.3,0.02,0.13,0.15,0.86,2,True,18,1,2,2026-09-12T14:00:00Z,60,-241,560,801,10931
Honest Ahanor,DEF,Crystal Palace,633,4,34,4,90,1,3,0,0,0,3,0,0,0,0,0,0,0,10,24.6,11.9,4.0,4.1,0.00,0.01,0.01,1.68,11,True,12,2,3,2026-09-12T14:00:00Z,45,26,92,66,0
Matias Fernandez-Pardo,FWD,Newcastle,634,4,40,4,57,1,1,0,0,0,3,0,0,0,0,0,0,0,5,2.2,10.9,4.0,1.7,0.00,0.01,0.01,1.91,2,False,13,4,1,2026-09-14T19:00:00Z,60,148,1041,893,10931
Hugo Larsson,MID,Fulham,635,4,35,4,13,0,1,0,0,0,0,0,0,0,0,0,0,0,3,0.0,0.5,0.0,0.1,0.00,0.01,0.01,0.46,1,False,14,0,0,2026-09-12T14:00:00Z,50,7,54,47,0
Robinio Vaz,FWD,Hull City,637,4,33,4,8,0,1,0,0,0,0,0,0,0,0,0,0,0,3,0.0,0.5,0.0,0.0,0.00,0.00,0.00,0.18,1,False,6,2,2,2026-09-12T14:00:00Z,50,445,1116,671,10931
Brooke Norton-Cuffy,DEF,Hull City,638,4,33,4,8,0,0,0,0,0,0,0,0,0,1,0,0,0,0,0.0,0.3,7.0,0.7,0.05,0.00,0.05,0.18,0,False,6,2,2,2026-09-12T14:00:00Z,40,-744,416,1160,32794
José María Andrés Baixauli,MID,Brighton,639,4,38,4,25,0,4,0,1,0,0,0,0,0,0,0,0,0,10,18.8,13.1,2.0,3.4,0.24,0.01,0.25,0.22,4,False,7,0,5,2026-09-13T13:00:00Z,55,1382,1544,162,0
Zian Flemming,FWD,Ipswich Town,640,4,34,4,27,0,5,1,0,0,1,0,0,0,0,0,0,0,32,35.0,1.3,44.0,8.0,0.52,0.00,0.52,0.41,2,False,8,2,3,2026-09-12T14:00:00Z,55,-116,551,667,10931
Melvin Bard,DEF,Leeds,641,4,40,4,18,0,1,0,0,0,1,0,0,0,0,0,0,0,1,4.4,10.3,0.0,1.5,0.00,0.00,0.00,0.30,2,True,17,4,1,2026-09-14T19:00:00Z,45,6,56,50,0
Sorba Thomas,MID,Hull City,642,4,33,4,30,0,1,0,0,0,1,0,0,0,0,0,0,0,6,5.6,14.8,4.0,2.4,0.02,0.03,0.05,0.64,4,False,6,2,2,2026-09-12T14:00:00Z,55,48,262,214,0
Ben Chilwell,DEF,Crystal Palace,643,4,34,4,13,0,1,0,0,0,1,0,0,0,0,0,0,0,1,0.2,3.5,4.0,0.8,0.12,0.01,0.13,0.55,1,True,12,2,3,2026-09-12T14:00:00Z,45,-1577,341,1918,54657
Quinten Timber,MID,Crystal Palace,644,4,34,4,90,1,4,0,0,0,3,0,0,0,0,0,0,0,24,25.2,4.9,27.0,5.7,0.10,0.03,0.13,1.68,16,True,12,2,3,2026-09-12T14:00:00Z,50,86,265,179,0
Malick Fofana,MID,Sunderland,646,4,36,4,14,0,1,0,0,0,1,0,0,0,0,0,0,0,2,0.0,0.8,6.0,0.6,0.00,0.00,0.00,0.79,0,True,1,0,2,2026-09-12T19:00:00Z,55,-2,203,205,0
Ainsley Maitland-Niles,DEF,Everton,649,4,37,4,74,1,6,0,0,1,0,0,0,0,0,0,0,0,23,10.0,12.0,1.0,2.3,0.03,0.14,0.17,0.43,5,False,19,0,0,2026-09-12T16:30:00Z,45,9854,12074,2220,131178
David Affengruber,DEF,Fulham,650,4,35,4,90,1,8,0,0,1,0,0,0,0,0,0,0,0,23,18.6,3.3,0.0,2.2,0.00,0.00,0.00,1.28,12,False,14,0,0,2026-09-12T14:00:00Z,45,1216,1486,270,0
David Raya Martín,GKP,Arsenal,1,5,42,5,90,1,1,0,0,0,3,0,0,0,0,0,2,0,6,20.6,0.0,0.0,2.1,0.00,0.00,0.00,1.31,0,False,5,3,0,2026-09-19T14:00:00Z,61,63703,88754,25051,4602146
Gabriel dos Santos Magalhães,DEF,Arsenal,4,5,42,5,90,1,1,0,0,0,3,0,0,0,0,0,0,0,6,25.8,13.1,0.0,3.9,0.00,0.14,0.14,1.31,9,False,5,3,0,2026-09-19T14:00:00Z,80,-29092,13118,42210,2503305
Jurriën Timber,DEF,Arsenal,5,5,42,5,59,1,0,0,0,0,3,0,0,0,0,0,0,0,-6,4.2,2.3,0.0,0.7,0.00,0.02,0.02,0.61,2,False,5,3,0,2026-09-19T14:00:00Z,65,4997,7138,2141,43726
Riccardo Calafiori,DEF,Arsenal,8,5,42,5,90,1,1,0,0,0,3,0,0,0,0,0,0,0,-3,11.2,23.7,20.0,5.5,0.07,0.03,0.10,1.31,5,False,5,3,0,2026-09-19T14:00:00Z,58,6879,45305,38426,5531321
Bukayo Saka,MID,Arsenal,12,5,42,5,80,1,2,0,0,0,3,0,0,0,0,0,0,0,14,15.8,46.8,36.0,9.9,0.34,0.55,0.89,1.00,2,False,5,3,0,2026-09-19T14:00:00Z,95,29995,58348,28353,1464816
Declan Rice,MID,Arsenal,13,5,42,5,90,1,1,0,0,0,3,0,0,0,1,0,0,0,13,10.6,18.1,1.0,3.0,0.02,0.06,0.08,1.31,8,False,5,3,0,2026-09-19T14:00:00Z,74,-24807,6576,31383,1333639
Eberechi Eze,MID,Arsenal,14,5,42,5,17,0,1,0,0,0,0,0,0,0,0,0,0,0,5,1.2,2.1,4.0,0.7,0.00,0.02,0.02,0.54,0,False,5,3,0,2026-09-19T14:00:00Z,63,-3055,1114,4169,109315
Martin Ødegaard,MID,Arsenal,15,5,42,5,72,1,2,0,0,0,3,0,0,0,0,0,0,0,10,0.0,6.2,5.0,1.1,0.07,0.02,0.09,0.77,2,False,5,3,0,2026-09-19T14:00:00Z,68,-12154,46153,58307,2175361
Mikel Merino Zazón,MID,Arsenal,17,5,42,5,30,0,1,0,0,0,0,0,0,0,0,0,0,0,4,3.4,0.8,2.0,0.6,0.00,0.13,0.13,0.70,4,False,5,3,0,2026-09-19T14:00:00Z,58,-1488,368,1856,43726
Martín Zubimendi Ibáñez,MID,Arsenal,19,5,42,5,30,0,1,0,0,0,0,0,0,0,0,0,0,0,2,0.0,0.8,18.0,1.9,0.13,0.00,0.13,0.70,1,False,5,3,0,2026-09-19T14:00:00Z,53,-2086,274,2360,65589
Max Dowman,MID,Arsenal,20,5,42,5,9,0,1,0,0,0,0,0,0,0,0,0,0,0,4,2.0,14.8,0.0,1.7,0.00,0.08,0.08,0.31,0,False,5,3,0,2026-09-19T14:00:00Z,53,-61,279,340,10931
Viktor Gyökeres,FWD,Arsenal,25,5,42,5,17,0,1,0,0,0,0,0,0,0,0,0,0,0,5,0.0,14.6,0.0,1.4,0.00,0.23,0.23,0.54,0,False,5,3,0,2026-09-19T14:00:00Z,71,-6973,3240,10213,338875
Kai Havertz,FWD,Arsenal,26,5,42,5,90,1,2,0,0,0,3,0,0,0,0,0,0,0,5,5.2,5.3,28.0,3.9,0.78,0.02,0.80,1.31,3,False,5,3,0,2026-09-19T14:00:00Z,76,7760,36944,29184,929174
Emiliano Martínez Romero,GKP,Aston Villa,28,5,48,5,90,1,2,0,0,0,3,0,0,0,0,0,3,0,7,26.0,10.0,0.0,3.6,0.00,0.00,0.00,2.65,0,False,19,2,3,2026-09-19T11:30:00Z,50,-10261,4244,14505,524710
Ezri Konsa Ngoyo,DEF,Arsenal,31,5,42,5,90,1,1,0,0,0,3,0,0,0,0,0,0,0,2,10.6,12.3,10.0,3.3,0.23,0.01,0.24,1.31,4,False,5,3,0,2026-09-19T14:00:00Z,46,33276,60142,26866,2120704
Matty Cash,DEF,Aston Villa,32,5,48,5,45,0,-1,0,0,0,2,0,0,0,1,0,0,0,-7,4.0,3.1,0.0,0.7,0.00,0.00,0.00,0.92,3,False,19,2,3,2026-09-19T11:30:00Z,44,-15119,1701,16820,535642
Tyrone Mings,DEF,Aston Villa,33,5,48,5,90,1,3,0,0,0,2,0,0,0,0,0,0,0,10,27.4,0.6,0.0,2.8,0.00,0.00,0.00,1.56,13,False,19,2,3,2026-09-19T11:30:00Z,45,207,1031,824,43726
Victor Lindelöf,DEF,Aston Villa,37,5,48,5,90,1,1,0,0,0,2,0,0,0,0,0,0,0,1,18.8,10.0,0.0,2.9,0.00,0.00,0.00,1.56,6,False,19,2,3,2026-09-19T11:30:00Z,45,-127,619,746,32794
Morgan Rogers,MID,Chelsea,40,5,41,5,90,1,2,0,0,0,3,0,0,0,0,0,0,0,17,10.0,20.6,30.0,6.1,0.33,0.07,0.40,2.65,8,False,4,3,0,2026-09-18T19:00:00Z,77,40614,85328,44714,4405380
Emiliano Buendía Stati,MID,Aston Villa,41,5,48,5,90,1,12,1,0,0,2,0,0,0,0,0,0,3,50,61.0,36.3,35.0,13.2,0.14,0.07,0.21,1.56,15,False,19,2,3,2026-09-19T11:30:00Z,59,4892,7306,2414,98383
Youri Tielemans,MID,Man Utd,43,5,50,5,90,1,4,0,0,0,1,0,0,0,0,0,0,0,22,18.2,22.3,6.0,4.7,0.09,0.20,0.29,1.62,13,False,10,1,1,2026-09-20T15:30:00Z,58,-5170,1668,6838,163972
John McGinn,MID,Aston Villa,45,5,48,5,83,1,6,0,1,1,0,0,0,0,0,0,0,0,19,23.0,33.5,0.0,5.7,0.00,0.04,0.04,0.78,6,False,19,2,3,2026-09-19T11:30:00Z,54,-1129,4164,5293,240492
Ross Barkley,MID,Aston Villa,46,5,48,5,6,0,1,0,0,0,2,0,0,0,0,0,0,0,3,0.6,0.8,0.0,0.1,0.00,0.00,0.00,0.78,4,False,19,2,3,2026-09-19T11:30:00Z,50,-800,347,1147,32794
Boubacar Kamara,MID,Aston Villa,47,5,48,5,83,1,6,0,1,1,0,0,0,0,0,0,0,0,26,21.0,13.2,4.0,3.8,0.12,0.01,0.13,0.78,6,False,19,2,3,2026-09-19T11:30:00Z,50,-204,780,984,32794
George Hemmings,MID,Aston Villa,51,5,48,5,18,0,1,0,0,0,2,0,0,0,0,0,0,0,2,0.0,1.2,0.0,0.0,0.00,0.00,0.00,0.87,0,False,19,2,3,2026-09-19T11:30:00Z,45,-4523,2042,6565,131178
Johan Manzambi,MID,Aston Villa,53,5,48,5,71,1,13,1,1,1,0,0,0,0,0,0,0,2,45,63.2,25.8,60.0,14.9,0.44,0.16,0.60,0.68,7,False,19,2,3,2026-09-19T11:30:00Z,59,18702,20131,1429,32794
Joao Gomes,MID,Aston Villa,54,5,48,5,90,1,4,0,0,0,2,0,0,0,0,0,0,0,13,22.6,13.8,0.0,3.6,0.00,0.02,0.02,1.56,13,False,19,2,3,2026-09-19T11:30:00Z,55,149,252,103,0
Tammy Abraham,FWD,Aston Villa,56,5,48,5,2,0,1,0,0,0,1,0,0,0,0,0,0,0,3,0.0,2.4,0.0,0.2,0.00,0.00,0.00,0.43,0,False,19,2,3,2026-09-19T11:30:00Z,55,-33,1017,1050,21863
Đorđe Petrović,GKP,Bournemouth,57,5,49,5,90,1,2,0,0,0,1,0,0,0,0,0,2,0,12,18.2,0.0,0.0,1.8,0.00,0.00,0.00,1.65,0,True,14,0,1,2026-09-20T13:00:00Z,45,-3077,3502,6579,327944
James Hill,DEF,Bournemouth,60,5,49,5,90,1,4,0,0,0,1,0,0,0,0,0,0,0,15,43.6,5.1,0.0,4.9,0.00,0.02,0.02,1.65,15,True,14,0,1,2026-09-20T13:00:00Z,55,-21,1781,1802,87452
Adrien Truffert,DEF,Bournemouth,61,5,49,5,90,1,2,0,0,0,1,0,0,0,0,0,0,0,6,12.6,11.8,5.0,2.9,0.02,0.06,0.08,1.65,7,True,14,0,1,2026-09-20T13:00:00Z,55,-4728,2814,7542,327944
Adam Smith,DEF,Bournemouth,64,5,49,5,74,1,2,0,0,0,1,0,0,0,0,0,0,0,3,0.0,0.8,0.0,0.0,0.00,0.02,0.02,1.40,0,True,14,0,1,2026-09-20T13:00:00Z,45,-34,243,277,10931
Rayan Vitor Simplício Rocha,MID,Bournemouth,67,5,49,5,87,1,2,0,0,0,1,0,0,0,0,0,0,0,17,8.4,16.9,8.0,3.3,0.00,0.35,0.35,1.40,4,True,14,0,1,2026-09-20T13:00:00Z,63,-4061,2379,6440,174903
Marcus Tavernier,MID,Bournemouth,68,5,49,5,74,1,2,0,0,0,1,0,0,0,0,0,0,0,14,10.8,19.1,4.0,3.4,0.00,0.11,0.11,1.40,6,True,14,0,1,2026-09-20T13:00:00Z,61,26771,52908,26137,732408
Alex Scott,MID,Bournemouth,69,5,49,5,90,1,2,0,0,0,1,0,0,0,0,0,0,0,17,8.2,40.5,13.0,6.2,0.12,0.07,0.19,1.65,8,True,14,0,1,2026-09-20T13:00:00Z,61,-11763,13600,25363,623093
Lewis Cook,MID,Bournemouth,71,5,49,5,15,0,1,0,0,0,0,0,0,0,0,0,0,0,3,2.8,0.3,0.0,0.3,0.00,0.00,0.00,0.25,2,True,14,0,1,2026-09-20T13:00:00Z,50,-575,162,737,21863
Ben Gannon-Doak,MID,Bournemouth,72,5,49,5,2,0,1,0,0,0,0,0,0,0,0,0,0,0,3,0.2,0.8,2.0,0.3,0.00,0.02,0.02,0.25,0,True,14,0,1,2026-09-20T13:00:00Z,49,-157,85,242,10931
Tyler Adams,MID,Bournemouth,73,5,49,5,87,1,4,0,0,0,1,0,0,0,0,0,0,0,13,15.4,12.9,0.0,2.8,0.00,0.04,0.04,1.40,13,True,14,0,1,2026-09-20T13:00:00Z,50,-404,636,1040,32794
David Brooks,MID,Bournemouth,74,5,49,5,15,0,1,0,0,0,0,0,0,0,0,0,0,0,4,5.0,21.7,0.0,2.7,0.00,0.06,0.06,0.25,2,True,14,0,1,2026-09-20T13:00:00Z,50,-120,98,218,10931
Ryan Christie,MID,Bournemouth,75,5,49,5,74,1,2,0,0,0,1,0,0,0,0,0,0,0,0,0.0,2.4,27.0,2.4,0.50,0.01,0.51,1.40,5,True,14,0,1,2026-09-20T13:00:00Z,50,27,177,150,0
Alex Tóth,MID,Bournemouth,76,5,49,5,2,0,1,0,0,0,0,0,0,0,0,0,0,0,3,0.2,0.1,0.0,0.0,0.00,0.00,0.00,0.25,0,True,14,0,1,2026-09-20T13:00:00Z,49,-19,15,34,0
Francisco Evanilson de Lima Barbosa,FWD,Bournemouth,79,5,49,5,90,1,2,0,0,0,1,0,0,0,0,0,0,0,12,11.0,3.4,50.0,6.4,0.16,0.01,0.17,1.65,5,True,14,0,1,2026-09-20T13:00:00Z,60,-2684,10839,13523,349807
Caoimhín Kelleher,GKP,Brentford,82,5,41,5,90,1,6,0,0,1,0,0,0,0,0,0,2,0,27,16.4,0.0,0.0,1.6,0.00,0.00,0.00,0.83,0,True,6,3,0,2026-09-18T19:00:00Z,50,6431,13661,7230,677751
Keane Lewis-Potter,MID,Brentford,86,5,41,5,80,1,3,0,0,1,0,0,0,0,0,0,0,0,15,19.0,15.1,24.0,5.8,0.15,0.01,0.16,0.70,9,True,6,3,0,2026-09-18T19:00:00Z,55,-5831,2582,8413,185835
Kristoffer Ajer,DEF,Brentford,87,5,41,5,90,1,7,0,0,1,0,0,0,0,0,0,0,1,29,19.4,11.3,4.0,3.5,0.00,0.05,0.05,0.83,9,True,6,3,0,2026-09-18T19:00:00Z,45,-5632,7661,13293,426327
Michael Kayode,DEF,Brentford,88,5,41,5,68,1,6,0,0,1,0,0,0,0,0,0,0,0,20,2.6,1.0,0.0,0.4,0.00,0.07,0.07,0.55,2,True,6,3,0,2026-09-18T19:00:00Z,46,-3460,9367,12827,841723
Aaron Hickey,DEF,Brentford,90,5,41,5,21,0,1,0,0,0,0,0,0,0,0,0,0,0,5,11.2,0.3,0.0,1.2,0.00,0.01,0.01,0.28,4,True,6,3,0,2026-09-18T19:00:00Z,45,-44,107,151,10931
Ethan Pinnock,DEF,Brentford,91,5,41,5,90,1,8,0,0,1,0,0,0,0,0,0,0,0,24,50.8,0.3,0.0,5.1,0.00,0.00,0.00,1.10,19,True,6,3,0,2026-09-18T19:00:00Z,45,73,217,144,10931
Jannik Schuster,DEF,Brentford,93,5,41,5,90,1,14,0,1,1,0,0,0,0,0,0,0,3,43,53.0,10.8,4.0,6.8,0.00,0.52,0.52,0.83,16,True,6,3,0,2026-09-18T19:00:00Z,45,10207,11300,1093,21863
Kevin Schade,MID,Brentford,94,5,41,5,90,1,9,0,2,1,0,0,0,0,0,0,0,0,27,11.4,3.5,31.0,4.6,0.54,0.02,0.56,0.83,7,True,6,3,0,2026-09-18T19:00:00Z,61,246141,258068,11927,1104078
Dango Ouattara,MID,Brentford,95,5,41,5,9,0,1,0,0,0,0,0,0,0,0,0,0,0,2,0.2,0.0,0.0,0.0,0.00,0.00,0.00,0.13,0,True,6,3,0,2026-09-18T19:00:00Z,63,-1932,477,2409,54657
Mikkel Damsgaard,MID,Brentford,96,5,41,5,86,1,3,0,0,1,0,0,0,0,0,0,0,0,15,13.2,23.2,5.0,4.1,0.04,0.28,0.32,0.70,10,True,6,3,0,2026-09-18T19:00:00Z,54,-435,929,1364,43726
Vitaly Janelt,MID,Brentford,98,5,41,5,90,1,3,0,0,1,0,0,0,0,0,0,0,0,13,18.0,5.8,2.0,2.6,0.03,0.04,0.07,0.83,9,True,6,3,0,2026-09-18T19:00:00Z,50,1448,13326,11878,273287
Fábio Freitas Gouveia Carvalho,MID,Brentford,100,5,41,5,3,0,6,1,0,0,0,0,0,0,0,0,0,0,23,33.2,0.3,33.0,6.7,0.43,0.00,0.43,0.13,0,True,6,3,0,2026-09-18T19:00:00Z,50,323,431,108,0
Jordan Henderson,MID,Chelsea,101,5,41,5,90,1,2,0,0,0,3,0,0,0,0,0,0,0,16,16.6,10.4,0.0,2.7,0.00,0.08,0.08,2.65,10,False,4,3,0,2026-09-18T19:00:00Z,49,217,298,81,0
Yehor Yarmoliuk,MID,Brentford,102,5,41,5,68,1,3,0,0,1,0,0,0,0,0,0,0,0,19,23.4,21.0,7.0,5.1,0.03,0.06,0.09,0.55,10,True,6,3,0,2026-09-18T19:00:00Z,48,-1217,808,2025,76520
Frank Onyeka,MID,Coventry City,104,5,47,5,90,1,3,0,0,1,0,0,0,0,0,0,0,0,10,9.2,1.8,0.0,1.1,0.00,0.00,0.00,1.10,9,False,18,0,1,2026-09-19T16:30:00Z,49,-182,100,282,10931
Jaidon Anthony,MID,Brentford,105,5,41,5,80,1,10,1,0,1,0,0,0,0,0,0,0,2,31,36.6,11.0,37.0,8.5,0.96,0.02,0.98,0.70,2,True,6,3,0,2026-09-18T19:00:00Z,59,1145,1496,351,10931
Igor Thiago Nascimento Rodrigues,FWD,Brentford,106,5,41,5,90,1,5,1,0,1,0,0,0,0,1,0,0,0,26,28.2,16.0,30.0,7.4,0.72,0.03,0.75,0.83,3,True,6,3,0,2026-09-18T19:00:00Z,78,12575,35279,22704,983832
Bart Verbruggen,GKP,Brighton,109,5,42,5,90,1,6,0,0,1,0,0,0,0,0,0,2,0,27,20.0,0.0,0.0,2.0,0.00,0.00,0.00,1.63,0,True,1,3,0,2026-09-19T14:00:00Z,45,-613,42908,43521,2372128
Carl Rushworth,GKP,Coventry City,110,5,47,5,90,1,11,0,1,1,0,0,0,0,0,0,2,2,38,29.0,10.0,0.0,3.9,0.00,0.00,0.00,1.10,0,False,18,0,1,2026-09-19T16:30:00Z,45,-2464,1452,3916,87452
Jan Paul van Hecke,DEF,Spurs,112,5,48,5,90,1,6,1,0,0,3,0,0,0,1,0,0,0,17,62.0,30.4,17.0,10.9,0.35,0.30,0.65,1.16,9,True,2,2,3,2026-09-19T11:30:00Z,49,-6882,9081,15963,721477
Ferdi Kadıoğlu,DEF,Brighton,113,5,42,5,75,1,5,0,0,1,0,0,0,0,1,0,0,0,18,9.4,13.5,5.0,2.8,0.04,0.02,0.06,0.89,3,True,1,3,0,2026-09-19T14:00:00Z,44,-1818,2576,4394,174903
Olivier Boscagli,DEF,Brighton,114,5,42,5,90,1,6,0,0,1,0,0,0,0,0,0,0,0,24,13.0,5.2,2.0,2.0,0.01,0.02,0.03,1.63,7,True,1,3,0,2026-09-19T14:00:00Z,45,840,1288,448,32794
Maxim De Cuyper,DEF,Brighton,115,5,42,5,90,1,6,0,0,1,0,0,0,0,1,0,0,1,30,14.6,33.8,4.0,5.2,0.02,0.23,0.25,1.63,7,True,1,3,0,2026-09-19T14:00:00Z,49,178488,189032,10544,2929632
João Pedro Loureiro da Costa,DEF,Brighton,119,5,42,5,14,0,1,0,0,0,0,0,0,0,0,0,0,0,2,1.2,3.0,0.0,0.4,0.00,0.14,0.14,0.74,1,True,1,3,0,2026-09-19T14:00:00Z,45,2,89,87,0
Michael Svoboda,DEF,Brighton,120,5,42,5,4,0,1,0,0,0,0,0,0,0,0,0,0,0,5,2.4,0.0,0.0,0.2,0.00,0.00,0.00,0.14,1,True,1,3,0,2026-09-19T14:00:00Z,50,512,788,276,10931
Pascal Groß,MID,Brighton,124,5,42,5,90,1,14,1,1,1,0,0,0,0,0,0,0,3,47,58.4,30.3,16.0,10.5,0.11,0.25,0.36,1.63,5,True,1,3,0,2026-09-19T14:00:00Z,58,563546,569947,6401,2907769
Georginio Rutter,FWD,Brighton,125,5,42,5,14,0,1,0,0,0,0,0,0,0,0,0,0,0,2,0.4,0.3,4.0,0.5,0.09,0.01,0.10,0.74,2,True,1,3,0,2026-09-19T14:00:00Z,53,-1086,1524,2610,54657
Matt O'Riley,MID,Brighton,126,5,42,5,4,0,1,0,0,0,0,0,0,0,0,0,0,0,2,6.0,0.0,19.0,2.5,0.28,0.00,0.28,0.14,2,True,1,3,0,2026-09-19T14:00:00Z,54,-109,225,334,10931
Diego Gómez Amarilla,MID,Brighton,127,5,42,5,85,1,8,0,1,1,0,0,0,0,0,0,0,0,19,29.0,22.6,4.0,5.6,0.00,0.02,0.02,1.48,13,True,1,3,0,2026-09-19T14:00:00Z,50,-19811,7600,27411,437259
Yasin Ayari,MID,Brighton,129,5,42,5,90,1,3,0,0,1,0,0,0,0,0,0,0,0,7,5.6,12.3,17.0,3.5,0.11,0.08,0.19,1.63,7,True,1,3,0,2026-09-19T14:00:00Z,54,71,1383,1312,43726
Danny Welbeck,FWD,Chelsea,136,5,41,5,70,1,2,0,0,0,1,0,0,0,0,0,0,0,8,7.2,21.8,8.0,3.7,0.00,0.08,0.08,1.45,4,False,4,3,0,2026-09-18T19:00:00Z,59,-1297,4778,6075,109315
Charalampos Kostoulas,FWD,Brighton,138,5,42,5,75,1,10,1,1,1,0,0,0,0,1,0,0,2,40,48.2,11.3,38.0,9.8,0.18,0.01,0.19,0.89,4,True,1,3,0,2026-09-19T14:00:00Z,56,207207,214363,7156,338875
Wesley Fofana,DEF,Chelsea,145,5,41,5,70,1,4,0,0,0,1,0,0,0,0,0,0,0,11,22.8,0.8,0.0,2.4,0.00,0.00,0.00,1.45,15,False,4,3,0,2026-09-18T19:00:00Z,50,691,1385,694,21863
Levi Samuels Colwill,DEF,Chelsea,149,5,41,5,90,1,1,0,0,0,3,0,0,0,0,0,0,0,1,15.6,2.4,2.0,2.0,0.00,0.01,0.01,2.65,7,False,4,3,0,2026-09-18T19:00:00Z,48,-2965,645,3610,98383
Josh Acheampong,DEF,Chelsea,151,5,41,5,19,0,0,0,0,0,2,0,0,0,0,0,0,0,-4,1.4,1.4,0.0,0.3,0.00,0.01,0.01,1.20,1,False,4,3,0,2026-09-18T19:00:00Z,45,-982,252,1234,32794
Cole Palmer,MID,Chelsea,154,5,41,5,90,1,2,0,0,0,3,0,0,0,0,0,0,0,21,19.4,25.3,20.0,6.5,0.13,0.18,0.31,2.65,6,False,4,3,0,2026-09-18T19:00:00Z,97,-36134,35297,71431,2907769
Enzo Fernández,MID,Chelsea,155,5,41,5,90,1,7,1,0,0,3,0,0,0,0,0,0,0,33,39.8,21.2,9.0,7.0,0.04,0.26,0.30,3.57,5,False,4,3,0,2026-09-18T19:00:00Z,69,9629,17791,8162,393533
Pedro Lomba Neto,MID,Chelsea,156,5,41,5,86,1,2,0,0,0,2,0,0,0,0,0,0,0,13,9.6,7.8,25.0,4.2,0.16,0.05,0.21,2.22,6,False,4,3,0,2026-09-18T19:00:00Z,65,-3867,2614,6481,153040
Estêvão Almeida de Oliveira Gonçalves,MID,Chelsea,157,5,41,5,3,0,1,0,0,0,1,0,0,0,0,0,0,0,3,0.2,0.3,0.0,0.1,0.00,0.00,0.00,0.43,0,False,4,3,0,2026-09-18T19:00:00Z,63,-1864,875,2739,76520
Geovany Quenda,MID,Chelsea,164,5,41,5,19,0,1,0,0,0,2,0,0,0,0,0,0,0,3,0.4,1.8,6.0,0.8,0.03,0.01,0.04,1.20,0,False,4,3,0,2026-09-18T19:00:00Z,53,-71,41,112,0
Nicolas Jackson,FWD,Chelsea,166,5,41,5,87,1,6,1,0,0,1,0,0,0,1,0,0,1,31,37.4,11.4,52.0,10.1,0.44,0.02,0.46,1.13,4,False,4,3,0,2026-09-18T19:00:00Z,65,17581,22103,4522,153040
Liam Delap,FWD,Chelsea,167,5,41,5,90,1,1,0,0,0,1,0,0,0,1,0,0,0,9,5.0,25.1,21.0,5.1,0.13,0.21,0.34,0.67,8,False,4,3,0,2026-09-18T19:00:00Z,56,1985,21436,19451,306081
Bobby Thomas,DEF,Coventry City,173,5,47,5,90,1,9,0,0,1,0,0,0,0,0,0,0,1,37,27.2,0.6,8.0,3.6,0.06,0.04,0.10,1.10,13,False,18,0,1,2026-09-19T16:30:00Z,40,-2570,14551,17121,940106
Jay Dasilva,DEF,Coventry City,176,5,47,5,90,1,15,1,0,1,0,0,0,0,0,0,0,3,40,47.0,15.7,18.0,8.1,0.32,0.04,0.36,1.10,4,False,18,0,1,2026-09-19T16:30:00Z,40,2540,3379,839,76520
Joel Latibeaudiere,DEF,Coventry City,179,5,47,5,1,0,1,0,0,0,0,0,0,0,0,0,0,0,3,7.0,0.0,0.0,0.7,0.00,0.00,0.00,0.02,2,False,18,0,1,2026-09-19T16:30:00Z,40,-34,48,82,0
Jack Rudoni,MID,Coventry City,183,5,47,5,73,1,5,0,0,1,0,0,0,0,0,0,0,0,16,13.6,25.3,1.0,4.0,0.09,0.20,0.29,0.85,13,False,18,0,1,2026-09-19T16:30:00Z,49,105,506,401,10931
Matt Grimes,MID,Coventry City,184,5,47,5,90,1,3,0,0,1,0,0,0,0,0,0,0,0,17,12.6,15.3,1.0,2.9,0.02,0.06,0.08,1.10,10,False,18,0,1,2026-09-19T16:30:00Z,49,-471,122,593,10931
Ephron Mason-Clark,MID,Coventry City,186,5,47,5,45,1,1,0,0,0,0,0,0,0,0,0,0,0,6,5.2,33.8,6.0,4.5,0.02,0.05,0.07,0.60,2,False,18,0,1,2026-09-19T16:30:00Z,54,-202,37,239,10931
Loum Tchaouna,MID,Coventry City,190,5,47,5,45,0,1,0,0,0,0,0,0,0,0,0,0,0,5,8.4,1.2,17.0,2.7,0.04,0.00,0.04,0.50,3,False,18,0,1,2026-09-19T16:30:00Z,54,-197,6,203,10931
Brandon Thomas-Asante,FWD,Coventry City,194,5,47,5,90,1,4,0,0,1,0,0,0,0,0,0,0,0,16,15.8,0.6,19.0,3.5,0.13,0.01,0.13,1.10,16,False,18,0,1,2026-09-19T16:30:00Z,50,839,4412,3573,87452
Ellis Simms,FWD,Coventry City,195,5,47,5,16,0,1,0,0,0,0,0,0,0,0,0,0,0,3,0.2,0.3,0.0,0.1,0.00,0.00,0.00,0.24,0,False,18,0,1,2026-09-19T16:30:00Z,50,-2886,628,3514,65589
Walter Benítez,GKP,Crystal Palace,199,5,44,5,90,1,6,0,0,1,0,0,0,0,0,0,2,0,26,18.6,0.0,0.0,1.9,0.00,0.00,0.00,1.31,0,False,13,0,0,2026-09-20T13:00:00Z,45,172,361,189,10931
Maxence Lacroix,DEF,Chelsea,200,5,41,5,90,1,3,0,0,0,3,0,0,0,0,0,0,0,-1,29.4,1.3,4.0,3.5,0.13,0.01,0.14,2.65,12,False,4,3,0,2026-09-18T19:00:00Z,59,-14815,4211,19026,743340
Daniel Muñoz Mejía,DEF,Crystal Palace,201,5,44,5,82,1,2,0,0,0,1,0,0,0,0,0,0,0,5,4.0,3.8,15.0,2.3,0.12,0.02,0.14,0.67,3,False,13,0,0,2026-09-20T13:00:00Z,54,-13552,5414,18966,634025
Chris Richards,DEF,Crystal Palace,202,5,44,5,90,1,8,0,0,1,0,0,0,0,0,0,0,0,29,22.6,0.5,0.0,2.3,0.00,0.01,0.01,1.31,10,False,13,0,0,2026-09-20T13:00:00Z,50,-499,898,1397,65589
Jaydee Canvot,DEF,Crystal Palace,203,5,44,5,90,1,8,0,0,1,0,0,0,0,0,0,0,0,26,19.8,17.2,2.0,3.9,0.00,0.12,0.12,1.31,10,False,13,0,0,2026-09-20T13:00:00Z,48,-397,195,592,21863
Tyrick Mitchell,DEF,Crystal Palace,204,5,44,5,90,1,7,0,0,1,0,0,0,0,0,0,0,1,30,19.2,3.7,6.0,2.9,0.00,0.02,0.02,1.31,8,False,13,0,0,2026-09-20T13:00:00Z,45,-2507,7554,10061,655888
Ismaïla Sarr,MID,Crystal Palace,208,5,44,5,8,0,1,0,0,0,0,0,0,0,0,0,0,0,3,0.0,0.5,0.0,0.1,0.00,0.01,0.01,0.06,0,False,13,0,0,2026-09-20T13:00:00Z,62,279,1579,1300,65589
Brennan Johnson,MID,Everton,209,5,43,5,65,1,3,0,0,1,0,0,0,0,0,0,0,0,6,0.0,0.6,10.0,1.0,0.82,0.00,0.82,1.06,8,True,12,1,0,2026-09-19T14:00:00Z,59,-231,219,450,10931
Adam Wharton,MID,Crystal Palace,210,5,44,5,90,1,2,0,0,1,0,0,0,0,1,0,0,0,13,20.0,26.8,13.0,6.0,0.07,0.22,0.29,1.31,7,False,13,0,0,2026-09-20T13:00:00Z,55,-2262,688,2950,76520
Yéremy Pino Santos,MID,Crystal Palace,211,5,44,5,81,1,2,0,0,1,0,0,0,0,1,0,0,0,10,9.4,8.3,10.0,2.8,0.16,0.15,0.31,1.26,5,False,13,0,0,2026-09-20T13:00:00Z,55,-1391,431,1822,43726
Jefferson Lerma Solís,MID,Crystal Palace,213,5,44,5,45,0,0,0,0,0,0,0,0,0,1,0,0,0,3,15.4,0.5,11.0,2.7,0.26,0.00,0.26,0.77,11,False,13,0,0,2026-09-20T13:00:00Z,49,-184,34,218,10931
Daichi Kamada,MID,Crystal Palace,214,5,44,5,90,1,3,0,0,1,0,0,0,0,0,0,0,0,12,1.8,4.0,27.0,3.3,0.42,0.03,0.45,1.31,10,False,13,0,0,2026-09-20T13:00:00Z,50,56,1913,1857,54657
Jørgen Strand Larsen,FWD,Crystal Palace,222,5,44,5,81,1,2,0,0,1,0,0,0,0,0,0,0,0,10,13.2,15.1,13.0,4.1,0.04,0.17,0.21,1.26,3,False,13,0,0,2026-09-20T13:00:00Z,60,530,2888,2358,65589
Eddie Nketiah,FWD,Crystal Palace,224,5,44,5,8,0,1,0,0,0,0,0,0,0,0,0,0,0,2,0.0,0.6,0.0,0.0,0.00,0.02,0.02,0.06,1,False,13,0,0,2026-09-20T13:00:00Z,55,-1404,728,2132,54657
Jordan Pickford,GKP,Everton,226,5,43,5,90,1,8,0,0,1,0,0,0,0,0,0,4,1,34,35.0,0.0,0.0,3.5,0.00,0.00,0.00,1.44,0,True,12,1,0,2026-09-19T14:00:00Z,55,9940,18201,8261,994763
James Tarkowski,DEF,Everton,229,5,43,5,90,1,14,0,1,1,0,0,0,0,0,0,0,3,43,36.0,10.7,1.0,4.8,0.01,0.01,0.02,1.44,12,True,12,1,0,2026-09-19T14:00:00Z,61,123957,133269,9312,1683445
Jarrad Branthwaite,DEF,Everton,230,5,43,5,90,1,8,0,0,1,0,0,0,0,0,0,0,0,27,32.6,0.9,0.0,3.4,0.00,0.00,0.00,1.44,14,True,12,1,0,2026-09-19T14:00:00Z,55,8140,11746,3606,262355
Jake O'Brien,DEF,Everton,232,5,43,5,1,0,1,0,0,0,0,0,0,0,0,0,0,0,3,2.0,0.0,0.0,0.2,0.00,0.00,0.00,0.16,1,True,12,1,0,2026-09-19T14:00:00Z,48,-470,212,682,32794
Vitalii Mykolenko,DEF,Everton,233,5,43,5,90,1,5,0,0,1,0,0,0,0,1,0,0,0,29,18.8,7.1,7.0,3.3,0.04,0.02,0.06,1.44,6,True,12,1,0,2026-09-19T14:00:00Z,46,23821,33191,9370,459121
Kiernan Dewsbury-Hall,MID,Everton,236,5,43,5,90,1,3,0,0,1,0,0,0,0,0,0,0,0,10,1.6,31.2,28.0,6.1,0.37,0.34,0.71,1.28,7,True,12,1,0,2026-09-19T14:00:00Z,66,-1635,28050,29685,666819
Iliman Ndiaye,MID,Everton,237,5,43,5,74,1,5,0,1,0,3,0,0,0,0,0,0,0,31,7.6,28.6,10.0,4.6,0.10,0.14,0.24,3.15,4,True,12,1,0,2026-09-19T14:00:00Z,58,-44222,4482,48704,754271
Jack Grealish,MID,Man City,238,5,45,5,78,1,3,0,0,1,0,0,0,0,0,0,0,0,22,11.2,57.6,8.0,7.7,0.00,0.30,0.30,1.06,7,True,20,5,3,2026-09-20T13:00:00Z,65,124,1974,1850,43726
James Garner,MID,Everton,239,5,43,5,90,1,3,0,0,1,0,0,0,0,0,0,0,0,14,10.0,19.2,4.0,3.3,0.16,0.04,0.20,1.44,9,True,12,1,0,2026-09-19T14:00:00Z,60,-345,946,1291,21863
Tim Iroegbunam,MID,Everton,240,5,43,5,45,0,1,0,0,0,0,0,0,0,0,0,0,0,6,6.2,11.3,10.0,2.8,0.12,0.01,0.13,0.25,7,True,12,1,0,2026-09-19T14:00:00Z,50,-41,47,88,0
Tyrique George,MID,Everton,242,5,43,5,11,0,1,0,0,0,0,0,0,0,0,0,0,0,4,0.4,0.8,4.0,0.5,0.03,0.01,0.04,0.38,2,True,12,1,0,2026-09-19T14:00:00Z,55,-6489,1501,7990,98383
Harrison Armstrong,MID,Everton,244,5,43,5,90,1,2,0,0,1,0,0,0,0,1,0,0,0,13,5.0,26.3,4.0,3.5,0.12,0.37,0.49,1.44,5,True,12,1,0,2026-09-19T14:00:00Z,50,-1918,502,2420,43726
Tyler Dibling,MID,Everton,245,5,43,5,24,0,1,0,0,0,0,0,0,0,0,0,0,0,10,7.2,24.4,26.0,5.8,0.17,0.16,0.33,0.38,0,True,12,1,0,2026-09-19T14:00:00Z,54,-11,80,91,0
Hayden Hackney,MID,Everton,247,5,43,5,1,0,1,0,0,0,0,0,0,0,0,0,0,0,3,0.2,0.1,0.0,0.0,0.00,0.00,0.00,0.16,0,True,12,1,0,2026-09-19T14:00:00Z,54,-612,129,741,21863
Thierno Barry,FWD,Everton,249,5,43,5,90,1,6,1,0,1,0,0,0,0,0,0,0,0,28,34.4,12.3,27.0,7.4,0.52,0.01,0.53,1.44,5,True,12,1,0,2026-09-19T14:00:00Z,56,23308,46315,23007,885449
Bernd Leno,GKP,Fulham,250,5,50,5,90,1,3,0,0,0,1,0,0,0,0,0,5,0,18,34.6,0.0,0.0,3.5,0.00,0.00,0.00,1.60,0,True,16,1,1,2026-09-20T15:30:00Z,45,16751,21656,4905,360738
Joachim Andersen,DEF,Fulham,253,5,50,5,10,0,1,0,0,0,1,0,0,0,0,0,0,0,0,10.0,0.0,0.0,1.0,0.00,0.00,0.00,0.36,5,True,16,1,1,2026-09-20T15:30:00Z,50,1096,1729,633,10931
Antonee Robinson,DEF,Fulham,254,5,50,5,90,1,2,0,0,0,1,0,0,0,0,0,0,0,19,30.0,30.0,0.0,6.0,0.00,0.09,0.09,1.60,7,True,16,1,1,2026-09-20T15:30:00Z,45,6059,9334,3275,153040
Calvin Bassey,DEF,Fulham,257,5,50,5,90,1,6,0,1,0,1,0,0,0,0,0,0,1,26,26.6,1.8,17.0,4.5,0.06,0.01,0.07,1.60,8,True,16,1,1,2026-09-20T15:30:00Z,45,1677,2552,875,76520
Timothy Castagne,DEF,Fulham,258,5,50,5,90,1,1,0,0,0,1,0,0,0,1,0,0,0,3,20.6,5.2,2.0,2.8,0.00,0.01,0.01,1.60,9,True,16,1,1,2026-09-20T15:30:00Z,45,7425,9979,2554,98383
Issa Diop,DEF,Ipswich Town,259,5,43,5,90,1,4,0,0,0,1,0,0,0,0,0,0,0,13,31.4,10.5,5.0,4.7,0.06,0.01,0.07,2.24,10,False,9,1,0,2026-09-19T14:00:00Z,40,-30042,4390,34432,1410159
Alex Iwobi,MID,Fulham,261,5,50,5,70,1,5,0,0,1,0,0,0,0,0,0,0,2,27,21.0,63.3,26.0,11.0,0.19,0.41,0.60,1.12,7,True,16,1,1,2026-09-20T15:30:00Z,54,-446,1582,2028,65589
Kevin Santos Lopes de Macedo,MID,Fulham,263,5,50,5,19,0,1,0,0,0,1,0,0,0,0,0,0,0,6,5.2,0.1,17.0,2.2,0.04,0.00,0.04,0.49,2,True,16,1,1,2026-09-20T15:30:00Z,53,-64,104,168,0
Oscar Bobb,MID,Fulham,264,5,50,5,70,1,3,0,0,1,0,0,0,0,0,0,0,0,6,4.0,3.7,8.0,1.6,0.22,0.09,0.31,1.12,6,True,16,1,1,2026-09-20T15:30:00Z,55,138,1198,1060,32794
Sander Berge,MID,Fulham,265,5,50,5,76,1,3,0,0,1,0,0,0,0,0,0,0,0,16,10.0,15.4,7.0,3.2,0.05,0.02,0.07,1.18,2,True,16,1,1,2026-09-20T15:30:00Z,49,-468,354,822,32794
Saša Lukić,MID,Ipswich Town,267,5,43,5,72,1,2,0,0,0,1,0,0,0,0,0,0,0,14,9.6,16.8,0.0,2.6,0.00,0.25,0.25,1.76,6,False,9,1,0,2026-09-19T14:00:00Z,49,-213,118,331,10931
Josh King,MID,Fulham,268,5,50,5,79,1,2,0,0,1,0,0,0,0,1,0,0,0,10,3.2,6.8,46.0,5.6,0.38,0.03,0.41,1.25,5,True,16,1,1,2026-09-20T15:30:00Z,55,40191,49883,9692,251424
Rodrigo Muniz Carvalho,FWD,Fulham,271,5,50,5,10,0,0,0,0,0,1,0,0,0,1,0,0,0,-1,0.2,0.3,0.0,0.1,0.00,0.00,0.00,0.36,1,True,16,1,1,2026-09-20T15:30:00Z,54,-614,1032,1646,43726
John Egan,DEF,Hull City,277,5,46,5,77,1,1,0,0,0,2,0,0,0,0,0,0,0,2,14.0,0.2,13.0,2.7,0.01,0.00,0.01,1.31,4,False,17,2,1,2026-09-19T14:00:00Z,41,61,17634,17573,776134
Semi Ajayi,DEF,Hull City,279,5,46,5,90,1,1,0,0,0,2,0,0,0,0,0,0,0,5,9.4,1.2,10.0,2.1,0.01,0.01,0.02,1.44,4,False,17,2,1,2026-09-19T14:00:00Z,42,-4488,31869,36357,1541336
Lewie Coyle,DEF,Hull City,280,5,46,5,90,1,1,0,0,0,2,0,0,0,0,0,0,0,3,6.6,2.8,6.0,1.5,0.00,0.04,0.04,1.44,2,False,17,2,1,2026-09-19T14:00:00Z,40,241,1426,1185,76520
Ryan Giles,DEF,Hull City,282,5,46,5,90,1,0,0,0,0,2,0,0,0,1,0,0,0,-1,12.2,38.8,0.0,5.1,0.00,0.08,0.08,1.44,5,False,17,2,1,2026-09-19T14:00:00Z,40,7428,15697,8269,317012
Mohamed Belloumi,MID,Hull City,286,5,46,5,82,1,4,0,1,0,2,0,0,0,1,0,0,0,22,33.0,29.1,41.0,10.3,0.35,0.31,0.66,1.31,11,False,17,2,1,2026-09-19T14:00:00Z,51,31323,46415,15092,513779
Matt Crooks,MID,Hull City,289,5,46,5,45,1,0,0,0,0,2,0,0,0,1,0,0,0,6,7.8,14.5,0.0,2.2,0.00,0.12,0.12,1.19,2,False,17,2,1,2026-09-19T14:00:00Z,44,587,3213,2626,54657
Regan Slater,MID,Hull City,290,5,46,5,77,1,2,0,0,0,2,0,0,0,0,0,0,0,9,4.2,23.8,9.0,3.7,0.13,0.03,0.16,1.31,3,False,17,2,1,2026-09-19T14:00:00Z,45,-14761,10064,24825,579368
Oli McBurnie,FWD,Hull City,295,5,46,5,90,1,1,0,0,0,2,0,0,0,1,0,0,0,5,3.0,12.6,20.0,3.6,0.36,0.02,0.38,1.44,6,False,17,2,1,2026-09-19T14:00:00Z,55,-7429,4924,12353,207698
Christian Walton,GKP,Ipswich Town,300,5,43,5,90,1,2,0,0,0,1,0,0,0,0,0,1,0,10,12.0,0.0,0.0,1.2,0.00,0.01,0.01,2.24,0,False,9,1,0,2026-09-19T14:00:00Z,44,482,980,498,43726
Dara O'Shea,DEF,Ipswich Town,304,5,43,5,90,1,2,0,0,0,1,0,0,0,0,0,0,0,12,28.6,10.5,2.0,4.1,0.00,0.00,0.00,2.24,9,False,9,1,0,2026-09-19T14:00:00Z,40,-6950,1155,8105,295150
Leif Davis,DEF,Ipswich Town,305,5,43,5,90,1,2,0,0,0,1,0,0,0,0,0,0,0,2,10.4,6.3,9.0,2.6,0.42,0.02,0.44,2.24,5,False,9,1,0,2026-09-19T14:00:00Z,40,17026,31302,14276,754271
Jack Clarke,MID,Ipswich Town,313,5,43,5,65,1,2,0,0,0,1,0,0,0,0,0,0,0,10,10.0,30.1,2.0,4.2,0.00,0.33,0.33,1.68,4,False,9,1,0,2026-09-19T14:00:00Z,54,-540,82,622,21863
Abdul Fatawu,MID,Ipswich Town,315,5,43,5,66,1,-1,0,0,0,1,0,0,0,0,1,0,0,4,3.2,18.8,21.0,4.3,0.14,0.28,0.42,1.68,4,False,9,1,0,2026-09-19T14:00:00Z,54,-1565,44,1609,21863
Emersonn Correia da Silva,FWD,Ipswich Town,316,5,43,5,80,1,2,0,0,0,1,0,0,0,0,0,0,0,9,2.4,0.6,21.0,2.4,0.13,0.01,0.14,2.07,1,False,9,1,0,2026-09-19T14:00:00Z,55,7960,22926,14966,371670
Jaden Philogene,MID,Ipswich Town,318,5,43,5,24,0,1,0,0,0,0,0,0,0,0,0,0,0,5,1.4,3.8,4.0,0.9,0.06,0.01,0.07,0.56,1,False,9,1,0,2026-09-19T14:00:00Z,54,-76,17,93,10931
Chuba Akpom,FWD,Ipswich Town,320,5,43,5,9,0,1,0,0,0,0,0,0,0,0,0,0,0,3,0.0,0.8,5.0,0.6,0.17,0.00,0.17,0.16,0,False,9,1,0,2026-09-19T14:00:00Z,50,-3054,3408,6462,131178
Pascal Struijk,DEF,Brighton,328,5,42,5,85,1,5,0,0,1,0,0,0,0,1,0,0,0,24,20.8,0.6,7.0,2.8,0.16,0.00,0.16,1.48,6,True,1,3,0,2026-09-19T14:00:00Z,49,222,525,303,21863
Jayden Bogle,DEF,Leeds,330,5,44,5,66,1,5,0,0,1,0,0,0,0,1,0,0,0,14,0.0,2.0,11.0,1.3,0.07,0.00,0.07,0.66,1,True,8,0,0,2026-09-20T13:00:00Z,46,62846,76041,13195,721477
Gabriel Gudmundsson,DEF,Leeds,331,5,44,5,90,1,6,0,0,1,0,0,0,0,0,0,0,0,27,16.0,19.7,2.0,3.8,0.00,0.03,0.03,1.06,5,True,8,0,0,2026-09-20T13:00:00Z,45,118,275,157,10931
James Justin,DEF,Leeds,332,5,44,5,90,1,8,0,0,1,0,0,0,0,0,0,0,2,31,19.2,14.9,5.0,3.9,0.05,0.12,0.17,1.06,9,True,8,0,0,2026-09-20T13:00:00Z,45,-1264,2314,3578,163972
Tarik Muharemović,DEF,Leeds,334,5,44,5,90,1,6,0,0,1,0,0,0,0,0,0,0,0,22,14.0,0.9,18.0,3.3,0.40,0.01,0.41,1.06,8,True,8,0,0,2026-09-20T13:00:00Z,50,2795,14576,11781,470053
Anton Stach,MID,Leeds,335,5,44,5,90,1,5,0,0,1,0,0,0,0,0,0,0,0,13,16.6,17.1,4.0,3.8,0.05,0.08,0.13,1.06,13,True,8,0,0,2026-09-20T13:00:00Z,60,-10390,2974,13364,273287
Noah Okafor,MID,Leeds,336,5,44,5,75,1,3,0,0,1,0,0,0,0,0,0,0,0,17,7.8,1.5,3.0,1.2,0.02,0.01,0.03,0.68,5,True,8,0,0,2026-09-20T13:00:00Z,58,-1074,1071,2145,43726
Brenden Aaronson,MID,Leeds,337,5,44,5,22,0,1,0,0,0,0,0,0,0,0,0,0,0,5,1.4,0.7,0.0,0.2,0.00,0.00,0.00,0.40,4,True,8,0,0,2026-09-20T13:00:00Z,53,-2130,120,2250,54657
Ethan Ampadu,MID,Leeds,338,5,44,5,90,1,5,0,0,1,0,0,0,0,0,0,0,0,19,18.8,24.2,0.0,4.3,0.00,0.10,0.10,1.06,14,True,8,0,0,2026-09-20T13:00:00Z,54,-2327,830,3157,98383
Joe Gelhardt,MID,Hull City,340,5,46,5,7,0,1,0,0,0,0,0,0,0,0,0,0,0,5,1.6,1.3,12.0,1.5,0.10,0.02,0.12,0.13,1,False,17,2,1,2026-09-19T14:00:00Z,50,-10,55,65,0
Daniel James,MID,Leeds,343,5,44,5,23,0,1,0,0,0,0,0,0,0,0,0,0,0,3,1.2,0.2,4.0,0.5,0.00,0.00,0.00,0.40,1,True,8,0,0,2026-09-20T13:00:00Z,49,-254,113,367,10931
Tanaka Ao,MID,Leeds,345,5,44,5,67,1,2,0,0,1,0,0,0,0,1,0,0,0,0,0.0,1.2,5.0,0.4,0.14,0.00,0.14,0.66,5,True,8,0,0,2026-09-20T13:00:00Z,49,-110,1254,1364,32794
Dominic Calvert-Lewin,FWD,Leeds,346,5,44,5,90,1,2,0,0,1,0,0,0,0,0,0,0,0,7,10.2,1.3,19.0,3.1,0.52,0.00,0.52,1.06,8,True,8,0,0,2026-09-20T13:00:00Z,60,-45629,62208,107837,2754729
Lukas Nmecha,FWD,Leeds,347,5,44,5,14,0,1,0,0,0,0,0,0,0,0,0,0,0,4,2.0,0.0,0.0,0.2,0.00,0.00,0.00,0.37,2,True,8,0,0,2026-09-20T13:00:00Z,54,-1218,1152,2370,54657
Alisson Becker,GKP,Liverpool,350,5,49,5,90,1,8,0,0,1,0,0,0,0,0,0,2,2,30,22.4,0.0,0.0,2.2,0.00,0.00,0.00,0.79,0,False,3,0,1,2026-09-20T13:00:00Z,55,-406,6124,6530,426327
Virgil van Dijk,DEF,Liverpool,356,5,49,5,90,1,8,0,0,1,0,0,0,0,0,0,0,0,26,25.8,1.8,0.0,2.8,0.00,0.01,0.01,0.79,13,False,3,0,1,2026-09-20T13:00:00Z,65,-14060,11646,25706,1781829
Milos Kerkez,DEF,Liverpool,358,5,49,5,90,1,6,0,0,1,0,0,0,0,0,0,0,0,22,9.8,2.3,2.0,1.4,0.05,0.01,0.06,0.79,7,False,3,0,1,2026-09-20T13:00:00Z,54,-4988,1466,6454,251424
Jeremy Jacquet,DEF,Liverpool,362,5,49,5,90,1,6,0,0,1,0,0,0,0,0,0,0,0,26,20.0,1.7,0.0,2.2,0.00,0.02,0.02,0.79,8,False,3,0,1,2026-09-20T13:00:00Z,50,10155,17671,7516,371670
Florian Wirtz,MID,Liverpool,366,5,49,5,70,1,6,0,1,1,0,0,0,0,0,0,0,0,25,13.2,39.3,16.0,6.9,0.22,0.05,0.27,0.66,8,False,3,0,1,2026-09-20T13:00:00Z,73,-27499,1421,28920,644956
Cody Gakpo,MID,Liverpool,367,5,49,5,90,1,3,0,0,1,0,0,0,0,0,0,0,0,13,15.8,43.0,7.0,6.6,0.20,0.49,0.69,0.79,5,False,3,0,1,2026-09-20T13:00:00Z,72,-20426,31694,52120,1377364
Dominik Szoboszlai,MID,Liverpool,368,5,49,5,80,1,2,0,0,1,0,0,0,0,1,0,0,0,5,1.6,4.6,2.0,0.8,0.13,0.02,0.15,0.66,6,False,3,0,1,2026-09-20T13:00:00Z,70,-119839,20920,140759,3651109
Ryan Gravenberch,MID,Liverpool,371,5,49,5,9,0,1,0,0,0,0,0,0,0,0,0,0,0,3,0.0,1.5,0.0,0.1,0.00,0.01,0.01,0.14,1,False,3,0,1,2026-09-20T13:00:00Z,58,-4894,725,5619,120246
Alexis Mac Allister,MID,Liverpool,372,5,49,5,90,1,5,0,0,1,0,0,0,0,0,0,0,0,19,14.0,6.5,4.0,2.5,0.00,0.05,0.05,0.79,13,False,3,0,1,2026-09-20T13:00:00Z,54,-1910,2272,4182,142109
Trey Nyoni,MID,Liverpool,375,5,49,5,19,0,1,0,0,0,0,0,0,0,0,0,0,0,3,9.6,0.6,0.0,1.0,0.00,0.00,0.00,0.14,5,False,3,0,1,2026-09-20T13:00:00Z,49,-155,45,200,0
Victor Munoz,MID,Liverpool,377,5,49,5,18,0,1,0,0,0,0,0,0,0,0,0,0,0,7,5.8,11.0,0.0,1.7,0.00,0.06,0.06,0.14,3,False,3,0,1,2026-09-20T13:00:00Z,65,-7021,847,7868,98383
Alexander Isak,FWD,Liverpool,379,5,49,5,80,1,8,1,0,1,0,0,0,0,1,0,0,3,31,32.6,13.4,31.0,7.7,0.75,0.02,0.77,0.66,1,False,3,0,1,2026-09-20T13:00:00Z,91,21060,65216,44156,2426785
Lewis Koumas,MID,Liverpool,381,5,49,5,9,0,1,0,0,0,0,0,0,0,0,0,0,0,7,3.0,0.0,17.0,2.0,0.25,0.00,0.25,0.14,0,False,3,0,1,2026-09-20T13:00:00Z,50,-17,80,97,0
Gianluigi Donnarumma,GKP,Man City,384,5,45,5,90,1,2,0,0,0,3,0,0,0,0,0,4,0,9,31.6,0.0,0.0,3.2,0.00,0.00,0.00,3.57,0,True,20,5,3,2026-09-20T13:00:00Z,55,-11087,7098,18185,841723
James Trafford,GKP,Leeds,385,5,44,5,90,1,10,0,0,1,0,0,0,0,0,0,5,3,34,27.8,0.0,0.0,2.8,0.00,0.00,0.00,1.06,0,True,8,0,0,2026-09-20T13:00:00Z,50,1672,10122,8450,590299
Nico O'Reilly,DEF,Man City,387,5,45,5,5,0,1,0,0,0,0,0,0,0,0,0,0,0,3,5.4,0.8,17.0,2.3,0.78,0.00,0.78,0.39,2,True,20,5,3,2026-09-20T13:00:00Z,64,-43617,3111,46728,1213393
Marc Guéhi,DEF,Man City,388,5,45,5,90,1,4,0,1,0,3,0,0,0,0,0,0,0,13,32.8,13.1,9.0,5.5,0.06,0.01,0.07,3.57,4,True,20,5,3,2026-09-20T13:00:00Z,60,-14070,15472,29542,2011389
Matheus Nunes,DEF,Man City,389,5,45,5,90,1,1,0,0,0,3,0,0,0,0,0,0,0,0,25.0,3.3,0.0,2.8,0.00,0.01,0.01,3.57,9,True,20,5,3,2026-09-20T13:00:00Z,59,-530,1064,1594,109315
Rúben dos Santos Gato Alves Dias,DEF,Man City,390,5,45,5,90,1,1,0,0,0,3,0,0,0,0,0,0,0,-7,4.8,0.3,7.0,1.2,0.20,0.00,0.20,3.57,4,True,20,5,3,2026-09-20T13:00:00Z,55,-2375,2901,5276,207698
Joško Gvardiol,DEF,Man City,391,5,45,5,90,1,4,0,1,0,3,0,0,0,0,0,0,0,22,34.0,11.4,2.0,4.7,0.00,0.63,0.63,3.57,7,True,20,5,3,2026-09-20T13:00:00Z,57,65499,94263,28764,2885906
Antoine Semenyo,MID,Man City,397,5,45,5,90,1,17,2,1,0,3,0,0,0,0,0,0,2,65,95.6,34.2,42.0,17.2,0.16,0.17,0.33,3.57,7,True,20,5,3,2026-09-20T13:00:00Z,84,43497,73771,30274,1661583
Rayan Cherki,MID,Man City,399,5,45,5,84,1,8,1,0,0,3,0,0,0,0,0,0,1,35,42.8,43.6,27.0,11.3,0.13,0.13,0.26,3.18,5,True,20,5,3,2026-09-20T13:00:00Z,78,4179,64201,60022,3071741
Jérémy Doku,MID,Man City,400,5,45,5,15,0,1,0,0,0,0,0,0,0,0,0,0,0,7,3.6,13.8,5.0,2.2,0.23,0.32,0.55,0.42,2,True,20,5,3,2026-09-20T13:00:00Z,74,446,1517,1071,76520
Omar Marmoush,FWD,Man City,401,5,45,5,90,1,2,0,0,0,3,0,0,0,0,0,0,0,8,5.6,6.4,6.0,1.8,0.02,0.04,0.06,1.16,4,True,20,5,3,2026-09-20T13:00:00Z,70,-8497,5946,14443,229561
Sávio Moreira de Oliveira,MID,Spurs,403,5,48,5,90,1,2,0,0,0,3,0,0,0,0,0,0,0,29,24.4,59.0,53.0,13.6,0.29,0.17,0.46,1.16,5,True,2,2,3,2026-09-19T11:30:00Z,65,-2972,1632,4604,76520
Erling Haaland,FWD,Man City,411,5,45,5,90,1,6,1,0,0,3,0,0,0,0,0,0,0,25,28.6,2.0,57.0,8.8,1.09,0.02,1.11,3.57,2,True,20,5,3,2026-09-20T13:00:00Z,156,34935,46449,11514,8045558
Senne Lammens,GKP,Man Utd,412,5,50,5,90,1,4,0,0,0,1,0,0,0,0,0,6,0,22,47.2,0.0,0.0,4.7,0.00,0.00,0.00,1.62,0,False,10,1,1,2026-09-20T15:30:00Z,49,-27287,3936,31223,1104078
Patrick Dorgu,MID,Man Utd,415,5,50,5,6,0,4,0,1,0,0,0,0,0,0,0,0,0,12,18.4,11.2,11.0,4.1,0.13,0.01,0.14,0.00,2,False,10,1,1,2026-09-20T15:30:00Z,58,-1955,567,2522,54657
Diogo Dalot Teixeira,DEF,Man Utd,417,5,50,5,90,1,2,0,0,0,1,0,0,0,0,0,0,0,11,8.6,15.0,7.0,3.1,0.06,0.05,0.11,1.62,2,False,10,1,1,2026-09-20T15:30:00Z,49,-3902,719,4621,174903
Harry Maguire,DEF,Man Utd,418,5,50,5,90,1,2,0,0,0,1,0,0,0,0,0,0,0,17,17.2,17.1,12.0,4.6,0.01,0.03,0.04,1.62,5,False,10,1,1,2026-09-20T15:30:00Z,49,-45925,2434,48359,972900
Lisandro Martínez,DEF,Man Utd,419,5,50,5,90,1,0,0,0,0,1,1,0,0,0,0,0,0,6,12.4,13.3,22.0,4.8,0.15,0.02,0.17,1.62,4,False,10,1,1,2026-09-20T15:30:00Z,50,-1426,2245,3671,142109
Luke Shaw,DEF,Man Utd,423,5,50,5,83,1,2,0,0,0,1,0,0,0,0,0,0,0,7,6.6,6.0,4.0,1.7,0.01,0.07,0.08,1.62,3,False,10,1,1,2026-09-20T15:30:00Z,43,-57186,1602,58788,863586
Bruno Borges Fernandes,MID,Man Utd,426,5,50,5,90,1,2,0,0,0,1,0,0,0,0,0,0,0,15,14.0,58.8,13.0,8.6,0.28,0.19,0.47,1.62,6,False,10,1,1,2026-09-20T15:30:00Z,120,-108834,20271,129105,4263271
Bryan Mbeumo,MID,Man Utd,427,5,50,5,90,1,2,0,0,0,1,0,0,0,0,0,0,0,23,14.6,46.3,30.0,9.1,0.27,0.25,0.52,1.62,4,False,10,1,1,2026-09-20T15:30:00Z,79,-65228,19864,85092,2284676
Matheus Santos Carneiro da Cunha,MID,Man Utd,428,5,50,5,90,1,10,1,0,0,1,0,0,0,0,0,0,3,32,42.4,35.2,26.0,10.4,0.05,0.39,0.44,1.62,3,False,10,1,1,2026-09-20T15:30:00Z,79,-5963,8817,14780,623093
Marcus Rashford,MID,Man Utd,429,5,50,5,76,1,2,0,0,0,1,0,0,0,0,0,0,0,15,16.6,53.7,58.0,12.8,0.40,0.14,0.54,1.62,2,False,10,1,1,2026-09-20T15:30:00Z,70,-4234,3647,7881,163972
Mason Mount,MID,Man Utd,430,5,50,5,10,0,1,0,0,0,0,0,0,0,0,0,0,0,3,0.6,1.1,5.0,0.7,0.09,0.01,0.10,0.00,1,False,10,1,1,2026-09-20T15:30:00Z,54,-17,92,109,0
Kobbie Mainoo,MID,Man Utd,432,5,50,5,79,1,4,0,0,0,1,0,0,0,0,0,0,0,18,11.2,17.4,9.0,3.8,0.06,0.10,0.16,1.62,12,False,10,1,1,2026-09-20T15:30:00Z,55,261,6051,5790,174903
Joshua Zirkzee,FWD,Man Utd,440,5,50,5,13,0,1,0,0,0,0,0,0,0,0,0,0,0,4,3.2,10.1,0.0,1.3,0.00,0.00,0.00,0.00,1,False,10,1,1,2026-09-20T15:30:00Z,53,-884,1006,1890,43726
Malick Thiaw,DEF,Newcastle,445,5,46,5,90,1,4,0,0,0,1,0,0,0,0,0,0,0,13,31.4,1.4,2.0,3.5,0.00,0.01,0.01,1.59,13,True,11,2,1,2026-09-19T14:00:00Z,50,-591,5227,5818,240492
Fabian Schär,DEF,Newcastle,446,5,46,5,24,0,1,0,0,0,1,0,0,0,0,0,0,0,1,25.0,10.5,0.0,3.6,0.00,0.01,0.01,1.08,7,True,11,2,1,2026-09-19T14:00:00Z,49,-255,337,592,21863
Sven Botman,DEF,Newcastle,447,5,46,5,90,1,4,0,0,0,1,0,0,0,0,0,0,0,12,35.2,0.8,17.0,5.3,0.05,0.00,0.05,1.59,18,True,11,2,1,2026-09-19T14:00:00Z,50,1244,2875,1631,76520
Lewis Hall,DEF,Newcastle,449,5,46,5,90,1,13,1,0,0,1,0,0,0,0,0,0,3,38,65.6,29.2,24.0,11.9,0.19,0.11,0.30,1.59,10,True,11,2,1,2026-09-19T14:00:00Z,52,137141,146791,9650,1781829
Bruno Guimarães Rodriguez Moura,MID,Arsenal,452,5,42,5,59,1,1,0,0,0,3,0,0,0,0,0,0,0,12,4.2,1.8,6.0,1.2,0.00,0.01,0.01,0.61,6,False,5,3,0,2026-09-19T14:00:00Z,67,-1786,2829,4615,196766
Harvey Barnes,MID,Newcastle,453,5,46,5,90,1,9,0,2,0,1,0,0,0,0,0,0,1,34,47.6,36.8,27.0,11.1,0.11,0.11,0.22,1.59,9,True,11,2,1,2026-09-19T14:00:00Z,61,98617,106182,7565,568436
Sandro Tonali,MID,Spurs,455,5,48,5,83,1,2,0,0,0,3,0,0,0,0,0,0,0,18,16.8,17.6,10.0,4.4,0.06,0.21,0.27,1.10,11,True,2,2,3,2026-09-19T11:30:00Z,53,-8989,1336,10325,207698
Jacob Murphy,MID,Newcastle,457,5,46,5,90,1,1,0,0,0,1,0,0,0,1,0,0,0,12,9.4,19.7,4.0,3.3,0.03,0.07,0.10,1.59,8,True,11,2,1,2026-09-19T14:00:00Z,59,64,527,463,10931
Lewis Miley,MID,Newcastle,459,5,46,5,90,1,4,0,0,0,1,0,0,0,0,0,0,0,19,21.8,15.6,0.0,3.7,0.00,0.04,0.04,1.59,16,True,11,2,1,2026-09-19T14:00:00Z,55,14,286,272,10931
Joe Willock,MID,Newcastle,460,5,46,5,86,1,10,1,0,0,1,0,0,0,0,0,0,3,38,40.2,7.3,22.0,7.0,0.17,0.04,0.21,1.46,6,True,11,2,1,2026-09-19T14:00:00Z,50,4783,6290,1507,54657
Bazoumana Touré,MID,Newcastle,461,5,46,5,16,0,1,0,0,0,0,0,0,0,0,0,0,0,2,1.0,0.0,0.0,0.1,0.00,0.00,0.00,0.60,2,True,11,2,1,2026-09-19T14:00:00Z,58,-324,205,529,10931
Sean Steur,MID,Newcastle,462,5,46,5,65,1,3,0,0,1,0,0,0,0,0,0,0,0,18,16.0,30.3,0.0,4.6,0.00,0.03,0.03,0.52,7,True,11,2,1,2026-09-19T14:00:00Z,49,-102,137,239,10931
Yoane Wissa,FWD,Newcastle,464,5,46,5,90,1,0,0,0,0,1,0,0,1,0,0,0,0,0,8.8,5.2,20.0,3.4,0.84,0.01,0.85,1.59,5,True,11,2,1,2026-09-19T14:00:00Z,62,-43315,53553,96868,2055115
Matz Sels,GKP,Nott'm Forest,467,5,47,5,90,1,2,0,0,0,1,0,0,0,0,0,2,0,10,13.8,0.0,0.0,1.4,0.00,0.00,0.00,0.67,0,True,7,0,1,2026-09-19T16:30:00Z,50,-2369,1216,3585,174903
Neco Williams,DEF,Nott'm Forest,469,5,47,5,90,1,2,0,0,0,1,0,0,0,0,0,0,0,19,20.6,61.8,16.0,9.8,0.09,0.21,0.30,0.67,2,True,7,0,1,2026-09-19T16:30:00Z,50,-19373,7305,26678,972900
Murillo Costa dos Santos,DEF,Nott'm Forest,472,5,47,5,90,1,4,0,0,0,1,0,0,0,0,0,0,0,16,30.0,24.3,9.0,6.3,0.07,0.08,0.15,0.67,11,True,7,0,1,2026-09-19T16:30:00Z,55,346,4884,4538,229561
Jair Paula da Cunha Filho,DEF,Nott'm Forest,474,5,47,5,90,1,1,0,0,0,1,0,0,0,1,0,0,0,5,14.2,11.8,1.0,2.7,0.02,0.01,0.03,0.67,8,True,7,0,1,2026-09-19T16:30:00Z,45,-293,147,440,21863
Luca Netz,DEF,Nott'm Forest,478,5,47,5,7,0,1,0,0,0,0,0,0,0,0,0,0,0,5,4.0,16.6,2.0,2.3,0.00,0.02,0.02,0.00,0,True,7,0,1,2026-09-19T16:30:00Z,44,-35,38,73,0
Morgan Gibbs-White,MID,Nott'm Forest,480,5,47,5,90,1,2,0,0,0,1,0,0,0,0,0,0,0,25,22.4,81.4,6.0,11.0,0.00,0.40,0.40,0.67,2,True,7,0,1,2026-09-19T16:30:00Z,80,-14511,37984,52495,1716240
Elliot Anderson,MID,Man City,481,5,45,5,90,1,2,0,0,0,3,0,0,0,0,0,0,0,15,13.4,4.7,1.0,1.9,0.02,0.02,0.04,3.57,9,True,20,5,3,2026-09-20T13:00:00Z,63,-12934,4751,17685,448190
Dan Ndoye,MID,Nott'm Forest,483,5,47,5,58,1,1,0,0,0,1,0,0,0,0,0,0,0,3,1.4,25.3,16.0,4.3,0.20,0.05,0.25,0.63,1,True,7,0,1,2026-09-19T16:30:00Z,55,-5420,440,5860,76520
James McAtee,MID,Nott'm Forest,486,5,47,5,82,1,2,0,0,0,1,0,0,0,0,0,0,0,17,13.6,27.0,18.0,5.9,0.21,0.04,0.25,0.67,4,True,7,0,1,2026-09-19T16:30:00Z,55,-378,226,604,10931
Ibrahim Sangaré,MID,Nott'm Forest,488,5,47,5,7,0,1,0,0,0,0,0,0,0,0,0,0,0,3,1.4,0.3,0.0,0.2,0.00,0.00,0.00,0.00,0,True,7,0,1,2026-09-19T16:30:00Z,49,-1764,182,1946,43726
Chris Wood,FWD,Nott'm Forest,490,5,47,5,17,0,1,0,0,0,0,0,0,0,0,0,0,0,4,1.0,2.3,0.0,0.3,0.00,0.00,0.00,0.04,0,True,7,0,1,2026-09-19T16:30:00Z,58,-2934,1112,4046,98383
Igor Jesus Maciel da Cruz,FWD,Nott'm Forest,491,5,47,5,31,0,1,0,0,0,0,0,0,0,0,0,0,0,4,3.4,9.2,14.0,2.7,0.16,0.01,0.17,0.04,3,True,7,0,1,2026-09-19T16:30:00Z,58,-10929,4592,15521,295150
Antonín Kinský,GKP,Spurs,496,5,48,5,90,1,2,0,0,0,3,0,0,0,0,0,3,0,5,27.2,0.0,0.0,2.7,0.00,0.00,0.00,1.16,0,True,2,2,3,2026-09-19T11:30:00Z,45,-64796,9533,74329,1923938
Pedro Porro Sauceda,DEF,Spurs,499,5,48,5,18,1,1,0,0,0,0,0,0,0,0,0,0,0,4,0.0,3.9,1.0,0.5,0.01,0.00,0.01,0.04,1,True,2,2,3,2026-09-19T11:30:00Z,54,-46283,1373,47656,863586
Kevin Danso,DEF,Spurs,501,5,48,5,90,1,0,0,0,0,5,0,0,0,0,0,0,0,-8,17.6,11.0,19.0,4.8,0.07,0.01,0.08,2.82,8,True,2,2,3,2026-09-19T11:30:00Z,50,235,706,471,21863
Andrew Robertson,DEF,Spurs,502,5,48,5,90,1,4,0,1,0,3,0,0,0,0,0,0,0,15,29.8,56.1,6.0,9.2,0.00,0.26,0.26,1.16,3,True,2,2,3,2026-09-19T11:30:00Z,44,-4669,3378,8047,284218
Micky van de Ven,DEF,Spurs,503,5,48,5,90,1,1,0,0,0,3,0,0,0,0,0,0,0,7,24.2,2.3,4.0,3.1,0.02,0.01,0.03,1.16,6,True,2,2,3,2026-09-19T11:30:00Z,50,-9498,3302,12800,426327
Luka Vušković,DEF,Brighton,504,5,42,5,90,1,8,0,0,1,0,0,0,0,0,0,0,0,27,20.6,1.6,2.0,2.4,0.00,0.00,0.00,1.63,12,True,1,3,0,2026-09-19T14:00:00Z,50,27435,34108,6673,371670
Mohammed Kudus,MID,Spurs,512,5,48,5,45,0,4,0,1,0,2,0,0,0,0,0,0,0,24,24.8,17.5,7.0,4.9,0.07,0.20,0.27,0.35,7,True,2,2,3,2026-09-19T11:30:00Z,65,636,1284,648,10931
James Maddison,MID,Spurs,515,5,48,5,24,0,1,0,0,0,2,0,0,0,0,0,0,0,9,10.6,2.4,11.0,2.4,0.06,0.02,0.08,0.15,6,True,2,2,3,2026-09-19T11:30:00Z,63,-790,424,1214,43726
Rodrigo Bentancur,MID,Spurs,516,5,48,5,83,1,4,0,0,0,3,0,0,0,0,0,0,0,15,19.0,6.3,2.0,2.7,0.00,0.04,0.04,1.10,17,True,2,2,3,2026-09-19T11:30:00Z,55,-194,198,392,21863
Conor Gallagher,MID,Spurs,519,5,48,5,6,0,6,1,0,0,0,0,0,0,0,0,0,0,24,38.4,2.3,33.0,7.4,0.35,0.00,0.35,0.07,4,True,2,2,3,2026-09-19T11:30:00Z,53,133,512,379,21863
Lucas Bergvall,MID,Spurs,520,5,48,5,6,0,1,0,0,0,0,0,0,0,0,0,0,0,3,3.0,0.9,2.0,0.6,0.00,0.01,0.01,0.07,1,True,2,2,3,2026-09-19T11:30:00Z,54,-333,55,388,10931
Archie Gray,MID,Spurs,522,5,48,5,71,0,2,0,0,0,3,0,0,0,0,0,0,0,14,10.8,3.1,17.0,3.1,0.14,0.01,0.15,1.12,5,True,2,2,3,2026-09-19T11:30:00Z,49,-444,310,754,21863
Mateus Fernandes,MID,Spurs,525,5,48,5,45,1,1,0,0,0,1,0,0,0,0,0,0,0,2,0.0,5.7,9.0,1.1,0.07,0.02,0.09,0.82,7,True,2,2,3,2026-09-19T11:30:00Z,57,-4247,263,4510,87452
Dominic Solanke-Mitchell,FWD,Spurs,526,5,48,5,65,1,2,0,0,0,1,0,0,0,0,0,0,0,9,5.2,12.6,16.0,3.4,0.12,0.00,0.12,1.01,6,True,2,2,3,2026-09-19T11:30:00Z,58,-2459,1062,3521,87452
Robin Roefs,GKP,Sunderland,529,5,45,5,90,1,0,0,0,0,5,0,0,0,0,0,1,0,-8,14.4,0.0,0.0,1.4,0.00,0.01,0.01,2.82,0,False,15,5,3,2026-09-20T13:00:00Z,49,-5973,1297,7270,273287
Daniel Ballard,DEF,Sunderland,532,5,45,5,90,1,2,0,0,0,5,0,0,0,0,0,0,0,-12,28.4,0.3,11.0,4.0,0.14,0.00,0.14,2.82,14,False,15,5,3,2026-09-20T13:00:00Z,49,-7250,2325,9575,284218
Nordi Mukiele,DEF,Sunderland,533,5,45,5,90,1,0,0,0,0,5,0,0,0,0,0,0,0,5,30.2,30.5,11.0,7.2,0.05,0.23,0.28,2.82,9,False,15,5,3,2026-09-20T13:00:00Z,54,-2066,3312,5378,207698
Trai Hume,DEF,Sunderland,534,5,45,5,11,0,1,0,0,0,1,0,0,0,0,0,0,0,-2,0.4,0.4,8.0,0.9,0.10,0.01,0.11,1.48,1,False,15,5,3,2026-09-20T13:00:00Z,43,-20169,866,21035,317012
Thomas Meunier,DEF,Sunderland,541,5,45,5,78,1,3,0,1,0,4,0,0,0,0,0,0,0,5,22.8,12.8,2.0,3.8,0.00,0.45,0.45,1.34,4,False,15,5,3,2026-09-20T13:00:00Z,45,572,1028,456,32794
Enzo Le Fée,MID,Sunderland,542,5,45,5,90,1,5,0,1,0,5,0,0,0,0,0,0,0,33,33.8,72.8,2.0,10.9,0.00,0.52,0.52,2.82,3,False,15,5,3,2026-09-20T13:00:00Z,57,-10287,6373,16660,371670
Granit Xhaka,MID,Sunderland,544,5,45,5,90,1,2,0,0,0,5,0,0,0,0,0,0,0,25,24.6,37.3,0.0,6.2,0.00,0.38,0.38,2.82,8,False,15,5,3,2026-09-20T13:00:00Z,55,-11749,3737,15486,404464
Noah Sadiki,MID,Sunderland,545,5,45,5,67,1,2,0,0,0,4,0,0,0,0,0,0,0,9,0.0,3.3,1.0,0.3,0.04,0.01,0.05,1.02,3,False,15,5,3,2026-09-20T13:00:00Z,49,-622,255,877,21863
Nilson Angulo,MID,Sunderland,551,5,45,5,59,1,4,0,1,0,4,0,0,0,0,0,0,0,13,21.4,11.7,13.0,4.6,0.45,0.01,0.46,0.75,4,False,15,5,3,2026-09-20T13:00:00Z,50,-191,313,504,10931
Brian Brobbey,FWD,Sunderland,552,5,45,5,90,1,17,3,0,0,5,0,0,0,0,0,0,3,92,104.0,16.1,84.0,20.4,2.35,0.04,2.39,2.82,0,False,15,5,3,2026-09-20T13:00:00Z,57,108029,126152,18123,710545
Wilson Isidor,FWD,Sunderland,553,5,45,5,22,0,1,0,0,0,1,0,0,0,0,0,0,0,3,0.2,0.3,0.0,0.1,0.00,0.00,0.00,1.79,2,False,15,5,3,2026-09-20T13:00:00Z,55,-6128,1634,7762,142109
Christos Tzolis,MID,Arsenal,557,5,42,5,72,1,2,0,0,0,3,0,0,0,0,0,0,0,9,5.0,6.2,6.0,1.7,0.00,0.07,0.07,0.77,3,False,5,3,0,2026-09-19T14:00:00Z,63,-98052,7190,105242,1366433
Xaver Schlager,MID,Nott'm Forest,558,5,47,5,90,1,2,0,0,0,1,0,0,0,0,0,0,0,16,13.6,5.8,4.0,2.3,0.05,0.10,0.15,0.67,7,True,7,0,1,2026-09-19T16:30:00Z,50,-374,129,503,10931
Aladji Bamba,MID,Newcastle,559,5,46,5,3,0,1,0,0,0,0,0,0,0,0,0,0,0,3,6.2,0.1,0.0,0.6,0.00,0.00,0.00,0.14,4,True,11,2,1,2026-09-19T14:00:00Z,49,-206,79,285,10931
Daizen Maeda,MID,Ipswich Town,562,5,43,5,16,0,1,0,0,0,0,0,0,0,0,0,0,0,5,2.2,0.3,4.0,0.7,0.00,0.01,0.01,0.48,1,False,9,1,0,2026-09-19T14:00:00Z,53,-938,72,1010,21863
Mamadou Sangaré,MID,Brentford,565,5,41,5,21,0,0,0,0,0,0,0,0,0,1,0,0,0,0,2.2,0.0,0.0,0.2,0.00,0.00,0.00,0.28,3,True,6,3,0,2026-09-18T19:00:00Z,56,-99300,5543,104843,1125941
António João Pereira de Albuquerque Tavares da Silva,DEF,Bournemouth,566,5,49,5,90,1,3,0,0,0,1,0,0,0,1,0,0,0,8,32.8,1.5,2.0,3.6,0.00,0.02,0.02,1.65,15,True,14,0,1,2026-09-20T13:00:00Z,50,837,2154,1317,43726
Lukás Hornícek,GKP,Newcastle,567,5,46,5,90,1,3,0,0,0,1,0,0,0,0,0,3,0,14,17.0,0.0,0.0,1.7,0.00,0.00,0.00,1.59,0,True,11,2,1,2026-09-19T14:00:00Z,50,1541,4329,2788,163972
Valentín Barco,MID,Chelsea,568,5,41,5,86,1,2,0,0,0,2,0,0,0,0,0,0,0,21,11.2,4.3,5.0,2.1,0.03,0.02,0.05,2.22,9,False,4,3,0,2026-09-18T19:00:00Z,54,-149,133,282,10931
Gonzalo García,FWD,Fulham,569,5,50,5,79,1,2,0,0,1,0,0,0,0,0,0,0,0,3,0.0,14.8,12.0,2.3,0.69,0.33,1.02,1.25,2,True,16,1,1,2026-09-20T15:30:00Z,60,15196,34492,19296,415396
César Palacios,MID,Fulham,570,5,50,5,19,0,1,0,0,0,1,0,0,0,0,0,0,0,5,5.8,10.3,0.0,1.6,0.00,0.00,0.00,0.49,4,True,16,1,1,2026-09-20T15:30:00Z,54,-44,528,572,21863
Florentino Ibrain Morris Luís,MID,Ipswich Town,571,5,43,5,17,0,1,0,0,0,0,0,0,0,0,0,0,0,1,0.0,1.0,0.0,0.0,0.00,0.00,0.00,0.48,0,False,9,1,0,2026-09-19T14:00:00Z,48,-158,51,209,10931
Konstantinos Tzolakis,GKP,Hull City,572,5,46,5,90,1,6,0,0,0,2,0,1,0,1,0,3,0,16,48.2,0.0,0.0,4.8,0.00,0.00,0.00,1.44,0,False,17,2,1,2026-09-19T14:00:00Z,46,55411,66863,11452,1333639
Caleb Yirenkyi,MID,Coventry City,575,5,47,5,90,1,3,0,0,1,0,0,0,0,0,0,0,0,10,5.0,11.7,0.0,1.7,0.00,0.01,0.01,1.08,5,False,18,0,1,2026-09-19T16:30:00Z,48,-570,122,692,10931
Takehiro Tomiyasu,DEF,Crystal Palace,577,5,44,5,45,1,1,0,0,0,0,0,0,0,0,0,0,0,4,10.6,10.6,2.0,2.3,0.00,0.01,0.01,0.54,3,False,13,0,0,2026-09-20T13:00:00Z,44,-276,138,414,32794
Ronald Araujo,DEF,Liverpool,579,5,49,5,90,1,7,0,0,1,0,0,0,0,0,0,0,1,28,12.0,2.8,2.0,1.7,0.00,0.01,0.01,0.79,5,False,3,0,1,2026-09-20T13:00:00Z,54,3637,9777,6140,327944
Shea Charles,MID,Fulham,580,5,50,5,90,1,4,0,0,0,1,0,0,0,0,0,0,0,16,40.0,3.4,0.0,4.3,0.00,0.02,0.02,1.60,13,True,16,1,1,2026-09-20T15:30:00Z,50,72,293,221,10931
Ousmane Diomande,DEF,Nott'm Forest,581,5,47,5,72,1,2,0,0,0,1,0,0,0,0,0,0,0,4,7.8,0.6,8.0,1.6,0.05,0.01,0.06,0.63,5,True,7,0,1,2026-09-19T16:30:00Z,54,-403,895,1298,54657
Pep Chavarría,DEF,Chelsea,583,5,41,5,90,1,1,0,0,0,3,0,0,0,0,0,0,0,7,17.6,27.2,4.0,4.9,0.04,0.04,0.08,2.65,9,False,4,3,0,2026-09-18T19:00:00Z,49,-82,260,342,10931
Lucas Herrington,DEF,Hull City,585,5,46,5,90,1,1,0,0,0,2,0,0,0,0,0,0,0,11,23.6,22.4,11.0,5.7,0.02,0.03,0.05,1.44,8,False,17,2,1,2026-09-19T14:00:00Z,40,-309,654,963,65589
Anan Khalaili,DEF,Crystal Palace,588,5,44,5,90,1,6,0,0,1,0,0,0,0,0,0,0,0,23,15.8,2.5,2.0,2.0,0.00,0.02,0.02,1.31,6,False,13,0,0,2026-09-20T13:00:00Z,50,568,1119,551,32794
Lucas Gourna-Douath,MID,Hull City,589,5,46,5,12,0,1,0,0,0,0,0,0,0,0,0,0,0,5,3.2,11.0,2.0,1.6,0.03,0.01,0.04,0.13,1,False,17,2,1,2026-09-19T14:00:00Z,50,-41,22,63,0
Julio Enciso,MID,Ipswich Town,591,5,43,5,73,1,2,0,0,0,1,0,0,0,0,0,0,0,11,4.4,12.9,25.0,4.2,0.34,0.05,0.39,1.76,5,False,9,1,0,2026-09-19T14:00:00Z,55,-3023,1258,4281,87452
Abdoul Ouattara,DEF,Ipswich Town,592,5,43,5,90,1,2,0,0,0,1,0,0,0,0,0,0,0,17,20.0,11.4,9.0,4.0,0.02,0.01,0.03,2.24,8,False,9,1,0,2026-09-19T14:00:00Z,40,-849,441,1290,98383
Matteo Ruggeri,DEF,Aston Villa,596,5,48,5,90,1,3,0,0,0,2,0,0,0,0,0,0,0,11,19.4,11.5,1.0,3.2,0.03,0.01,0.04,1.56,13,False,19,2,3,2026-09-19T11:30:00Z,45,123,335,212,10931
Zion Suzuki,GKP,Aston Villa,597,5,48,5,90,1,2,0,0,0,2,0,0,0,0,0,5,0,17,36.2,0.0,0.0,3.6,0.00,0.00,0.00,1.56,0,False,19,2,3,2026-09-19T11:30:00Z,50,5048,8905,3857,207698
Nico Elvedi,DEF,Leeds,598,5,44,5,90,1,6,0,0,1,0,0,0,0,0,0,0,0,27,20.8,2.3,17.0,4.0,0.07,0.01,0.08,1.06,4,True,8,0,0,2026-09-20T13:00:00Z,45,8,128,120,10931
Malick Yalcouyé,MID,Brighton,605,5,42,5,5,0,1,0,0,0,0,0,0,0,0,0,0,0,9,2.2,10.3,6.0,1.9,0.04,0.18,0.22,0.14,1,True,1,3,0,2026-09-19T14:00:00Z,45,-6289,17023,23312,437259
Daniel Jebbison,FWD,Bournemouth,608,5,49,5,15,0,1,0,0,0,0,0,0,0,0,0,0,0,3,0.2,0.8,4.0,0.5,0.00,0.00,0.00,0.25,0,True,14,0,1,2026-09-20T13:00:00Z,50,-10,539,549,10931
Aaron Wan-Bissaka,DEF,Aston Villa,611,5,48,5,45,1,1,0,0,0,0,0,0,0,0,0,0,0,6,10.4,1.4,0.0,1.2,0.00,0.01,0.01,0.64,6,False,19,2,3,2026-09-19T11:30:00Z,45,58,910,852,21863
Dayann Méthalie,DEF,Sunderland,612,5,45,5,90,1,-1,0,0,0,5,0,0,0,1,0,0,0,-8,8.0,2.0,2.0,1.2,0.03,0.01,0.04,2.82,3,False,15,5,3,2026-09-20T13:00:00Z,45,26,67,41,0
Mohamed-Ali Cho,MID,Hull City,617,5,46,5,27,0,6,1,0,0,0,0,0,0,0,0,0,0,25,39.2,25.1,17.0,8.1,0.27,0.20,0.47,0.16,0,False,17,2,1,2026-09-19T14:00:00Z,50,132,213,81,0
Exequiel Palacios,MID,Ipswich Town,619,5,43,5,80,1,2,0,0,0,1,0,0,0,0,0,0,0,15,10.0,6.2,0.0,1.6,0.00,0.02,0.02,2.07,6,False,9,1,0,2026-09-19T14:00:00Z,50,-142,353,495,10931
El Hadji Malick Diouf,DEF,Brentford,620,5,41,5,9,0,1,0,0,0,0,0,0,0,0,0,0,0,3,2.2,0.3,0.0,0.3,0.00,0.00,0.00,0.13,1,True,6,3,0,2026-09-18T19:00:00Z,45,-164,293,457,10931
Bradley Barcola,MID,Liverpool,627,5,49,5,71,1,3,0,0,1,0,0,0,0,0,0,0,0,8,2.2,3.3,21.0,2.7,0.05,0.03,0.08,0.66,3,False,3,0,1,2026-09-20T13:00:00Z,80,-7180,5077,12257,196766
Ibrahim Mbaye,MID,Aston Villa,631,5,48,5,6,0,1,0,0,0,2,0,0,0,0,0,0,0,2,0.0,0.0,0.0,0.0,0.00,0.00,0.00,0.78,0,False,19,2,3,2026-09-19T11:30:00Z,60,-241,560,801,10931
Matias Fernandez-Pardo,FWD,Newcastle,634,5,46,5,73,1,2,0,0,0,1,0,0,0,0,0,0,0,7,1.2,0.8,5.0,0.7,0.05,0.00,0.05,0.99,2,True,11,2,1,2026-09-19T14:00:00Z,60,148,1041,893,10931
Hugo Larsson,MID,Fulham,635,5,50,5,13,0,1,0,0,0,1,0,0,0,0,0,0,0,3,3.2,0.1,0.0,0.3,0.00,0.00,0.00,0.42,4,True,16,1,1,2026-09-20T15:30:00Z,50,7,54,47,0
Robinio Vaz,FWD,Hull City,637,5,46,5,12,0,1,0,0,0,0,0,0,0,0,0,0,0,5,2.4,11.2,2.0,1.6,0.00,0.01,0.01,0.13,1,False,17,2,1,2026-09-19T14:00:00Z,50,445,1116,671,10931
José María Andrés Baixauli,MID,Brighton,639,5,42,5,84,1,8,1,0,1,0,0,0,0,0,0,0,0,27,33.4,4.8,37.0,7.5,0.28,0.11,0.39,1.48,9,True,1,3,0,2026-09-19T14:00:00Z,55,1382,1544,162,0
Zian Flemming,FWD,Ipswich Town,640,5,43,5,9,0,0,0,0,0,0,0,0,0,1,0,0,0,-2,0.0,10.3,4.0,1.4,0.10,0.00,0.10,0.16,3,False,9,1,0,2026-09-19T14:00:00Z,55,-116,551,667,10931
Sorba Thomas,MID,Hull City,642,5,46,5,62,1,2,0,0,0,2,0,0,0,0,0,0,0,2,0.0,15.3,8.0,2.0,0.19,0.04,0.23,1.28,3,False,17,2,1,2026-09-19T14:00:00Z,55,48,262,214,0
Quinten Timber,MID,Crystal Palace,644,5,44,5,90,1,3,0,0,1,0,0,0,0,0,0,0,0,13,8.4,24.0,6.0,3.8,0.12,0.03,0.15,1.31,5,False,13,0,0,2026-09-20T13:00:00Z,50,86,265,179,0
Malick Fofana,MID,Sunderland,646,5,45,5,30,0,1,0,0,0,1,0,0,0,0,0,0,0,6,12.4,0.8,38.0,5.1,0.39,0.01,0.40,2.07,3,False,15,5,3,2026-09-20T13:00:00Z,55,-2,203,205,0
Jean-Mattéo Bahoya,MID,Leeds,648,5,44,5,1,0,1,0,0,0,0,0,0,0,0,0,0,0,5,1.0,0.3,0.0,0.1,0.00,0.00,0.00,0.00,0,True,8,0,0,2026-09-20T13:00:00Z,50,-57,63,120,0
Ainsley Maitland-Niles,DEF,Everton,649,5,43,5,90,1,8,0,0,1,0,0,0,0,0,0,0,2,39,23.8,26.0,0.0,5.0,0.00,0.11,0.11,1.28,8,True,12,1,0,2026-09-19T14:00:00Z,45,9854,12074,2220,131178
David Affengruber,DEF,Fulham,650,5,50,5,90,1,4,0,0,0,1,0,0,0,0,0,0,0,17,32.4,11.3,0.0,4.4,0.00,0.02,0.02,1.60,11,True,16,1,1,2026-09-20T15:30:00Z,45,1216,1486,270,0
Stephen Mfuni,DEF,Coventry City,656,5,47,5,90,1,6,0,0,1,0,0,0,0,0,0,0,0,27,17.6,0.7,4.0,2.2,0.00,0.01,0.01,1.10,8,False,18,0,1,2026-09-19T16:30:00Z,40,575,1051,476,10931
Mahdi Nicoll-Jazuli,MID,Chelsea,662,5,41,5,3,0,1,0,0,0,1,0,0,0,0,0,0,0,5,4.6,1.7,0.0,0.6,0.00,0.00,0.00,0.43,2,False,4,3,0,2026-09-18T19:00:00Z,45,173,206,33,0
