code,observed_at,start_at,status,chance_this,chance_next,news
15157,1722586591,1722586591,a,,,
15157,1725630627,1725138005,d,,75.0,Hamstring injury - 75% chance of playing
15157,1726494724,1726494724,i,0.0,0.0,Hamstring injury - Expected back 28 Sep
15157,1727772988,1727772988,d,50.0,50.0,Hamstring injury - 50% chance of playing
15157,1728291745,1728291745,d,75.0,75.0,Lack of match fitness - 75% chance of playing
15157,1729760392,1729760392,i,0.0,0.0,Hamstring injury - Unknown return date
15157,1734685493,1734685493,d,25.0,25.0,Hamstring injury - 25% chance of playing
15157,1734944423,1734944423,i,0.0,0.0,Hamstring injury - Unknown return date
15157,1735398440,1735398440,d,25.0,25.0,Hamstring injury - 25% chance of playing
15157,1737177344,1737177344,i,0.0,0.0,Hamstring injury - Unknown return date
15157,1745626070,1745626070,i,0.0,0.0,Hamstring injury - Expected back 25 May
15157,1747388684,1747388684,i,0.0,0.0,Hamstring injury - Expected back 01 Jun
15157,1749050423,1749050423,a,0.0,100.0,
17601,1722586591,1722586591,a,,,
17761,1722586591,1722586591,a,,,
17761,1724659814,1724659814,a,75.0,100.0,
17761,1745626070,1745096408,i,100.0,0.0,Hamstring injury - Expected back 01 Jun
18892,1722586591,1722586591,a,,,
18892,1724143573,1723924806,s,,0.0,Suspended until 31 Aug
18892,1724659814,1724659814,a,0.0,100.0,
19236,1722586591,1722586591,a,,,
20066,1737177344,1737177344,a,,,
21205,1722586591,1722586591,a,,,
21205,1740397855,1740150010,i,0.0,0.0,Knock - Unknown return date
21205,1743841282,1743841282,a,100.0,100.0,
37096,1722586591,1722586591,a,,,
37096,1735398440,1735264810,d,,25.0,Head injury - 25% chance of playing
37096,1736248298,1736248298,d,0.0,75.0,Head injury - 75% chance of playing
37096,1737177344,1737177344,a,100.0,100.0,
37642,1722586591,1722586591,a,,,
37642,1730127279,1730127279,a,75.0,100.0,
37642,1733535327,1733499008,i,100.0,0.0,Knock - Unknown return date
37642,1734060228,1734060228,d,0.0,50.0,Knock - 50% chance of playing
37642,1734685493,1734685493,a,75.0,100.0,
37642,1737177344,1736856009,d,25.0,25.0,Unknown - 25% chance of playing
37642,1738228966,1738228966,i,0.0,0.0,Muscle injury - Unknown return date
37642,1745626070,1745626070,a,25.0,100.0,
39155,1722586591,1722586591,a,,,
39155,1723742209,1723732206,d,,50.0,Lack of match fitness - 50% chance of playing
39155,1724143573,1724143573,i,0.0,0.0,Lack of match fitness - Expected back 31 Aug
39155,1724659814,1724659814,d,25.0,25.0,Lack of match fitness - 25% chance of playing
39155,1725630627,1725630627,a,100.0,100.0,
39155,1732852069,1732527008,d,100.0,50.0,Hamstring injury - 50% chance of playing
39155,1733111631,1733111631,i,0.0,0.0,Hamstring injury - Expected back 15 Dec
39155,1734060228,1734060228,d,0.0,50.0,Hamstring injury - 50% chance of playing
39155,1734685493,1734685493,a,100.0,100.0,
39155,1740085255,1739536209,d,50.0,50.0,Hamstring injury - 50% chance of playing
39155,1740397855,1740397855,i,0.0,0.0,Hamstring injury - Unknown return date
39155,1741693992,1741693992,a,100.0,100.0,
40349,1724659814,1724659814,a,,,
40383,1722586591,1722586591,a,,,
47431,1739451395,1739451395,a,,,
48760,1722586591,1722586591,a,,,
48760,1724143573,1723809096,u,0.0,0.0,Joined Anderlecht
49262,1722586591,1722586591,a,,,
49262,1738228966,1737734409,i,0.0,0.0,Shoulder injury - Unknown return date
49262,1742825108,1742825108,i,0.0,0.0,Shoulder injury - Expected back 26 Apr
49262,1745626070,1745626070,a,100.0,100.0,
49262,1748089574,1747692008,d,100.0,75.0,Hand injury - 75% chance of playing
50175,1722586591,1722586591,a,,,
50175,1729760392,1729357206,d,,75.0,Back injury - 75% chance of playing
50175,1730127279,1730127279,a,75.0,100.0,
50175,1733535327,1733481008,d,100.0,75.0,Ankle injury - 75% chance of playing
50175,1734060228,1734060228,a,75.0,100.0,
50175,1734685493,1734341407,d,100.0,75.0,Ankle injury - 75% chance of playing
50175,1734944423,1734944423,d,25.0,25.0,Ankle injury - 25% chance of playing
50175,1736248298,1736248298,i,0.0,0.0,Ankle injury - Unknown return date
50175,1737177344,1737177344,a,100.0,100.0,
50175,1740397855,1740259809,d,100.0,75.0,Knock - 75% chance of playing
50175,1741164423,1741164423,a,50.0,100.0,
51927,1722586591,1722586591,a,,,
51927,1735843782,1735461009,d,75.0,75.0,Muscle injury - 75% chance of playing
51927,1736248298,1736248298,i,0.0,0.0,Muscle injury - Unknown return date
51927,1737177344,1737177344,a,100.0,100.0,
54469,1722586591,1722586591,a,,,
54469,1735398440,1735165808,i,75.0,0.0,Muscle injury - Unknown return date
54469,1738228966,1738228966,i,0.0,0.0,Muscle injury - Expected back 15 Feb
54469,1739451395,1739451395,d,0.0,50.0,Muscle injury - 50% chance of playing
54469,1740085255,1740085255,i,0.0,0.0,Muscle injury - Unknown return date
54469,1743841282,1743841282,a,100.0,100.0,
55459,1722586591,1722586591,a,,,
55459,1725630627,1724990406,d,25.0,25.0,Hamstring injury - 25% chance of playing
55459,1726494724,1726494724,a,25.0,100.0,
55494,1722586591,1722586591,a,,,
55494,1731088322,1730478608,d,0.0,50.0,Knock - 50% chance of playing
55494,1732063467,1732063467,a,100.0,100.0,
55494,1738228966,1737734409,i,0.0,0.0,Unknown - Unknown return date
55494,1743841282,1743841282,a,0.0,100.0,
57328,1722586591,1722586591,a,,,
57328,1748089574,1748008808,d,,75.0,Illness - 75% chance of playing
57531,1722586591,1722586591,a,,,
57531,1734060228,1733763608,i,,0.0,Leg injury - Unknown return date
58376,1722586591,1722586591,a,,,
58621,1722586591,1722586591,a,,,
58621,1729760392,1729459807,d,,75.0,Lack of match fitness - 75% chance of playing
58621,1730127279,1730127279,i,0.0,0.0,Knee injury - Unknown return date
58621,1731088322,1731088322,a,0.0,100.0,
58621,1735398440,1735264810,d,100.0,75.0,Illness - 75% chance of playing
58621,1735843782,1735843782,a,75.0,100.0,
58621,1738228966,1737971809,u,100.0,0.0,Loaned to Milan
59859,1724659814,1724659814,a,,,
59949,1722586591,1722586591,a,,,
59949,1723742209,1723473005,i,,0.0,Calf injury - Unknown return date
59949,1725630627,1725630627,a,100.0,100.0,
59949,1726494724,1726057807,d,50.0,50.0,Ankle injury - 50% chance of playing
59949,1727126145,1727126145,i,0.0,0.0,Calf injury - Unknown return date
59949,1728291745,1728291745,d,0.0,50.0,Calf injury - 50% chance of playing
59949,1729760392,1729760392,a,100.0,100.0,
59949,1731088322,1731020408,i,100.0,0.0,Hamstring injury - Unknown return date
59949,1733111631,1733111631,a,25.0,100.0,
59949,1735843782,1735461009,d,75.0,75.0,Muscle injury - 75% chance of playing
59949,1736248298,1736248298,i,0.0,0.0,Muscle injury - Unknown return date
59949,1737177344,1737127808,i,100.0,0.0,Calf injury - Unknown return date
59949,1739451395,1739451395,d,25.0,25.0,Calf injury - 25% chance of playing
59949,1740085255,1740085255,i,0.0,0.0,Calf injury - Unknown return date
59949,1741693992,1741693992,a,50.0,100.0,
59949,1748089574,1747600207,i,100.0,0.0,Thigh injury - Expected back 01 Jun
60232,1722586591,1722586591,a,,,
60232,1736248298,1736208009,d,,75.0,Calf injury - 75% chance of playing
60232,1737177344,1737177344,a,100.0,100.0,
60307,1722586591,1722586591,a,,,
60307,1723742209,1722604301,u,,0.0,Permanent transfer to Borussia Dortmund
60689,1722586591,1722586591,a,,,
60689,1730127279,1729940408,d,,75.0,Knock - 75% chance of playing
60689,1731088322,1731088322,a,75.0,100.0,
60689,1742825108,1742817610,d,100.0,75.0,Hip injury - 75% chance of playing
60689,1745626070,1745626070,a,100.0,100.0,
61256,1722586591,1722586591,a,,,
61256,1729760392,1729377006,d,,75.0,Calf injury - 75% chance of playing
61256,1730127279,1730127279,a,100.0,100.0,
61256,1732063467,1731279608,d,100.0,75.0,Knock - 75% chance of playing
61256,1732852069,1732852069,a,100.0,100.0,
61366,1722586591,1722586591,a,,,
61366,1727126145,1726700407,d,75.0,75.0,Groin Injury - 75% chance of playing
61366,1727772988,1727772988,i,0.0,0.0,Groin Injury - Expected back 20 Oct
61366,1728291745,1728291745,d,0.0,50.0,Groin Injury - 50% chance of playing
61366,1730127279,1730127279,i,0.0,0.0,Groin Injury - Unknown return date
61366,1731088322,1731088322,a,0.0,100.0,
66749,1722586591,1722586591,a,,,
66749,1725630627,1725013314,u,0.0,0.0,Permanent transfer to Napoli
67089,1722586591,1722586591,a,,,
67089,1725630627,1725630627,a,75.0,100.0,
67089,1728291745,1727829006,d,50.0,50.0,Knee injury - 50% chance of playing
67089,1729760392,1729760392,d,75.0,75.0,Knee injury - 75% chance of playing
67089,1731088322,1731088322,a,100.0,100.0,
69752,1722586591,1722586591,a,,,
69752,1728291745,1728149407,n,,0.0,Ineligible to face his parent club on 19/10. - Expected back 27 Oct
69752,1729760392,1729760392,a,0.0,100.0,
69752,1745626070,1745539208,n,100.0,0.0,Ineligible to face his parent club on 3/5. - Expected back 11 May
69752,1746837439,1746837439,a,0.0,100.0,
74944,1722586591,1722586591,a,,,
74944,1730127279,1729972807,d,,75.0,Hamstring injury - 75% chance of playing
74944,1731088322,1731088322,a,75.0,100.0,
74944,1734944423,1734816608,s,100.0,0.0,Suspended until 30 Dec
74944,1735398440,1735398440,a,0.0,100.0,
74944,1740085255,1739644209,d,100.0,75.0,Abdominal injury - 75% chance of playing
74944,1740397855,1740397855,a,100.0,100.0,
75115,1722586591,1722586591,a,,,
75115,1723742209,1722870004,d,,25.0,Back injury - 25% chance of playing
75115,1724143573,1724143573,i,0.0,0.0,Back injury - Expected back 15 Sep
75115,1725630627,1725630627,d,0.0,50.0,Back injury - 50% chance of playing
75115,1726494724,1726494724,i,0.0,0.0,Back injury - Unknown return date
75115,1727126145,1727126145,i,0.0,0.0,Back injury - Expected back 19 Oct
75115,1728291745,1728291745,d,0.0,50.0,Back injury - 50% chance of playing
75115,1729760392,1729760392,d,50.0,50.0,Lack of match fitness - 50% chance of playing
75115,1730127279,1730127279,i,0.0,0.0,Lack of match fitness - Expected back 10 Nov
75115,1731088322,1731088322,i,0.0,0.0,Lack of match fitness - Expected back 25 Nov
75115,1732063467,1732063467,d,0.0,50.0,Lack of match fitness - 50% chance of playing
75115,1732852069,1732852069,a,50.0,100.0,
75115,1734060228,1734003009,d,100.0,25.0,Hamstring injury - 25% chance of playing
75115,1734685493,1734685493,i,0.0,0.0,Hamstring injury - Expected back 15 Feb
75115,1739451395,1739451395,a,0.0,100.0,
76357,1722586591,1722586591,a,,,
76357,1733111631,1733097608,s,,0.0,Suspended until 22 Dec
76357,1734685493,1734685493,a,0.0,100.0,
76357,1740397855,1740258010,d,100.0,75.0,Knock - 75% chance of playing
76357,1741164423,1741164423,a,75.0,100.0,
77794,1722586591,1722586591,a,,,
77794,1728291745,1727829006,d,75.0,75.0,Muscle injury - 75% chance of playing
77794,1729760392,1729760392,i,0.0,0.0,Hamstring injury - Unknown return date
77794,1730127279,1730127279,i,0.0,0.0,Hamstring injury - Expected back 25 Nov
77794,1732063467,1732063467,d,0.0,50.0,Hamstring injury - 50% chance of playing
77794,1732852069,1732852069,a,50.0,100.0,
77794,1733535327,1733360408,d,100.0,75.0,Illness - 75% chance of playing
77794,1734060228,1734060228,a,75.0,100.0,
77794,1741164423,1740963608,d,100.0,75.0,Back injury - 75% chance of playing
77794,1741693992,1741693992,a,100.0,100.0,
77794,1743841282,1743642008,d,100.0,75.0,Groin Injury - 75% chance of playing
77794,1744374721,1744374721,a,75.0,100.0,
77794,1746837439,1746786607,d,100.0,75.0,Muscle injury - 75% chance of playing
77794,1747388684,1747388684,d,75.0,25.0,Calf injury - 25% chance of playing
77794,1748089574,1748089574,d,25.0,50.0,Calf injury - 50% chance of playing
77794,1749050423,1749050423,a,50.0,100.0,
78916,1722586591,1722586591,a,,,
78916,1732063467,1731279608,s,,0.0,Suspended until 30 Nov
78916,1732852069,1732852069,a,0.0,100.0,
78916,1739451395,1739179807,d,100.0,75.0,Groin Injury - 75% chance of playing
78916,1740085255,1740085255,a,75.0,100.0,
79602,1722586591,1722586591,a,,,
80146,1722586591,1722586591,a,,,
80146,1732852069,1732852069,a,50.0,100.0,
80146,1735398440,1735259409,s,100.0,0.0,Suspended until 04 Jan
80146,1735843782,1735843782,a,0.0,100.0,
80201,1722586591,1722586591,a,,,
80607,1722586591,1722586591,a,,,
80607,1731088322,1731088322,a,75.0,100.0,
80801,1722586591,1722586591,a,,,
80801,1727126145,1726756206,d,0.0,75.0,Personal Reasons - 75% chance of playing
80801,1727772988,1727772988,a,100.0,100.0,
82143,1722586591,1722586591,a,,,
82514,1722586591,1722586591,a,,,
82514,1723742209,1723202171,u,,0.0,Permanent transfer to Charlotte FC
83299,1722586591,1722586591,a,,,
83299,1730127279,1729972807,d,,75.0,Calf injury - 75% chance of playing
83299,1731088322,1731088322,d,50.0,50.0,Calf injury - 50% chance of playing
83299,1732852069,1732852069,d,75.0,75.0,Lack of match fitness - 75% chance of playing
83299,1733111631,1733111631,a,100.0,100.0,
83299,1736248298,1736028007,d,100.0,75.0,Calf injury - 75% chance of playing
83299,1737177344,1737177344,a,100.0,100.0,
83299,1739451395,1739179807,d,100.0,50.0,Rib Injury - 50% chance of playing
83299,1741164423,1741164423,i,0.0,0.0,Rib Injury - Unknown return date
83299,1742825108,1742825108,d,0.0,50.0,Rib Injury - 50% chance of playing
83299,1743841282,1743841282,a,100.0,100.0,
84182,1722586591,1722586591,a,,,
84182,1725630627,1725150606,d,,75.0,Back injury - 75% chance of playing
84182,1726494724,1726494724,a,100.0,100.0,
84182,1737177344,1737064809,d,100.0,25.0,Knock - 25% chance of playing
84182,1738228966,1738228966,a,100.0,100.0,
84939,1722586591,1722586591,a,,,
84939,1733535327,1733304609,d,,75.0,Knock - 75% chance of playing
84939,1734060228,1734060228,a,75.0,100.0,
85633,1722586591,1722586591,a,,,
85633,1729760392,1729760392,a,100.0,100.0,
85955,1722586591,1722586591,a,,,
85955,1737177344,1737177344,a,100.0,100.0,
85955,1745626070,1744488008,d,25.0,25.0,Rib Injury - 25% chance of playing
85955,1746837439,1746837439,a,0.0,100.0,
85971,1722586591,1722586591,a,,,
85971,1727772988,1727449207,d,75.0,75.0,Fatigue - 75% chance of playing
85971,1728291745,1728291745,d,25.0,25.0,Hamstring injury - 25% chance of playing
85971,1729760392,1729760392,a,100.0,100.0,
85971,1730127279,1729852206,d,25.0,25.0,Muscle injury - 25% chance of playing
85971,1731088322,1731088322,a,75.0,100.0,
85971,1740085255,1739786410,d,100.0,75.0,Knock - 75% chance of playing
85971,1740397855,1740397855,a,100.0,100.0,
85971,1745626070,1744619408,i,75.0,0.0,Foot injury - Expected back 04 May
85971,1746837439,1746837439,d,50.0,50.0,Foot injury - 50% chance of playing
85971,1747388684,1747388684,a,50.0,100.0,
85971,1749050423,1748116809,d,25.0,25.0,Foot injury - 25% chance of playing
86417,1722586591,1722586591,a,,,
86417,1739451395,1738666154,u,,0.0,Loaned to Celtic
87835,1722586591,1722586591,a,,,
87835,1741693992,1741363210,d,75.0,75.0,Knock - 75% chance of playing
87835,1742825108,1742825108,a,100.0,100.0,
88248,1722586591,1722586591,a,,,
88484,1722586591,1722586591,a,,,
88484,1732063467,1731279609,d,,75.0,Calf injury - 75% chance of playing
88484,1733111631,1733111631,a,100.0,100.0,
88484,1733535327,1733481008,d,100.0,75.0,Calf injury - 75% chance of playing
88484,1734685493,1734685493,i,0.0,0.0,Calf injury - Unknown return date
88484,1736248298,1736248298,a,0.0,100.0,
88894,1722586591,1722586591,a,,,
88894,1731088322,1730478607,i,0.0,0.0,Knock - Expected back 23 Nov
88894,1732063467,1732063467,d,0.0,50.0,Knock - 50% chance of playing
88894,1732852069,1732852069,a,100.0,100.0,
88894,1737177344,1736559008,i,0.0,0.0,Calf injury - Expected back 01 Feb
88894,1738228966,1738228966,d,0.0,50.0,Calf injury - 50% chance of playing
88894,1740085255,1740085255,d,25.0,25.0,Calf injury - 25% chance of playing
88894,1741164423,1741164423,d,25.0,50.0,Calf injury - 50% chance of playing
88894,1743841282,1743841282,d,50.0,75.0,Lack of match fitness - 75% chance of playing
88894,1745626070,1745626070,a,100.0,100.0,
88900,1722586591,1722586591,a,,,
88900,1726494724,1726322407,s,,0.0,Suspended until 05 Oct
88900,1727772988,1727772988,a,0.0,100.0,
88900,1728291745,1727829006,s,0.0,0.0,Suspended until 26 Oct
88900,1729760392,1729760392,a,0.0,100.0,
88900,1733535327,1733358609,s,100.0,0.0,Suspended until 26 Dec
88900,1734944423,1734944423,a,0.0,100.0,
88900,1735398440,1735264810,d,100.0,25.0,Knock - 25% chance of playing
88900,1735843782,1735843782,i,0.0,0.0,Knock - Expected back 16 Jan
88900,1736248298,1736248298,i,0.0,0.0,Knock - Expected back 01 Feb
88900,1738228966,1738228966,d,0.0,50.0,Knock - 50% chance of playing
88900,1739451395,1738449008,d,100.0,25.0,Calf injury - 25% chance of playing
88900,1740085255,1740085255,d,0.0,50.0,Calf injury - 50% chance of playing
88900,1740397855,1740397855,a,100.0,100.0,
90105,1722586591,1722586591,a,,,
90105,1729760392,1729355407,s,,0.0,Suspended until 02 Nov
90105,1730127279,1730127279,a,0.0,100.0,
90105,1731088322,1730478608,d,75.0,50.0,Illness - 50% chance of playing
90105,1732063467,1732063467,d,50.0,75.0,Illness - 75% chance of playing
90105,1732852069,1732852069,a,100.0,100.0,
90105,1739451395,1738339209,d,0.0,50.0,Knock - 50% chance of playing
90105,1740397855,1740397855,d,50.0,50.0,Calf injury - 50% chance of playing
90105,1743841282,1743841282,a,100.0,100.0,
90585,1722586591,1722586591,a,,,
90585,1726494724,1726057807,d,75.0,75.0,Calf injury - 75% chance of playing
90585,1727772988,1727772988,a,75.0,100.0,
91651,1722586591,1722586591,a,,,
91651,1724659814,1724527806,d,,75.0,Knock - 75% chance of playing
91651,1725630627,1725630627,a,75.0,100.0,
91651,1732852069,1732296609,i,0.0,0.0,Unknown - Expected back 21 Dec
91651,1734060228,1734060228,a,0.0,100.0,
91651,1748089574,1747785608,s,100.0,0.0,Suspended until 16 Aug
91651,1749050423,1749050423,a,0.0,100.0,
91889,1723742209,1723742209,a,,,
91889,1726494724,1726057807,d,50.0,50.0,Achilles injury - 50% chance of playing
91889,1729760392,1729760392,i,0.0,0.0,Achilles injury - Unknown return date
91889,1733111631,1733111631,i,0.0,0.0,Achilles injury - Expected back 09 Dec
91889,1733535327,1733535327,a,25.0,100.0,
91889,1737177344,1736559010,i,0.0,0.0,Hamstring injury - Unknown return date
91889,1741693992,1741693992,i,0.0,0.0,Hamstring injury - Expected back 01 Apr
91889,1742825108,1742825108,d,25.0,50.0,Lack of match fitness - 50% chance of playing
91889,1743841282,1743841282,a,75.0,100.0,
93100,1722586591,1722586591,a,,,
93100,1727772988,1727224207,d,0.0,50.0,Ankle injury - 50% chance of playing
93100,1728291745,1728291745,a,100.0,100.0,
93100,1730127279,1729787406,i,0.0,0.0,Ankle injury - Expected back 10 Nov
93100,1731088322,1731088322,a,100.0,100.0,
93100,1739451395,1739179807,d,100.0,75.0,Knock - 75% chance of playing
93100,1740085255,1740085255,a,75.0,100.0,
94147,1722586591,1722586591,a,,,
94147,1723742209,1723473005,i,,0.0,Unknown - Expected back 14 Sep
94147,1724143573,1724143573,i,0.0,0.0,Hamstring injury - Expected back 14 Sep
94147,1725630627,1725630627,a,100.0,100.0,
94926,1722586591,1722586591,a,,,
94926,1725630627,1725085407,u,0.0,0.0,Mutual termination of contract
95463,1722586591,1722586591,a,,,
95658,1722586591,1722586591,a,,,
95658,1723742209,1723473005,d,,75.0,Knock - 75% chance of playing
95658,1724143573,1724143573,a,100.0,100.0,
95658,1727772988,1727643606,d,100.0,75.0,Knock - 75% chance of playing
95658,1729760392,1728252008,i,0.0,0.0,Muscle injury - Unknown return date
95658,1731088322,1731088322,i,25.0,0.0,Muscle injury - Expected back 24 Nov
95658,1732063467,1732063467,d,0.0,50.0,Muscle injury - 50% chance of playing
95658,1732852069,1732852069,d,25.0,25.0,Muscle injury - 25% chance of playing
95658,1733111631,1733111631,a,50.0,100.0,
95658,1741693992,1741219209,d,50.0,50.0,Knock - 50% chance of playing
95658,1743841282,1743841282,a,100.0,100.0,
96994,1722586591,1722586591,a,,,
96994,1731088322,1731081607,d,,50.0,Gashed Leg - 50% chance of playing
96994,1732852069,1732852069,a,75.0,100.0,
96994,1746837439,1745690408,i,0.0,0.0,Muscle injury - Expected back 01 Jun
97032,1722586591,1722586591,a,,,
97299,1722586591,1722586591,a,,,
97299,1731088322,1730584806,i,,0.0,Foot injury - Expected back 23 Nov
97299,1732063467,1732063467,d,0.0,50.0,Foot injury - 50% chance of playing
97299,1732852069,1732852069,a,100.0,100.0,
97299,1733535327,1733230808,i,0.0,0.0,Foot injury - Expected back 15 Dec
97299,1734060228,1734060228,d,0.0,50.0,Foot injury - 50% chance of playing
97299,1734685493,1734685493,a,25.0,100.0,
97299,1734944423,1734820208,d,100.0,75.0,Foot injury - 75% chance of playing
97299,1735398440,1735398440,d,50.0,50.0,Foot injury - 50% chance of playing
97299,1736248298,1736248298,d,25.0,25.0,Foot injury - 25% chance of playing
97299,1738228966,1738228966,a,100.0,100.0,
97299,1740397855,1740144610,i,0.0,0.0,Thigh injury - Unknown return date
97299,1741693992,1741693992,i,0.0,0.0,Thigh injury - Expected back 18 May
97299,1746837439,1746837439,i,0.0,0.0,Thigh injury - Expected back 25 May
97299,1748089574,1748089574,i,0.0,0.0,Thigh injury - Expected back 01 Jun
98747,1722586591,1722586591,a,,,
98747,1728291745,1728291745,a,75.0,100.0,
98747,1734685493,1734089408,i,25.0,0.0,Knee injury - Expected back 15 Jan
98747,1736248298,1736248298,d,0.0,50.0,Knee injury - 50% chance of playing
98747,1737177344,1737177344,d,25.0,25.0,Knee injury - 25% chance of playing
98747,1738228966,1738228966,a,75.0,100.0,
98980,1722586591,1722586591,a,,,
98980,1733111631,1733097608,d,,75.0,Knock - 75% chance of playing
98980,1733535327,1733535327,a,50.0,100.0,
98980,1749050423,1748196007,s,100.0,0.0,Suspended until 23 Aug
101148,1722586591,1721223005,i,,0.0,Knee injury - Expected back 28 Dec
101148,1731088322,1731088322,i,0.0,0.0,Knee injury - Expected back 01 Feb
101148,1737177344,1737177344,i,0.0,0.0,Knee injury - Expected back 15 Feb
101148,1739451395,1739451395,i,0.0,0.0,Knee injury - Expected back 10 Mar
101148,1740397855,1740397855,i,0.0,0.0,Knee injury - Expected back 25 May
101148,1746837439,1746837439,d,0.0,25.0,Lack of match fitness - 25% chance of playing
101148,1747388684,1747388684,a,25.0,100.0,
101178,1722586591,1722586591,a,,,
101178,1728291745,1728252008,s,,0.0,Suspended until 25 Oct
101178,1729760392,1729760392,a,0.0,100.0,
101178,1730127279,1729895407,n,100.0,0.0,Ineligible to face his parent club on 2/11. - Expected back 10 Nov
101178,1731088322,1731088322,a,0.0,100.0,
101188,1722586591,1722586591,a,,,
101668,1722586591,1722586591,a,,,
101668,1723742209,1723473005,d,,25.0,Knock - 25% chance of playing
101668,1724143573,1724143573,a,25.0,100.0,
101668,1732063467,1731279608,d,100.0,75.0,Back injury - 75% chance of playing
101668,1732852069,1732852069,a,75.0,100.0,
101668,1735398440,1735165808,d,75.0,75.0,Knock - 75% chance of playing
101668,1735843782,1735843782,a,75.0,100.0,
101668,1739451395,1739179807,d,100.0,75.0,Knock - 75% chance of playing
101668,1740085255,1740085255,a,75.0,100.0,
101668,1748089574,1748008809,n,100.0,0.0,Not considered for selection in the match against Bournemouth on 25/5. - Expected back 26 May
101668,1749050423,1749050423,a,0.0,100.0,
101982,1722586591,1722586591,a,,,
101982,1729760392,1729459807,d,,75.0,Groin Injury - 75% chance of playing
101982,1731088322,1731088322,a,100.0,100.0,
101982,1740085255,1739786409,d,100.0,75.0,Knock - 75% chance of playing
101982,1740397855,1740397855,a,100.0,100.0,
101982,1745626070,1744990208,d,25.0,25.0,Knock - 25% chance of playing
101982,1746837439,1746837439,i,25.0,0.0,Knock - Unknown return date
102057,1722586591,1722586591,a,,,
103192,1722586591,1722586591,a,,,
103192,1725630627,1725273887,u,,0.0,On loan to Al-Orobah for the rest of the season
103914,1722586591,1722586591,a,,,
103914,1744374721,1744329609,d,,25.0,Hip injury - 25% chance of playing
103914,1746837439,1746837439,a,25.0,100.0,
103955,1722586591,1722586591,a,,,
103955,1731088322,1730559608,n,,0.0,Ineligible to face his parent club on 10/11. - Expected back 23 Nov
103955,1732063467,1732063467,a,0.0,100.0,
103955,1734944423,1734816608,d,100.0,75.0,Knock - 75% chance of playing
103955,1735398440,1735398440,i,0.0,0.0,Knee injury - Unknown return date
103955,1735843782,1735843782,d,50.0,50.0,Knee injury - 50% chance of playing
103955,1737177344,1737177344,a,100.0,100.0,
103955,1741693992,1741464010,n,100.0,0.0,Ineligible to face his parent club on 16/3. - Expected back 01 Apr
103955,1742825108,1742825108,a,0.0,100.0,
106468,1722586591,1722586591,a,,,
106468,1734060228,1733607008,n,,0.0,Ineligible to face his parent club on 14/12. - Expected back 21 Dec
106468,1734685493,1734685493,a,0.0,100.0,
106468,1743841282,1743543008,n,100.0,0.0,Ineligible to face his parent club on 5/4. - Expected back 12 Apr
106468,1744374721,1744374721,a,0.0,100.0,
106606,1722586591,1722586591,a,,,
106606,1729760392,1728385207,i,0.0,0.0,Ankle injury - Unknown return date
106606,1731088322,1731088322,a,75.0,100.0,
106606,1735398440,1735165808,d,75.0,75.0,Illness - 75% chance of playing
106606,1736248298,1736248298,d,50.0,50.0,Illness - 50% chance of playing
106606,1737177344,1737177344,a,100.0,100.0,
106611,1722586591,1722586591,a,,,
106611,1727126145,1727126145,a,75.0,100.0,
106611,1733535327,1733481008,d,100.0,50.0,Knee injury - 50% chance of playing
106611,1734685493,1734685493,a,100.0,100.0,
106760,1722586591,1722586591,a,,,
106760,1723742209,1723674606,i,,0.0,Calf injury - Expected back 14 Sep
106760,1725630627,1725630627,d,0.0,50.0,Calf injury - 50% chance of playing
106760,1726494724,1726494724,i,0.0,0.0,Calf injury - Expected back 21 Sep
106760,1727126145,1727126145,i,0.0,0.0,Calf injury - Unknown return date
106760,1727772988,1727772988,d,0.0,50.0,Calf injury - 50% chance of playing
106760,1729760392,1729760392,d,25.0,25.0,Calf injury - 25% chance of playing
106760,1731088322,1731088322,d,0.0,25.0,Lack of match fitness - 25% chance of playing
106760,1732063467,1732063467,d,25.0,50.0,Lack of match fitness - 50% chance of playing
106760,1732852069,1732852069,a,50.0,100.0,
106760,1733535327,1733360408,i,100.0,0.0,Muscle injury - Unknown return date
106760,1736248298,1736248298,d,25.0,25.0,Muscle injury - 25% chance of playing
106760,1738228966,1738228966,i,0.0,0.0,Muscle injury - Unknown return date
106760,1739451395,1739451395,d,25.0,25.0,Knock - 25% chance of playing
106760,1740085255,1740085255,i,0.0,0.0,Knock - Unknown return date
106760,1743841282,1743429607,i,0.0,0.0,Lack of match fitness - Expected back 13 Apr
106760,1744374721,1744374721,a,0.0,100.0,
108053,1722586591,1722586591,a,,,
108053,1745626070,1745209808,i,100.0,0.0,Hamstring injury - Unknown return date
108053,1748089574,1748089574,d,0.0,50.0,Hamstring injury - 50% chance of playing
108053,1749050423,1749050423,d,25.0,25.0,Hamstring injury - 25% chance of playing
108413,1722586591,1722586591,a,,,
108413,1724659814,1724421606,d,75.0,75.0,Illness - 75% chance of playing
108413,1725630627,1725630627,a,100.0,100.0,
108413,1731088322,1730583006,s,100.0,0.0,Suspended until 23 Nov
108413,1732063467,1732063467,a,0.0,100.0,
108413,1735398440,1735266609,d,100.0,75.0,Knee injury - 75% chance of playing
108413,1735843782,1735843782,a,75.0,100.0,
108413,1736248298,1735934409,d,0.0,50.0,Foot injury - 50% chance of playing
108413,1737177344,1737177344,a,100.0,100.0,
108413,1741164423,1740528008,s,100.0,0.0,Suspended until 05 Apr
108413,1743841282,1743841282,a,0.0,100.0,
108813,1722586591,1722586591,a,,,
108813,1739451395,1738780209,i,,0.0,Groin Strain - Expected back 05 Apr
108813,1741693992,1741693992,a,100.0,100.0,
109345,1722586591,1721223005,i,,0.0,Knee injury - Expected back 14 Sep
109345,1725630627,1725630627,d,0.0,50.0,Knee injury - 50% chance of playing
109345,1726494724,1726494724,i,0.0,0.0,Lack of match fitness - Unknown return date
109345,1728291745,1728291745,d,75.0,75.0,Lack of match fitness - 75% chance of playing
109345,1731088322,1731088322,i,25.0,0.0,Lack of match fitness - Expected back 23 Nov
109345,1732063467,1732063467,d,0.0,50.0,Lack of match fitness - 50% chance of playing
109345,1733111631,1733111631,d,25.0,25.0,Lack of match fitness - 25% chance of playing
109345,1734685493,1734685493,d,75.0,75.0,Lack of match fitness - 75% chance of playing
109345,1735398440,1735398440,a,75.0,100.0,
109345,1738228966,1737892809,d,100.0,75.0,Muscle injury - 75% chance of playing
109345,1739451395,1739451395,d,0.0,25.0,Lack of match fitness - 25% chance of playing
109345,1740397855,1740397855,a,100.0,100.0,
109345,1746837439,1746430208,i,100.0,0.0,Knee injury - Expected back 01 Jun
109533,1722586591,1722586591,a,,,
109533,1726494724,1726336806,d,,75.0,Knee injury - 75% chance of playing
109533,1727126145,1727126145,a,75.0,100.0,
109533,1734060228,1733788809,s,100.0,0.0,Suspended until 21 Dec
109533,1734685493,1734685493,a,0.0,100.0,
109533,1736248298,1736028008,d,100.0,75.0,Knock - 75% chance of playing
109533,1737177344,1737177344,a,75.0,100.0,
109646,1722586591,1722586591,a,,,
109745,1722586591,1722586591,a,,,
109745,1725630627,1725535806,n,,0.0,Ineligible to face his parent club on 14/9. - Expected back 21 Sep
109745,1726494724,1726494724,a,0.0,100.0,
109745,1730127279,1729972807,d,100.0,75.0,Muscle injury - 75% chance of playing
109745,1732063467,1732063467,a,75.0,100.0,
109745,1736248298,1736019008,n,100.0,0.0,Ineligible to face his parent club on 14/1. - Expected back 18 Jan
109745,1737177344,1737177344,a,0.0,100.0,
110735,1722586591,1722586591,a,,,
110735,1728291745,1728252007,d,,75.0,Knock - 75% chance of playing
110735,1729760392,1729760392,i,0.0,0.0,Hamstring injury - Unknown return date
110735,1730127279,1730127279,i,0.0,0.0,Hamstring injury - Expected back 23 Nov
110735,1732063467,1732063467,d,0.0,50.0,Hamstring injury - 50% chance of playing
110735,1733111631,1733111631,d,25.0,25.0,Hamstring injury - 25% chance of playing
110735,1734944423,1734944423,a,100.0,100.0,
110735,1735398440,1734964208,d,75.0,75.0,Lack of match fitness - 75% chance of playing
110735,1736248298,1736248298,a,100.0,100.0,
110735,1743841282,1743300009,i,0.0,0.0,Hamstring injury - Expected back 25 May
110735,1746837439,1746837439,a,75.0,100.0,
111234,1722586591,1722586591,a,,,
111317,1722586591,1722586591,a,,,
111317,1723742209,1723473004,i,,0.0,Shoulder injury - Unknown return date
111317,1725630627,1725630627,d,0.0,50.0,Shoulder injury - 50% chance of playing
111317,1726494724,1726494724,a,100.0,100.0,
111452,1722586591,1722586591,a,,,
111478,1722586591,1722586591,a,,,
111478,1725630627,1725138005,d,,75.0,Hamstring injury - 75% chance of playing
111478,1726494724,1726494724,a,100.0,100.0,
111478,1733111631,1732928408,d,100.0,75.0,Knock - 75% chance of playing
111478,1734685493,1734685493,d,50.0,50.0,Knock - 50% chance of playing
111478,1734944423,1734944423,a,100.0,100.0,
111478,1740397855,1740259809,d,100.0,75.0,Knock - 75% chance of playing
111478,1741164423,1741164423,d,50.0,50.0,Knock - 50% chance of playing
111478,1741693992,1741693992,i,0.0,0.0,Foot injury - Unknown return date
111478,1742825108,1742825108,d,0.0,50.0,Foot injury - 50% chance of playing
111478,1743841282,1743841282,i,50.0,0.0,Foot injury - Unknown return date
111478,1745626070,1745626070,a,0.0,100.0,
111773,1722586591,1722586591,a,,,
111773,1725630627,1725445806,d,,75.0,Knock - 75% chance of playing
111773,1726494724,1726494724,a,75.0,100.0,
111773,1732063467,1731340807,d,100.0,75.0,Knock - 75% chance of playing
111773,1732852069,1732852069,i,0.0,0.0,Shoulder injury - Expected back 15 Jan
111773,1736248298,1736248298,d,0.0,50.0,Shoulder injury - 50% chance of playing
111773,1737177344,1737177344,a,75.0,100.0,
111782,1722586591,1722586591,a,,,
111782,1723742209,1723473004,d,,50.0,Knock - 50% chance of playing
111782,1725630627,1725630627,a,100.0,100.0,
111931,1722586591,1722586591,a,,,
111931,1732063467,1731279608,i,,0.0,Hamstring injury - Expected back 01 Mar
111931,1740397855,1740397855,d,25.0,25.0,Lack of match fitness - 25% chance of playing
111931,1741693992,1741693992,a,100.0,100.0,
111931,1746837439,1745755208,i,0.0,0.0,Muscle injury - Expected back 18 May
111931,1747388684,1747388684,d,0.0,50.0,Muscle injury - 50% chance of playing
111931,1748089574,1748089574,a,75.0,100.0,
112520,1739451395,1739451395,a,,,
114241,1722586591,1722586591,a,,,
114243,1722586591,1722586591,a,,,
114243,1731088322,1730341808,d,75.0,75.0,Hamstring injury - 75% chance of playing
114243,1732063467,1732063467,a,75.0,100.0,
114283,1722586591,1722586591,a,,,
114283,1723742209,1723473005,d,,50.0,Muscle injury - 50% chance of playing
114283,1724143573,1724143573,a,75.0,100.0,
114283,1730127279,1729785608,d,0.0,50.0,Knock - 50% chance of playing
114283,1731088322,1731088322,i,0.0,0.0,Knock - Expected back 23 Nov
114283,1732063467,1732063467,d,0.0,75.0,Knock - 75% chance of playing
114283,1732852069,1732852069,a,75.0,100.0,
114283,1735398440,1735264810,d,100.0,75.0,Muscle injury - 75% chance of playing
114283,1735843782,1735843782,a,75.0,100.0,
114283,1739451395,1739350809,d,100.0,75.0,Muscle injury - 75% chance of playing
114283,1740085255,1740085255,a,25.0,100.0,
115382,1722586591,1722586591,a,,,
115382,1725630627,1725084810,u,0.0,0.0,Transferred to Marseille
115556,1722586591,1722586591,a,,,
115556,1733535327,1733481008,i,,0.0,Hamstring injury - Unknown return date
115556,1734685493,1734685493,i,0.0,0.0,Hamstring injury - Expected back 29 Dec
115556,1735398440,1735398440,d,25.0,25.0,Hamstring injury - 25% chance of playing
115556,1735843782,1735843782,i,0.0,0.0,Hamstring injury - Expected back 15 Jan
115556,1736248298,1736248298,i,0.0,0.0,Hamstring injury - Expected back 26 Jan
115556,1737177344,1737177344,d,0.0,75.0,Lack of match fitness - 75% chance of playing
115556,1738228966,1738228966,a,100.0,100.0,
115556,1741164423,1740486610,d,0.0,50.0,Knock - 50% chance of playing
115556,1741693992,1741693992,d,75.0,75.0,Lack of match fitness - 75% chance of playing
115556,1742825108,1742825108,a,100.0,100.0,
116216,1722586591,1722586591,a,,,
116216,1732852069,1732852069,a,75.0,100.0,
116216,1747388684,1747004409,d,100.0,75.0,Hamstring injury - 75% chance of playing
116216,1748089574,1748089574,a,75.0,100.0,
116535,1722586591,1722586591,a,,,
116535,1727126145,1726831806,d,50.0,50.0,Muscle injury - 50% chance of playing
116535,1727772988,1727772988,a,75.0,100.0,
116535,1728291745,1728136807,d,100.0,25.0,Hamstring injury - 25% chance of playing
116535,1729760392,1729760392,i,0.0,0.0,Hamstring injury - Unknown return date
116535,1731088322,1731088322,i,0.0,0.0,Hamstring injury - Expected back 24 Nov
116535,1732063467,1732063467,d,0.0,50.0,Hamstring injury - 50% chance of playing
116535,1733535327,1733535327,i,25.0,0.0,Hamstring injury - Unknown return date
116535,1734060228,1734060228,a,0.0,100.0,
116535,1742825108,1742605208,d,100.0,75.0,Head injury - 75% chance of playing
116535,1744374721,1744374721,a,75.0,100.0,
118342,1722586591,1722586591,a,,,
118342,1735398440,1735344010,d,,75.0,Muscle injury - 75% chance of playing
118342,1735843782,1735843782,a,75.0,100.0,
118342,1739451395,1738548008,d,100.0,75.0,Muscle injury - 75% chance of playing
118342,1740085255,1740085255,a,100.0,100.0,
118748,1722586591,1722586591,a,,,
119471,1722586591,1722586591,a,,,
119471,1723742209,1723473005,d,,75.0,Ankle sprain - 75% chance of playing
119471,1724143573,1724143573,s,75.0,0.0,Suspended until 15 Sep
119471,1725630627,1725630627,a,0.0,100.0,
119471,1735843782,1735601409,s,100.0,0.0,Suspended until 15 Jan
119471,1736248298,1736248298,a,0.0,100.0,
119471,1737177344,1737019808,d,100.0,75.0,Illness - 75% chance of playing
119471,1738228966,1738228966,a,100.0,100.0,
119471,1745626070,1745575209,d,100.0,75.0,Hamstring injury - 75% chance of playing
119471,1746837439,1746430208,d,100.0,75.0,Muscle injury - 75% chance of playing
119471,1747388684,1747388684,a,75.0,100.0,
120721,1722586591,1722586591,a,,,
120721,1725630627,1725085487,u,0.0,0.0,Transferred to FC Midtjylland
121145,1722586591,1722586591,a,,,
121145,1725630627,1724929526,u,0.0,0.0,Permanent transfer to Saudi club Al-Hilal
121160,1722586591,1722586591,a,,,
121160,1734944423,1734712209,d,50.0,50.0,Leg injury - 50% chance of playing
121160,1737177344,1737177344,a,100.0,100.0,
121160,1742825108,1742076009,d,100.0,75.0,Abdominal injury - 75% chance of playing
121160,1743841282,1743841282,a,100.0,100.0,
121160,1745626070,1744488008,d,25.0,25.0,Groin Injury - 25% chance of playing
121160,1746837439,1746837439,a,100.0,100.0,
121599,1722586591,1722586591,a,,,
121599,1731088322,1730457006,d,75.0,75.0,Groin Injury - 75% chance of playing
121599,1732063467,1732063467,a,75.0,100.0,
121599,1739451395,1739399410,s,100.0,0.0,Suspended until 22 Feb
121599,1740085255,1740085255,a,0.0,100.0,
122074,1722586591,1722586591,a,,,
122411,1722586591,1722586591,a,,,
122411,1741693992,1741693992,a,50.0,100.0,
122411,1748089574,1747600208,d,100.0,75.0,Hamstring injury - 75% chance of playing
122411,1749050423,1749050423,a,50.0,100.0,
122798,1722586591,1722586591,a,,,
122806,1722586591,1722586591,a,,,
122806,1727126145,1726950605,d,,25.0,Hamstring injury - 25% chance of playing
122806,1727772988,1727772988,i,0.0,0.0,Hamstring injury - Expected back 19 Oct
122806,1728291745,1728291745,i,0.0,0.0,Hamstring injury - Unknown return date
122806,1729760392,1729760392,a,100.0,100.0,
122806,1736248298,1736019008,d,100.0,25.0,Hamstring injury - 25% chance of playing
122806,1737177344,1737177344,i,0.0,0.0,Hamstring injury - Expected back 26 Jan
122806,1738228966,1738228966,a,75.0,100.0,
123354,1722586591,1722586591,a,,,
126184,1722586591,1722586591,a,,,
126184,1726494724,1726057807,i,0.0,0.0,Muscle injury - Expected back 20 Oct
126184,1728291745,1728291745,d,0.0,50.0,Muscle injury - 50% chance of playing
126184,1729760392,1729760392,a,50.0,100.0,
126184,1732063467,1731340807,d,100.0,75.0,Hamstring injury - 75% chance of playing
126184,1732852069,1732852069,a,100.0,100.0,
126184,1733535327,1733358608,i,100.0,0.0,Hamstring injury - Unknown return date
126184,1734944423,1734944423,a,0.0,100.0,
126184,1738228966,1737333008,i,0.0,0.0,Knock - Unknown return date
126184,1739451395,1739451395,a,0.0,100.0,
126184,1741164423,1740864610,d,100.0,25.0,Unknown - 25% chance of playing
126184,1741693992,1741693992,i,0.0,0.0,Foot injury - Expected back 18 May
126184,1746837439,1746837439,i,0.0,0.0,Lack of match fitness - Expected back 18 May
126184,1747388684,1747388684,d,0.0,50.0,Lack of match fitness - 50% chance of playing
126184,1748089574,1748089574,a,50.0,100.0,
128295,1722586591,1722586591,a,,,
128295,1727126145,1726950605,d,,75.0,Knock - 75% chance of playing
128295,1728291745,1728291745,a,100.0,100.0,
128295,1733535327,1733360408,d,100.0,75.0,Knock - 75% chance of playing
128295,1734060228,1734060228,a,75.0,100.0,
128295,1738228966,1737939609,d,100.0,75.0,Knock - 75% chance of playing
128295,1739451395,1739451395,a,100.0,100.0,
128295,1740397855,1740189607,d,100.0,75.0,Knock - 75% chance of playing
128295,1741164423,1741164423,d,0.0,75.0,Concussion - 75% chance of playing
128295,1741693992,1741693992,a,100.0,100.0,
132015,1722586591,1721735889,u,,0.0,On loan to Marseille for the season
135720,1739451395,1739451395,a,,,
135720,1740085255,1739786410,d,,75.0,Knock - 75% chance of playing
135720,1740397855,1740397855,a,100.0,100.0,
135720,1742825108,1741816809,i,0.0,0.0,Hamstring injury - Unknown return date
135720,1743841282,1743841282,i,0.0,0.0,Hamstring injury - Expected back 21 Apr
135720,1745626070,1745626070,a,100.0,100.0,
138001,1722586591,1722586591,a,,,
141746,1722586591,1722586591,a,,,
141746,1727772988,1727643606,s,,0.0,Suspended until 03 Nov
141746,1728291745,1728291745,a,100.0,100.0,
141746,1735398440,1735259410,s,100.0,0.0,Suspended until 05 Jan
141746,1735843782,1735843782,a,0.0,100.0,
144485,1722586591,1722586591,a,,,
144485,1725630627,1725086471,u,0.0,0.0,Transferred to Al-Ahli
147611,1722586591,1722586591,a,,,
147611,1732852069,1732527008,d,,75.0,Knock - 75% chance of playing
147611,1733535327,1733535327,d,75.0,25.0,Knock - 25% chance of playing
147611,1734685493,1734685493,a,100.0,100.0,
147611,1743841282,1743777009,d,100.0,75.0,Ankle injury - 75% chance of playing
147611,1744374721,1744374721,a,75.0,100.0,
149065,1722586591,1722586591,a,,,
149065,1734060228,1734003009,d,,75.0,Shoulder injury - 75% chance of playing
149065,1734685493,1734685493,i,0.0,0.0,Shoulder injury - Unknown return date
149065,1734944423,1734944423,d,75.0,75.0,Shoulder injury - 75% chance of playing
149065,1735398440,1735398440,a,100.0,100.0,
149484,1722586591,1722586591,a,,,
149484,1723742209,1722870004,i,,0.0,Knee injury - Expected back 14 Sep
149484,1725630627,1725630627,d,0.0,50.0,Knee injury - 50% chance of playing
149484,1727126145,1727126145,d,25.0,25.0,Lack of match fitness - 25% chance of playing
149484,1727772988,1727772988,i,0.0,0.0,Lack of match fitness - Expected back 19 Oct
149484,1728291745,1728291745,d,0.0,50.0,Lack of match fitness - 50% chance of playing
149484,1729760392,1729760392,a,100.0,100.0,
149484,1738228966,1737939608,d,100.0,75.0,Knee injury - 75% chance of playing
149484,1739451395,1739451395,d,0.0,50.0,Knee injury - 50% chance of playing
149484,1740085255,1740085255,a,100.0,100.0,
149484,1740397855,1740259809,d,100.0,75.0,Knee injury - 75% chance of playing
149484,1741164423,1741164423,a,75.0,100.0,
149519,1722586591,1722586591,a,,,
149519,1734944423,1734816609,n,,0.0,Ineligible to face his parent club on 26/12. - Expected back 29 Dec
149519,1735398440,1735398440,a,0.0,100.0,
149519,1738228966,1737540883,u,0.0,0.0,Loaned to Genoa
149929,1722586591,1722586591,a,,,
149929,1724143573,1723926606,d,,75.0,Hamstring injury - 75% chance of playing
149929,1724659814,1724659814,i,0.0,0.0,Hamstring injury - Expected back 21 Sep
149929,1726494724,1726494724,a,100.0,100.0,
149929,1732063467,1731508208,d,100.0,75.0,Knock - 75% chance of playing
149929,1732852069,1732852069,a,75.0,100.0,
149929,1738228966,1737838810,d,100.0,50.0,Knee injury - 50% chance of playing
149929,1739451395,1739451395,i,0.0,0.0,Knee injury - Expected back 01 Jun
151086,1722586591,1722586591,a,,,
151086,1726494724,1726494724,a,75.0,100.0,
151086,1735398440,1734948009,d,75.0,75.0,Knock - 75% chance of playing
151086,1736248298,1736248298,a,25.0,100.0,
151086,1739451395,1738885566,u,100.0,0.0,Loaned to Galatasaray
151589,1722586591,1722586591,a,,,
151589,1725630627,1725273936,u,,0.0,On loan to Anderlecht for the rest of the season
152551,1722586591,1722586591,a,,,
152551,1725630627,1725240606,d,,75.0,Toe Injury - 75% chance of playing
152551,1726494724,1726494724,a,100.0,100.0,
152551,1730127279,1730066406,d,100.0,75.0,Hamstring injury - 75% chance of playing
152551,1731088322,1731088322,i,0.0,0.0,Hamstring injury - Expected back 23 Nov
152551,1732063467,1732063467,d,0.0,50.0,Hamstring injury - 50% chance of playing
152551,1732852069,1732852069,a,100.0,100.0,
152551,1737177344,1737019808,i,100.0,0.0,Illness - Expected back 26 Jan
152551,1738228966,1738228966,a,75.0,100.0,
153127,1722586591,1722586591,a,,,
153127,1737177344,1737114826,u,,0.0,Loaned to Portsmouth
153133,1722586591,1722586591,a,,,
153366,1722586591,1722586591,a,,,
153366,1732852069,1732294809,i,0.0,0.0,Knee injury - Expected back 05 Jan
153366,1736248298,1736248298,d,0.0,50.0,Knee injury - 50% chance of playing
153366,1737177344,1737177344,a,100.0,100.0,
153366,1746837439,1746360008,i,100.0,0.0,Calf injury - Expected back 01 Jun
153682,1722586591,1722586591,a,,,
153682,1738228966,1737939609,d,,75.0,Ankle injury - 75% chance of playing
153682,1739451395,1739451395,i,0.0,0.0,Foot injury - Expected back 01 Apr
153682,1742825108,1742825108,d,0.0,50.0,Foot injury - 50% chance of playing
153682,1743841282,1743841282,i,0.0,0.0,Foot injury - Expected back 14 Apr
153682,1744374721,1744374721,d,0.0,50.0,Foot injury - 50% chance of playing
153682,1745626070,1745626070,a,100.0,100.0,
154048,1722586591,1722586591,a,,,
154048,1745626070,1745539208,i,,0.0,Muscle injury - Expected back 01 Jun
154561,1722586591,1722586591,a,,,
154561,1727772988,1727772988,a,75.0,100.0,
154566,1722586591,1722586591,a,,,
154566,1724659814,1724421606,d,0.0,50.0,Ankle injury - 50% chance of playing
154566,1725630627,1725630627,d,25.0,25.0,Ankle injury - 25% chance of playing
154566,1726494724,1726494724,a,100.0,100.0,
154566,1733111631,1733097608,d,100.0,75.0,Illness - 75% chance of playing
154566,1733535327,1733535327,a,75.0,100.0,
154566,1738228966,1737333008,i,0.0,0.0,Knee injury - Expected back 08 Mar
154566,1739451395,1739451395,i,0.0,0.0,Knee injury - Expected back 26 Feb
154566,1740085255,1740085255,i,0.0,0.0,Knee injury - Expected back 09 Mar
154566,1741164423,1741164423,d,0.0,50.0,Knee injury - 50% chance of playing
154566,1741693992,1741693992,a,75.0,100.0,
155405,1722586591,1722586591,a,,,
155405,1724143573,1723924806,n,,0.0,Ineligible to face his parent club on 24/8. - Expected back 31 Aug
155405,1724659814,1724659814,a,0.0,100.0,
155405,1727126145,1726950606,d,100.0,75.0,Thigh injury - 75% chance of playing
155405,1727772988,1727772988,a,75.0,100.0,
155405,1731088322,1730572208,s,100.0,0.0,Suspended until 24 Nov
155405,1732063467,1732063467,a,0.0,100.0,
155405,1732852069,1732296609,d,75.0,75.0,Knock - 75% chance of playing
155405,1733535327,1733535327,a,75.0,100.0,
155405,1737177344,1736892009,n,100.0,0.0,Ineligible to face his parent club on 19/1. - Expected back 25 Jan
155405,1738228966,1738228966,a,100.0,100.0,
155405,1740397855,1740258010,d,100.0,75.0,Calf injury - 75% chance of playing
155405,1741164423,1741164423,d,50.0,50.0,Calf injury - 50% chance of playing
155405,1741693992,1741693992,a,75.0,100.0,
155405,1745626070,1744619408,i,0.0,0.0,Achilles injury - Unknown return date
155405,1746837439,1746837439,a,50.0,100.0,
155405,1748089574,1747404009,i,0.0,0.0,Foot injury - Expected back 01 Jun
155408,1722586591,1722586591,a,,,
155408,1733111631,1733004007,d,,75.0,Muscle injury - 75% chance of playing
155408,1733535327,1733535327,a,75.0,100.0,
155408,1745626070,1745589608,d,100.0,75.0,Ankle injury - 75% chance of playing
155408,1746837439,1746837439,a,100.0,100.0,
155408,1748089574,1747785608,s,100.0,0.0,Suspended until 30 Aug
155511,1722586591,1722586591,a,,,
155511,1739451395,1738789399,u,,0.0,Loaned to West Bromwich Albion
156074,1722586591,1722586591,a,,,
156074,1739451395,1738666128,u,,0.0,Loaned to Sheffield United
156689,1722586591,1722586591,a,,,
156689,1730127279,1730066406,d,,75.0,Knock - 75% chance of playing
156689,1731088322,1731088322,a,100.0,100.0,
156689,1734685493,1734213608,s,100.0,0.0,Suspended until 26 Dec
156689,1734944423,1734944423,a,0.0,100.0,
157668,1722586591,1722586591,a,,,
157668,1732852069,1732383009,d,,75.0,Groin Injury - 75% chance of playing
157668,1733111631,1733111631,d,25.0,50.0,Groin Injury - 50% chance of playing
157668,1733535327,1733535327,d,25.0,25.0,Groin Injury - 25% chance of playing
157668,1734685493,1734685493,d,50.0,50.0,Groin Injury - 50% chance of playing
157668,1734944423,1734944423,a,100.0,100.0,
158499,1722586591,1722586591,a,,,
158499,1732063467,1731182407,s,,0.0,Suspended until 30 Nov
158499,1732852069,1732852069,a,0.0,100.0,
158499,1741164423,1740528008,d,100.0,75.0,Knock - 75% chance of playing
158499,1741693992,1741693992,a,75.0,100.0,
158499,1743841282,1743768008,i,100.0,0.0,Groin Injury - Unknown return date
158499,1745626070,1745626070,i,0.0,0.0,Groin Injury - Expected back 01 Jun
158534,1722586591,1722586591,a,,,
158534,1734944423,1734714009,d,75.0,75.0,Muscle injury - 75% chance of playing
158534,1735398440,1735398440,a,100.0,100.0,
158534,1747388684,1746923408,d,100.0,75.0,Illness - 75% chance of playing
158534,1748089574,1748089574,d,50.0,25.0,Illness - 25% chance of playing
158983,1722586591,1722586591,a,,,
159506,1722586591,1722586591,a,,,
159506,1724143573,1723926606,d,,75.0,Knock - 75% chance of playing
159506,1724659814,1724659814,a,75.0,100.0,
159506,1743841282,1743546609,i,100.0,0.0,Calf injury - Expected back 12 Apr
159506,1744374721,1744374721,i,0.0,0.0,Calf injury - Expected back 21 Apr
159506,1745626070,1745626070,d,50.0,50.0,Calf injury - 50% chance of playing
159506,1746837439,1746837439,a,100.0,100.0,
159533,1722586591,1722586591,a,,,
159533,1741164423,1740963608,d,,75.0,Ankle injury - 75% chance of playing
159533,1742825108,1742825108,a,75.0,100.0,
164555,1722586591,1722586591,a,,,
164555,1740397855,1740108610,d,25.0,25.0,Hamstring injury - 25% chance of playing
164555,1741164423,1741164423,d,0.0,50.0,Hamstring injury - 50% chance of playing
164555,1741693992,1741693992,d,75.0,75.0,Hamstring injury - 75% chance of playing
164555,1742825108,1742825108,a,75.0,100.0,
165153,1722586591,1722586591,a,,,
165153,1727126145,1727126145,a,100.0,100.0,
165153,1731088322,1730970008,d,75.0,25.0,Groin Injury - 25% chance of playing
165153,1732063467,1732063467,a,25.0,100.0,
165153,1734944423,1734699609,d,75.0,75.0,Illness - 75% chance of playing
165153,1735398440,1735398440,a,100.0,100.0,
165153,1737177344,1736874009,i,0.0,0.0,Hamstring injury - Expected back 16 Feb
165153,1739451395,1739451395,d,0.0,50.0,Hamstring injury - 50% chance of playing
165153,1740085255,1740085255,d,50.0,50.0,Lack of match fitness - 50% chance of playing
165153,1741164423,1741164423,a,100.0,100.0,
165153,1749050423,1748116809,d,25.0,25.0,Hamstring injury - 25% chance of playing
165659,1722586591,1722586591,a,,,
165659,1725630627,1725030006,d,0.0,50.0,Knock - 50% chance of playing
165659,1726494724,1726494724,a,50.0,100.0,
165659,1736248298,1735932609,d,0.0,50.0,Foot injury - 50% chance of playing
165659,1737177344,1737177344,i,0.0,0.0,Foot injury - Unknown return date
165659,1738228966,1738228966,u,0.0,0.0,loaned to Fenerbahçe
165809,1722586591,1722586591,a,,,
165809,1742825108,1742825108,a,,100.0,
166477,1722586591,1722586591,a,,,
166477,1729760392,1729272607,i,0.0,0.0,Hamstring injury - Unknown return date
166477,1731088322,1731088322,a,100.0,100.0,
166477,1746837439,1746655208,i,100.0,0.0,Ankle injury - Expected back 01 Jun
166989,1722586591,1722586591,a,,,
166989,1746837439,1746721808,i,,0.0,Muscle injury - Expected back 18 May
166989,1747388684,1747388684,i,0.0,0.0,Muscle injury - Expected back 25 May
166989,1748089574,1748089574,d,0.0,25.0,Muscle injury - 25% chance of playing
166989,1749050423,1749050423,a,75.0,100.0,
167074,1722586591,1722586591,a,,,
167074,1734685493,1734215408,d,,75.0,Knock - 75% chance of playing
167074,1734944423,1734944423,i,0.0,0.0,Knee injury - Expected back 15 Feb
167074,1737177344,1737177344,i,0.0,0.0,Knee injury - Expected back 01 Apr
167074,1742825108,1742825108,d,0.0,50.0,Knee injury - 50% chance of playing
167074,1743841282,1743841282,d,0.0,75.0,Lack of match fitness - 75% chance of playing
167074,1744374721,1744374721,a,75.0,100.0,
167191,1722586591,1722586591,a,,,
167191,1725630627,1725092516,u,0.0,0.0,Loaned to Derby County
167199,1722586591,1722586591,a,,,
167199,1733111631,1733004007,d,,75.0,Muscle injury - 75% chance of playing
167199,1733535327,1733535327,a,75.0,100.0,
167888,1722586591,1722586591,a,,,
168090,1722586591,1722586591,a,,,
168090,1725630627,1725085838,u,0.0,0.0,Transferred to Eintracht Frankfurt
168636,1722586591,1722586591,a,,,
168636,1723742209,1723473004,i,,0.0,Toe Injury - Unknown return date
168636,1725630627,1725630627,d,0.0,50.0,Toe Injury - 50% chance of playing
168636,1726494724,1726494724,a,75.0,100.0,
168636,1737177344,1736440208,i,0.0,0.0,Knee injury - Unknown return date
168636,1746837439,1746837439,i,0.0,0.0,Knee injury - Expected back 01 Jun
168991,1722586591,1722586591,a,,,
168991,1725630627,1724923805,d,75.0,75.0,Back injury - 75% chance of playing
168991,1726494724,1726494724,a,100.0,100.0,
168991,1737177344,1737100805,u,100.0,0.0,Season-long loan to Napoli
169187,1722586591,1722586591,a,,,
169187,1732063467,1731202209,d,,50.0,Hamstring injury - 50% chance of playing
169187,1732852069,1732852069,a,25.0,100.0,
169187,1742825108,1741779007,d,25.0,25.0,Ankle injury - 25% chance of playing
169187,1743841282,1743841282,i,0.0,0.0,Ankle injury - Unknown return date
169187,1745626070,1745626070,a,75.0,100.0,
169359,1722586591,1722586591,a,,,
169359,1724143573,1724143573,a,25.0,100.0,
169359,1727772988,1727434807,d,0.0,50.0,Lack of match fitness - 50% chance of playing
169359,1729760392,1729760392,d,25.0,25.0,Lack of match fitness - 25% chance of playing
169359,1731088322,1731088322,d,25.0,50.0,Lack of match fitness - 50% chance of playing
169359,1732063467,1732063467,a,50.0,100.0,
169359,1743841282,1743670809,d,100.0,75.0,Illness - 75% chance of playing
169359,1744374721,1744374721,a,75.0,100.0,
169359,1746837439,1745755208,d,25.0,25.0,Hamstring injury - 25% chance of playing
169359,1748089574,1748089574,d,25.0,50.0,Hamstring injury - 50% chance of playing
169528,1722586591,1722586591,a,,,
169528,1742825108,1742437809,d,,75.0,Knock - 75% chance of playing
169528,1743841282,1743841282,a,100.0,100.0,
169593,1722586591,1722586591,a,,,
171287,1722586591,1722586591,a,,,
171287,1735843782,1735551007,i,,0.0,Hamstring injury - Unknown return date
171287,1739451395,1739363410,d,75.0,25.0,Hamstring injury - 25% chance of playing
171287,1740085255,1740085255,i,0.0,0.0,Hamstring injury - Unknown return date
171287,1745626070,1745626070,i,0.0,0.0,Hamstring injury - Expected back 19 May
171287,1747388684,1747388684,i,0.0,0.0,Hamstring injury - Expected back 25 May
171287,1748089574,1748089574,a,25.0,100.0,
171314,1722586591,1722586591,a,,,
171314,1731088322,1730480408,i,75.0,0.0,Muscle injury - Expected back 23 Nov
171314,1732063467,1732063467,d,0.0,50.0,Muscle injury - 50% chance of playing
171314,1732852069,1732852069,a,0.0,100.0,
171314,1734944423,1734712209,i,0.0,0.0,Muscle injury - Expected back 19 Jan
171314,1736248298,1736248298,d,0.0,50.0,Muscle injury - 50% chance of playing
171314,1737177344,1737177344,d,25.0,25.0,Muscle injury - 25% chance of playing
171314,1738228966,1737590408,i,0.0,0.0,Muscle injury - Unknown return date
171314,1739451395,1739451395,a,0.0,100.0,
171771,1722586591,1722586591,a,,,
171771,1732852069,1732177809,i,0.0,0.0,Knee injury - Expected back 07 Dec
171771,1733535327,1733499008,d,100.0,50.0,Knee injury - 50% chance of playing
171771,1734685493,1734685493,a,100.0,100.0,
171771,1740397855,1740258010,d,100.0,75.0,Muscle injury - 75% chance of playing
171771,1741164423,1741164423,d,0.0,50.0,Muscle injury - 50% chance of playing
171771,1741693992,1741464010,d,100.0,75.0,Head injury - 75% chance of playing
171771,1742825108,1742825108,a,0.0,100.0,
171771,1748089574,1747600208,d,100.0,25.0,Knee injury - 25% chance of playing
172453,1724143573,1724143573,a,,,
172453,1737177344,1736557209,d,25.0,25.0,Ankle injury - 25% chance of playing
172453,1738228966,1738228966,d,0.0,50.0,Ankle injury - 50% chance of playing
172453,1739451395,1739179808,d,0.0,75.0,Ankle injury - 75% chance of playing
172453,1740397855,1740397855,a,100.0,100.0,
172453,1741693992,1741230009,i,0.0,0.0,Ankle injury - Expected back 18 May
172453,1747388684,1747388684,d,0.0,50.0,Ankle injury - 50% chance of playing
172453,1749050423,1749050423,a,75.0,100.0,
172649,1722586591,1722586591,a,,,
172649,1737177344,1737177344,a,100.0,100.0,
172780,1722586591,1722586591,a,,,
172780,1738228966,1737939609,d,,75.0,Knock - 75% chance of playing
172780,1739451395,1739451395,d,0.0,50.0,Calf injury - 50% chance of playing
172780,1740085255,1740085255,a,100.0,100.0,
172780,1746837439,1746140409,i,50.0,0.0,Knee injury - Expected back 01 Jun
172850,1722586591,1722586591,a,,,
172850,1739451395,1739451395,a,,100.0,
172850,1748089574,1748008808,d,100.0,75.0,Illness - 75% chance of playing
173818,1722586591,1722586591,a,,,
173818,1723742209,1722870004,i,,0.0,Hamstring injury - Expected back 29 Sep
173818,1725630627,1725630627,d,0.0,50.0,Hamstring injury - 50% chance of playing
173818,1726494724,1726494724,d,50.0,50.0,Lack of match fitness - 50% chance of playing
173818,1727126145,1727126145,a,100.0,100.0,
173818,1732063467,1731508208,d,100.0,75.0,Groin Injury - 75% chance of playing
173818,1733111631,1733111631,a,100.0,100.0,
173818,1745626070,1745209808,i,100.0,0.0,Thigh injury - Unknown return date
173818,1748089574,1748089574,a,75.0,100.0,
174292,1739451395,1739451395,a,,,
174874,1722586591,1722586591,a,,,
174874,1729760392,1729355407,s,100.0,0.0,Suspended until 04 Nov
174874,1730127279,1730127279,a,0.0,100.0,
174874,1732852069,1732402808,d,100.0,75.0,Calf injury - 75% chance of playing
174874,1733111631,1733111631,i,0.0,0.0,Calf injury - Unknown return date
174874,1734685493,1734685493,d,0.0,50.0,Calf injury - 50% chance of playing
174874,1734944423,1734714008,d,75.0,75.0,Lack of match fitness - 75% chance of playing
174874,1735398440,1735398440,a,100.0,100.0,
175941,1722586591,1722586591,a,,,
176297,1722586591,1722586591,a,,,
176297,1736248298,1735932609,d,25.0,25.0,Illness - 25% chance of playing
176297,1737177344,1737177344,a,100.0,100.0,
176297,1746837439,1745755208,i,0.0,0.0,Hamstring injury - Expected back 18 May
176297,1747388684,1747388684,i,0.0,0.0,Hamstring injury - Expected back 01 Jun
176297,1748089574,1748089574,n,0.0,0.0,Ineligible to face his parent club on 25/5. - Expected back 26 May
176297,1749050423,1749050423,a,0.0,100.0,
177815,1722586591,1722586591,a,,,
177815,1727126145,1727126145,a,75.0,100.0,
177815,1738228966,1737838810,d,100.0,50.0,Hamstring injury - 50% chance of playing
177815,1739451395,1739451395,i,0.0,0.0,Hamstring injury - Unknown return date
177815,1744374721,1744374721,i,0.0,0.0,Hamstring injury - Expected back 03 May
177815,1746837439,1746837439,a,75.0,100.0,
178186,1722586591,1722586591,a,,,
178186,1735843782,1735551007,i,,0.0,Foot injury - Expected back 03 Feb
178186,1738228966,1738228966,d,50.0,50.0,Lack of match fitness - 50% chance of playing
178186,1739451395,1739451395,a,75.0,100.0,
178301,1722586591,1722586591,a,,,
178301,1725630627,1725444005,d,,75.0,Knock - 75% chance of playing
178301,1726494724,1726494724,a,100.0,100.0,
178301,1734060228,1733929207,d,100.0,75.0,Knock - 75% chance of playing
178301,1734685493,1734685493,a,75.0,100.0,
178301,1739451395,1738449008,d,100.0,75.0,Muscle injury - 75% chance of playing
178301,1740085255,1740085255,a,100.0,100.0,
178301,1742825108,1742398207,d,100.0,75.0,Knee injury - 75% chance of playing
178301,1743841282,1743841282,a,100.0,100.0,
179018,1722586591,1722586591,a,,,
179018,1739451395,1738578234,u,,0.0,Loaned to Atlanta United
179268,1722586591,1722586591,a,,,
179268,1728291745,1728252007,s,,0.0,Suspended until 27 Oct
179268,1729760392,1729760392,a,0.0,100.0,
179268,1734685493,1734341407,s,100.0,0.0,Suspended until 26 Dec
179268,1734944423,1734944423,a,0.0,100.0,
179519,1725630627,1725630627,a,,,
179519,1738228966,1737838811,d,,50.0,Knee injury - 50% chance of playing
179519,1739451395,1739451395,i,0.0,0.0,Knee injury - Expected back 01 Jun
180135,1722586591,1722586591,a,,,
180736,1722586591,1722586591,a,,,
180736,1726494724,1726241407,i,0.0,0.0,Abdominal injury - Expected back 28 Sep
180736,1727126145,1727126145,d,0.0,50.0,Abdominal injury - 50% chance of playing
180736,1727772988,1727772988,a,100.0,100.0,
180736,1735843782,1735813809,n,100.0,0.0,Ineligible to face his parent club on 4/1. - Expected back 15 Jan
180736,1736248298,1736248298,a,0.0,100.0,
180736,1740397855,1740258010,d,100.0,75.0,Back injury - 75% chance of playing
180736,1741164423,1741164423,d,0.0,50.0,Back injury - 50% chance of playing
180736,1741693992,1741693992,a,100.0,100.0,
180804,1722586591,1722586591,a,,,
180804,1728291745,1728120606,d,75.0,75.0,Knock - 75% chance of playing
180804,1729760392,1729760392,i,0.0,0.0,Hand injury - Unknown return date
180804,1730127279,1730127279,i,0.0,0.0,Hand injury - Expected back 24 Nov
180804,1732063467,1732063467,a,0.0,100.0,
180804,1733111631,1733004008,d,100.0,75.0,Hamstring injury - 75% chance of playing
180804,1733535327,1733535327,i,0.0,0.0,Hamstring injury - Unknown return date
180804,1738228966,1738228966,a,100.0,100.0,
180804,1740085255,1739640610,s,100.0,0.0,Suspended until 26 Feb
180804,1740397855,1740397855,a,0.0,100.0,
180804,1741693992,1741230008,i,0.0,0.0,Hamstring injury - Unknown return date
180804,1743841282,1743841282,a,0.0,100.0,
180974,1722586591,1722586591,a,,,
180974,1734685493,1734213608,s,,0.0,Suspended until 26 Dec
180974,1734944423,1734944423,a,0.0,100.0,
180974,1739451395,1738449008,i,100.0,0.0,Knee injury - Expected back 10 Mar
180974,1740397855,1740397855,d,25.0,25.0,Knee injury - 25% chance of playing
180974,1741164423,1741164423,a,75.0,100.0,
180974,1743841282,1743768009,d,100.0,75.0,Knee injury - 75% chance of playing
180974,1744374721,1744374721,a,75.0,100.0,
180974,1746837439,1745755208,d,0.0,50.0,Knee injury - 50% chance of playing
180974,1747388684,1747388684,i,50.0,0.0,Knee injury - Expected back 01 Jun
181284,1722586591,1722586591,a,,,
181284,1740397855,1740259810,d,,75.0,Knee injury - 75% chance of playing
181284,1741164423,1741164423,d,25.0,25.0,Knee injury - 25% chance of playing
181284,1741693992,1741693992,a,100.0,100.0,
183656,1722586591,1722586591,a,,,
183656,1723742209,1723473004,i,,0.0,Knee injury - Unknown return date
183656,1747388684,1747388684,i,0.0,0.0,Knee injury - Expected back 01 Jun
184029,1722586591,1722586591,a,,,
184029,1726494724,1725928206,d,50.0,50.0,Ankle injury - 50% chance of playing
184029,1727126145,1727126145,i,0.0,0.0,Ankle injury - Unknown return date
184029,1727772988,1727772988,i,0.0,0.0,Ankle injury - Expected back 19 Oct
184029,1728291745,1728291745,i,0.0,0.0,Ankle injury - Unknown return date
184029,1729760392,1729760392,i,0.0,0.0,Ankle injury - Expected back 02 Nov
184029,1731088322,1731088322,a,0.0,100.0,
184254,1722586591,1722586591,a,,,
184254,1732852069,1732579208,i,,0.0,Ankle injury - Unknown return date
184254,1736248298,1736248298,i,0.0,0.0,Ankle injury - Expected back 25 Feb
184254,1739451395,1739451395,d,0.0,50.0,Ankle injury - 50% chance of playing
184254,1740085255,1740085255,a,100.0,100.0,
184341,1722586591,1722586591,a,,,
184341,1724659814,1724527806,d,,75.0,Knock - 75% chance of playing
184341,1725630627,1725630627,i,0.0,0.0,Knock - Unknown return date
184341,1727126145,1727126145,a,75.0,100.0,
184341,1727772988,1727643606,d,100.0,75.0,Head injury - 75% chance of playing
184341,1729760392,1729760392,d,25.0,25.0,Knock - 25% chance of playing
184341,1731088322,1731088322,a,25.0,100.0,
184341,1734685493,1734341407,d,100.0,25.0,Knock - 25% chance of playing
184341,1734944423,1734944423,i,0.0,0.0,Muscle injury - Unknown return date
184341,1736248298,1736248298,d,25.0,25.0,Muscle injury - 25% chance of playing
184341,1738228966,1738228966,i,0.0,0.0,Leg injury - Unknown return date
184341,1742825108,1742825108,a,75.0,100.0,
184349,1722586591,1722586591,a,,,
184349,1733111631,1733111631,a,75.0,100.0,
184386,1722586591,1722586591,a,,,
184386,1734685493,1734582608,d,,75.0,Knock - 75% chance of playing
184386,1735398440,1735398440,a,100.0,100.0,
184386,1741693992,1741302010,i,0.0,0.0,Hamstring injury - Unknown return date
184386,1743841282,1743841282,a,100.0,100.0,
184667,1722586591,1722586591,a,,,
184667,1724659814,1724407207,i,0.0,0.0,Toe Injury - Unknown return date
184667,1727772988,1727772988,a,0.0,100.0,
184667,1732852069,1732177809,d,75.0,75.0,Knock - 75% chance of playing
184667,1733111631,1733111631,d,50.0,50.0,Hamstring injury - 50% chance of playing
184667,1733535327,1733535327,i,50.0,0.0,Groin Injury - Expected back 15 Dec
184667,1734060228,1734060228,a,0.0,100.0,
184667,1734944423,1734714008,d,25.0,25.0,Muscle injury - 25% chance of playing
184667,1738228966,1738228966,a,50.0,100.0,
184754,1722586591,1722586591,a,,,
184754,1729760392,1729081808,i,0.0,0.0,Ankle injury - Expected back 09 Nov
184754,1731088322,1731088322,d,0.0,50.0,Lack of match fitness - 50% chance of playing
184754,1732852069,1732852069,a,75.0,100.0,
184754,1739451395,1739181610,d,100.0,75.0,Hamstring injury - 75% chance of playing
184754,1740085255,1740085255,i,0.0,0.0,Hamstring injury - Expected back 08 Mar
184754,1741164423,1741164423,a,0.0,100.0,
184754,1745626070,1744990208,d,75.0,75.0,Muscle injury - 75% chance of playing
184754,1746837439,1746808209,d,100.0,75.0,Knock - 75% chance of playing
184754,1748089574,1748089574,a,75.0,100.0,
191866,1722586591,1722586591,a,,,
191866,1725630627,1725138005,d,,75.0,Ankle injury - 75% chance of playing
191866,1726494724,1726494724,a,100.0,100.0,
191866,1730127279,1729972807,d,100.0,75.0,Foot injury - 75% chance of playing
191866,1731088322,1731088322,i,75.0,0.0,Foot injury - Expected back 23 Nov
191866,1732063467,1732063467,d,0.0,50.0,Foot injury - 50% chance of playing
191866,1732852069,1732852069,i,0.0,0.0,Foot injury - Unknown return date
191866,1733535327,1733535327,d,0.0,50.0,Lack of match fitness - 50% chance of playing
191866,1734060228,1734060228,a,50.0,100.0,
191866,1734944423,1734816608,d,100.0,75.0,Knock - 75% chance of playing
191866,1735398440,1735398440,i,0.0,0.0,Ankle injury - Unknown return date
191866,1738228966,1738228966,a,100.0,100.0,
192895,1722586591,1722586591,a,,,
192895,1723742209,1723473004,i,,0.0,Hamstring injury - Unknown return date
192895,1732852069,1732852069,a,0.0,100.0,
193204,1722586591,1722586591,a,,,
194010,1722586591,1722586591,a,,,
194010,1723742209,1723473004,d,,25.0,Knee injury - 25% chance of playing
194010,1726494724,1726494724,i,0.0,0.0,Lack of match fitness - Expected back 28 Sep
194010,1727126145,1727126145,i,0.0,0.0,Lack of match fitness - Expected back 19 Oct
194010,1728291745,1728291745,d,0.0,50.0,Lack of match fitness - 50% chance of playing
194010,1729760392,1729760392,i,0.0,0.0,Lack of match fitness - Expected back 26 Oct
194010,1730127279,1730127279,d,0.0,50.0,Lack of match fitness - 50% chance of playing
194010,1731088322,1731088322,i,25.0,0.0,Lack of match fitness - Expected back 23 Nov
194010,1732063467,1732063467,d,0.0,50.0,Lack of match fitness - 50% chance of playing
194010,1732852069,1732852069,i,0.0,0.0,Lack of match fitness - Unknown return date
194010,1737177344,1737177344,a,100.0,100.0,
194010,1738228966,1737939608,d,100.0,75.0,Hamstring injury - 75% chance of playing
194010,1739451395,1739451395,i,0.0,0.0,Hamstring injury - Unknown return date
194010,1741693992,1741693992,d,25.0,25.0,Lack of match fitness - 25% chance of playing
194010,1743841282,1743841282,d,0.0,75.0,Lack of match fitness - 75% chance of playing
194010,1744374721,1744374721,a,75.0,100.0,
194164,1722586591,1722586591,a,,,
194164,1725630627,1725092666,u,0.0,0.0,Loaned to West Bromwich Albion
194190,1722586591,1722586591,a,,,
194190,1723742209,1723018862,u,,0.0,Season long loan to Sheffield United
194634,1722586591,1722586591,a,,,
194634,1729760392,1729459807,d,,75.0,Knock - 75% chance of playing
194634,1730127279,1730127279,i,0.0,0.0,Rib Injury - Unknown return date
194634,1731088322,1731088322,i,0.0,0.0,Rib Injury - Expected back 01 Dec
194634,1732852069,1732852069,d,0.0,50.0,Rib Injury - 50% chance of playing
194634,1733535327,1733535327,d,25.0,25.0,Rib Injury - 25% chance of playing
194634,1734685493,1734685493,a,75.0,100.0,
194634,1737177344,1737113408,d,100.0,75.0,Muscle injury - 75% chance of playing
194634,1738228966,1738228966,i,0.0,0.0,Muscle injury - Unknown return date
194634,1739451395,1739451395,a,75.0,100.0,
194799,1722586591,1722586591,a,,,
194799,1725630627,1725532535,u,,0.0,Loaned to  Sao Paulo
195384,1725630627,1725024606,i,0.0,0.0,Shoulder injury - Unknown return date
195384,1728291745,1728291745,a,100.0,100.0,
195384,1731088322,1731078008,d,100.0,75.0,Illness - 75% chance of playing
195384,1732063467,1732063467,a,75.0,100.0,
195384,1733111631,1733004008,d,100.0,75.0,Knee injury - 75% chance of playing
195384,1733535327,1733535327,a,75.0,100.0,
195384,1747388684,1747004410,s,100.0,0.0,Suspended until 25 May
195384,1748089574,1748089574,a,0.0,100.0,
195546,1722586591,1722586591,a,,,
195546,1739451395,1738578137,u,,0.0,Loaned to Bayer Leverkusen
195851,1722586591,1722586591,a,,,
195851,1725630627,1725085009,u,0.0,0.0,Transferred to Napoli
196411,1722586591,1722586591,a,,,
196411,1736248298,1735934409,i,0.0,0.0,Knee injury - Expected back 19 Jan
196411,1737177344,1737177344,i,0.0,0.0,Knee injury - Expected back 25 Jan
196411,1738228966,1738228966,d,0.0,50.0,Knee injury - 50% chance of playing
196411,1740085255,1740085255,i,0.0,0.0,Knee injury - Unknown return date
196411,1740397855,1740397855,d,50.0,50.0,Knee injury - 50% chance of playing
196411,1741164423,1741164423,d,75.0,75.0,Lack of match fitness - 75% chance of playing
196411,1741693992,1741693992,d,25.0,25.0,Knee injury - 25% chance of playing
196411,1742825108,1742825108,d,25.0,50.0,Knee injury - 50% chance of playing
196411,1743841282,1743841282,a,50.0,100.0,
197024,1723742209,1723742209,a,,,
197024,1735398440,1735259410,s,,0.0,Suspended until 04 Jan
197024,1735843782,1735843782,a,0.0,100.0,
197464,1722586591,1722586591,a,,,
197464,1725630627,1725085114,u,0.0,0.0,Loaned to Derby County
197469,1722586591,1722586591,a,,,
197469,1728291745,1728000006,i,0.0,0.0,Shoulder injury - Unknown return date
197469,1731088322,1731088322,d,75.0,75.0,Lack of match fitness - 75% chance of playing
197469,1732063467,1732063467,a,75.0,100.0,
197469,1739451395,1738237248,u,0.0,0.0,Loaned to Sheffield United
198826,1737177344,1737177344,a,,,
198869,1722586591,1722586591,a,,,
198869,1728291745,1727829005,d,75.0,75.0,Groin Injury - 75% chance of playing
198869,1729760392,1729760392,a,75.0,100.0,
198869,1732063467,1731589208,d,100.0,50.0,Knee injury - 50% chance of playing
198869,1732852069,1732852069,i,0.0,0.0,Knee injury - Unknown return date
198869,1740085255,1740085255,a,100.0,100.0,
198869,1743841282,1743544808,d,100.0,75.0,Knee injury - 75% chance of playing
198869,1744374721,1744374721,a,75.0,100.0,
199249,1722586591,1722586591,a,,,
199670,1722586591,1722586591,a,,,
199670,1725630627,1725535806,n,,0.0,Ineligible to face his parent club on 14/9. - Expected back 21 Sep
199670,1726494724,1726494724,a,0.0,100.0,
199670,1736248298,1736019008,n,100.0,0.0,Ineligible to face his parent club on 15/1. - Expected back 18 Jan
199670,1737177344,1737177344,a,0.0,100.0,
199796,1722586591,1722586591,a,,,
199796,1724659814,1724535005,d,,75.0,Hamstring injury - 75% chance of playing
199796,1725630627,1725630627,i,0.0,0.0,Hamstring injury - Expected back 21 Sep
199796,1727126145,1727126145,d,50.0,50.0,Hamstring injury - 50% chance of playing
199796,1728291745,1728291745,a,100.0,100.0,
199796,1731088322,1730678407,d,100.0,25.0,Calf injury - 25% chance of playing
199796,1732063467,1732063467,d,25.0,50.0,Calf injury - 50% chance of playing
199796,1732852069,1732852069,a,100.0,100.0,
199796,1735398440,1735259409,s,100.0,0.0,Suspended until 04 Jan
199796,1735843782,1735843782,a,0.0,100.0,
199796,1739451395,1738335608,i,0.0,0.0,Muscle injury - Expected back 25 Feb
199796,1740085255,1740085255,a,25.0,100.0,
199798,1722586591,1722586591,a,,,
199798,1728291745,1728252007,d,,75.0,Hamstring injury - 75% chance of playing
199798,1729760392,1729760392,a,100.0,100.0,
199798,1739451395,1739181609,d,100.0,75.0,Muscle injury - 75% chance of playing
199798,1740397855,1740397855,a,75.0,100.0,
200089,1722586591,1722586591,a,,,
200089,1725630627,1724923805,d,25.0,25.0,Thigh injury - 25% chance of playing
200089,1726494724,1726494724,a,50.0,100.0,
200089,1732852069,1732588208,d,100.0,75.0,Knock - 75% chance of playing
200089,1733111631,1733111631,a,75.0,100.0,
200089,1734060228,1734003009,d,100.0,75.0,Hamstring injury - 75% chance of playing
200089,1734685493,1734685493,a,50.0,100.0,
200089,1744374721,1744065007,d,100.0,50.0,Head injury - 50% chance of playing
200089,1745626070,1745626070,a,100.0,100.0,
200089,1747388684,1747006209,d,100.0,50.0,Thigh injury - 50% chance of playing
200089,1748089574,1748089574,a,50.0,100.0,
200402,1722586591,1721223005,s,,0.0,Suspended until 15 Sep
200402,1724659814,1724659814,a,0.0,100.0,
200402,1733111631,1732998609,s,100.0,0.0,Suspended until 09 Dec
200402,1733535327,1733535327,a,0.0,100.0,
200402,1736248298,1736208009,d,100.0,75.0,Hamstring injury - 75% chance of playing
200402,1737177344,1737177344,a,100.0,100.0,
200428,1722586591,1722586591,a,,,
200428,1724659814,1724416738,u,0.0,0.0,Transferred to Göztepe
200600,1722586591,1722586591,a,,,
200600,1723742209,1723473005,d,,50.0,Calf injury - 50% chance of playing
200600,1724143573,1724143573,a,100.0,100.0,
200600,1725630627,1725532578,u,100.0,0.0,Transferred to Al-Shabab
200641,1722586591,1722586591,a,,,
200641,1733535327,1733358608,n,,0.0,Ineligible to face his parent club on 8/12. - Expected back 14 Dec
200641,1734060228,1734060228,d,0.0,25.0,Hamstring injury - 25% chance of playing
200641,1734685493,1734685493,i,0.0,0.0,Hamstring injury - Expected back 15 Feb
200641,1737177344,1737177344,i,0.0,0.0,Hamstring injury - Expected back 01 Feb
200641,1738228966,1738228966,d,0.0,50.0,Hamstring injury - 50% chance of playing
200641,1739451395,1739451395,i,0.0,0.0,Hamstring injury - Unknown return date
200641,1740397855,1740397855,i,0.0,0.0,Hamstring injury - Expected back 25 May
200641,1746837439,1746837439,i,0.0,0.0,Hamstring injury - Expected back 01 Jun
200720,1722586591,1722586591,a,,,
200785,1722586591,1721592005,i,,0.0,Back injury - Unknown return date
200785,1728291745,1728291745,d,0.0,50.0,Back injury - 50% chance of playing
200785,1729760392,1729760392,a,100.0,100.0,
200785,1735843782,1735601408,d,100.0,75.0,Knock - 75% chance of playing
200785,1736248298,1736248298,a,100.0,100.0,
200826,1722586591,1722586591,a,,,
200826,1725630627,1725084886,u,0.0,0.0,Transferred to Real Betis
201440,1722586591,1722586591,a,,,
201440,1726494724,1725968360,u,0.0,0.0,Transferred to Alanyaspor
201658,1722586591,1722586591,a,,,
201658,1734060228,1734004808,i,,0.0,Hamstring injury - Unknown return date
201658,1738228966,1738228966,a,50.0,100.0,
201658,1743841282,1743368408,i,0.0,0.0,Ankle injury - Unknown return date
201658,1744374721,1744374721,d,0.0,50.0,Ankle injury - 50% chance of playing
201658,1745626070,1745626070,a,100.0,100.0,
201666,1722586591,1722586591,a,,,
201666,1737177344,1736719208,i,0.0,0.0,Thigh injury - Expected back 15 Feb
201666,1739451395,1739451395,i,0.0,0.0,Thigh injury - Expected back 23 Feb
201666,1740085255,1740085255,a,25.0,100.0,
202641,1722586591,1722586591,a,,,
202993,1722586591,1722586591,a,,,
202993,1724143573,1724108406,d,,50.0,Head injury - 50% chance of playing
202993,1725630627,1725630627,a,100.0,100.0,
202993,1732063467,1731942009,s,100.0,0.0,Suspended until 26 Dec
202993,1734944423,1734944423,a,0.0,100.0,
202993,1735843782,1735551007,s,100.0,0.0,Suspended until 15 Jan
202993,1736248298,1736248298,a,0.0,100.0,
202993,1737177344,1736440209,i,0.0,0.0,Head injury - Expected back 26 Jan
202993,1738228966,1738228966,a,100.0,100.0,
202993,1740085255,1739786410,d,100.0,75.0,Knock - 75% chance of playing
202993,1740397855,1740397855,a,100.0,100.0,
203341,1722586591,1722586591,a,,,
203341,1734060228,1733736606,d,,75.0,Hamstring injury - 75% chance of playing
203341,1734685493,1734685493,i,0.0,0.0,Hamstring injury - Expected back 29 Dec
203341,1736248298,1736248298,i,0.0,0.0,Hamstring injury - Unknown return date
203341,1737177344,1737177344,i,0.0,0.0,Hamstring injury - Expected back 01 Feb
203341,1738228966,1738228966,d,0.0,50.0,Hamstring injury - 50% chance of playing
203341,1739451395,1739451395,a,0.0,100.0,
204214,1722586591,1721223005,i,,0.0,Ankle injury - Expected back 14 Sep
204214,1723742209,1723732206,d,,50.0,Lack of match fitness - 50% chance of playing
204214,1725630627,1725630627,a,100.0,100.0,
204214,1735843782,1735660807,d,100.0,75.0,Illness - 75% chance of playing
204214,1736248298,1736248298,a,75.0,100.0,
204214,1738228966,1737892809,d,100.0,75.0,Muscle injury - 75% chance of playing
204214,1739451395,1739451395,i,25.0,0.0,Muscle injury - Unknown return date
204214,1740397855,1740397855,a,100.0,100.0,
204480,1722586591,1722586591,a,,,
204480,1725630627,1725138005,s,,0.0,Suspended until 22 Sep
204480,1726494724,1726494724,a,0.0,100.0,
204480,1731088322,1730970007,d,100.0,75.0,Toe Injury - 75% chance of playing
204480,1732063467,1732063467,d,75.0,75.0,Knock - 75% chance of playing
204480,1732852069,1732852069,a,75.0,100.0,
204480,1744374721,1744189208,d,100.0,75.0,Knock - 75% chance of playing
204480,1745626070,1745626070,a,100.0,100.0,
204480,1747388684,1747004409,d,100.0,75.0,Hip injury - 75% chance of playing
204480,1748089574,1748089574,a,75.0,100.0,
204580,1722586591,1722586591,a,,,
204580,1734060228,1733788808,d,,75.0,Knock - 75% chance of playing
204580,1734685493,1734685493,a,75.0,100.0,
204580,1746837439,1746059408,i,0.0,0.0,Heel Injury - Expected back 01 Jun
204646,1737177344,1737177344,a,,,
204716,1722586591,1722586591,a,,,
204716,1731088322,1731088322,a,,100.0,
204716,1732852069,1732789808,d,100.0,75.0,Knee injury - 75% chance of playing
204716,1733111631,1733111631,i,25.0,0.0,Knee injury - Unknown return date
204716,1736248298,1736248298,a,50.0,100.0,
204727,1722586591,1722246386,u,,0.0,Permanent move to RC Lens
204814,1722586591,1722586591,a,,,
204814,1738228966,1737540715,u,0.0,0.0,Loaned to Sheffield United
204822,1722586591,1722586591,a,,,
204822,1724659814,1724325563,u,0.0,0.0,Loaned to Rio Ave
204863,1722586591,1722586591,a,,,
204863,1743841282,1743841282,a,,100.0,
204968,1722586591,1722586591,a,,,
204968,1725630627,1725630627,a,75.0,100.0,
204968,1734685493,1734215408,d,100.0,75.0,Ankle injury - 75% chance of playing
204968,1734944423,1734944423,a,75.0,100.0,
204968,1735398440,1735259410,s,100.0,0.0,Suspended until 06 Jan
204968,1735843782,1735843782,a,0.0,100.0,
205533,1722586591,1722586591,a,,,
205533,1731088322,1731078007,i,,0.0,Hamstring injury - Unknown return date
205533,1733111631,1733111631,a,100.0,100.0,
205533,1739451395,1739350809,d,100.0,75.0,Ankle injury - 75% chance of playing
205533,1740085255,1740085255,a,100.0,100.0,
205533,1744374721,1743870607,s,100.0,0.0,Suspended until 16 Apr
205533,1745626070,1745626070,a,100.0,100.0,
205651,1722586591,1722586591,a,,,
205651,1724659814,1724583605,d,,75.0,Groin Injury - 75% chance of playing
205651,1725630627,1725630627,d,0.0,50.0,Groin Injury - 50% chance of playing
205651,1726494724,1726494724,a,100.0,100.0,
205651,1737177344,1736719208,i,0.0,0.0,Knee injury - Unknown return date
205651,1743841282,1743841282,i,0.0,0.0,Knee injury - Expected back 01 Jun
206325,1722586591,1722586591,a,,,
206325,1726494724,1726441206,d,,75.0,Calf injury - 75% chance of playing
206325,1727126145,1727126145,d,50.0,50.0,Calf injury - 50% chance of playing
206325,1727772988,1727772988,i,0.0,0.0,Calf injury - Expected back 19 Oct
206325,1728291745,1728291745,d,0.0,50.0,Calf injury - 50% chance of playing
206325,1729760392,1729760392,a,75.0,100.0,
206325,1734060228,1733736606,d,100.0,75.0,Knock - 75% chance of playing
206325,1734685493,1734685493,d,25.0,25.0,Knock - 25% chance of playing
206325,1734944423,1734944423,d,75.0,75.0,Lack of match fitness - 75% chance of playing
206325,1735398440,1735398440,a,75.0,100.0,
206915,1722586591,1722586591,a,,,
206915,1725630627,1724756406,d,25.0,25.0,Muscle injury - 25% chance of playing
206915,1726494724,1726494724,a,100.0,100.0,
206915,1738228966,1737556207,i,0.0,0.0,Muscle injury - Unknown return date
206915,1739451395,1739399410,s,25.0,0.0,Suspended until 19 Feb
206915,1740085255,1740085255,a,0.0,100.0,
207189,1724659814,1724659814,a,,,
207189,1735398440,1734948009,d,50.0,50.0,Ankle injury - 50% chance of playing
207189,1737177344,1737177344,a,75.0,100.0,
207270,1722586591,1722586591,a,,,
207283,1722586591,1722586591,a,,,
207283,1726494724,1725928206,i,0.0,0.0,Calf injury - Expected back 28 Sep
207283,1727126145,1727126145,i,0.0,0.0,Calf injury - Expected back 19 Oct
207283,1728291745,1728291745,d,0.0,50.0,Calf injury - 50% chance of playing
207283,1730127279,1730127279,a,100.0,100.0,
207283,1733111631,1733004007,d,100.0,75.0,Hamstring injury - 75% chance of playing
207283,1733535327,1733535327,i,0.0,0.0,Hamstring injury - Expected back 15 Dec
207283,1734060228,1734060228,d,0.0,50.0,Hamstring injury - 50% chance of playing
207283,1734685493,1734685493,i,0.0,0.0,Hamstring injury - Expected back 01 Jan
207283,1735843782,1735843782,a,50.0,100.0,
207283,1740397855,1740189607,i,100.0,0.0,Muscle injury - Expected back 08 Mar
207283,1741164423,1741164423,d,0.0,50.0,Muscle injury - 50% chance of playing
207283,1741693992,1741693992,a,100.0,100.0,
207283,1743841282,1743516008,d,0.0,75.0,Lack of match fitness - 75% chance of playing
207283,1744374721,1744374721,a,75.0,100.0,
208706,1722586591,1722586591,a,,,
208706,1732852069,1732588208,d,,75.0,Thigh injury - 75% chance of playing
208706,1733111631,1733111631,a,75.0,100.0,
208912,1722586591,1722586591,a,,,
208912,1725630627,1724666959,u,0.0,0.0,Transferred to Burnley
209035,1722586591,1721295858,u,,0.0,On a season long loan to Rio Ave
209036,1722586591,1722586591,a,,,
209036,1735398440,1735259409,s,,0.0,Suspended until 04 Jan
209036,1735843782,1735843782,a,0.0,100.0,
209036,1744374721,1743870607,s,100.0,0.0,Suspended until 16 Apr
209036,1745626070,1745626070,a,100.0,100.0,
209036,1748089574,1747668606,i,100.0,0.0,Eye Injury - Expected back 01 Jun
209042,1722586591,1722586591,a,,,
209046,1722586591,1722586591,a,,,
209046,1729760392,1729670408,d,,75.0,Knock - 75% chance of playing
209046,1730127279,1730127279,a,75.0,100.0,
209046,1735843782,1735551007,d,100.0,75.0,Knock - 75% chance of playing
209046,1736248298,1736248298,a,75.0,100.0,
209046,1738228966,1737333008,d,75.0,75.0,Groin Injury - 75% chance of playing
209046,1739451395,1739451395,i,0.0,0.0,Groin Injury - Unknown return date
209046,1740085255,1740085255,a,75.0,100.0,
209046,1746837439,1746140409,i,50.0,0.0,Hamstring injury - Expected back 18 May
209046,1747388684,1747388684,d,0.0,50.0,Hamstring injury - 50% chance of playing
209046,1748089574,1748089574,a,50.0,100.0,
209243,1722586591,1722586591,a,,,
209243,1730127279,1729895406,n,,0.0,Ineligible to face his parent club on 3/11. - Expected back 10 Nov
209243,1731088322,1730970008,d,0.0,75.0,Knock - 75% chance of playing
209243,1732852069,1732852069,a,75.0,100.0,
209243,1747388684,1746898208,n,100.0,0.0,Ineligible to face his parent club on 16/5. - Expected back 25 May
209243,1748089574,1748089574,a,0.0,100.0,
209244,1722586591,1722586591,a,,,
209244,1725630627,1725024606,d,25.0,75.0,Illness - 75% chance of playing
209244,1726494724,1726494724,a,100.0,100.0,
209244,1732063467,1731421808,d,100.0,75.0,Knock - 75% chance of playing
209244,1732852069,1732852069,a,75.0,100.0,
209244,1733535327,1733358608,i,100.0,0.0,Illness - Expected back 15 Dec
209244,1734060228,1734060228,a,0.0,100.0,
209289,1722586591,1722586591,a,,,
209289,1735398440,1734948008,d,50.0,50.0,Knock - 50% chance of playing
209289,1735843782,1735843782,a,50.0,100.0,
209289,1740397855,1740258010,d,100.0,75.0,Ankle injury - 75% chance of playing
209289,1741164423,1741164423,a,75.0,100.0,
209289,1745626070,1745209807,d,100.0,75.0,Back injury - 75% chance of playing
209289,1746837439,1746837439,a,100.0,100.0,
209365,1723742209,1723742209,a,,,
209365,1734944423,1734714009,d,75.0,75.0,Illness - 75% chance of playing
209365,1735398440,1735398440,a,75.0,100.0,
209365,1743841282,1743775209,d,100.0,75.0,Knock - 75% chance of playing
209365,1744374721,1744374721,d,75.0,50.0,Foot injury - 50% chance of playing
209365,1746837439,1746430209,i,100.0,0.0,Knock - Expected back 16 May
209365,1747388684,1747388684,d,0.0,25.0,Knock - 25% chance of playing
209365,1749050423,1749050423,d,50.0,50.0,Knock - 50% chance of playing
209400,1722586591,1722586591,a,,,
209400,1732063467,1731182408,s,,0.0,Suspended until 07 Dec
209400,1733535327,1733535327,a,0.0,100.0,
210156,1722586591,1722586591,a,,,
210156,1740085255,1739536209,d,25.0,25.0,Facial Injury - 25% chance of playing
210156,1740397855,1740397855,a,100.0,100.0,
210156,1744374721,1743885007,d,100.0,75.0,Hamstring injury - 75% chance of playing
210156,1745626070,1745626070,a,50.0,100.0,
210156,1748089574,1747404009,i,0.0,0.0,Abdominal injury - Expected back 01 Jun
210462,1722586591,1722586591,a,,,
210462,1726494724,1726153207,d,75.0,75.0,Knock - 75% chance of playing
210462,1727126145,1727126145,i,0.0,0.0,Hamstring injury - Expected back 23 Nov
210462,1732063467,1732063467,d,0.0,50.0,Hamstring injury - 50% chance of playing
210462,1732852069,1732852069,i,0.0,0.0,Hamstring injury - Unknown return date
210462,1739451395,1739451395,a,100.0,100.0,
210494,1722586591,1722586591,a,,,
210494,1725630627,1725181851,u,,0.0,On loan to Real Sociedad for the season
211975,1722586591,1722586591,a,,,
211975,1731088322,1731088322,a,75.0,100.0,
211975,1732063467,1731340807,d,100.0,75.0,Muscle injury - 75% chance of playing
211975,1732852069,1732852069,a,100.0,100.0,
211975,1733535327,1733358608,d,100.0,50.0,Knock - 50% chance of playing
211975,1734685493,1734685493,d,25.0,25.0,Pelvic - 25% chance of playing
211975,1734944423,1734944423,a,100.0,100.0,
211975,1739451395,1739350809,d,100.0,75.0,Muscle injury - 75% chance of playing
211975,1740085255,1740085255,i,0.0,0.0,Muscle injury - Expected back 26 Apr
211975,1745626070,1745626070,a,75.0,100.0,
212314,1722586591,1722586591,a,,,
212314,1729760392,1729081807,i,0.0,0.0,Shoulder injury - Unknown return date
212314,1730127279,1730127279,i,0.0,0.0,Shoulder injury - Expected back 23 Nov
212314,1732063467,1732063467,d,0.0,50.0,Shoulder injury - 50% chance of playing
212314,1732852069,1732852069,a,100.0,100.0,
212314,1733111631,1733097608,s,100.0,0.0,Suspended until 08 Dec
212314,1733535327,1733535327,a,0.0,100.0,
212314,1740085255,1739644209,d,100.0,75.0,Muscle injury - 75% chance of playing
212314,1740397855,1740397855,a,100.0,100.0,
212314,1741164423,1740528008,s,100.0,0.0,Suspended until 01 Apr
212314,1742825108,1742825108,a,0.0,100.0,
212314,1746837439,1746808208,i,100.0,0.0,Knock - Expected back 18 May
212314,1747388684,1747388684,d,0.0,50.0,Knock - 50% chance of playing
212314,1748089574,1748089574,a,75.0,100.0,
212319,1722586591,1722586591,a,,,
212319,1725630627,1725024606,i,0.0,0.0,Muscle injury - Unknown return date
212319,1729760392,1729760392,a,75.0,100.0,
212319,1731088322,1730678408,i,100.0,0.0,Hamstring injury - Unknown return date
212319,1732852069,1732852069,i,0.0,0.0,Hamstring injury - Expected back 04 Jan
212319,1736248298,1736248298,d,0.0,50.0,Hamstring injury - 50% chance of playing
212319,1737177344,1737177344,a,100.0,100.0,
212319,1738228966,1737939609,d,100.0,75.0,Groin Injury - 75% chance of playing
212319,1739451395,1738886409,d,100.0,75.0,Calf injury - 75% chance of playing
212319,1740085255,1740085255,i,0.0,0.0,Calf injury - Expected back 09 Mar
212319,1741164423,1741164423,d,0.0,50.0,Calf injury - 50% chance of playing
212319,1741693992,1741693992,i,0.0,0.0,Calf injury - Expected back 03 Apr
212319,1742825108,1742825108,d,0.0,50.0,Calf injury - 50% chance of playing
212319,1743841282,1743604209,d,50.0,75.0,Lack of match fitness - 75% chance of playing
212319,1744374721,1744374721,a,75.0,100.0,
213198,1722586591,1722586591,a,,,
213198,1746837439,1746059408,d,75.0,25.0,Knock - 25% chance of playing
213198,1747388684,1747388684,i,25.0,0.0,Knock - Expected back 25 May
213198,1748089574,1748089574,a,0.0,100.0,
213999,1722586591,1722586591,a,,,
213999,1723742209,1723473005,d,,25.0,Hamstring injury - 25% chance of playing
213999,1724659814,1724659814,a,50.0,100.0,
213999,1731088322,1730572208,s,100.0,0.0,Suspended until 25 Nov
213999,1732063467,1732063467,a,0.0,100.0,
213999,1739451395,1738780209,d,100.0,75.0,Knock - 75% chance of playing
213999,1740085255,1740085255,a,75.0,100.0,
213999,1745626070,1745539209,d,100.0,25.0,Back injury - 25% chance of playing
213999,1746837439,1746837439,a,50.0,100.0,
214048,1722586591,1722586591,a,,,
214048,1735398440,1735264810,d,,25.0,Shoulder injury - 25% chance of playing
214048,1735843782,1735843782,a,25.0,100.0,
214285,1722586591,1722586591,a,,,
214285,1729760392,1729760392,a,75.0,100.0,
214285,1732852069,1732527008,d,100.0,50.0,Knock - 50% chance of playing
214285,1733111631,1733111631,d,50.0,25.0,Knock - 25% chance of playing
214285,1733535327,1733535327,i,25.0,0.0,Knock - Unknown return date
214285,1734685493,1734685493,a,25.0,100.0,
214466,1722586591,1722586591,a,,,
214466,1726494724,1726342207,d,,75.0,Hamstring injury - 75% chance of playing
214466,1727126145,1727126145,d,0.0,50.0,Hamstring injury - 50% chance of playing
214466,1727772988,1727772988,i,0.0,0.0,Hamstring injury - Expected back 19 Oct
214466,1728291745,1728291745,d,0.0,50.0,Hamstring injury - 50% chance of playing
214466,1729760392,1729422006,d,100.0,75.0,Hamstring injury - 75% chance of playing
214466,1730127279,1730127279,i,0.0,0.0,Hamstring injury - Unknown return date
214466,1734685493,1734685493,i,0.0,0.0,Hamstring injury - Expected back 26 Dec
214466,1734944423,1734944423,d,25.0,25.0,Hamstring injury - 25% chance of playing
214466,1735843782,1735843782,d,75.0,75.0,Lack of match fitness - 75% chance of playing
214466,1737177344,1737177344,a,100.0,100.0,
214466,1742825108,1741964408,i,0.0,0.0,Groin Injury - Unknown return date
214466,1743841282,1743841282,d,0.0,75.0,Lack of match fitness - 75% chance of playing
214466,1744374721,1744374721,a,75.0,100.0,
214572,1722586591,1722586591,a,,,
214590,1722586591,1722586591,a,,,
214590,1745626070,1744905608,d,75.0,75.0,Toe Injury - 75% chance of playing
214590,1746837439,1746837439,a,100.0,100.0,
214964,1722586591,1722586591,a,,,
214964,1725630627,1725092570,u,0.0,0.0,Loaned to Middlesbrough
215059,1722586591,1722586591,a,,,
215059,1746837439,1746837439,a,75.0,100.0,
215136,1722586591,1722586591,a,,,
215379,1722586591,1722586591,a,,,
215379,1731088322,1731088322,a,75.0,100.0,
215379,1732063467,1731511809,d,100.0,75.0,Knock - 75% chance of playing
215379,1732852069,1732852069,d,75.0,75.0,Foot injury - 75% chance of playing
215379,1733111631,1733111631,a,75.0,100.0,
215413,1722586591,1722586591,a,,,
215413,1735843782,1735461009,d,25.0,25.0,Unknown - 25% chance of playing
215413,1736248298,1736248298,i,0.0,0.0,Unknown - Unknown return date
215413,1738228966,1738228966,a,100.0,100.0,
215439,1722586591,1722586591,a,,,
215439,1735398440,1735259410,s,,0.0,Suspended until 04 Jan
215439,1735843782,1735843782,a,0.0,100.0,
215711,1722586591,1722586591,a,,,
215711,1725630627,1725138005,d,,50.0,Hamstring injury - 50% chance of playing
215711,1727126145,1727126145,a,100.0,100.0,
215711,1734060228,1733736606,d,100.0,25.0,Hamstring injury - 25% chance of playing
215711,1734944423,1734944423,a,100.0,100.0,
215711,1743841282,1743519608,d,25.0,75.0,Knock - 75% chance of playing
215711,1745626070,1745626070,a,100.0,100.0,
216051,1722586591,1722586591,a,,,
216051,1737177344,1737177344,a,0.0,100.0,
216051,1745626070,1745587808,i,100.0,0.0,Calf injury - Expected back 25 May
216051,1747388684,1747388684,d,0.0,25.0,Calf injury - 25% chance of playing
216051,1748089574,1748089574,a,25.0,100.0,
216616,1725630627,1725630627,a,,,
216616,1729760392,1729760392,a,75.0,100.0,
216646,1722586591,1722586591,a,,,
216646,1726494724,1726336806,d,,75.0,Ankle injury - 75% chance of playing
216646,1727126145,1727126145,i,0.0,0.0,Ankle injury - Expected back 23 Nov
216646,1729760392,1729760392,a,50.0,100.0,
216646,1732063467,1731508208,d,100.0,75.0,Knock - 75% chance of playing
216646,1732852069,1732852069,a,75.0,100.0,
218218,1722586591,1722586591,a,,,
218218,1735398440,1735264810,d,,50.0,Knock - 50% chance of playing
218218,1736248298,1736248298,a,75.0,100.0,
218218,1744374721,1744329608,d,100.0,75.0,Knock - 75% chance of playing
218218,1745626070,1745626070,a,100.0,100.0,
219168,1722586591,1722586591,a,,,
219168,1726494724,1726441206,d,,75.0,Eye Injury - 75% chance of playing
219168,1727126145,1727126145,a,75.0,100.0,
219168,1727772988,1727434807,d,75.0,50.0,Toe Injury - 50% chance of playing
219168,1729760392,1729760392,a,100.0,100.0,
219168,1733111631,1733004008,d,100.0,75.0,Hip injury - 75% chance of playing
219168,1733535327,1733535327,a,75.0,100.0,
219168,1743841282,1743642008,d,100.0,75.0,Groin Injury - 75% chance of playing
219168,1744374721,1744374721,a,75.0,100.0,
219168,1748089574,1747600208,d,100.0,75.0,Groin Injury - 75% chance of playing
219168,1749050423,1749050423,a,75.0,100.0,
219249,1725630627,1724862605,i,0.0,0.0,Ankle injury - Unknown return date
219249,1731088322,1731088322,d,75.0,75.0,Lack of match fitness - 75% chance of playing
219249,1732063467,1732063467,a,75.0,100.0,
219249,1734685493,1734341408,d,100.0,75.0,Knock - 75% chance of playing
219249,1734944423,1734944423,a,100.0,100.0,
219249,1741693992,1741348809,d,75.0,75.0,Knee injury - 75% chance of playing
219249,1742825108,1742825108,d,0.0,50.0,Knee injury - 50% chance of playing
219249,1743841282,1743841282,a,100.0,100.0,
219279,1722586591,1722586591,a,,,
219279,1729760392,1729422006,d,,75.0,Knock - 75% chance of playing
219279,1730127279,1730127279,a,75.0,100.0,
219847,1722586591,1722586591,a,,,
219847,1729760392,1729760392,a,75.0,100.0,
219847,1731088322,1730970007,d,100.0,75.0,Head injury - 75% chance of playing
219847,1732063467,1732063467,a,75.0,100.0,
219847,1735843782,1735804808,d,100.0,75.0,Illness - 75% chance of playing
219847,1737177344,1737177344,a,100.0,100.0,
219847,1739451395,1739350809,d,100.0,25.0,Muscle injury - 25% chance of playing
219847,1740085255,1740085255,i,0.0,0.0,Hamstring injury - Expected back 01 Jun
219847,1746837439,1746837439,d,25.0,25.0,Hamstring injury - 25% chance of playing
219847,1748089574,1748089574,a,75.0,100.0,
219924,1722586591,1722586591,a,,,
219937,1722586591,1722586591,a,,,
219937,1724659814,1724325496,u,0.0,0.0,Loaned to Morecambe
220237,1722586591,1721223005,i,,0.0,Knee injury - Expected back 28 Dec
220237,1731088322,1731088322,i,0.0,0.0,Knee injury - Expected back 15 Jan
220237,1734685493,1734685493,i,0.0,0.0,Lack of match fitness - Expected back 04 Jan
220237,1735398440,1735398440,d,50.0,50.0,Lack of match fitness - 50% chance of playing
220237,1736248298,1736248298,a,75.0,100.0,
220237,1739451395,1738800008,d,100.0,75.0,Knee injury - 75% chance of playing
220237,1740085255,1740085255,d,25.0,25.0,Knee injury - 25% chance of playing
220237,1741164423,1741164423,d,75.0,75.0,Knee injury - 75% chance of playing
220237,1741693992,1741693992,i,0.0,0.0,Knee injury - Expected back 03 May
220237,1743841282,1743841282,i,0.0,0.0,Knee injury - Expected back 04 May
220237,1745626070,1745626070,d,0.0,50.0,Lack of match fitness - 50% chance of playing
220237,1746837439,1746837439,a,100.0,100.0,
220237,1747388684,1747004409,d,100.0,50.0,Knock - 50% chance of playing
220237,1748089574,1748089574,a,50.0,100.0,
220362,1722586591,1722586591,a,,,
220362,1739451395,1739451395,a,,100.0,
220362,1740085255,1739635209,n,100.0,0.0,Ineligible to face his parent club on 22/2. - Expected back 25 Feb
220362,1740397855,1740397855,a,0.0,100.0,
220394,1722586591,1722586591,a,,,
220566,1722586591,1722586591,a,,,
220566,1724143573,1723815006,i,0.0,0.0,Hamstring injury - Unknown return date
220566,1724659814,1724659814,d,25.0,25.0,Hamstring injury - 25% chance of playing
220566,1725630627,1725630627,a,75.0,100.0,
220566,1727126145,1727042406,d,100.0,75.0,Knock - 75% chance of playing
220566,1727772988,1727772988,i,0.0,0.0,Knee injury - Expected back 01 Jun
220566,1746837439,1746837439,i,25.0,0.0,Lack of match fitness - Expected back 25 May
220566,1748089574,1748089574,a,50.0,100.0,
220583,1722586591,1722586591,a,,,
220585,1722586591,1722586591,a,,,
220585,1733111631,1732928408,s,,0.0,Suspended until 07 Dec
220585,1733535327,1733535327,a,0.0,100.0,
220585,1735843782,1735551007,d,100.0,75.0,Leg injury - 75% chance of playing
220585,1737177344,1737177344,a,75.0,100.0,
220585,1743841282,1743631209,s,100.0,0.0,Suspended until 19 Apr
220585,1745626070,1745626070,a,100.0,100.0,
220627,1722586591,1722586591,a,,,
220627,1740085255,1739635209,d,,75.0,Foot injury - 75% chance of playing
220627,1740397855,1740397855,d,25.0,25.0,Foot injury - 25% chance of playing
220627,1741164423,1741164423,a,50.0,100.0,
220695,1731088322,1731088322,a,,,
221399,1722586591,1722586591,a,,,
221399,1727126145,1727126145,a,75.0,100.0,
221466,1722586591,1722586591,a,,,
221466,1733535327,1733481008,i,,0.0,Thigh injury - Unknown return date
221466,1734685493,1734685493,i,0.0,0.0,Thigh injury - Expected back 01 Apr
221466,1742825108,1742825108,d,25.0,50.0,Lack of match fitness - 50% chance of playing
221466,1743841282,1743841282,a,100.0,100.0,
221632,1722586591,1722586591,a,,,
221632,1731088322,1730476808,d,75.0,75.0,Foot injury - 75% chance of playing
221632,1732063467,1732063467,a,75.0,100.0,
221632,1732852069,1732199408,d,0.0,50.0,Foot injury - 50% chance of playing
221632,1733535327,1733535327,d,50.0,75.0,Foot injury - 75% chance of playing
221632,1734060228,1734060228,i,75.0,0.0,Muscle injury - Unknown return date
221632,1734685493,1734685493,i,0.0,0.0,Muscle injury - Expected back 15 Jan
221632,1736248298,1736248298,i,0.0,0.0,Muscle injury - Expected back 26 Jan
221632,1738228966,1738228966,d,0.0,50.0,Muscle injury - 50% chance of playing
221632,1739451395,1739451395,i,0.0,0.0,Muscle injury - Unknown return date
221632,1740085255,1740085255,i,0.0,0.0,Muscle injury - Expected back 09 Mar
221632,1741164423,1741164423,d,0.0,50.0,Muscle injury - 50% chance of playing
221632,1741693992,1741693992,a,100.0,100.0,
221632,1749050423,1748116809,i,0.0,0.0,Toe Injury - Expected back 01 Jun
221820,1722586591,1722586591,a,,,
221820,1726494724,1726336806,d,,75.0,Knock - 75% chance of playing
221820,1727126145,1727126145,a,100.0,100.0,
221820,1732063467,1731508208,d,100.0,75.0,Knock - 75% chance of playing
221820,1733111631,1733097609,s,100.0,0.0,Suspended until 07 Dec
221820,1733535327,1733535327,a,0.0,100.0,
221820,1739451395,1738548009,i,100.0,0.0,Knee injury - Unknown return date
221820,1747388684,1747388684,i,0.0,0.0,Knee injury - Expected back 01 Jun
222018,1722586591,1722586591,a,,,
222018,1729760392,1729378806,d,,25.0,Knock - 25% chance of playing
222018,1730127279,1730127279,d,0.0,50.0,Thigh injury - 50% chance of playing
222018,1731088322,1731088322,a,75.0,100.0,
222018,1732852069,1732527007,d,100.0,75.0,Knock - 75% chance of playing
222018,1733535327,1733535327,a,75.0,100.0,
222531,1722586591,1722586591,a,,,
222531,1727126145,1727042406,s,,0.0,Suspended until 06 Oct
222531,1727772988,1727772988,a,0.0,100.0,
222531,1728291745,1728252008,d,100.0,75.0,Knock - 75% chance of playing
222531,1729760392,1729760392,d,0.0,50.0,Ankle injury - 50% chance of playing
222531,1731088322,1731088322,a,50.0,100.0,
222531,1732852069,1732401009,d,100.0,75.0,Ankle injury - 75% chance of playing
222531,1733111631,1733111631,a,75.0,100.0,
222625,1722586591,1722586591,a,,,
222625,1723742209,1723473005,i,,0.0,Knee injury - Expected back 05 Oct
222625,1726494724,1726494724,a,100.0,100.0,
222625,1732852069,1732294809,i,0.0,0.0,Knee injury - Unknown return date
222625,1733111631,1733111631,i,0.0,0.0,Knee injury - Expected back 16 Jan
222625,1736248298,1736248298,i,0.0,0.0,Knee injury - Expected back 19 Jan
222625,1737177344,1737177344,a,100.0,100.0,
222627,1722586591,1722586591,a,,,
222683,1722586591,1722586591,a,,,
222683,1735398440,1735259409,s,,0.0,Suspended until 04 Jan
222683,1735843782,1735843782,a,0.0,100.0,
222683,1743841282,1743516008,d,75.0,50.0,Muscle injury - 50% chance of playing
222683,1745626070,1745626070,a,75.0,100.0,
222690,1722586591,1722586591,a,,,
222690,1723742209,1722870004,i,,0.0,Knee injury - Expected back 05 Oct
222690,1727772988,1727772988,i,0.0,0.0,Knee injury - Expected back 19 Oct
222690,1728291745,1728291745,d,0.0,50.0,Knee injury - 50% chance of playing
222690,1729760392,1729760392,d,25.0,25.0,Knee injury - 25% chance of playing
222690,1731088322,1731088322,d,25.0,25.0,Lack of match fitness - 25% chance of playing
222690,1732063467,1732063467,d,25.0,50.0,Lack of match fitness - 50% chance of playing
222690,1732852069,1732852069,a,50.0,100.0,
222690,1739451395,1738789447,u,100.0,0.0,Loaned to PSV
223094,1722586591,1722586591,a,,,
223094,1726494724,1726494724,a,75.0,100.0,
223094,1740397855,1740346209,d,100.0,75.0,Knee injury - 75% chance of playing
223094,1741164423,1741164423,a,75.0,100.0,
223094,1743841282,1743368409,i,0.0,0.0,Ankle injury - Expected back 10 May
223094,1746837439,1746837439,a,25.0,100.0,
223340,1722586591,1722586591,a,,,
223340,1726494724,1726441206,d,,75.0,Knock - 75% chance of playing
223340,1727126145,1727126145,a,100.0,100.0,
223340,1729760392,1728730807,d,75.0,25.0,Hamstring injury - 25% chance of playing
223340,1730127279,1730127279,a,50.0,100.0,
223340,1732063467,1731279607,d,100.0,75.0,Knock - 75% chance of playing
223340,1732852069,1732852069,a,75.0,100.0,
223340,1734944423,1734816608,d,100.0,75.0,Hamstring injury - 75% chance of playing
223340,1735398440,1735398440,i,0.0,0.0,Hamstring injury - Expected back 08 Mar
223340,1740085255,1740085255,i,0.0,0.0,Hamstring injury - Expected back 09 Mar
223340,1740397855,1740397855,i,0.0,0.0,Hamstring injury - Expected back 01 Apr
223340,1742825108,1742825108,d,0.0,50.0,Hamstring injury - 50% chance of playing
223340,1743841282,1743841282,a,100.0,100.0,
223340,1744374721,1744189208,d,100.0,75.0,Knock - 75% chance of playing
223340,1745626070,1745626070,a,100.0,100.0,
223434,1722586591,1722586591,a,,,
223434,1736248298,1736028007,i,,0.0,Thigh injury - Unknown return date
223434,1737177344,1737177344,i,0.0,0.0,Hamstring injury - Expected back 01 Jun
223434,1745626070,1745626070,d,0.0,50.0,Lack of match fitness - 50% chance of playing
223434,1746837439,1746837439,a,100.0,100.0,
223541,1725630627,1725630627,a,,,
223541,1728291745,1727829006,d,50.0,50.0,Knock - 50% chance of playing
223541,1729760392,1729760392,d,25.0,25.0,Knock - 25% chance of playing
223541,1730127279,1730127279,d,50.0,50.0,Knock - 50% chance of playing
223541,1731088322,1731088322,i,0.0,0.0,Knock - Expected back 24 Nov
223541,1732063467,1732063467,d,0.0,50.0,Knock - 50% chance of playing
223541,1733535327,1733535327,d,75.0,75.0,Lack of match fitness - 75% chance of playing
223541,1734685493,1734685493,a,75.0,100.0,
223723,1722586591,1722586591,a,,,
223723,1723742209,1723473004,i,,0.0,Knee injury - Unknown return date
223723,1728291745,1728291745,a,75.0,100.0,
223723,1729760392,1729267207,i,0.0,0.0,Knee injury - Unknown return date
223723,1740397855,1740397855,i,0.0,0.0,Knee injury - Expected back 01 Jun
223911,1722586591,1722586591,a,,,
223911,1725630627,1725181801,u,,0.0,On loan to Sunderland for the season
224024,1722586591,1722586591,a,,,
224024,1734944423,1734816609,s,,0.0,Suspended until 29 Dec
224024,1735398440,1735398440,a,0.0,100.0,
224024,1739451395,1738337409,d,75.0,75.0,Groin Injury - 75% chance of playing
224024,1740085255,1740085255,a,75.0,100.0,
224024,1740397855,1740108610,i,0.0,0.0,Ankle injury - Expected back 10 Mar
224024,1741693992,1741693992,a,75.0,100.0,
224068,1722586591,1722586591,a,,,
224068,1728291745,1728149407,n,,0.0,Ineligible to face his parent club on 21/10. - Expected back 27 Oct
224068,1729760392,1729760392,a,0.0,100.0,
224068,1745626070,1745539209,n,100.0,0.0,Ineligible to face his parent club on 5/5. - Expected back 11 May
224068,1746837439,1746837439,a,0.0,100.0,
224860,1725630627,1725630627,a,,,
224860,1734685493,1734391808,s,,0.0,Suspended until 26 Dec
224860,1734944423,1734944423,a,0.0,100.0,
224860,1735398440,1735264810,d,100.0,75.0,Knee injury - 75% chance of playing
224860,1735843782,1735843782,a,75.0,100.0,
224967,1722586591,1722586591,a,,,
224967,1727126145,1726687807,d,75.0,75.0,Illness - 75% chance of playing
224967,1727772988,1727772988,a,100.0,100.0,
224967,1728291745,1728261008,d,100.0,75.0,Calf injury - 75% chance of playing
224967,1729760392,1729760392,a,100.0,100.0,
224967,1742825108,1742817609,d,100.0,75.0,Thigh injury - 75% chance of playing
224967,1743841282,1743841282,a,75.0,100.0,
224967,1744374721,1743868809,d,100.0,75.0,Knock - 75% chance of playing
224967,1745626070,1745626070,a,100.0,100.0,
224995,1722586591,1722586591,a,,,
224995,1730127279,1729846806,d,0.0,50.0,Knock - 50% chance of playing
224995,1731088322,1731088322,i,0.0,0.0,Hamstring injury - Unknown return date
224995,1738228966,1738228966,i,0.0,0.0,Hamstring injury - Expected back 15 Feb
224995,1739451395,1739451395,d,50.0,75.0,Lack of match fitness - 75% chance of playing
224995,1740085255,1740085255,a,75.0,100.0,
224995,1742825108,1742076008,d,100.0,75.0,Hamstring injury - 75% chance of playing
224995,1743841282,1743841282,i,0.0,0.0,Hamstring injury - Unknown return date
224995,1744374721,1744374721,d,0.0,50.0,Hamstring injury - 50% chance of playing
224995,1745626070,1745626070,i,0.0,0.0,Hamstring injury - Unknown return date
224995,1746837439,1746837439,i,0.0,0.0,Hamstring injury - Expected back 25 May
224995,1748089574,1748089574,i,0.0,0.0,Hamstring injury - Expected back 01 Jun
225321,1722586591,1722586591,a,,,
225321,1732063467,1731421807,d,,75.0,Hand injury - 75% chance of playing
225321,1732852069,1732852069,i,0.0,0.0,Hand injury - Expected back 22 Dec
225321,1734685493,1734685493,d,0.0,50.0,Hand injury - 50% chance of playing
225321,1734944423,1734944423,d,50.0,50.0,Lack of match fitness - 50% chance of playing
225321,1735398440,1735398440,a,100.0,100.0,
225321,1738228966,1737676809,d,75.0,75.0,Knock - 75% chance of playing
225321,1739451395,1739451395,a,75.0,100.0,
225796,1722586591,1721223005,s,,0.0,Suspended until 14 Sep
225796,1725630627,1725630627,d,0.0,50.0,Hamstring injury - 50% chance of playing
225796,1726494724,1726494724,i,0.0,0.0,Hamstring injury - Unknown return date
225796,1729760392,1729760392,a,100.0,100.0,
225796,1732852069,1732197608,i,0.0,0.0,Hamstring injury - Unknown return date
225796,1735843782,1735843782,a,0.0,100.0,
225902,1722586591,1722586591,a,,,
225902,1734060228,1733736606,s,,0.0,Suspended until 22 Dec
225902,1734685493,1734685493,a,0.0,100.0,
226597,1722586591,1722586591,a,,,
226597,1730127279,1730066406,d,,75.0,Knee injury - 75% chance of playing
226597,1731088322,1731088322,a,75.0,100.0,
226597,1732852069,1732703406,d,100.0,75.0,Knock - 75% chance of playing
226597,1733535327,1733535327,d,75.0,75.0,Muscle injury - 75% chance of playing
226597,1734685493,1734685493,a,75.0,100.0,
226597,1743841282,1743544808,i,100.0,0.0,Hamstring injury - Unknown return date
226597,1746837439,1746837439,i,0.0,0.0,Hamstring injury - Expected back 01 Jun
226944,1722586591,1721223005,i,,0.0,Knee injury - Expected back 14 Sep
226944,1725630627,1725630627,d,0.0,50.0,Knee injury - 50% chance of playing
226944,1727126145,1727126145,d,25.0,25.0,Lack of match fitness - 25% chance of playing
226944,1727772988,1727772988,i,0.0,0.0,Lack of match fitness - Expected back 19 Oct
226944,1728291745,1728291745,d,0.0,50.0,Lack of match fitness - 50% chance of playing
226944,1729760392,1729760392,a,100.0,100.0,
226944,1732063467,1731340806,d,100.0,50.0,Hamstring injury - 50% chance of playing
226944,1732852069,1732852069,a,0.0,100.0,
226944,1740085255,1739916009,d,100.0,25.0,Hamstring injury - 25% chance of playing
226944,1740397855,1740397855,i,0.0,0.0,Hamstring injury - Expected back 08 Mar
226944,1741164423,1741164423,a,0.0,100.0,
226956,1722586591,1722586591,a,,,
226956,1734944423,1734816608,d,,75.0,Head injury - 75% chance of playing
226956,1735398440,1735398440,a,75.0,100.0,
226956,1739451395,1738237220,u,0.0,0.0,Loaned to VfL Wolfsburg
227127,1722586591,1722586591,a,,,
227127,1723742209,1723739406,n,,0.0,Made unavailable for selection by his club. - Expected back 24 Aug
227127,1724659814,1724659814,a,100.0,100.0,
227127,1726494724,1726239607,d,75.0,75.0,Knock - 75% chance of playing
227127,1727126145,1727126145,a,75.0,100.0,
227127,1734060228,1733736607,s,100.0,0.0,Suspended until 22 Dec
227127,1734685493,1734685493,a,0.0,100.0,
227127,1737177344,1737126008,d,100.0,75.0,Knock - 75% chance of playing
227127,1738228966,1738228966,a,75.0,100.0,
227444,1722586591,1722586591,a,,,
229164,1725630627,1725630627,a,,,
229164,1730127279,1729972808,d,,25.0,Achilles injury - 25% chance of playing
229164,1731088322,1731088322,i,0.0,0.0,Achilles injury - Expected back 01 Jun
229384,1722586591,1722586591,a,,,
229600,1722586591,1722586591,a,,,
229600,1739451395,1738578013,u,,0.0,Loaned to Middlesbrough
230001,1723742209,1723742209,a,,,
230001,1726494724,1726336807,d,,75.0,Knock - 75% chance of playing
230001,1727126145,1727126145,a,100.0,100.0,
230001,1728291745,1728252008,d,100.0,75.0,Knock - 75% chance of playing
230001,1729760392,1729760392,a,100.0,100.0,
230001,1730127279,1730068208,d,100.0,75.0,Knee injury - 75% chance of playing
230001,1731088322,1731088322,a,100.0,100.0,
230001,1734685493,1734341407,d,100.0,75.0,Knock - 75% chance of playing
230001,1734944423,1734944423,a,100.0,100.0,
230251,1722586591,1722586591,a,,,
230251,1739451395,1738664952,u,,0.0,Loaned to Blackburn Rovers
230348,1722586591,1722586591,a,,,
230348,1723742209,1723732206,d,,50.0,Lack of match fitness - 50% chance of playing
230348,1724143573,1724143573,i,0.0,0.0,Lack of match fitness - Expected back 31 Aug
230348,1724659814,1724659814,d,25.0,25.0,Lack of match fitness - 25% chance of playing
230348,1725630627,1725630627,d,50.0,50.0,Lack of match fitness - 50% chance of playing
230348,1726494724,1726494724,a,75.0,100.0,
230348,1728291745,1728151207,d,100.0,75.0,Muscle injury - 75% chance of playing
230348,1729760392,1729760392,i,0.0,0.0,Muscle injury - Unknown return date
230348,1733111631,1733111631,i,0.0,0.0,Muscle injury - Expected back 16 Jan
230348,1736248298,1736248298,i,0.0,0.0,Muscle injury - Unknown return date
230348,1740397855,1740397855,d,0.0,25.0,Lack of match fitness - 25% chance of playing
230348,1741693992,1741693992,d,50.0,50.0,Lack of match fitness - 50% chance of playing
230348,1744374721,1744374721,a,50.0,100.0,
231057,1722586591,1722586591,a,,,
231057,1745626070,1744619408,d,75.0,75.0,Knock - 75% chance of playing
231057,1746837439,1746837439,a,100.0,100.0,
231065,1722586591,1722586591,a,,,
231065,1732852069,1732852069,a,75.0,100.0,
231065,1734685493,1734568207,d,100.0,75.0,Hamstring injury - 75% chance of playing
231065,1734944423,1734944423,d,25.0,25.0,Hamstring injury - 25% chance of playing
231065,1735398440,1735398440,i,0.0,0.0,Hamstring injury - Unknown return date
231065,1739451395,1739451395,a,100.0,100.0,
231416,1725630627,1725630627,a,,,
231416,1726494724,1726494724,a,100.0,100.0,
231416,1732063467,1731202210,d,100.0,75.0,Knock - 75% chance of playing
231416,1732852069,1732852069,d,25.0,25.0,Toe Injury - 25% chance of playing
231416,1733111631,1733111631,d,50.0,50.0,Toe Injury - 50% chance of playing
231416,1733535327,1733535327,d,50.0,25.0,Toe Injury - 25% chance of playing
231416,1734944423,1734944423,i,0.0,0.0,Toe Injury - Unknown return date
231416,1735398440,1735398440,d,25.0,25.0,Toe Injury - 25% chance of playing
231416,1736248298,1736248298,i,0.0,0.0,Toe Injury - Unknown return date
231416,1741693992,1741693992,i,0.0,0.0,Toe Injury - Expected back 25 May
231416,1747388684,1747388684,i,0.0,0.0,Toe Injury - Expected back 01 Jun
231480,1722586591,1722586591,a,,,
231480,1727772988,1727607606,d,,75.0,Glute injury - 75% chance of playing
231480,1728291745,1728291745,a,100.0,100.0,
231480,1732852069,1732177810,d,75.0,75.0,Muscle injury - 75% chance of playing
231480,1733111631,1733111631,a,100.0,100.0,
231747,1722586591,1722586591,a,,,
231747,1741164423,1740864609,d,,25.0,Head injury - 25% chance of playing
231747,1741693992,1741693992,d,0.0,50.0,Head injury - 50% chance of playing
231747,1742825108,1742825108,d,50.0,75.0,Head injury - 75% chance of playing
231747,1743841282,1743841282,a,100.0,100.0,
231899,1722586591,1722586591,a,,,
231899,1730127279,1729972807,d,,75.0,Knock - 75% chance of playing
231899,1731088322,1731088322,i,0.0,0.0,Hamstring injury - Expected back 24 Nov
231899,1732063467,1732063467,d,0.0,75.0,Hamstring injury - 75% chance of playing
231899,1732852069,1732852069,a,75.0,100.0,
232112,1725630627,1725630627,a,,,
232112,1729760392,1729760392,a,75.0,100.0,
232112,1735398440,1735259410,s,100.0,0.0,Suspended until 05 Jan
232112,1735843782,1735843782,a,0.0,100.0,
232112,1738228966,1737939609,d,100.0,75.0,Knock - 75% chance of playing
232112,1739451395,1739451395,a,100.0,100.0,
232112,1740085255,1739786410,d,100.0,75.0,Knock - 75% chance of playing
232112,1740397855,1740397855,a,100.0,100.0,
232112,1741693992,1741219210,d,50.0,50.0,Knock - 50% chance of playing
232112,1742825108,1742825108,a,100.0,100.0,
232185,1723742209,1723742209,a,,,
232185,1737177344,1737126008,d,,75.0,Hamstring injury - 75% chance of playing
232185,1738228966,1738228966,a,100.0,100.0,
232228,1722586591,1722586591,a,,,
232228,1723742209,1722870004,i,,0.0,Achilles injury - Unknown return date
232228,1726494724,1726494724,d,25.0,25.0,Lack of match fitness - 25% chance of playing
232228,1727126145,1727126145,d,75.0,75.0,Lack of match fitness - 75% chance of playing
232228,1728291745,1728291745,a,100.0,100.0,
232228,1730127279,1729972807,s,100.0,0.0,Suspended until 10 Nov
232228,1731088322,1731088322,a,0.0,100.0,
232228,1739451395,1738578065,u,100.0,0.0,Loaned to Sheffield United
232413,1722586591,1722586591,a,,,
232413,1731088322,1730341807,i,0.0,0.0,Hamstring injury - Expected back 23 Nov
232413,1732063467,1732063467,d,0.0,50.0,Hamstring injury - 50% chance of playing
232413,1733111631,1733111631,a,100.0,100.0,
232413,1734944423,1734713159,d,0.0,75.0,Foot injury - 75% chance of playing
232413,1735398440,1735398440,a,75.0,100.0,
232653,1722586591,1722586591,a,,,
232653,1728291745,1727911805,d,75.0,75.0,Groin Injury - 75% chance of playing
232653,1729760392,1729760392,a,100.0,100.0,
232653,1732063467,1731279607,d,100.0,50.0,Hamstring injury - 50% chance of playing
232653,1733111631,1733111631,i,0.0,0.0,Hamstring injury - Expected back 07 Dec
232653,1733535327,1733535327,i,0.0,0.0,Hamstring injury - Expected back 21 Dec
232653,1734685493,1734685493,i,0.0,0.0,Hamstring injury - Expected back 26 Dec
232653,1734944423,1734944423,i,0.0,0.0,Hamstring injury - Expected back 30 Dec
232653,1735398440,1735398440,d,75.0,75.0,Lack of match fitness - 75% chance of playing
232653,1735843782,1735843782,a,75.0,100.0,
232653,1747388684,1746923408,s,100.0,0.0,Suspended until 25 May
232653,1748089574,1748089574,a,0.0,100.0,
232787,1722586591,1722586591,a,,,
232787,1724659814,1724325634,u,0.0,0.0,Transferred to Atletico Madrid
232792,1722586591,1722586591,a,,,
232792,1723742209,1723732206,d,,50.0,Lack of match fitness - 50% chance of playing
232792,1724659814,1724659814,a,50.0,100.0,
232792,1732063467,1731506408,d,100.0,75.0,Calf injury - 75% chance of playing
232792,1733111631,1733111631,a,100.0,100.0,
232792,1741164423,1740963607,s,100.0,0.0,Suspended until 15 Mar
232792,1741693992,1741693992,a,0.0,100.0,
232792,1743841282,1743186609,i,0.0,0.0,Ankle injury - Expected back 19 Apr
232792,1745626070,1745626070,a,0.0,100.0,
232792,1748089574,1747692008,d,100.0,75.0,Knee injury - 75% chance of playing
232826,1722586591,1722586591,a,,,
232826,1730127279,1730066407,d,,75.0,Groin Injury - 75% chance of playing
232826,1731088322,1731088322,a,100.0,100.0,
232826,1732063467,1731279608,d,100.0,75.0,Hip injury - 75% chance of playing
232826,1732852069,1732852069,a,100.0,100.0,
232826,1739451395,1739179807,d,100.0,75.0,Knock - 75% chance of playing
232826,1740085255,1740085255,a,75.0,100.0,
232826,1741164423,1740963608,s,100.0,0.0,Suspended until 07 Apr
232826,1743841282,1743841282,d,0.0,75.0,Knock - 75% chance of playing
232826,1745626070,1745626070,a,100.0,100.0,
232859,1722586591,1722586591,a,,,
232859,1729760392,1729366208,d,,75.0,Groin Injury - 75% chance of playing
232859,1730127279,1730127279,d,0.0,50.0,Groin Injury - 50% chance of playing
232859,1731088322,1731088322,d,75.0,75.0,Groin Injury - 75% chance of playing
232859,1732063467,1732063467,a,75.0,100.0,
232859,1735398440,1735259410,s,100.0,0.0,Suspended until 04 Jan
232859,1735843782,1735843782,a,0.0,100.0,
232859,1738228966,1737721809,d,75.0,75.0,Knock - 75% chance of playing
232859,1739451395,1739451395,a,100.0,100.0,
232892,1722586591,1722586591,a,,,
232892,1734060228,1733736606,s,,0.0,Suspended until 22 Dec
232892,1734685493,1734685493,a,0.0,100.0,
232917,1722586591,1722586591,a,,100.0,
232917,1724143573,1723926607,d,100.0,75.0,Calf injury - 75% chance of playing
232917,1724659814,1724659814,a,75.0,100.0,
232917,1741693992,1741302010,i,0.0,0.0,Shoulder injury - Unknown return date
232917,1742825108,1742825108,a,0.0,100.0,
232917,1745626070,1744380007,i,0.0,0.0,Shoulder injury - Unknown return date
232917,1749050423,1749050423,i,0.0,0.0,Shoulder injury - Expected back 01 Jun
232928,1722586591,1722586591,a,,,
232928,1723742209,1723473005,i,,0.0,Calf injury - Unknown return date
232928,1724659814,1724659814,d,25.0,25.0,Calf injury - 25% chance of playing
232928,1725630627,1725630627,a,100.0,100.0,
232928,1729760392,1729173608,i,0.0,0.0,Back injury - Unknown return date
232928,1737177344,1737177344,d,25.0,75.0,Lack of match fitness - 75% chance of playing
232928,1738228966,1738228966,a,75.0,100.0,
232980,1722586591,1722586591,a,,,
232980,1737177344,1737102450,u,100.0,0.0,Season-long loan to Valencia
233963,1722586591,1722586591,a,,,
233963,1733111631,1733004008,d,,75.0,Illness - 75% chance of playing
233963,1733535327,1733535327,a,75.0,100.0,
235530,1722586591,1722586591,a,,,
235530,1739451395,1738664977,u,,0.0,Loaned to Juventus
235674,1722586591,1722586591,a,,,
235674,1725630627,1724929890,u,0.0,0.0,Season long loan to Leeds United
240299,1722586591,1722586591,a,,,
240299,1725630627,1724929940,u,0.0,0.0,Season long to Huddersfield Town
241157,1722586591,1722586591,a,,,
241157,1723742209,1723532772,u,,0.0,Transferred to AC Milan
242880,1722586591,1722586591,a,,,
242880,1734685493,1734345008,d,,75.0,Knock - 75% chance of playing
242880,1734944423,1734944423,i,0.0,0.0,Unknown - Unknown return date
242880,1736248298,1736248298,i,0.0,0.0,Unknown - Expected back 14 Feb
242880,1739451395,1739451395,i,0.0,0.0,Muscle injury - Unknown return date
242880,1740397855,1740397855,i,0.0,0.0,Muscle injury - Expected back 02 Apr
242880,1741693992,1741693992,a,100.0,100.0,
242898,1722586591,1722586591,a,,,
242898,1737177344,1737126008,d,,75.0,Calf injury - 75% chance of playing
242898,1738228966,1738228966,i,0.0,0.0,Calf injury - Expected back 16 Feb
242898,1739451395,1739451395,d,0.0,50.0,Calf injury - 50% chance of playing
242898,1740085255,1740085255,a,50.0,100.0,
243016,1722586591,1722586591,a,,,
243016,1729760392,1729760392,a,75.0,100.0,
243016,1733535327,1733358608,s,100.0,0.0,Suspended until 14 Dec
243016,1734060228,1734060228,s,0.0,0.0,Suspended until 22 Dec
243016,1734685493,1734685493,a,0.0,100.0,
243016,1748089574,1747697408,i,100.0,0.0,Lack of match fitness - Expected back 16 Aug
243298,1722586591,1722586591,a,,,
243298,1740085255,1739534408,d,75.0,75.0,Knock - 75% chance of playing
243298,1740397855,1740397855,a,75.0,100.0,
243345,1722586591,1722495718,u,,0.0,On loan to Los Angeles Football Club for the rest of the season
243505,1722586591,1722586591,a,,,
243505,1738228966,1737540912,u,0.0,0.0,Loaned to Feyenoord
243557,1722586591,1721983840,u,,0.0,Permanent transfer to Al Ittihad
243568,1722586591,1722586591,a,,,
243568,1725630627,1725086530,u,0.0,0.0,Transferred to Napoli
243571,1722586591,1722586591,a,,,
243571,1723742209,1723473005,i,,0.0,Hamstring injury - Unknown return date
243571,1727126145,1727126145,i,0.0,0.0,Lack of match fitness - Expected back 28 Sep
243571,1727772988,1727772988,d,25.0,25.0,Lack of match fitness - 25% chance of playing
243571,1728291745,1728291745,d,25.0,75.0,Lack of match fitness - 75% chance of playing
243571,1729760392,1729760392,a,25.0,100.0,
243571,1739451395,1739363409,d,100.0,25.0,Hamstring injury - 25% chance of playing
243571,1740085255,1740085255,i,0.0,0.0,Hamstring injury - Unknown return date
243571,1741164423,1741164423,a,25.0,100.0,
244042,1722586591,1722586591,a,,,
244042,1737177344,1737177344,a,75.0,100.0,
244042,1745626070,1745209808,d,100.0,25.0,Knock - 25% chance of playing
244042,1746837439,1746837439,i,0.0,0.0,Achilles injury - Expected back 01 Jun
244619,1722586591,1722586591,a,,,
244723,1722586591,1722586591,a,,,
244731,1722586591,1722586591,a,,,
244731,1737177344,1737113408,d,,75.0,Illness - 75% chance of playing
244731,1738228966,1738228966,a,100.0,100.0,
244845,1722586591,1722586591,a,,,
244845,1739451395,1739451395,a,0.0,100.0,
244850,1722586591,1722586591,a,,,
244850,1731088322,1731088322,a,,100.0,
244850,1735843782,1735601408,s,100.0,0.0,Suspended until 15 Jan
244850,1736248298,1736248298,a,0.0,100.0,
244850,1740397855,1740259809,d,100.0,75.0,Knock - 75% chance of playing
244850,1741164423,1741164423,a,75.0,100.0,
244851,1722586591,1722586591,a,,,
244851,1725630627,1725444005,d,,75.0,Knock - 75% chance of playing
244851,1726494724,1726494724,a,100.0,100.0,
244851,1731088322,1730678408,d,100.0,75.0,Knock - 75% chance of playing
244851,1732852069,1732852069,a,75.0,100.0,
244851,1737177344,1737126007,d,100.0,75.0,Knock - 75% chance of playing
244851,1738228966,1738228966,a,100.0,100.0,
244851,1742825108,1742166007,d,100.0,75.0,Muscle injury - 75% chance of playing
244851,1743841282,1743841282,a,75.0,100.0,
244858,1722586591,1722586591,a,,,
244858,1735843782,1735804809,d,,75.0,Knock - 75% chance of playing
244858,1736248298,1736248298,d,25.0,25.0,Knock - 25% chance of playing
244858,1737177344,1737177344,a,100.0,100.0,
244858,1741693992,1741467609,i,100.0,0.0,Shoulder injury - Unknown return date
244858,1742825108,1742825108,i,0.0,0.0,Shoulder injury - Expected back 25 May
244858,1747388684,1747388684,i,0.0,0.0,Shoulder injury - Expected back 01 Jun
244930,1722586591,1722586591,a,,,
244930,1725630627,1724929797,u,0.0,0.0,Season long loan to Port Vale
244954,1722586591,1722586591,a,,,
244954,1732063467,1731510008,d,,75.0,Muscle injury - 75% chance of playing
244954,1732852069,1732852069,a,75.0,100.0,
244954,1735843782,1735601408,d,100.0,75.0,Foot injury - 75% chance of playing
244954,1736248298,1736248298,i,0.0,0.0,Foot injury - Expected back 08 Mar
244954,1741164423,1741164423,a,25.0,100.0,
245419,1722586591,1722586591,a,,,
245419,1723742209,1723473005,d,,50.0,Foot injury - 50% chance of playing
245419,1724143573,1724143573,i,0.0,0.0,Ankle injury - Unknown return date
245419,1731088322,1731088322,d,75.0,75.0,Lack of match fitness - 75% chance of playing
245419,1732852069,1732852069,a,100.0,100.0,
245719,1722586591,1722586591,a,,,
245719,1733111631,1732928408,s,,0.0,Suspended until 07 Dec
245719,1733535327,1733535327,a,0.0,100.0,
245719,1739451395,1738449008,d,100.0,75.0,Ankle injury - 75% chance of playing
245719,1740085255,1740085255,i,0.0,0.0,Ankle injury - Unknown return date
245719,1741164423,1741164423,a,75.0,100.0,
245719,1748089574,1747600208,i,100.0,0.0,Ankle injury - Expected back 01 Jun
245824,1722586591,1722586591,a,,,
245824,1726494724,1726241407,i,0.0,0.0,Calf injury - Expected back 28 Sep
245824,1727126145,1727126145,d,0.0,50.0,Calf injury - 50% chance of playing
245824,1729760392,1729760392,i,0.0,0.0,Calf injury - Unknown return date
245824,1730127279,1730127279,a,100.0,100.0,
245830,1722586591,1722586591,a,,,
245830,1725630627,1725092362,u,0.0,0.0,Loaned to  Preston North End
245923,1722586591,1722586591,a,,,
245923,1739451395,1738578264,u,,0.0,Loaned to Millwall
246265,1722586591,1722495133,u,,0.0,Permanent transfer to Kilmarnock
246301,1723742209,1723742209,a,,,
246301,1728291745,1728000006,i,0.0,0.0,Ankle injury - Unknown return date
246301,1730127279,1730127279,a,100.0,100.0,
246301,1733111631,1732890607,i,0.0,0.0,Knock - Expected back 05 Dec
246301,1733535327,1733535327,a,50.0,100.0,
247348,1722586591,1722586591,a,,,
247348,1728291745,1728151207,d,,75.0,Groin Injury - 75% chance of playing
247348,1729760392,1729760392,a,75.0,100.0,
247348,1734685493,1734341407,s,100.0,0.0,Suspended until 26 Dec
247348,1734944423,1734944423,a,0.0,100.0,
247412,1722586591,1722586591,a,,,
247412,1738228966,1737838811,d,,75.0,Muscle injury - 75% chance of playing
247412,1739451395,1739451395,d,0.0,50.0,Muscle injury - 50% chance of playing
247412,1740085255,1740085255,d,25.0,25.0,Muscle injury - 25% chance of playing
247412,1740397855,1740397855,a,100.0,100.0,
247412,1742825108,1742437810,d,100.0,75.0,Hand injury - 75% chance of playing
247412,1743841282,1743841282,a,100.0,100.0,
247412,1746837439,1746261008,d,100.0,75.0,Groin Injury - 75% chance of playing
247412,1747388684,1747388684,a,75.0,100.0,
247412,1748089574,1748008809,d,100.0,50.0,Knock - 50% chance of playing
247412,1749050423,1749050423,a,50.0,100.0,
247632,1722586591,1722586591,a,,,
247632,1733111631,1733111631,a,75.0,100.0,
247632,1734060228,1733736607,s,100.0,0.0,Suspended until 22 Dec
247632,1734685493,1734685493,a,0.0,100.0,
248164,1722586591,1721295801,u,,0.0,Permanent transfer to Celtic
248857,1722586591,1722586591,a,,,
248857,1737177344,1737177344,a,100.0,100.0,
248857,1740085255,1739635209,i,100.0,0.0,Hamstring injury - Unknown return date
248857,1740397855,1740397855,i,0.0,0.0,Hamstring injury - Expected back 02 Apr
248857,1741693992,1741693992,i,0.0,0.0,Hamstring injury - Expected back 03 Apr
248857,1742825108,1742825108,d,0.0,50.0,Hamstring injury - 50% chance of playing
248857,1743841282,1743841282,a,50.0,100.0,
248875,1722586591,1722586591,a,,,
248875,1730127279,1729785608,i,0.0,0.0,Knock - Unknown return date
248875,1731088322,1731088322,a,0.0,100.0,
248875,1732063467,1731508208,d,100.0,75.0,Thigh injury - 75% chance of playing
248875,1733111631,1733111631,a,75.0,100.0,
248875,1738228966,1737590408,i,0.0,0.0,Muscle injury - Unknown return date
248875,1739451395,1739451395,a,0.0,100.0,
249231,1722586591,1722586591,a,,,
250199,1722586591,1722586591,a,,,
250199,1734944423,1734816609,s,,0.0,Suspended until 29 Dec
250199,1735398440,1735398440,a,0.0,100.0,
424044,1722586591,1722586591,a,,,
424044,1725630627,1724929664,u,0.0,0.0,Season long loan to A.J.Auxerre
424876,1722586591,1722586591,a,,,
424876,1735398440,1735259410,s,,0.0,Suspended until 05 Jan
424876,1735843782,1735843782,a,0.0,100.0,
427623,1722586591,1722586591,a,,,
427623,1727772988,1727451007,i,0.0,0.0,Hamstring injury - Expected back 21 Oct
427623,1728291745,1728291745,i,0.0,0.0,Hamstring injury - Unknown return date
427623,1731088322,1731088322,d,0.0,50.0,Hamstring injury - 50% chance of playing
427623,1732063467,1732063467,a,100.0,100.0,
427623,1743841282,1743516008,i,0.0,0.0,Calf injury - Expected back 12 Apr
427623,1744374721,1744374721,d,0.0,75.0,Calf injury - 75% chance of playing
427623,1745626070,1745626070,a,100.0,100.0,
428399,1724659814,1724659814,a,,,
428399,1739451395,1738713281,u,,0.0,Loaned to Milan
428580,1722586591,1722586591,a,,,
428580,1725630627,1725085922,u,0.0,0.0,Loaned to FC Augsburg
428971,1722586591,1722586591,a,,,
429414,1722586591,1722586591,a,,,
429414,1724659814,1724324377,i,0.0,0.0,Knee injury - Unknown return date
430871,1722586591,1722586591,a,,,
430871,1735843782,1735551007,s,,0.0,Suspended until 15 Jan
430871,1736248298,1736248298,a,0.0,100.0,
430871,1737177344,1737129609,d,100.0,75.0,Illness - 75% chance of playing
430871,1738228966,1738228966,a,100.0,100.0,
430871,1741164423,1740864610,s,100.0,0.0,Suspended until 05 Apr
430871,1742825108,1742825108,s,0.0,0.0,Suspended until 13 Apr
430871,1744374721,1744374721,a,0.0,100.0,
432422,1722586591,1721223005,s,,0.0,Suspended until 01 Sep
432422,1724659814,1724659814,a,0.0,100.0,
432714,1722586591,1722586591,a,,,
432830,1722586591,1722586591,a,,,
432987,1727126145,1727126145,a,,,
433154,1722586591,1722586591,a,,,
433154,1730127279,1729974607,d,,75.0,Knock - 75% chance of playing
433154,1731088322,1731020408,d,75.0,75.0,Knee injury - 75% chance of playing
433154,1732852069,1732852069,a,75.0,100.0,
433154,1734685493,1734215408,d,100.0,75.0,Knee injury - 75% chance of playing
433154,1734944423,1734944423,d,50.0,50.0,Knee injury - 50% chance of playing
433154,1735398440,1735398440,d,25.0,25.0,Knee injury - 25% chance of playing
433154,1735843782,1735843782,d,50.0,50.0,Knee injury - 50% chance of playing
433154,1736248298,1736248298,d,25.0,25.0,Knee injury - 25% chance of playing
433154,1737177344,1737177344,i,0.0,0.0,Knee injury - Unknown return date
433154,1739451395,1739451395,i,0.0,0.0,Knee injury - Expected back 02 Apr
433154,1742825108,1742825108,d,0.0,50.0,Knee injury - 50% chance of playing
433154,1743841282,1743841282,d,50.0,75.0,Lack of match fitness - 75% chance of playing
433154,1744374721,1744374721,a,75.0,100.0,
433312,1739451395,1739451395,a,,,
433312,1741693992,1741561210,d,,75.0,Knock - 75% chance of playing
433312,1742825108,1742825108,a,100.0,100.0,
433979,1722586591,1722586591,a,,,
434044,1722586591,1722586591,a,,,
436234,1722586591,1722424106,u,,0.0,On loan to Girona for the season
436680,1722586591,1721905204,i,,0.0,Ankle injury - Expected back 25 Jan
436680,1734685493,1734685493,d,0.0,75.0,Lack of match fitness - 75% chance of playing
436680,1735398440,1735398440,a,100.0,100.0,
436893,1723742209,1723742209,a,,,
436893,1732852069,1732188609,i,0.0,0.0,Hamstring injury - Unknown return date
436893,1741164423,1741164423,a,0.0,100.0,
436893,1741693992,1741365009,i,0.0,0.0,Hamstring injury - Expected back 02 Apr
436893,1742825108,1742825108,d,25.0,50.0,Lack of match fitness - 50% chance of playing
436893,1743841282,1743841282,a,100.0,100.0,
437499,1725630627,1725630627,a,,,
437499,1744374721,1743885007,d,,75.0,Head injury - 75% chance of playing
437499,1745626070,1745626070,a,100.0,100.0,
437730,1722586591,1722586591,a,,,
437730,1732063467,1731506408,d,,75.0,Knee injury - 75% chance of playing
437730,1732852069,1732852069,s,75.0,0.0,Suspended until 05 Dec
437730,1733111631,1733111631,a,0.0,100.0,
438098,1722586591,1722586591,a,,,
438098,1723742209,1723482005,d,,75.0,Hip injury - 75% chance of playing
438098,1724659814,1724659814,a,75.0,100.0,
438098,1725630627,1724929585,u,0.0,0.0,Has joined Portuguese side FC Porto on loan for the 2024/25 season
438234,1738228966,1738228966,a,,,
438464,1722586591,1722586591,a,,,
438464,1726494724,1726336806,d,,75.0,Toe Injury - 75% chance of playing
438464,1727126145,1727126145,i,0.0,0.0,Toe Injury - Expected back 21 Oct
438464,1728291745,1728291745,d,0.0,50.0,Toe Injury - 50% chance of playing
438464,1730127279,1730127279,d,25.0,25.0,Toe Injury - 25% chance of playing
438464,1731088322,1731088322,a,100.0,100.0,
438464,1738228966,1737734409,i,0.0,0.0,Knee injury - Unknown return date
438464,1739451395,1739451395,i,0.0,0.0,Knee injury - Expected back 01 Jun
439135,1739451395,1739451395,a,,,
439483,1740397855,1740397855,a,,,
440089,1722586591,1722586591,a,,,
440089,1729760392,1729760392,a,100.0,100.0,
440148,1722586591,1722586591,a,,,
440148,1726494724,1726494724,a,100.0,100.0,
440148,1739451395,1738945808,i,100.0,0.0,Shoulder injury - Expected back 08 Mar
440148,1741693992,1741693992,i,0.0,0.0,Shoulder injury - Expected back 02 Apr
440148,1742825108,1742825108,i,0.0,0.0,Shoulder injury - Unknown return date
440148,1743841282,1743841282,d,75.0,75.0,Lack of match fitness - 75% chance of playing
440148,1744374721,1744374721,a,75.0,100.0,
440323,1722586591,1722586591,a,,,
440323,1726494724,1725836407,i,0.0,0.0,Foot injury - Unknown return date
440323,1730127279,1730127279,i,0.0,0.0,Foot injury - Expected back 23 Nov
440323,1732063467,1732063467,d,0.0,50.0,Foot injury - 50% chance of playing
440323,1732852069,1732852069,i,0.0,0.0,Lack of match fitness - Unknown return date
440323,1733111631,1733111631,d,75.0,75.0,Lack of match fitness - 75% chance of playing
440323,1733535327,1733535327,a,75.0,100.0,
440323,1734685493,1734213608,n,100.0,0.0,Ineligible to face his parent club on 22/12. - Expected back 26 Dec
440323,1735398440,1735398440,a,100.0,100.0,
440323,1736248298,1736019008,d,100.0,75.0,Back injury - 75% chance of playing
440323,1737177344,1737177344,i,25.0,0.0,Ankle injury - Expected back 01 Apr
440323,1741693992,1741693992,i,0.0,0.0,Ankle injury - Expected back 02 Apr
440323,1742825108,1742825108,a,75.0,100.0,
440323,1745626070,1745094608,n,100.0,0.0,Ineligible to face his parent club on 26/4. - Expected back 03 May
440323,1746837439,1746837439,a,100.0,100.0,
440854,1722586591,1722586591,a,,,
440993,1722586591,1722586591,a,,,
440993,1731088322,1731020408,d,,75.0,Knock - 75% chance of playing
440993,1732063467,1732063467,a,75.0,100.0,
440993,1735398440,1735266609,d,100.0,75.0,Calf injury - 75% chance of playing
440993,1735843782,1735843782,a,75.0,100.0,
440993,1739451395,1739399410,d,100.0,75.0,Knee injury - 75% chance of playing
440993,1740085255,1740085255,i,0.0,0.0,Knee injury - Unknown return date
440993,1743841282,1743841282,a,75.0,100.0,
441164,1722586591,1722586591,a,,,
441164,1724143573,1724108406,d,,75.0,Knock - 75% chance of playing
441164,1724659814,1724659814,a,100.0,100.0,
441191,1722586591,1722586591,a,,,
441191,1735398440,1735264810,d,,75.0,Illness - 75% chance of playing
441191,1735843782,1735843782,a,75.0,100.0,
441192,1722586591,1722586591,a,,,
441192,1725630627,1725085662,u,0.0,0.0,Loaned to Burnley
441240,1722586591,1722586591,a,,,
441240,1724659814,1724156107,u,0.0,0.0,Loaned to Brest
441266,1722586591,1722586591,a,,,
441266,1742825108,1742437809,d,,75.0,Knock - 75% chance of playing
441266,1743841282,1743841282,a,100.0,100.0,
441266,1749050423,1748196008,s,100.0,0.0,Suspended until 23 Aug
441271,1722586591,1722586591,a,,,
441271,1725630627,1724667073,u,0.0,0.0,Loaned to Auxerre
441302,1722586591,1722586591,a,,,
441302,1732063467,1731578408,d,,75.0,Knock - 75% chance of playing
441302,1732852069,1732852069,a,75.0,100.0,
441428,1722586591,1722586591,a,,,
441428,1724659814,1724405406,d,75.0,75.0,Knock - 75% chance of playing
441428,1725630627,1725630627,a,100.0,100.0,
443261,1725630627,1725630627,a,,,
444102,1724659814,1724659814,a,,,
444102,1737177344,1736251209,i,0.0,0.0,Foot injury - Unknown return date
444102,1740397855,1740397855,a,0.0,100.0,
444145,1722586591,1722586591,a,,,
444145,1729760392,1729760392,a,75.0,100.0,
444145,1739451395,1738800008,d,100.0,25.0,Hamstring injury - 25% chance of playing
444145,1740085255,1740085255,i,0.0,0.0,Hamstring injury - Expected back 09 Mar
444145,1740397855,1740397855,i,0.0,0.0,Hamstring injury - Expected back 01 Apr
444145,1741693992,1741693992,a,0.0,100.0,
444172,1724143573,1724143573,a,,,
444180,1722586591,1722586591,a,,,
444180,1725630627,1725011189,u,0.0,0.0,Season long loan to Burnley
444463,1722586591,1722586591,a,,,
444463,1728291745,1728252007,s,,0.0,Suspended until 27 Oct
444463,1729760392,1729760392,a,0.0,100.0,
444463,1732063467,1731340806,d,100.0,75.0,Knee injury - 75% chance of playing
444463,1732852069,1732852069,a,75.0,100.0,
444463,1733111631,1733097608,i,100.0,0.0,Hamstring injury - Expected back 04 Jan
444463,1734944423,1734944423,i,0.0,0.0,Hamstring injury - Unknown return date
444463,1736248298,1736248298,i,0.0,0.0,Hamstring injury - Expected back 25 May
444463,1739451395,1739451395,i,0.0,0.0,Hamstring injury - Expected back 09 Mar
444463,1741164423,1741164423,a,50.0,100.0,
444463,1743841282,1743768009,i,100.0,0.0,Muscle injury - Unknown return date
444463,1745626070,1745626070,i,0.0,0.0,Muscle injury - Expected back 01 Jun
444765,1722586591,1722586591,a,,,
444765,1734685493,1734568207,d,,75.0,Groin Injury - 75% chance of playing
444765,1734944423,1734944423,d,25.0,25.0,Groin Injury - 25% chance of playing
444765,1735398440,1735398440,i,0.0,0.0,Groin Injury - Expected back 01 Jan
444765,1735843782,1735843782,a,50.0,100.0,
444765,1740085255,1739644209,d,100.0,75.0,Knee injury - 75% chance of playing
444765,1740397855,1740397855,i,0.0,0.0,Knee injury - Expected back 08 Mar
444765,1741164423,1741164423,i,0.0,0.0,Knee injury - Unknown return date
444765,1741693992,1741693992,d,0.0,50.0,Knee injury - 50% chance of playing
444765,1742825108,1742825108,a,75.0,100.0,
444884,1722586591,1722586591,a,,,
444884,1726494724,1725836407,i,0.0,0.0,Foot injury - Expected back 20 Oct
444884,1728291745,1728291745,d,0.0,50.0,Foot injury - 50% chance of playing
444884,1729760392,1729760392,d,25.0,25.0,Foot injury - 25% chance of playing
444884,1730127279,1730127279,i,0.0,0.0,Foot injury - Unknown return date
444884,1731088322,1731088322,i,0.0,0.0,Foot injury - Expected back 24 Nov
444884,1732063467,1732063467,d,0.0,50.0,Foot injury - 50% chance of playing
444884,1732852069,1732852069,a,50.0,100.0,
445044,1722586591,1722586591,a,,,
445044,1741693992,1741219210,d,25.0,25.0,Foot injury - 25% chance of playing
445044,1742825108,1742825108,d,0.0,50.0,Foot injury - 50% chance of playing
445044,1743841282,1743841282,i,50.0,0.0,Foot injury - Expected back 21 Apr
445044,1745626070,1745626070,a,100.0,100.0,
445044,1747388684,1747004409,i,100.0,0.0,Knee injury - Expected back 01 Jun
445122,1722586591,1722586591,a,,,
445122,1728291745,1728048606,d,75.0,75.0,Muscle injury - 75% chance of playing
445122,1731088322,1731088322,a,100.0,100.0,
445122,1735843782,1735803008,s,100.0,0.0,Suspended until 15 Jan
445122,1736248298,1736248298,a,0.0,100.0,
445122,1743841282,1743544808,d,100.0,75.0,Knee injury - 75% chance of playing
445122,1744374721,1744374721,a,75.0,100.0,
445122,1748089574,1747404008,i,75.0,0.0,Ankle injury - Expected back 01 Jun
445548,1722586591,1722586591,a,,,
445548,1725630627,1725085606,u,0.0,0.0,Loaned to Blackpool
446008,1722586591,1722586591,a,,,
446008,1732063467,1731510008,d,,75.0,Knock - 75% chance of playing
446008,1732852069,1732852069,a,75.0,100.0,
447203,1722586591,1722586591,a,,,
447203,1736248298,1736112609,s,,0.0,Suspended until 18 Jan
447203,1737177344,1737177344,a,0.0,100.0,
447720,1727772988,1727772988,a,,,
447720,1737177344,1737116989,u,,0.0,Loaned to Dundee
447880,1732063467,1732063467,a,,,
447880,1738228966,1737715645,u,0.0,0.0,Loaned to Stoke City
448047,1722586591,1722586591,a,,,
448047,1737177344,1737126007,d,,75.0,Knock - 75% chance of playing
448047,1738228966,1738228966,a,75.0,100.0,
448089,1722586591,1722586591,a,,,
448089,1734060228,1733788809,s,,0.0,Suspended until 22 Dec
448089,1734685493,1734685493,a,0.0,100.0,
448089,1738228966,1737837009,s,100.0,0.0,Suspended until 16 Feb
448089,1739451395,1739451395,a,0.0,100.0,
448514,1722586591,1722586591,a,,,
448514,1726494724,1725836407,d,75.0,75.0,Knock - 75% chance of playing
448514,1727126145,1727126145,a,75.0,100.0,
448514,1734685493,1734211808,s,100.0,0.0,Suspended until 26 Dec
448514,1734944423,1734944423,a,0.0,100.0,
449429,1722586591,1722586591,a,,,
449429,1729760392,1729378806,i,,0.0,Hamstring injury - Expected back 24 Nov
449429,1732063467,1732063467,d,0.0,75.0,Hamstring injury - 75% chance of playing
449429,1732852069,1732296609,d,75.0,75.0,Lack of match fitness - 75% chance of playing
449429,1733111631,1733111631,a,100.0,100.0,
449434,1722586591,1722586591,a,,,
449434,1724143573,1723926606,d,,75.0,Eye Injury - 75% chance of playing
449434,1724659814,1724659814,a,75.0,100.0,
449434,1732852069,1732401009,d,100.0,75.0,Knock - 75% chance of playing
449434,1733111631,1733111631,a,75.0,100.0,
449434,1744374721,1743885007,d,100.0,75.0,Muscle injury - 75% chance of playing
449434,1745626070,1745626070,a,100.0,100.0,
449871,1722586591,1722586591,a,,,
449871,1728291745,1727911805,d,75.0,75.0,Hamstring injury - 75% chance of playing
449871,1729760392,1729760392,a,100.0,100.0,
449871,1732852069,1732177809,d,0.0,50.0,Foot injury - 50% chance of playing
449871,1733111631,1733111631,d,75.0,75.0,Foot injury - 75% chance of playing
449871,1733535327,1733535327,d,0.0,50.0,Foot injury - 50% chance of playing
449871,1734060228,1734060228,a,50.0,100.0,
449871,1738228966,1737241208,d,0.0,50.0,Hamstring injury - 50% chance of playing
449871,1739451395,1739451395,a,50.0,100.0,
449871,1740085255,1739545208,d,25.0,25.0,Unknown - 25% chance of playing
449871,1740397855,1740397855,i,0.0,0.0,Unknown - Expected back 08 Mar
449871,1741164423,1741164423,d,0.0,50.0,Unknown - 50% chance of playing
449871,1741693992,1741693992,d,75.0,75.0,Unknown - 75% chance of playing
449871,1742825108,1742825108,a,100.0,100.0,
449988,1722586591,1722586591,a,,,
449988,1725630627,1725051203,u,0.0,0.0,Season long loan to Las Palmas
450070,1723742209,1723742209,a,,,
450070,1737177344,1736559010,d,50.0,50.0,Hamstring injury - 50% chance of playing
450070,1738228966,1738228966,d,50.0,50.0,Lack of match fitness - 50% chance of playing
450070,1740085255,1740085255,i,0.0,0.0,Hamstring injury - Expected back 01 Apr
450070,1742825108,1742825108,i,0.0,0.0,Hamstring injury - Unknown return date
450070,1746837439,1746837439,i,0.0,0.0,Hamstring injury - Expected back 01 Jun
450434,1722586591,1722586591,a,,,
450434,1723742209,1723292336,u,,0.0,Transferred to Stuttgart
450535,1722586591,1722586591,a,,,
450535,1723742209,1722965007,u,,0.0,Season long loan to Oxford United
450539,1722586591,1722586591,a,,,
450539,1725630627,1725085879,u,0.0,0.0,Loaned to Swansea City
450542,1722586591,1722586591,a,,,
450542,1724659814,1724156209,u,0.0,0.0,Loaned to Sheffield United
451302,1722586591,1722586591,a,,,
451302,1740085255,1739543408,d,25.0,25.0,Knock - 25% chance of playing
451302,1740397855,1740397855,i,0.0,0.0,Knock - Unknown return date
451302,1743841282,1743841282,a,100.0,100.0,
451340,1722586591,1722586591,a,,,
451340,1733535327,1733535327,a,75.0,100.0,
451340,1741164423,1740963607,d,100.0,75.0,Knee injury - 75% chance of playing
451340,1741693992,1741693992,a,100.0,100.0,
451340,1744374721,1744367406,d,100.0,75.0,Heel Injury - 75% chance of playing
451340,1745626070,1745626070,a,100.0,100.0,
451340,1747388684,1747387809,d,100.0,75.0,Knock - 75% chance of playing
451340,1748089574,1748089574,a,75.0,100.0,
454667,1724659814,1724659814,a,,,
454667,1728291745,1728000006,d,0.0,50.0,Knee injury - 50% chance of playing
454667,1730127279,1730127279,a,75.0,100.0,
454667,1740397855,1740258010,d,100.0,75.0,Ankle injury - 75% chance of playing
454667,1741164423,1741164423,a,50.0,100.0,
455084,1722586591,1722586591,a,,,
455084,1740085255,1739644209,d,,75.0,Knock - 75% chance of playing
455084,1740397855,1740397855,a,100.0,100.0,
455084,1743841282,1743642008,d,100.0,75.0,Leg injury - 75% chance of playing
455084,1744374721,1744374721,a,75.0,100.0,
455084,1745626070,1745209808,s,100.0,0.0,Suspended until 18 May
455084,1747388684,1747388684,a,0.0,100.0,
456350,1722586591,1722586591,a,,,
456350,1724659814,1724405406,i,0.0,0.0,Achilles injury - Expected back 15 Feb
456350,1737177344,1737177344,d,75.0,75.0,Lack of match fitness - 75% chance of playing
456350,1738228966,1738228966,a,100.0,100.0,
456350,1739451395,1738664932,u,100.0,0.0,Loaned to Standard Liège
457569,1722586591,1722586591,a,,,
457569,1725630627,1725085568,u,0.0,0.0,Loaned to Strasbourg
458249,1722586591,1722586591,a,,,
458249,1745626070,1744619408,i,0.0,0.0,Hamstring injury - Expected back 01 Jun
458249,1748089574,1748089574,a,0.0,100.0,
460028,1722586591,1722586591,a,,,
460028,1732063467,1731421808,d,,75.0,Knock - 75% chance of playing
460028,1732852069,1732852069,a,75.0,100.0,
460028,1737177344,1737126007,d,100.0,75.0,Knock - 75% chance of playing
460028,1738228966,1738228966,a,75.0,100.0,
460842,1722586591,1722586591,a,,,
460842,1729760392,1729353607,s,,0.0,Suspended until 25 Nov
460842,1731088322,1731088322,s,0.0,0.0,Suspended until 03 Dec
460842,1733111631,1733111631,a,0.0,100.0,
460842,1743841282,1743620409,d,100.0,75.0,Knock - 75% chance of playing
460842,1744374721,1744374721,a,75.0,100.0,
461025,1728291745,1728291745,a,,,
461358,1722586591,1722586591,a,,,
461358,1723742209,1723532872,u,,0.0,Transferred to Atletico Madrid
461416,1722586591,1722586591,a,,,
461416,1725630627,1725085248,u,0.0,0.0,Loaned to Stoke City
461421,1722586591,1722586591,a,,,
461421,1723742209,1723018893,u,,0.0,Permanent transfer to West Bromwich Albion
461484,1722586591,1722586591,a,,,
461484,1725630627,1725092454,u,0.0,0.0,Loaned to MK Dons
461537,1741693992,1741693992,a,,,
461584,1722586591,1722586591,a,,,
461584,1725630627,1725085292,u,0.0,0.0,Loaned to De Graafschap
461587,1722586591,1722586591,a,,,
461587,1735843782,1735461009,i,0.0,0.0,Unknown - Unknown return date
461587,1736248298,1736248298,d,0.0,75.0,Unknown - 75% chance of playing
461587,1737177344,1737177344,a,100.0,100.0,
461587,1745626070,1745539208,d,100.0,75.0,Knock - 75% chance of playing
461587,1746837439,1746837439,a,100.0,100.0,
462116,1723742209,1723742209,a,,,
462116,1732852069,1732588208,d,,75.0,Knock - 75% chance of playing
462116,1733111631,1733111631,a,75.0,100.0,
462116,1733535327,1733223608,d,75.0,75.0,Knock - 75% chance of playing
462116,1734060228,1734060228,a,75.0,100.0,
462116,1736248298,1736028008,d,100.0,75.0,Knock - 75% chance of playing
462116,1737177344,1737177344,d,25.0,25.0,Knock - 25% chance of playing
462116,1738228966,1738228966,i,0.0,0.0,Unknown - Unknown return date
462116,1740085255,1740085255,a,75.0,100.0,
462381,1722586591,1721296241,u,,0.0,Has joined MK Dons for the rest of the season
462387,1722586591,1722586591,a,,,
462387,1728291745,1728120606,d,75.0,75.0,Knock - 75% chance of playing
462387,1729760392,1729760392,a,100.0,100.0,
462387,1738228966,1737971925,u,100.0,0.0,Loaned to Stoke City
462424,1722586591,1722586591,a,,,
462424,1729760392,1729366207,s,,0.0,Suspended until 02 Nov
462424,1730127279,1730127279,a,0.0,100.0,
462424,1748089574,1747600207,i,100.0,0.0,Hamstring injury - Expected back 01 Jun
462492,1722586591,1722586591,a,,,
462492,1739451395,1738577981,u,,0.0,Loaned to Barnsley
463034,1722586591,1722586591,a,,,
463034,1734685493,1734341407,s,,0.0,Suspended until 27 Dec
463034,1734944423,1734944423,a,0.0,100.0,
463067,1724659814,1724659814,a,,,
463067,1729760392,1729760392,a,100.0,100.0,
463067,1743841282,1743300009,i,0.0,0.0,Ankle injury - Expected back 25 May
463067,1748089574,1748089574,i,0.0,0.0,Ankle injury - Expected back 01 Jun
463210,1722586591,1722586591,a,,,
463210,1725630627,1724929840,u,0.0,0.0,Has joined Sheffield Wednesday on a season-long loan
463212,1725630627,1725630627,a,,,
463212,1738228966,1737838811,d,,75.0,Knee injury - 75% chance of playing
463212,1739451395,1739451395,a,75.0,100.0,
463748,1722586591,1722586591,a,,,
463748,1723742209,1723624307,u,,0.0,Loaned to Real Valladolid
463903,1722586591,1722586591,a,,,
463903,1743841282,1743768009,i,,0.0,Groin Injury - Unknown return date
463903,1744374721,1744374721,i,0.0,0.0,Groin Injury - Expected back 25 May
463903,1748089574,1748089574,i,0.0,0.0,Groin Injury - Expected back 01 Jun
463981,1722586591,1722586591,a,,,
463981,1737177344,1736902809,d,,25.0,Hamstring injury - 25% chance of playing
463981,1738228966,1738228966,i,0.0,0.0,Hamstring injury - Expected back 15 Feb
463981,1739451395,1739451395,d,0.0,50.0,Hamstring injury - 50% chance of playing
463981,1740397855,1740397855,a,75.0,100.0,
463981,1748089574,1748008808,d,100.0,75.0,Knee injury - 75% chance of playing
463981,1749050423,1749050423,a,75.0,100.0,
464353,1730127279,1730127279,a,,,
465351,1722586591,1722586591,a,,,
465351,1732063467,1731340807,d,,75.0,Knock - 75% chance of playing
465351,1732852069,1732852069,a,75.0,100.0,
465351,1734944423,1734818408,d,100.0,75.0,Knock - 75% chance of playing
465351,1735398440,1735398440,d,50.0,50.0,Knock - 50% chance of playing
465351,1736248298,1736248298,a,25.0,100.0,
465390,1722586591,1722586591,a,,,
465390,1723742209,1723202062,u,,0.0,Has joined Preston North End for the rest of the season
465527,1722586591,1722586591,a,,,
465527,1725630627,1725011263,u,0.0,0.0,Permanent move to Burnley
465694,1739451395,1739451395,a,,,
465920,1722586591,1722586591,a,,,
465920,1733535327,1733499008,d,,50.0,Illness - 50% chance of playing
465920,1734685493,1734685493,s,50.0,0.0,Suspended - unknown return date
466075,1722586591,1722586591,a,,,
466075,1726494724,1725836407,d,50.0,50.0,Knock - 50% chance of playing
466075,1727126145,1727126145,a,100.0,100.0,
466075,1729760392,1729670408,d,100.0,75.0,Knee injury - 75% chance of playing
466075,1730127279,1730127279,d,25.0,25.0,Knee injury - 25% chance of playing
466075,1731088322,1731088322,i,0.0,0.0,Knee injury - Expected back 23 Nov
466075,1732063467,1732063467,d,0.0,50.0,Knee injury - 50% chance of playing
466075,1732852069,1732852069,a,100.0,100.0,
466075,1733535327,1733360409,d,100.0,75.0,Knock - 75% chance of playing
466075,1734685493,1734685493,d,25.0,25.0,Groin Injury - 25% chance of playing
466075,1734944423,1734944423,a,100.0,100.0,
466075,1737177344,1736719208,d,75.0,75.0,Muscle injury - 75% chance of playing
466075,1738228966,1738228966,a,100.0,100.0,
466075,1743841282,1742826609,i,0.0,0.0,Knee injury - Unknown return date
466075,1745626070,1745626070,d,25.0,25.0,Knee injury - 25% chance of playing
466075,1746837439,1746837439,a,0.0,100.0,
466117,1722586591,1722586591,a,,,
466117,1725630627,1725085525,u,0.0,0.0,Loaned to Rennes
466404,1722586591,1722586591,a,,,
466404,1738228966,1737971861,u,,0.0,Loaned to Strasbourg
467169,1722586591,1722586591,a,,,
467169,1730127279,1729861206,d,25.0,25.0,Foot injury - 25% chance of playing
467169,1731088322,1731088322,a,25.0,100.0,
467169,1738228966,1737971894,u,100.0,0.0,Loaned to Real Betis
467189,1722586591,1722586591,a,,,
467189,1734685493,1734215408,d,,75.0,Groin Injury - 75% chance of playing
467189,1735398440,1735398440,d,75.0,25.0,Groin Injury - 25% chance of playing
467189,1735843782,1735843782,i,0.0,0.0,Groin Injury - Unknown return date
467189,1739451395,1739451395,a,75.0,100.0,
467189,1746837439,1746100808,i,0.0,0.0,Groin Injury - Expected back 01 Jun
467779,1722586591,1722586591,a,,,
467779,1725630627,1724923805,d,50.0,50.0,Muscle injury - 50% chance of playing
467779,1726494724,1726494724,d,75.0,75.0,Muscle injury - 75% chance of playing
467779,1727126145,1727126145,a,100.0,100.0,
467779,1734944423,1734818408,d,100.0,75.0,Thigh injury - 75% chance of playing
467779,1736248298,1736248298,d,25.0,25.0,Thigh injury - 25% chance of playing
467779,1737177344,1737177344,d,50.0,50.0,Thigh injury - 50% chance of playing
467779,1739451395,1739451395,d,0.0,50.0,Lack of match fitness - 50% chance of playing
467779,1740085255,1740085255,a,50.0,100.0,
469142,1722586591,1722586591,a,,,
469142,1727772988,1727649006,d,,75.0,Muscle injury - 75% chance of playing
469142,1728291745,1728291745,i,0.0,0.0,Groin Injury - Expected back 02 Nov
469142,1729760392,1729760392,a,100.0,100.0,
469142,1744374721,1743870607,s,100.0,0.0,Suspended until 19 Apr
469142,1745626070,1745096407,i,100.0,0.0,Head injury - Expected back 04 May
469142,1746837439,1746837439,a,100.0,100.0,
469247,1722586591,1722586591,a,,,
469247,1725630627,1724929625,u,0.0,0.0,Season long loan to Bologna
472713,1722586591,1722586591,a,,,
472713,1723742209,1723473004,d,,25.0,Hamstring injury - 25% chance of playing
472713,1724143573,1724143573,i,0.0,0.0,Hamstring injury - Expected back 14 Sep
472713,1725630627,1725630627,i,0.0,0.0,Hamstring injury - Unknown return date
472713,1741693992,1741693992,i,0.0,0.0,Lack of match fitness - Expected back 02 Apr
472713,1742825108,1742825108,d,0.0,25.0,Lack of match fitness - 25% chance of playing
472713,1743841282,1743841282,i,0.0,0.0,Lack of match fitness - Unknown return date
472713,1744374721,1744374721,d,0.0,50.0,Lack of match fitness - 50% chance of playing
472713,1746837439,1746837439,i,25.0,0.0,Lack of match fitness - Expected back 18 May
472713,1747388684,1747388684,d,0.0,75.0,Lack of match fitness - 75% chance of playing
472713,1748089574,1748089574,a,75.0,100.0,
472739,1724143573,1724143573,a,,,
472739,1725630627,1725085718,u,0.0,0.0,Loaned to Hull City
472739,1739451395,1739451395,a,0.0,100.0,
472769,1724143573,1724143573,a,,,
472769,1729760392,1729760392,a,75.0,100.0,
472769,1732063467,1731511809,d,100.0,75.0,Knock - 75% chance of playing
472769,1732852069,1732852069,a,75.0,100.0,
473341,1722586591,1722586591,a,,,
473341,1733111631,1733004008,d,,75.0,Knee injury - 75% chance of playing
473341,1733535327,1733535327,a,75.0,100.0,
473341,1740397855,1740189607,d,100.0,75.0,Knock - 75% chance of playing
473341,1741164423,1741164423,a,100.0,100.0,
474120,1722586591,1722586591,a,,,
474120,1723742209,1723473004,d,,25.0,Knee injury - 25% chance of playing
474120,1724659814,1724659814,a,25.0,100.0,
474120,1740085255,1739644209,d,100.0,75.0,Knee injury - 75% chance of playing
474120,1740397855,1740397855,i,0.0,0.0,Knee injury - Unknown return date
474120,1741693992,1741693992,a,50.0,100.0,
474907,1749050423,1749050423,a,,,
475123,1722586591,1722586591,a,,,
475123,1740085255,1739536209,d,25.0,25.0,Hamstring injury - 25% chance of playing
475123,1743841282,1743841282,a,100.0,100.0,
475168,1722586591,1722586591,a,,,
475168,1726494724,1726342206,d,,75.0,Knock - 75% chance of playing
475168,1727126145,1727126145,a,75.0,100.0,
475168,1727772988,1727346606,i,0.0,0.0,Ankle injury - Unknown return date
475168,1731088322,1731020408,d,100.0,75.0,Lack of match fitness - 75% chance of playing
475168,1732063467,1732063467,a,75.0,100.0,
475168,1745626070,1745094607,s,100.0,0.0,Suspended until 19 May
475168,1747388684,1747388684,a,0.0,100.0,
475168,1748089574,1748008808,n,100.0,0.0,Not considered for selection in the match against Tottenham Hotspur on 25/5. - Expected back 26 May
475168,1749050423,1749050423,a,0.0,100.0,
475480,1722586591,1722586591,a,,,
475480,1723742209,1723292248,u,,0.0,Loaned to Port Vale
476344,1722586591,1722586591,a,,,
476344,1735398440,1735259409,s,,0.0,Suspended until 15 Jan
476344,1736248298,1736248298,a,0.0,100.0,
476344,1739451395,1738578317,u,100.0,0.0,Loaned to Al-Nassr
476369,1724659814,1724659814,a,,,
476369,1725630627,1725532626,u,,0.0,Loaned to Benfica
476502,1722586591,1722586591,a,,,
476502,1725630627,1724990406,i,0.0,0.0,Knee injury - Unknown return date
476502,1734685493,1734685493,i,0.0,0.0,Knee injury - Expected back 06 Jan
476502,1736248298,1736248298,i,0.0,0.0,Knee injury - Unknown return date
476502,1737177344,1736861409,d,50.0,75.0,Lack of match fitness - 75% chance of playing
476502,1738228966,1738228966,d,25.0,25.0,Lack of match fitness - 25% chance of playing
476502,1739451395,1739451395,d,25.0,75.0,Illness - 75% chance of playing
476502,1740085255,1740085255,a,75.0,100.0,
476888,1722586591,1722586591,a,,,
476888,1725630627,1724667431,u,0.0,0.0,Transferred to Strasbourg
477064,1722586591,1722586591,a,,,
477064,1734060228,1733607008,s,,0.0,Suspended until 21 Dec
477064,1734685493,1734685493,a,0.0,100.0,
477386,1722586591,1722586591,a,,,
477424,1722586591,1722586591,a,,,
477424,1731088322,1731088322,a,75.0,100.0,
477555,1722586591,1722586591,a,,,
477555,1723742209,1723674606,d,,25.0,Leg injury - 25% chance of playing
477555,1724143573,1724143573,i,0.0,0.0,Leg injury - Expected back 14 Dec
477555,1734060228,1734060228,i,0.0,0.0,Leg injury - Unknown return date
477555,1737177344,1737177344,d,25.0,25.0,Lack of match fitness - 25% chance of playing
477555,1738228966,1738228966,d,25.0,75.0,Lack of match fitness - 75% chance of playing
477555,1740085255,1740085255,d,25.0,25.0,Lack of match fitness - 25% chance of playing
477555,1742825108,1742825108,d,25.0,50.0,Lack of match fitness - 50% chance of playing
477555,1743841282,1743841282,a,50.0,100.0,
477555,1746837439,1746806409,i,100.0,0.0,Lack of match fitness - Expected back 18 May
477555,1747388684,1747388684,d,0.0,50.0,Lack of match fitness - 50% chance of playing
477555,1748089574,1748089574,a,50.0,100.0,
477580,1722586591,1722586591,a,,,
477580,1740397855,1740258010,s,,0.0,Suspended until 15 Mar
477580,1741693992,1741693992,a,0.0,100.0,
478912,1722586591,1722586591,a,,,
478912,1728291745,1728045006,d,75.0,75.0,Illness - 75% chance of playing
478912,1729760392,1729760392,a,100.0,100.0,
478912,1739451395,1738666186,u,100.0,0.0,Loaned to Borussia Dortmund
480455,1722586591,1722586591,a,,,
480455,1723742209,1723473005,i,,0.0,Groin Injury - Unknown return date
480455,1727126145,1727126145,i,0.0,0.0,Lack of match fitness - Expected back 28 Sep
480455,1727772988,1727772988,a,75.0,100.0,
480455,1728291745,1728000006,d,75.0,75.0,Thigh injury - 75% chance of playing
480455,1729760392,1729760392,d,50.0,50.0,Lack of match fitness - 50% chance of playing
480455,1730127279,1730127279,a,100.0,100.0,
480455,1732063467,1731578408,d,100.0,75.0,Groin Injury - 75% chance of playing
480455,1732852069,1732852069,a,75.0,100.0,
480455,1748089574,1747600207,i,100.0,0.0,Hamstring injury - Expected back 01 Jul
481510,1722586591,1722586591,a,,,
481510,1730127279,1730066406,d,,75.0,Groin Injury - 75% chance of playing
481510,1731088322,1731088322,a,75.0,100.0,
481510,1739451395,1739179807,d,100.0,75.0,Knock - 75% chance of playing
481510,1740085255,1740085255,a,75.0,100.0,
481624,1722586591,1722586591,a,,,
481624,1725630627,1725138005,d,,75.0,Knock - 75% chance of playing
481624,1726494724,1726494724,a,75.0,100.0,
481624,1727126145,1726846206,i,0.0,0.0,Knock - Unknown return date
481624,1727772988,1727772988,a,0.0,100.0,
481624,1729760392,1729355407,s,100.0,0.0,Suspended until 03 Nov
481624,1730127279,1730127279,a,0.0,100.0,
481624,1736248298,1735932610,d,0.0,50.0,Knock - 50% chance of playing
481624,1737177344,1737177344,a,100.0,100.0,
481624,1745626070,1744619408,i,0.0,0.0,Knee injury - Expected back 01 Jun
482158,1722586591,1722586591,a,,,
482442,1722586591,1722586591,a,,,
482442,1732063467,1731279608,d,,75.0,Knock - 75% chance of playing
482442,1732852069,1732852069,a,100.0,100.0,
482609,1722586591,1722586591,a,,,
482609,1725630627,1725240606,d,,75.0,Knock - 75% chance of playing
482609,1726494724,1726494724,i,0.0,0.0,Thigh injury - Unknown return date
482609,1727126145,1727126145,d,0.0,50.0,Thigh injury - 50% chance of playing
482609,1727772988,1727772988,a,100.0,100.0,
482609,1732063467,1731490208,d,100.0,75.0,Knock - 75% chance of playing
482609,1732852069,1732852069,a,75.0,100.0,
482609,1741693992,1741363209,d,75.0,75.0,Knock - 75% chance of playing
482609,1742825108,1742825108,a,50.0,100.0,
482609,1745626070,1745209808,i,100.0,0.0,Muscle injury - Expected back 04 May
482609,1746837439,1746837439,a,100.0,100.0,
483081,1722586591,1722586591,a,,,
483081,1740085255,1739786410,d,,75.0,Knock - 75% chance of playing
483081,1740397855,1740397855,i,0.0,0.0,Pelvic - Unknown return date
483081,1741693992,1741693992,a,100.0,100.0,
484658,1722586591,1721638980,u,,0.0,Permanent transfer to Gaziantep FK
485047,1725630627,1725630627,a,,,
485055,1737177344,1737177344,a,,,
486385,1722586591,1722586591,a,,,
486672,1722586591,1722586591,a,,,
487053,1722586591,1722586591,a,,,
487053,1727772988,1727643607,d,,75.0,Thigh injury - 75% chance of playing
487053,1728291745,1728291745,a,75.0,100.0,
487053,1734685493,1734341407,d,100.0,75.0,Knock - 75% chance of playing
487053,1734944423,1734944423,d,75.0,75.0,Fatigue - 75% chance of playing
487053,1735398440,1735398440,a,100.0,100.0,
487053,1735843782,1735551007,d,100.0,75.0,Hamstring injury - 75% chance of playing
487053,1736248298,1736248298,i,0.0,0.0,Hamstring injury - Expected back 16 Feb
487053,1739451395,1739451395,d,0.0,50.0,Hamstring injury - 50% chance of playing
487053,1740085255,1740085255,a,100.0,100.0,
487117,1722586591,1721223005,i,,0.0,Ankle injury - Expected back 05 Oct
487117,1723742209,1723732206,d,,50.0,Lack of match fitness - 50% chance of playing
487117,1725630627,1725630627,a,100.0,100.0,
487117,1735843782,1735660807,d,100.0,75.0,Ankle injury - 75% chance of playing
487117,1736248298,1736248298,i,0.0,0.0,Ankle injury - Unknown return date
487117,1737177344,1737177344,d,50.0,50.0,Ankle injury - 50% chance of playing
487117,1738228966,1738228966,i,0.0,0.0,Ankle injury - Unknown return date
487117,1739451395,1739451395,a,75.0,100.0,
487117,1745626070,1745094607,n,100.0,0.0,Ineligible to face his parent club on 26/4. - Expected back 04 May
487117,1746837439,1746837439,a,100.0,100.0,
487837,1734685493,1734685493,a,,,
487838,1722586591,1722586591,a,,,
487838,1741164423,1740963608,d,,75.0,Ankle injury - 75% chance of playing
487838,1741693992,1741693992,i,0.0,0.0,Foot injury - Expected back 01 Jun
488404,1722586591,1722586591,a,,,
488404,1724659814,1724325696,u,0.0,0.0,Transferred to Panathinaikos
488439,1737177344,1737177344,a,,,
488464,1722586591,1722586591,a,,,
488464,1723742209,1723532827,u,,0.0,Loaned to Strasbourg
489639,1722586591,1722586591,a,,,
489639,1723742209,1723473005,d,,25.0,Unknown - 25% chance of playing
489639,1725630627,1725630627,a,100.0,100.0,
489706,1725630627,1725630627,a,,,
490094,1722586591,1722586591,a,,,
490094,1729760392,1729173608,i,0.0,0.0,Foot injury - Unknown return date
490094,1737177344,1737177344,i,0.0,0.0,Foot injury - Expected back 01 Feb
490094,1738228966,1738228966,d,25.0,25.0,Lack of match fitness - 25% chance of playing
490094,1739451395,1739451395,a,75.0,100.0,
490094,1749050423,1748178008,i,0.0,0.0,Groin Injury - Expected back 01 Jun
490145,1722586591,1722586591,a,,,
490145,1723742209,1723624378,u,,0.0,Loaned to Oxford United
490145,1739451395,1739451395,a,0.0,100.0,
490145,1747388684,1747006209,i,100.0,0.0,Groin Injury - Expected back 01 Jun
490145,1749050423,1749050423,a,100.0,100.0,
490146,1722586591,1722586591,a,,,
490146,1725630627,1725096338,u,0.0,0.0,Transferred to Birmingham City
490503,1722586591,1722586591,a,,,
490503,1726494724,1725967697,u,0.0,0.0,Loaned to Anderlecht
490721,1722586591,1722586591,a,,,
490721,1723742209,1723624342,u,,0.0,Loaned to Feyenoord
490881,1724143573,1724143573,a,,,
490881,1740085255,1739786410,d,,75.0,Knock - 75% chance of playing
490881,1740397855,1740397855,i,0.0,0.0,Knock - Unknown return date
490881,1741693992,1741693992,a,100.0,100.0,
490881,1744374721,1744329609,i,100.0,0.0,Leg injury - Unknown return date
490881,1745626070,1745626070,d,25.0,25.0,Leg injury - 25% chance of playing
490881,1747388684,1747388684,d,25.0,75.0,Lack of match fitness - 75% chance of playing
490881,1748089574,1748089574,a,75.0,100.0,
490885,1722586591,1722586591,a,,,
490885,1724143573,1723809447,u,0.0,0.0,Loaned to Bristol City
491012,1722586591,1722586591,a,,,
491012,1723742209,1722870004,i,,0.0,Foot injury - Unknown return date
491012,1732852069,1732852069,i,0.0,0.0,Lack of match fitness - Unknown return date
491012,1734685493,1734685493,d,25.0,25.0,Lack of match fitness - 25% chance of playing
491012,1735398440,1735398440,a,100.0,100.0,
491012,1736248298,1736019008,d,100.0,75.0,Thigh injury - 75% chance of playing
491012,1737177344,1737177344,i,0.0,0.0,Thigh injury - Unknown return date
491012,1739451395,1739451395,i,0.0,0.0,Thigh injury - Expected back 08 Mar
491012,1741164423,1741164423,a,0.0,100.0,
491279,1722586591,1722586591,a,,,
491279,1725630627,1725240607,d,,75.0,Knock - 75% chance of playing
491279,1726494724,1726494724,a,100.0,100.0,
491279,1731088322,1730343608,i,0.0,0.0,Hamstring injury - Expected back 23 Nov
491279,1732063467,1732063467,d,0.0,50.0,Hamstring injury - 50% chance of playing
491279,1732852069,1732852069,i,0.0,0.0,Hamstring injury - Expected back 15 Dec
491279,1734060228,1733959808,i,0.0,0.0,Hamstring injury - Unknown return date
491279,1734685493,1734685493,i,0.0,0.0,Hamstring injury - Expected back 15 Jan
491279,1736248298,1736248298,i,0.0,0.0,Hamstring injury - Expected back 26 Jan
491279,1738228966,1738228966,d,0.0,50.0,Hamstring injury - 50% chance of playing
491279,1739451395,1739451395,a,100.0,100.0,
491279,1740085255,1739543409,i,0.0,0.0,Hamstring injury - Expected back 09 Mar
491279,1741164423,1741164423,d,0.0,50.0,Hamstring injury - 50% chance of playing
491279,1741693992,1741693992,a,100.0,100.0,
491287,1722586591,1722586591,a,,,
491287,1725630627,1725086028,u,0.0,0.0,Loaned to Valencia CF
491501,1722586591,1722586591,a,,,
491501,1726494724,1726494724,a,100.0,100.0,
491557,1724143573,1724143573,a,,,
491557,1725630627,1725181992,u,,0.0,Season long loan to Chesterfield
491598,1722586591,1722586591,a,,,
491598,1739451395,1738578180,u,,0.0,Loaned to ADO Den Haag
491970,1722586591,1722586591,a,,,
491970,1724659814,1724325755,u,0.0,0.0,Transferred to RB Salzburg
492777,1722586591,1722586591,a,,,
492777,1729760392,1729459807,d,,75.0,Knock - 75% chance of playing
492777,1730127279,1730127279,d,50.0,50.0,Knock - 50% chance of playing
492777,1731088322,1731088322,a,100.0,100.0,
492777,1732852069,1732789807,d,100.0,75.0,Hamstring injury - 75% chance of playing
492777,1733111631,1733111631,i,50.0,0.0,Hamstring injury - Unknown return date
492777,1736248298,1736248298,a,50.0,100.0,
492777,1740085255,1740006009,d,100.0,25.0,Muscle injury - 25% chance of playing
492777,1741164423,1741164423,i,0.0,0.0,Muscle injury - Unknown return date
492777,1743841282,1743841282,d,75.0,75.0,Lack of match fitness - 75% chance of playing
492777,1744374721,1744374721,a,75.0,100.0,
493105,1722586591,1722586591,a,,,
493105,1729760392,1729760392,a,100.0,100.0,
493125,1722586591,1722586591,a,,,
493125,1735398440,1735266610,d,,75.0,Ankle injury - 75% chance of playing
493125,1735843782,1735843782,a,75.0,100.0,
493125,1739451395,1738335609,i,25.0,0.0,Knee injury - Expected back 01 Jun
493250,1722586591,1722586591,a,,,
493250,1732063467,1732063467,a,75.0,100.0,
493250,1740085255,1739644209,i,100.0,0.0,Ankle injury - Unknown return date
493250,1743841282,1743841282,i,0.0,0.0,Ankle injury - Expected back 25 May
493250,1745626070,1745626070,d,0.0,50.0,Ankle injury - 50% chance of playing
493250,1746837439,1746837439,a,100.0,100.0,
494041,1722586591,1722586591,a,,,
494041,1726494724,1726494724,a,100.0,100.0,
494307,1735398440,1735398440,a,,,
494551,1749050423,1749050423,a,,,
494779,1738228966,1738228966,a,,,
494779,1743841282,1743672608,d,,75.0,Tendon Injury - 75% chance of playing
494779,1744374721,1744374721,a,75.0,100.0,
494779,1745626070,1744992009,d,0.0,25.0,Tendon Injury - 25% chance of playing
494779,1746837439,1746837439,a,25.0,100.0,
494779,1748089574,1748008809,d,100.0,25.0,Achilles injury - 25% chance of playing
495024,1745626070,1745626070,a,,,
495145,1722586591,1722586591,a,,,
495145,1723742209,1723292053,u,,0.0,Loaned to Auckland FC
496178,1724659814,1724659814,a,,,
496179,1722586591,1722586591,a,,,
496179,1726494724,1725968243,u,0.0,0.0,Loaned to Westerlo
496208,1722586591,1722586591,a,,,
496208,1725630627,1725085051,u,0.0,0.0,Loaned to Middlesbrough
496221,1722586591,1722586591,a,,,
496221,1725630627,1725445805,d,,75.0,Groin Injury - 75% chance of playing
496221,1726494724,1726494724,a,100.0,100.0,
496221,1731088322,1730478608,i,0.0,0.0,Groin Injury - Expected back 30 Nov
496221,1732852069,1732852069,i,0.0,0.0,Groin Injury - Expected back 07 Dec
496221,1733535327,1733535327,i,0.0,0.0,Groin Injury - Expected back 15 Dec
496221,1734060228,1734060228,d,0.0,50.0,Groin Injury - 50% chance of playing
496221,1734685493,1734685493,i,0.0,0.0,Groin Injury - Expected back 15 Jan
496221,1736248298,1736248298,d,0.0,50.0,Groin Injury - 50% chance of playing
496221,1737177344,1737177344,i,0.0,0.0,Groin Injury - Expected back 02 Feb
496221,1738228966,1738228966,i,0.0,0.0,Groin Injury - Expected back 15 Feb
496221,1739451395,1739451395,a,100.0,100.0,
496221,1746837439,1746516608,i,100.0,0.0,Ankle injury - Expected back 20 May
496221,1747388684,1747388684,d,0.0,50.0,Ankle injury - 50% chance of playing
496221,1748089574,1747668606,i,100.0,0.0,Concussion - Expected back 01 Jun
496279,1739451395,1739451395,a,,,
496661,1724143573,1724143573,a,,,
496661,1729760392,1729760392,a,100.0,100.0,
496661,1733111631,1732928408,s,100.0,0.0,Suspended until 07 Dec
496661,1733535327,1733535327,a,0.0,100.0,
496661,1737177344,1737068408,d,100.0,75.0,Ankle injury - 75% chance of playing
496661,1738228966,1738228966,i,0.0,0.0,Ankle injury - Unknown return date
496661,1739451395,1739451395,a,100.0,100.0,
496683,1732852069,1732852069,a,,,
497606,1722586591,1722586591,a,,,
497606,1725630627,1724747848,u,0.0,0.0,Loaened to Derby County
497894,1722586591,1722586591,a,,,
497894,1723742209,1722870004,i,,0.0,Hamstring injury - Expected back 14 Sep
497894,1725630627,1725630627,d,0.0,50.0,Hamstring injury - 50% chance of playing
497894,1726494724,1726494724,i,0.0,0.0,Hamstring injury - Expected back 21 Sep
497894,1727126145,1727126145,a,75.0,100.0,
498046,1725630627,1725630627,a,,,
499167,1727772988,1727772988,a,,,
499169,1724143573,1724143573,a,,,
499169,1733535327,1733238009,d,75.0,75.0,Knock - 75% chance of playing
499169,1734060228,1734060228,a,75.0,100.0,
499169,1740397855,1740258010,s,100.0,0.0,Suspended until 09 Mar
499169,1741164423,1741164423,a,0.0,100.0,
499175,1722586591,1722586591,a,,,
499175,1736248298,1736028007,i,,0.0,Muscle injury - Unknown return date
499175,1738228966,1738228966,a,100.0,100.0,
499309,1722586591,1722586591,a,,,
499309,1739451395,1738945807,i,,0.0,Hamstring injury - Unknown return date
499309,1740397855,1740397855,i,0.0,0.0,Hamstring injury - Expected back 02 Apr
499309,1741693992,1741693992,i,0.0,0.0,Hamstring injury - Expected back 03 Apr
499309,1742825108,1742825108,d,0.0,50.0,Hamstring injury - 50% chance of playing
499309,1743841282,1743841282,d,50.0,25.0,Hamstring injury - 25% chance of playing
499309,1745626070,1745626070,i,25.0,0.0,Hamstring injury - Expected back 11 May
499309,1746837439,1746837439,d,0.0,75.0,Lack of match fitness - 75% chance of playing
499309,1747388684,1747388684,d,75.0,25.0,Lack of match fitness - 25% chance of playing
499309,1748089574,1748089574,a,25.0,100.0,
499717,1725630627,1725630627,a,,,
499717,1737177344,1737116737,u,,0.0,Loaned to Preston North End
499721,1724143573,1724143573,a,,,
499721,1726494724,1726494724,a,100.0,100.0,
499721,1731088322,1730970008,d,100.0,25.0,Illness - 25% chance of playing
499721,1732063467,1732063467,d,25.0,75.0,Illness - 75% chance of playing
499721,1732852069,1732852069,d,0.0,50.0,Illness - 50% chance of playing
499721,1733111631,1733111631,i,0.0,0.0,Illness - Expected back 15 Dec
499721,1733535327,1733535327,i,0.0,0.0,Illness - Expected back 04 Jan
499721,1734685493,1734685493,d,0.0,50.0,Lack of match fitness - 50% chance of playing
499721,1734944423,1734944423,i,0.0,0.0,Lack of match fitness - Expected back 04 Jan
499721,1736248298,1736248298,d,0.0,50.0,Lack of match fitness - 50% chance of playing
499721,1737177344,1737177344,a,100.0,100.0,
499724,1722586591,1722586591,a,,,
499724,1739451395,1738713231,u,,0.0,Loaned to Strasbourg
499726,1732852069,1732852069,a,,,
500016,1737177344,1737177344,a,,,
500058,1735843782,1735843782,a,,,
500058,1739451395,1738885482,u,,0.0,Loaned to Sunderland
500926,1722586591,1722586591,a,,,
500926,1736248298,1736202860,u,,0.0,Season-long loan to QPR
501620,1739451395,1739451395,a,,,
501770,1724143573,1724143573,a,,,
501770,1725630627,1725085351,u,0.0,0.0,Loaned to Oxford United
501837,1722586591,1722586591,a,,,
501837,1726494724,1726494724,a,75.0,100.0,
501837,1727126145,1726950606,d,100.0,25.0,Knee injury - 25% chance of playing
501837,1727772988,1727772988,i,0.0,0.0,Knee injury - Expected back 01 Jun
502222,1724659814,1724659814,a,,,
502500,1722586591,1722586591,a,,,
502500,1723742209,1722870004,i,,0.0,Knee injury - Expected back 29 Dec
502500,1730127279,1730127279,i,0.0,0.0,Knee injury - Expected back 23 Nov
502500,1732063467,1732063467,d,0.0,50.0,Knee injury - 50% chance of playing
502500,1732852069,1732852069,a,100.0,100.0,
502500,1734685493,1734568207,d,100.0,75.0,Knock - 75% chance of playing
502500,1734944423,1734944423,d,25.0,25.0,Knock - 25% chance of playing
502500,1735398440,1735398440,i,0.0,0.0,Knee injury - Unknown return date
502500,1745626070,1744331406,d,0.0,50.0,Lack of match fitness - 50% chance of playing
502500,1746837439,1746837439,a,25.0,100.0,
502697,1722586591,1722586591,a,,,
502697,1725630627,1725011309,u,0.0,0.0,Permanent transfer to Flamengo
502697,1739451395,1739451395,a,100.0,100.0,
503139,1722586591,1722586591,a,,,
503139,1730127279,1729846806,i,0.0,0.0,Knee injury - Unknown return date
503139,1738228966,1738228966,i,0.0,0.0,Knee injury - Expected back 15 Feb
503139,1739451395,1739451395,d,0.0,50.0,Knee injury - 50% chance of playing
503139,1740085255,1740085255,a,75.0,100.0,
503139,1747388684,1746923408,i,100.0,0.0,Jaw Injury - Expected back 01 Jun
503139,1748089574,1748089574,d,0.0,75.0,Jaw Injury - 75% chance of playing
503139,1749050423,1749050423,a,75.0,100.0,
503301,1722586591,1722586591,a,,,
503301,1726494724,1726494724,a,100.0,100.0,
503301,1736248298,1736112609,i,100.0,0.0,Groin Injury - Expected back 01 Feb
503301,1737177344,1737177344,a,0.0,100.0,
503301,1741164423,1740825009,d,100.0,25.0,Knee injury - 25% chance of playing
503301,1741693992,1741693992,a,50.0,100.0,
503301,1743841282,1743642008,d,100.0,75.0,Hamstring injury - 75% chance of playing
503301,1745626070,1745626070,d,0.0,50.0,Hamstring injury - 50% chance of playing
503301,1746837439,1746837439,a,100.0,100.0,
503714,1722586591,1722586591,a,,,
503714,1733111631,1732928408,n,,0.0,Ineligible to face his parent club on 4/12. - Expected back 07 Dec
503714,1733535327,1733535327,a,0.0,100.0,
504296,1740085255,1740085255,a,,,
504783,1722586591,1722586591,a,,,
504783,1723742209,1722870005,d,,50.0,Ankle injury - 50% chance of playing
504783,1724143573,1724143573,i,0.0,0.0,Ankle injury - Expected back 31 Aug
504783,1724659814,1724659814,d,25.0,25.0,Ankle injury - 25% chance of playing
504783,1725630627,1725630627,d,50.0,50.0,Ankle injury - 50% chance of playing
504783,1726494724,1726494724,i,0.0,0.0,Ankle injury - Expected back 21 Sep
504783,1727126145,1727126145,d,0.0,50.0,Ankle injury - 50% chance of playing
504783,1727772988,1727772988,i,0.0,0.0,Ankle injury - Expected back 19 Oct
504783,1728291745,1728291745,d,0.0,50.0,Ankle injury - 50% chance of playing
504783,1729760392,1729760392,a,100.0,100.0,
504783,1738228966,1737676810,d,0.0,75.0,Hamstring injury - 75% chance of playing
504783,1739451395,1739451395,a,100.0,100.0,
505187,1722586591,1722586591,a,,,
505187,1739451395,1738578205,u,,0.0,Loaned to Torino
507433,1722586591,1722586591,a,,,
508395,1722586591,1722586591,a,,,
508479,1722586591,1722586591,a,,,
508479,1732852069,1732852069,a,75.0,100.0,
509291,1725630627,1725630627,a,,,
509291,1735843782,1735551007,d,,75.0,Knock - 75% chance of playing
509291,1737177344,1737177344,a,100.0,100.0,
509416,1724143573,1724143573,a,,,
509416,1731088322,1730718008,d,,75.0,Ankle injury - 75% chance of playing
509416,1732063467,1732063467,a,75.0,100.0,
510281,1722586591,1722586591,a,,,
510281,1724143573,1724020206,d,,75.0,Knock - 75% chance of playing
510281,1724659814,1724659814,a,75.0,100.0,
510281,1725630627,1725138005,d,100.0,75.0,Knee injury - 75% chance of playing
510281,1726494724,1726494724,a,75.0,100.0,
510362,1722586591,1722586591,a,,,
510362,1726494724,1726441206,d,,75.0,Hamstring injury - 75% chance of playing
510362,1727772988,1727772988,a,75.0,100.0,
510362,1735843782,1735551007,i,100.0,0.0,Hamstring injury - Expected back 20 Jan
510362,1737177344,1737177344,i,0.0,0.0,Hamstring injury - Expected back 25 Jan
510362,1738228966,1738228966,a,75.0,100.0,
510363,1722586591,1722586591,a,,,
510363,1725630627,1725181941,u,,0.0,Season long loan to RCD Mallorca
510500,1724143573,1724143573,a,,,
510500,1731088322,1731088322,a,75.0,100.0,
511499,1739451395,1739451395,a,,,
512462,1722586591,1722586591,a,,,
512462,1747388684,1746923408,d,,75.0,Knee injury - 75% chance of playing
512462,1748089574,1748089574,a,100.0,100.0,
513046,1722586591,1722586591,a,,,
513046,1724143573,1723924806,i,,0.0,Ankle injury - Unknown return date
513046,1734944423,1734944423,d,25.0,25.0,Lack of match fitness - 25% chance of playing
513046,1736248298,1736248298,d,0.0,50.0,Lack of match fitness - 50% chance of playing
513046,1737177344,1737177344,a,100.0,100.0,
513418,1722586591,1722586591,a,,,
513418,1738228966,1737939609,d,,75.0,Knock - 75% chance of playing
513418,1739451395,1739451395,a,100.0,100.0,
513433,1724143573,1724143573,a,,,
513433,1725630627,1724990406,d,50.0,50.0,Knock - 50% chance of playing
513433,1727126145,1727126145,d,25.0,25.0,Knock - 25% chance of playing
513433,1727772988,1727772988,d,50.0,50.0,Knock - 50% chance of playing
513433,1728291745,1728291745,a,75.0,100.0,
513433,1733111631,1732928408,d,100.0,75.0,Illness - 75% chance of playing
513433,1733535327,1733535327,a,75.0,100.0,
513527,1725630627,1725630627,a,,,
513834,1724143573,1724143573,a,,,
513834,1724659814,1724156349,u,0.0,0.0,Loaned to Stoke City
514254,1737177344,1737177344,a,100.0,100.0,
514280,1722586591,1722586591,a,,,
514280,1723742209,1723202116,u,,0.0,Has joined Sheffield United on a season-long
514287,1725630627,1725630627,a,,,
514287,1739451395,1738666321,u,,0.0,Loaned to Bristol Rovers
514307,1745626070,1745626070,a,,,
514315,1722586591,1722586591,a,,,
514315,1724143573,1723809035,u,0.0,0.0,Loaned to  Bristol Rovers
514356,1722586591,1722586591,a,,,
514356,1725630627,1724756406,d,0.0,50.0,Hamstring injury - 50% chance of playing
514356,1726494724,1726494724,i,0.0,0.0,Hamstring injury - Expected back 21 Sep
514356,1727126145,1727126145,d,50.0,50.0,Hamstring injury - 50% chance of playing
514356,1727772988,1727772988,a,100.0,100.0,
514356,1732063467,1731279608,d,100.0,75.0,Knock - 75% chance of playing
514356,1732852069,1732852069,a,75.0,100.0,
514356,1734944423,1734713159,d,50.0,50.0,Hamstring injury - 50% chance of playing
514356,1735398440,1735398440,i,0.0,0.0,Hamstring injury - Expected back 04 Jan
514356,1735843782,1735843782,d,50.0,50.0,Hamstring injury - 50% chance of playing
514356,1737177344,1737126007,d,100.0,75.0,Knock - 75% chance of playing
514356,1738228966,1738228966,i,0.0,0.0,Muscle injury - Unknown return date
514356,1739451395,1739451395,i,0.0,0.0,Muscle injury - Expected back 02 Apr
514356,1741693992,1741693992,a,25.0,100.0,
514356,1743841282,1743768009,i,100.0,0.0,Muscle injury - Unknown return date
514356,1745626070,1745626070,a,100.0,100.0,
515024,1722586591,1722586591,a,,,
515024,1723742209,1722965044,u,,0.0,Season long loan to Birmingham City
515571,1722586591,1722586591,a,,,
515571,1724143573,1723806006,i,0.0,0.0,Lack of match fitness - Expected back 31 Aug
515571,1724659814,1724659814,d,25.0,25.0,Lack of match fitness - 25% chance of playing
515571,1725630627,1725630627,a,100.0,100.0,
515571,1733111631,1732881608,i,0.0,0.0,Unknown - Expected back 16 Jan
515571,1736248298,1736248298,i,0.0,0.0,Unknown - Unknown return date
515571,1740397855,1740397855,d,0.0,25.0,Lack of match fitness - 25% chance of playing
515571,1741693992,1741693992,d,50.0,50.0,Lack of match fitness - 50% chance of playing
515571,1744374721,1744374721,a,50.0,100.0,
515597,1724143573,1724143573,a,,,
515621,1722586591,1722586591,a,,,
515621,1725630627,1724862604,i,0.0,0.0,Knee injury - Unknown return date
515621,1726494724,1726494724,i,0.0,0.0,Knee injury - Expected back 23 Nov
515621,1732063467,1732063467,i,0.0,0.0,Knee injury - Expected back 15 Dec
515621,1734060228,1734060228,d,0.0,50.0,Knee injury - 50% chance of playing
515621,1734685493,1734685493,d,75.0,75.0,Lack of match fitness - 75% chance of playing
515621,1735843782,1735843782,a,75.0,100.0,
515621,1738228966,1737734409,i,0.0,0.0,Knee injury - Unknown return date
515621,1743841282,1743841282,i,0.0,0.0,Knee injury - Expected back 01 Jun
516159,1725630627,1725630627,a,,,
516250,1731088322,1731088322,a,,,
516250,1739451395,1738789468,u,,0.0,Loaned to Norwich City
516895,1722586591,1722586591,a,,,
516895,1727772988,1727643606,d,,75.0,Knock - 75% chance of playing
516895,1728291745,1728291745,a,100.0,100.0,
516895,1729760392,1728383406,i,0.0,0.0,Muscle injury - Unknown return date
516895,1731088322,1731088322,i,25.0,0.0,Muscle injury - Expected back 24 Nov
516895,1732063467,1732063467,d,0.0,50.0,Muscle injury - 50% chance of playing
516895,1732852069,1732852069,a,50.0,100.0,
516895,1733111631,1733097609,s,100.0,0.0,Suspended until 07 Dec
516895,1733535327,1733535327,a,0.0,100.0,
516895,1740085255,1739786410,i,100.0,0.0,Knock - Unknown return date
516895,1743841282,1743841282,d,0.0,75.0,Lack of match fitness - 75% chance of playing
516895,1744374721,1744374721,a,75.0,100.0,
516939,1737177344,1737177344,a,,,
516939,1740085255,1739786410,d,,75.0,Muscle injury - 75% chance of playing
516939,1740397855,1740397855,i,0.0,0.0,Muscle injury - Expected back 08 Mar
516939,1741164423,1741164423,i,0.0,0.0,Muscle injury - Unknown return date
516939,1741693992,1741693992,a,100.0,100.0,
517052,1722586591,1722586591,a,,,
517052,1739451395,1739179807,i,,0.0,Hamstring injury - Expected back 02 Apr
517052,1741693992,1741693992,i,0.0,0.0,Hamstring injury - Expected back 03 Apr
517052,1742825108,1742825108,d,0.0,50.0,Hamstring injury - 50% chance of playing
517052,1743841282,1743841282,a,50.0,100.0,
517052,1747388684,1747004409,s,100.0,0.0,Suspended until 23 Aug
517178,1722586591,1722586591,a,,,
517178,1723742209,1723018838,u,,0.0,Season long loan to Blackpool
517179,1727772988,1727772988,a,,,
518438,1725630627,1725630627,a,,,
518438,1733111631,1733004008,d,,75.0,Illness - 75% chance of playing
518438,1733535327,1733535327,a,75.0,100.0,
518442,1734685493,1734685493,a,,,
518620,1722586591,1722586591,a,,,
518620,1725630627,1725532698,u,,0.0,Transferred to Al-Nassr
519223,1749050423,1749050423,a,,,
519321,1734685493,1734685493,a,,,
519321,1737177344,1737116786,u,,0.0,Loaned to Aberdeen
519324,1722586591,1722586591,a,,,
519324,1725630627,1725085781,u,0.0,0.0,Loaned to Blackburn Rovers
520295,1722586591,1722586591,a,,,
520295,1726494724,1726064813,u,0.0,0.0,Transferred to AEK Athens
523700,1722586591,1722586591,a,,,
523700,1725630627,1725085961,u,0.0,0.0,Loaned to Watford
523700,1737177344,1737177344,a,100.0,100.0,
524180,1722586591,1722586591,a,,,
524180,1723742209,1723473005,d,,50.0,Thigh injury - 50% chance of playing
524180,1724143573,1724143573,a,100.0,100.0,
524180,1724659814,1724416788,u,0.0,0.0,Loaned to Wycombe
530121,1738228966,1738228966,a,,,
530318,1725630627,1725630627,a,,,
531170,1739451395,1739451395,a,,,
531363,1722586591,1722586591,a,,,
531363,1725630627,1724667589,u,0.0,0.0,Loaned to Zulte Waregem
531442,1722586591,1722586591,a,,,
531442,1731088322,1731088322,a,75.0,100.0,
531442,1732852069,1732185009,i,0.0,0.0,Knee injury - Expected back 01 Jun
531989,1722586591,1721983914,u,,0.0,Season long loan to Derby County
531997,1734685493,1734685493,a,,,
532529,1722586591,1722586591,a,,,
532529,1730127279,1729972807,d,,75.0,Muscle injury - 75% chance of playing
532529,1731088322,1731088322,a,100.0,100.0,
532529,1732063467,1731202207,d,100.0,75.0,Muscle injury - 75% chance of playing
532529,1732852069,1732852069,d,75.0,75.0,Knee injury - 75% chance of playing
532529,1733111631,1733111631,d,25.0,25.0,Knee injury - 25% chance of playing
532529,1734685493,1734685493,d,50.0,50.0,Knee injury - 50% chance of playing
532529,1734944423,1734944423,i,0.0,0.0,Knee injury - Unknown return date
532529,1735398440,1735398440,d,25.0,25.0,Knee injury - 25% chance of playing
532529,1736248298,1736248298,d,75.0,75.0,Lack of match fitness - 75% chance of playing
532529,1737177344,1737177344,d,50.0,50.0,Lack of match fitness - 50% chance of playing
532529,1738228966,1738228966,a,75.0,100.0,
532534,1724143573,1724143573,a,,,
532534,1739451395,1738605625,u,,0.0,Loaned to Cardiff City
532535,1735843782,1735843782,a,,,
532535,1739451395,1738665057,u,,0.0,Loaned to Kilmarnock
532605,1722586591,1722586591,a,,,
532605,1723742209,1722852994,u,,0.0,Has joined Strasbourg on a season-long loan
533463,1722586591,1722586591,a,,,
533463,1726494724,1726250407,i,0.0,0.0,Ankle injury - Unknown return date
533463,1727126145,1727126145,a,50.0,100.0,
533463,1731088322,1730478607,i,25.0,0.0,Muscle injury - Expected back 23 Nov
533463,1732063467,1732063467,d,0.0,75.0,Muscle injury - 75% chance of playing
533463,1732852069,1732852069,a,75.0,100.0,
533463,1746837439,1746721808,i,100.0,0.0,Groin Injury - Expected back 01 Jun
533710,1740397855,1740397855,a,,,
535017,1739451395,1739451395,a,,,
535301,1722586591,1722586591,a,,,
535301,1729760392,1729760392,a,75.0,100.0,
535301,1732063467,1731510008,d,100.0,75.0,Knee injury - 75% chance of playing
535301,1732852069,1732383008,s,100.0,0.0,Suspended until 05 Dec
535301,1733111631,1733111631,a,0.0,100.0,
535818,1722586591,1722586591,a,,,
535818,1727772988,1727649006,d,,75.0,Muscle injury - 75% chance of playing
535818,1728291745,1728291745,d,50.0,50.0,Muscle injury - 50% chance of playing
535818,1729760392,1729760392,a,100.0,100.0,
535928,1722586591,1722586591,a,,,
535928,1725630627,1725085185,u,0.0,0.0,Loaned to RB Salzburg
536109,1732063467,1732063467,a,,,
536238,1740397855,1740397855,a,,,
536241,1737177344,1737177344,a,,,
536694,1722586591,1722586591,a,,,
536694,1724143573,1723815006,i,0.0,0.0,Rib Injury - Unknown return date
536694,1726494724,1726494724,i,0.0,0.0,Rib Injury - Expected back 28 Sep
536694,1727126145,1727126145,d,0.0,50.0,Rib Injury - 50% chance of playing
536694,1727772988,1727451007,i,0.0,0.0,Lack of match fitness - Expected back 21 Oct
536694,1728291745,1728291745,i,0.0,0.0,Groin Injury - Expected back 04 Jan
536694,1736248298,1736248298,d,0.0,50.0,Groin Injury - 50% chance of playing
536694,1737177344,1737177344,i,0.0,0.0,Lack of match fitness - Expected back 08 Mar
536694,1739451395,1739451395,a,100.0,100.0,
536908,1722586591,1722586591,a,,,
536908,1723742209,1723292381,u,,0.0,Loaned to Espanyol
536916,1722586591,1722586591,a,,,
536916,1732063467,1731279607,s,,0.0,Suspended until 30 Nov
536916,1732852069,1732852069,a,0.0,100.0,
536916,1733535327,1733358608,n,100.0,0.0,Ineligible to face his parent club on 8/12. - Expected back 14 Dec
536916,1734060228,1734060228,a,0.0,100.0,
536916,1744374721,1743868808,n,100.0,0.0,Ineligible to face his parent club on 12/4. - Expected back 20 Apr
536916,1745626070,1745626070,a,100.0,100.0,
537403,1726494724,1726494724,a,,,
537403,1741164423,1740740751,u,,0.0,Loaned to Royal Antwerp
538182,1743841282,1743841282,a,,,
538207,1723742209,1723742209,a,,,
539721,1732852069,1732852069,a,,,
539721,1739451395,1738666300,u,,0.0,Loaned to Norwich City
541462,1737177344,1737177344,a,,,
543158,1722586591,1722586591,a,,,
543158,1724659814,1724454006,u,0.0,0.0,Loaned to Sevilla
544877,1722586591,1722586591,a,,,
544877,1729760392,1729760392,a,75.0,100.0,
545477,1722586591,1722586591,a,,,
545477,1738228966,1737540951,u,0.0,0.0,Loaned to Bolton Wanderers
545508,1733535327,1733535327,a,,,
545508,1739451395,1738664905,u,,0.0,Loaned to Accrington Stanley
547037,1729760392,1729760392,a,,,
547676,1740085255,1740085255,a,,,
547692,1734685493,1734685493,a,,,
547693,1745626070,1745626070,a,,,
547701,1722586591,1722586591,a,,,
547701,1733111631,1733097609,d,,75.0,Knock - 75% chance of playing
547701,1733535327,1733535327,a,75.0,100.0,
547719,1722586591,1721223005,i,,0.0,Foot injury - Expected back 28 Sep
547719,1727126145,1727126145,i,0.0,0.0,Foot injury - Expected back 19 Oct
547719,1728291745,1728291745,d,0.0,50.0,Foot injury - 50% chance of playing
547719,1729760392,1729760392,a,50.0,100.0,
547720,1743841282,1743841282,a,,,
547801,1732063467,1732063467,a,,,
548308,1722586591,1722586591,a,,,
548308,1725630627,1724667008,u,0.0,0.0,Loaned to Stoke City
549067,1735843782,1735843782,a,,,
549068,1722586591,1722586591,a,,,
549068,1726494724,1725836407,d,25.0,25.0,Hamstring injury - 25% chance of playing
549068,1727126145,1727126145,i,0.0,0.0,Hamstring injury - Unknown return date
549068,1741693992,1741693992,d,0.0,25.0,Lack of match fitness - 25% chance of playing
549068,1742825108,1742825108,i,25.0,0.0,Hamstring injury - Expected back 01 Jun
549640,1722586591,1722586591,a,,,
550141,1722586591,1722586591,a,,,
550141,1725630627,1724929724,u,0.0,0.0,Has joined Vitesse Arnhem on loan for the rest of the season
550596,1737177344,1737177344,a,,,
550615,1734685493,1734685493,a,,,
550839,1724143573,1724143573,a,,,
550839,1727126145,1726698608,i,0.0,0.0,Muscle injury - Unknown return date
550839,1729760392,1729760392,i,0.0,0.0,Hamstring injury - Unknown return date
550839,1730127279,1730127279,a,100.0,100.0,
550839,1731088322,1730289608,i,0.0,0.0,Hamstring injury - Unknown return date
550839,1739451395,1739451395,d,0.0,50.0,Hamstring injury - 50% chance of playing
550839,1740085255,1740085255,a,50.0,100.0,
550864,1722586591,1722586591,a,,,
550864,1723742209,1722870005,i,,0.0,Foot injury - Expected back 02 Nov
550864,1731088322,1731088322,d,25.0,25.0,Lack of match fitness - 25% chance of playing
550864,1732063467,1732063467,d,25.0,50.0,Lack of match fitness - 50% chance of playing
550864,1733535327,1733535327,a,75.0,100.0,
550864,1741693992,1741563009,d,100.0,75.0,Foot injury - 75% chance of playing
550864,1742825108,1742825108,d,0.0,50.0,Foot injury - 50% chance of playing
550864,1743841282,1743841282,a,100.0,100.0,
550864,1747388684,1747004409,d,100.0,25.0,Foot injury - 25% chance of playing
550864,1748089574,1748089574,a,25.0,100.0,
551221,1725630627,1725630627,a,,,
551226,1724659814,1724659814,a,,,
551226,1735843782,1735551007,s,,0.0,Suspended until 16 Jan
551226,1736248298,1736248298,a,0.0,100.0,
551230,1722586591,1722586591,a,,,
551230,1739451395,1738237186,u,0.0,0.0,Loaned to Juventus
552427,1724143573,1724143573,a,,,
552427,1726494724,1726239607,i,0.0,0.0,Hamstring injury - Unknown return date
552427,1727772988,1727772988,a,100.0,100.0,
552427,1739451395,1738885534,u,100.0,0.0,Loaned to West Bromwich Albion
554194,1731088322,1731088322,a,,,
554194,1732063467,1731511809,d,,75.0,Knock - 75% chance of playing
554194,1732852069,1732852069,a,75.0,100.0,
554605,1722586591,1722586591,a,,,
556639,1731088322,1731088322,a,,,
559684,1740085255,1740085255,a,,,
559962,1736248298,1736248298,a,,,
560248,1725630627,1725630627,a,,,
560248,1726494724,1726441206,i,,0.0,Knock - Expected back 19 Oct
560248,1728291745,1728291745,d,0.0,50.0,Knock - 50% chance of playing
560248,1731088322,1731088322,d,50.0,50.0,Lack of match fitness - 50% chance of playing
560248,1732852069,1732852069,d,75.0,75.0,Lack of match fitness - 75% chance of playing
560248,1734685493,1734685493,a,100.0,100.0,
563324,1746837439,1746837439,a,,,
564510,1722586591,1722586591,a,,,
565858,1730127279,1730127279,a,,,
567119,1740397855,1740397855,a,,,
567121,1739451395,1739451395,a,,,
568791,1738228966,1738228966,a,,,
569014,1722586591,1722586591,a,,,
570241,1722586591,1722586591,a,,,
570526,1722586591,1722586591,a,,,
570526,1729760392,1729760392,a,100.0,100.0,
570526,1746837439,1746140409,i,0.0,0.0,Ankle injury - Expected back 01 Jun
573062,1724143573,1724143573,a,,,
574398,1725630627,1725630627,a,,,
574398,1732063467,1731490208,d,,25.0,Hamstring injury - 25% chance of playing
574398,1737177344,1737177344,a,25.0,100.0,
574402,1722586591,1722586591,a,,,
574402,1725630627,1725012976,u,0.0,0.0,Season long to Portsmouth
574799,1738228966,1738228966,a,,,
575034,1725630627,1725630627,a,,,
575034,1738228966,1737971999,u,,0.0,Loaned to Walsall
575204,1741164423,1741164423,a,,,
575476,1722586591,1722586591,a,,,
575476,1734685493,1734215408,d,,75.0,Knock - 75% chance of playing
575476,1734944423,1734944423,a,75.0,100.0,
575476,1735843782,1735551007,d,100.0,75.0,Muscle injury - 75% chance of playing
575476,1736248298,1736248298,a,75.0,100.0,
575476,1746837439,1746516608,d,100.0,75.0,Muscle injury - 75% chance of playing
575476,1748089574,1748008809,d,75.0,75.0,Ankle injury - 75% chance of playing
575476,1749050423,1749050423,a,75.0,100.0,
575901,1737177344,1737115209,i,,0.0,International Duty - Expected back 22 Feb
575901,1740085255,1740085255,d,0.0,75.0,International Duty - 75% chance of playing
575901,1740397855,1740397855,a,100.0,100.0,
576637,1733535327,1733535327,a,,,
576980,1732063467,1732063467,a,,,
577016,1734685493,1734685493,a,,,
577114,1722586591,1722586591,a,,,
577725,1724143573,1724143573,a,,,
577731,1732852069,1732852069,a,,,
577974,1730127279,1730127279,a,,,
578153,1738228966,1738228966,a,,,
578512,1722586591,1722586591,a,,,
578512,1726494724,1725966499,u,0.0,0.0,Loaned to Willem II
578545,1722586591,1722586591,a,,,
578545,1739451395,1738607415,u,,0.0,Loaned to RB Leipzig
579075,1725630627,1725630627,a,,,
579075,1737177344,1737177344,a,,100.0,
579075,1738228966,1737540835,u,0.0,0.0,Loaned to Gillingham
588555,1739451395,1739451395,a,,,
588793,1726494724,1726494724,a,,,
588793,1739451395,1738666346,u,,0.0,Loaned to Bromley
588796,1726494724,1726494724,a,,,
589100,1733111631,1733111631,a,,,
589507,1722586591,1722586591,a,,,
589507,1723742209,1723473005,i,,0.0,Ankle injury - Unknown return date
589507,1726494724,1726494724,a,100.0,100.0,
589507,1739451395,1738780209,i,100.0,0.0,Knee injury - Expected back 01 Jun
590012,1728291745,1728291745,a,,,
590760,1737177344,1737177344,a,,,
591357,1724143573,1724143573,a,,,
591357,1739451395,1738607442,u,,0.0,Loaned to Exeter City
591382,1741693992,1741693992,a,,,
591385,1733111631,1733111631,a,,,
591386,1733111631,1733111631,a,,,
592031,1722586591,1722586591,a,,,
592031,1724143573,1723924806,d,,75.0,Head injury - 75% chance of playing
592031,1724659814,1724659814,a,100.0,100.0,
592031,1729760392,1729377006,d,100.0,75.0,Knock - 75% chance of playing
592031,1730127279,1730127279,d,75.0,75.0,Groin Injury - 75% chance of playing
592031,1731088322,1731088322,d,75.0,50.0,Groin Injury - 50% chance of playing
592031,1732852069,1732852069,a,100.0,100.0,
592662,1727126145,1727126145,a,,,
592662,1738228966,1737715693,u,0.0,0.0,Loaned to Exeter City
592712,1746837439,1746837439,a,,,
592736,1734685493,1734685493,a,,,
593001,1722586591,1722586591,a,,,
593001,1723742209,1722870005,i,,0.0,Knee injury - Unknown return date
596047,1740085255,1740085255,a,,,
596054,1732852069,1732852069,a,,,
596777,1739451395,1739451395,a,,,
596777,1741164423,1740643210,s,,0.0,Suspended until 01 Apr
596777,1742825108,1742825108,a,0.0,100.0,
597320,1745626070,1745626070,a,,,
599303,1741693992,1741693992,a,,,
602903,1733111631,1733111631,a,,,
604988,1745626070,1745626070,a,,,
606745,1726494724,1726494724,a,,,
606745,1742825108,1742166007,d,,75.0,Leg injury - 75% chance of playing
606745,1743841282,1743841282,i,0.0,0.0,Ankle injury - Unknown return date
606745,1745626070,1744990208,i,75.0,0.0,Knock - Expected back 20 Apr
606745,1746837439,1746837439,d,0.0,25.0,Ankle injury - 25% chance of playing
606745,1747388684,1747388684,d,25.0,75.0,Lack of match fitness - 75% chance of playing
606745,1748089574,1748089574,a,75.0,100.0,
606774,1735843782,1735843782,a,,,
606775,1733111631,1733111631,a,,,
606798,1738228966,1738228966,a,,,
606921,1738228966,1738228966,a,,,
606921,1745626070,1745626070,a,100.0,100.0,
607464,1739451395,1739451395,a,,,
607464,1741693992,1741467610,d,,75.0,Knock - 75% chance of playing
607464,1742825108,1742825108,d,25.0,50.0,Knee injury - 50% chance of playing
607464,1743841282,1743841282,a,100.0,100.0,
609640,1739451395,1739451395,a,,,
609873,1724143573,1724143573,a,,,
609873,1739451395,1738665102,u,,0.0,Loaned to Derby County
611917,1733111631,1733111631,a,,,
611917,1737177344,1737114516,u,100.0,0.0,U18 team
611920,1732852069,1732852069,a,,,
611926,1733535327,1733535327,a,,,
612534,1741693992,1741693992,a,,,
612855,1722586591,1722586591,a,,,
612855,1724143573,1723809268,u,0.0,0.0,Loaned to Feyenoord
613120,1735398440,1735398440,a,,,
613467,1736248298,1736248298,a,,,
616059,1738228966,1738228966,a,,,
616222,1738228966,1738228966,a,,,
617054,1722586591,1722586591,a,,,
617054,1741164423,1740740795,u,,0.0,Loaned to Santos
618873,1740085255,1740085255,a,,,
619146,1745626070,1745626070,a,,,
620408,1737177344,1737177344,a,,,
622536,1735398440,1735398440,a,,,
622758,1740085255,1740085255,a,,,
622758,1745626070,1745587809,i,,0.0,Hamstring injury - Unknown return date
622758,1748089574,1748089574,a,0.0,100.0,
623095,1737177344,1737177344,a,,,
623095,1739451395,1738578292,u,,0.0,Loaned to Queens Park Rangers
626464,1725630627,1725630627,a,,,
626464,1726494724,1726153207,i,0.0,0.0,Back injury - Expected back 19 Oct
626464,1728291745,1728291745,d,0.0,50.0,Back injury - 50% chance of playing
626464,1729760392,1729760392,i,0.0,0.0,Back injury - Unknown return date
626464,1730127279,1730127279,i,0.0,0.0,Back injury - Expected back 23 Nov
626464,1732063467,1732063467,d,0.0,50.0,Back injury - 50% chance of playing
626464,1732852069,1732852069,d,0.0,50.0,Lack of match fitness - 50% chance of playing
626464,1733111631,1733111631,i,0.0,0.0,Lack of match fitness - Expected back 07 Dec
626464,1733535327,1733535327,i,0.0,0.0,Lack of match fitness - Expected back 15 Dec
626464,1734060228,1734060228,i,0.0,0.0,Lack of match fitness - Unknown return date
626464,1734685493,1734685493,i,0.0,0.0,Back injury - Unknown return date
626464,1743841282,1743543009,i,100.0,0.0,Lack of match fitness - Unknown return date
626464,1744374721,1744374721,d,0.0,75.0,Lack of match fitness - 75% chance of playing
626464,1745626070,1745626070,a,100.0,100.0,
628204,1722586591,1722586591,a,,,
628204,1745626070,1745626070,a,,100.0,
630664,1745626070,1745626070,a,,,
632822,1735398440,1735398440,a,,,
641221,1722586591,1722586591,a,,,
641221,1745626070,1744380007,d,25.0,75.0,Ankle injury - 75% chance of playing
641221,1746837439,1746837439,a,100.0,100.0,
647671,1741164423,1741164423,a,,,
649208,1744374721,1744374721,a,,,
649208,1745626070,1745626070,a,100.0,100.0,
100000084,1738228966,1738228966,a,,,
100037568,1738228966,1738228966,a,,,
100037973,1738228966,1738228966,a,,,
100038215,1738228966,1738228966,a,,,
100040854,1738228966,1738228966,a,,,
100041800,1738228966,1738228966,a,,,
100041808,1738228966,1738228966,a,,,
100041880,1738228966,1738228966,a,,,
100042830,1738228966,1738228966,a,,,
100044409,1738228966,1738228966,a,,,
100045653,1738228966,1738228966,a,,,
100046435,1738228966,1738228966,a,,,
100047417,1738228966,1738228966,a,,,
100047426,1745626070,1745626070,a,100.0,100.0,
100048548,1738228966,1738228966,a,,,
100050427,1738228966,1738228966,a,,,
100050995,1738228966,1738228966,a,,,
100051017,1738228966,1738228966,a,,,
100052173,1738228966,1738228966,a,,,
100053636,1738228966,1738228966,a,,,
100053901,1738228966,1738228966,a,,,
