code,observed_at,start_at,status,chance_this,chance_next,news
9089,1626901033,1626901033,a,,,
9089,1630335330,1630063811,i,0.0,0.0,Hamstring injury - Unknown return date
9089,1631631391,1631631391,d,0.0,50.0,Hamstring injury - 50% chance of playing
9089,1632300087,1632300087,a,100.0,100.0,
9089,1638180609,1638138618,d,100.0,25.0,Groin Injury - 25% chance of playing
9089,1638522834,1638522834,i,0.0,0.0,Groin Injury - Expected back 15 Jan
9089,1642060544,1642060544,d,0.0,50.0,Groin Injury - 50% chance of playing
9089,1642654637,1642654637,a,100.0,100.0,
11948,1630335330,1630335330,a,,,
11974,1630335330,1630335330,a,,,
11974,1651244416,1651068018,d,,50.0,Knock - 50% chance of playing
11974,1653046146,1653046146,a,100.0,100.0,
14937,1631631391,1631631391,a,,,
14937,1639078188,1639078188,a,75.0,100.0,
14937,1642060544,1641857420,d,100.0,75.0,Hip injury - 75% chance of playing
14937,1642654637,1642654637,a,75.0,100.0,
14937,1647081070,1646645414,d,100.0,75.0,Hip injury - 75% chance of playing
14937,1647627440,1647627440,a,100.0,100.0,
14937,1649340876,1648942219,d,100.0,75.0,Illness - 75% chance of playing
14937,1649769992,1649769992,a,100.0,100.0,
14937,1653306622,1653141613,d,25.0,25.0,Hip injury - 25% chance of playing
15157,1626901033,1626901033,a,,,
15157,1629795335,1629559809,d,,75.0,Knock - 75% chance of playing
15157,1630335330,1630335330,i,0.0,0.0,Knock - Unknown return date
15157,1631631391,1631631391,a,50.0,100.0,
15157,1635154236,1635114613,d,100.0,75.0,Hamstring injury - 75% chance of playing
15157,1635844587,1635844587,i,0.0,0.0,Hamstring injury - Expected back 20 Nov
15157,1636451039,1636451039,d,0.0,50.0,Hamstring injury - 50% chance of playing
15157,1638180609,1638180609,a,100.0,100.0,
15749,1626901033,1626901033,a,,,
15749,1628766408,1628065420,u,,0.0,Transferred to Celtic
17349,1630335330,1630335330,a,,,
17349,1636451039,1636034416,d,75.0,75.0,Illness - 75% chance of playing
17349,1637576440,1637576440,a,100.0,100.0,
17601,1631631391,1631631391,a,,,
17745,1626901033,1626901033,a,,,
17745,1639078188,1638748817,d,,75.0,Hand injury - 75% chance of playing
17745,1639416474,1639416474,a,100.0,100.0,
17761,1626901033,1626901033,a,,,
17761,1637576440,1637429408,s,,0.0,Suspended until 01 Dec
17761,1638180609,1638138617,s,0.0,0.0,Suspended until 04 Dec
17761,1638522834,1638522834,a,0.0,100.0,
17761,1652452024,1651959012,d,100.0,75.0,Hamstring injury - 75% chance of playing
17761,1653046146,1653046146,a,50.0,100.0,
17997,1626901033,1626901033,a,,,
17997,1638522834,1638487810,d,,25.0,Muscle injury - 25% chance of playing
17997,1639416474,1639416474,a,25.0,100.0,
18073,1626901033,1626901033,a,,,
18073,1634634298,1634502614,d,,75.0,Hip injury - 75% chance of playing
18073,1635154236,1635154236,a,100.0,100.0,
18073,1642654637,1642183217,d,50.0,50.0,Knock - 50% chance of playing
18073,1644246349,1644246349,a,50.0,100.0,
18499,1626901033,1626901033,a,,,
18892,1626901033,1626901033,a,,,
18892,1639994742,1639751414,d,50.0,50.0,Knock - 50% chance of playing
18892,1642060544,1642060544,d,25.0,25.0,Toe Injury - 25% chance of playing
18892,1642654637,1642654637,a,25.0,100.0,
19236,1626901033,1626901033,a,,,
19624,1626901033,1626901033,a,,,
19624,1644571439,1644566415,d,,50.0,Calf injury - 50% chance of playing
19624,1645785079,1645785079,a,100.0,100.0,
19838,1630335330,1630335330,a,,,
19838,1644571439,1644571439,a,0.0,100.0,
20066,1626901033,1626901033,a,,,
20066,1632950337,1632304817,d,50.0,50.0,Ankle injury - 50% chance of playing
20066,1633336603,1633336603,a,100.0,100.0,
20310,1639078188,1639078188,a,,,
20452,1628766408,1628766408,a,,,
20452,1631631391,1630668616,d,25.0,75.0,Illness - 75% chance of playing
20452,1632300087,1631800809,d,75.0,75.0,Lack of match fitness - 75% chance of playing
20452,1632950337,1632950337,a,100.0,100.0,
20452,1649340876,1649338215,d,100.0,75.0,Ankle injury - 75% chance of playing
20452,1650616373,1650616373,a,100.0,100.0,
20467,1626901033,1626901033,a,,,
20467,1631631391,1631269815,i,0.0,0.0,Knock - Unknown return date
20467,1632300087,1632300087,i,0.0,0.0,Thigh injury - Expected back 02 Oct
20467,1632950337,1632950337,d,25.0,25.0,Lack of match fitness - 25% chance of playing
20467,1633336603,1633336603,a,75.0,100.0,
20467,1642654637,1642161615,d,0.0,75.0,Illness - 75% chance of playing
20467,1644246349,1644246349,a,100.0,100.0,
20480,1626901033,1626901033,a,,,
20480,1640689447,1640507419,d,25.0,25.0,Illness - 25% chance of playing
20480,1640951218,1640951218,d,25.0,50.0,Illness - 50% chance of playing
20480,1642060544,1642060544,a,75.0,100.0,
20480,1642654637,1642271414,d,100.0,75.0,Shoulder injury - 75% chance of playing
20480,1644246349,1644246349,i,0.0,0.0,Shoulder injury - Expected back 25 Feb
20480,1645785079,1645785079,a,0.0,100.0,
21205,1628766408,1628766408,a,,,
21205,1645785079,1645785079,a,0.0,100.0,
27789,1626901033,1626901033,a,,,
27789,1652452024,1652311811,d,,50.0,Muscle injury - 50% chance of playing
27789,1653046146,1653046146,a,50.0,100.0,
28690,1626901033,1626687535,u,,0.0,Left the club at the end of the 2020/21 season
32259,1626901033,1626901033,a,,,
37096,1626901033,1626901033,a,,,
37096,1644246349,1642896014,d,,75.0,Knock - 75% chance of playing
37096,1644571439,1644571439,a,75.0,100.0,
37642,1626901033,1626901033,a,,,
37642,1628766408,1628073008,i,,0.0,Foot injury - Expected back 11 Sep
37642,1631631391,1631631391,a,75.0,100.0,
37642,1632300087,1631831414,d,25.0,25.0,Foot injury - 25% chance of playing
37642,1632950337,1632950337,a,100.0,100.0,
37642,1633336603,1633336603,d,25.0,75.0,Illness - 75% chance of playing
37642,1634634298,1634634298,a,75.0,100.0,
37642,1639416474,1639350018,d,100.0,25.0,Hamstring injury - 25% chance of playing
37642,1639732352,1639732352,d,25.0,50.0,Hamstring injury - 50% chance of playing
37642,1640951218,1640951218,i,50.0,0.0,Hamstring injury - Expected back 23 Jan
37642,1642060544,1642060544,i,0.0,0.0,Hamstring injury - Expected back 02 Apr
37642,1644246349,1644246349,i,0.0,0.0,Hamstring injury - Expected back 19 Mar
37642,1647081070,1647081070,i,0.0,0.0,Hamstring injury - Expected back 20 Mar
37642,1647627440,1647627440,i,0.0,0.0,Hamstring injury - Expected back 02 Apr
37642,1647855483,1647855483,a,50.0,100.0,
37915,1626901033,1626901033,a,,,
38290,1626901033,1626901033,a,,,
38290,1635154236,1635012013,d,,75.0,Knock - 75% chance of playing
38290,1635844587,1635844587,a,100.0,100.0,
38290,1640951218,1640737820,d,100.0,75.0,Knee injury - 75% chance of playing
38290,1642060544,1642060544,i,0.0,0.0,Knee injury - Unknown return date
38290,1642654637,1642654637,a,100.0,100.0,
38290,1644246349,1643977820,n,100.0,0.0,Not included in Watford's 25-man Premier League squad - Unknown return date
38533,1626901033,1626248865,u,,0.0,Transferred to Roma
39155,1626901033,1626901033,a,,,
39155,1638522834,1638403215,i,,0.0,Muscle injury - Unknown return date
39155,1639078188,1639078188,i,0.0,0.0,Calf injury - Expected back 18 Dec
39155,1639732352,1639732352,a,75.0,100.0,
39155,1642654637,1642435218,d,100.0,50.0,Hamstring injury - 50% chance of playing
39155,1644246349,1644246349,a,0.0,100.0,
39155,1646243308,1645912812,d,100.0,75.0,Hamstring injury - 75% chance of playing
39155,1647081070,1647081070,a,100.0,100.0,
39155,1647627440,1647133220,d,100.0,75.0,Hamstring injury - 75% chance of playing
39155,1649340876,1649340876,a,0.0,100.0,
39487,1626901033,1626901033,a,,,
39487,1642060544,1641817821,d,,75.0,Illness - 75% chance of playing
39487,1644246349,1644246349,a,100.0,100.0,
39487,1646243308,1645914617,d,100.0,75.0,Knock - 75% chance of playing
39487,1647081070,1647081070,i,0.0,0.0,Knee injury - Expected back 02 Apr
39487,1649340876,1649340876,i,0.0,0.0,Knee injury - Unknown return date
39487,1651244416,1651244416,i,0.0,0.0,Knee injury - Expected back 07 May
39487,1651564399,1651564399,d,0.0,50.0,Knee injury - 50% chance of playing
39487,1652452024,1652452024,a,75.0,100.0,
39487,1653046146,1652995812,d,100.0,50.0,Knock - 50% chance of playing
39487,1653306622,1653306622,d,25.0,25.0,Calf injury - 25% chance of playing
39790,1626901033,1626170405,u,,0.0,Joined Elche CF on a season-long loan - Expected back 01 Jul
40145,1626901033,1626901033,a,,,
40145,1653046146,1653046146,a,75.0,100.0,
40146,1626901033,1626901033,a,,,
40146,1629104419,1628964010,d,,75.0,Illness - 75% chance of playing
40146,1629795335,1629795335,i,0.0,0.0,Illness - Expected back 28 Aug
40146,1630335330,1630191612,d,100.0,75.0,Illness - 75% chance of playing
40146,1631631391,1631631391,a,100.0,100.0,
40146,1640689447,1640595612,d,100.0,50.0,Knee injury - 50% chance of playing
40146,1640951218,1640951218,i,50.0,0.0,Knee injury - Expected back 15 Jan
40146,1642060544,1642060544,d,0.0,25.0,Knee injury - 25% chance of playing
40146,1642654637,1642654637,i,0.0,0.0,Knee injury - Unknown return date
40349,1626901033,1626901033,a,,,
40383,1626901033,1626901033,a,,,
40383,1639078188,1638531009,d,50.0,25.0,Hamstring injury - 25% chance of playing
40383,1639416474,1639416474,i,0.0,0.0,Hamstring injury - Unknown return date
40383,1640689447,1640689447,a,75.0,100.0,
40383,1653046146,1652828412,d,100.0,75.0,Back injury - 75% chance of playing
40383,1653306622,1653306622,i,0.0,0.0,Back injury - Expected back 01 Jun
40387,1626901033,1626901033,a,,,
40387,1630335330,1630063811,i,0.0,0.0,Illness - Expected back 11 Sep
40387,1631631391,1631631391,a,100.0,100.0,
40387,1644246349,1643977820,n,100.0,0.0,Not included in Watford's 25-man Premier League squad - Unknown return date
40387,1647081070,1647081070,a,100.0,100.0,
40669,1626901033,1626901033,a,,,
40669,1628766408,1628582410,d,,25.0,Hamstring injury - 25% chance of playing
40669,1629104419,1629104419,a,50.0,100.0,
40669,1636451039,1636327812,d,100.0,75.0,Knock - 75% chance of playing
40669,1637576440,1637576440,i,0.0,0.0,Knee injury - Unknown return date
40720,1626901033,1626901033,a,,,
40720,1629104419,1628863214,n,0.0,0.0,Not available for the match against Leeds on 14/8 - Expected back 22 Aug
40720,1629795335,1629795335,a,100.0,100.0,
40720,1631631391,1631381416,d,100.0,75.0,Knock - 75% chance of playing
40720,1632300087,1632300087,d,0.0,50.0,Knock - 50% chance of playing
40720,1632950337,1632950337,a,100.0,100.0,
40720,1636451039,1636214418,d,100.0,75.0,Tendon Injury - 75% chance of playing
40720,1637576440,1637576440,d,50.0,50.0,Tendon Injury - 50% chance of playing
40720,1639078188,1639078188,i,50.0,0.0,Tendon Injury - Expected back 18 Dec
40720,1639732352,1639732352,d,50.0,50.0,Tendon Injury - 50% chance of playing
40720,1640689447,1640689447,a,100.0,100.0,
40720,1642654637,1642633212,d,100.0,75.0,Muscle injury - 75% chance of playing
40720,1644246349,1644246349,a,75.0,100.0,
40720,1645015895,1644690611,d,100.0,75.0,Groin Injury - 75% chance of playing
40720,1645785079,1645785079,i,0.0,0.0,Groin Injury - Unknown return date
40720,1647081070,1646645414,d,100.0,75.0,Knock - 75% chance of playing
40720,1647627440,1647627440,a,100.0,100.0,
40720,1649340876,1648630810,i,0.0,0.0,Calf injury - Expected back 19 Apr
40720,1649769992,1649769992,i,0.0,0.0,Calf injury - Expected back 02 May
40720,1651244416,1651244416,d,0.0,75.0,Lack of match fitness - 75% chance of playing
40720,1651564399,1651564399,a,75.0,100.0,
40836,1626901033,1626901033,a,,,
40836,1642654637,1642654637,a,75.0,100.0,
40836,1645785079,1645300814,d,100.0,75.0,Knee injury - 75% chance of playing
40836,1646243308,1646243308,a,100.0,100.0,
40836,1652452024,1652083213,d,100.0,75.0,Knock - 75% chance of playing
40836,1653046146,1653046146,a,75.0,100.0,
40845,1626901033,1626901033,a,,,
40845,1628766408,1627912812,d,,25.0,Ankle injury - 25% chance of playing
40845,1629104419,1629104419,i,0.0,0.0,Ankle injury - Unknown return date
40845,1637576440,1637576440,i,0.0,0.0,Lack of match fitness - Unknown return date
40845,1638522834,1638487810,d,100.0,25.0,Illness - 25% chance of playing
40845,1639416474,1639416474,d,75.0,75.0,Illness - 75% chance of playing
40845,1639732352,1639732352,d,75.0,75.0,Lack of match fitness - 75% chance of playing
40845,1640951218,1640951218,a,75.0,100.0,
40845,1646243308,1646123416,d,100.0,75.0,Muscle injury - 75% chance of playing
40845,1647081070,1647081070,d,0.0,50.0,Lack of match fitness - 50% chance of playing
40845,1647627440,1647627440,a,50.0,100.0,
41328,1626901033,1626901033,a,,,
41328,1635844587,1635844587,a,100.0,100.0,
41328,1646243308,1646002819,d,100.0,75.0,Knock - 75% chance of playing
41328,1647081070,1647081070,d,25.0,75.0,Illness - 75% chance of playing
41328,1647627440,1647627440,a,75.0,100.0,
41338,1626901033,1626901033,a,,,
41338,1630335330,1630278012,d,,75.0,Knock - 75% chance of playing
41338,1631631391,1631631391,a,100.0,100.0,
41674,1626901033,1626901033,a,,,
41674,1628766408,1627912812,d,,25.0,Achilles injury - 25% chance of playing
41674,1629104419,1629104419,i,0.0,0.0,Achilles injury - Unknown return date
41674,1632300087,1632300087,d,75.0,75.0,Lack of match fitness - 75% chance of playing
41674,1632950337,1632950337,d,25.0,25.0,Lack of match fitness - 25% chance of playing
41674,1633336603,1633336603,a,25.0,100.0,
41674,1640951218,1640907013,d,100.0,50.0,Illness - 50% chance of playing
41674,1642060544,1642060544,a,100.0,100.0,
41725,1626901033,1626901033,a,,,
41725,1631631391,1630393214,u,0.0,0.0,Transferred to Birmingham City
41823,1626901033,1626901033,a,,,
41823,1630335330,1630060208,i,0.0,0.0,Shoulder injury - Unknown return date
41823,1632950337,1632950337,i,0.0,0.0,Shoulder injury - Expected back 01 Nov
41823,1635844587,1635844587,a,25.0,100.0,
41823,1642654637,1642159816,d,75.0,75.0,Lack of match fitness - 75% chance of playing
41823,1644246349,1644246349,i,0.0,0.0,Thigh injury - Expected back 12 Mar
41823,1647081070,1647081070,i,0.0,0.0,Thigh injury - Expected back 03 Apr
41823,1649340876,1649340876,a,0.0,100.0,
41823,1653046146,1652457612,d,25.0,25.0,Muscle injury - 25% chance of playing
43250,1626901033,1626901033,a,,,
43250,1632950337,1632591011,d,,75.0,Head injury - 75% chance of playing
43250,1633336603,1633336603,a,100.0,100.0,
43250,1640951218,1640737820,d,100.0,75.0,Hamstring injury - 75% chance of playing
43250,1642060544,1642060544,a,100.0,100.0,
43250,1652452024,1651768218,d,75.0,75.0,Rib Injury - 75% chance of playing
43250,1653046146,1653046146,i,0.0,0.0,Rib Injury - Unknown return date
43250,1653306622,1653306622,a,100.0,100.0,
43670,1626901033,1626901033,a,,,
43670,1639416474,1639247417,d,,75.0,Illness - 75% chance of playing
43670,1640689447,1640689447,a,100.0,100.0,
44346,1626901033,1626606004,u,,0.0,Transferred to AC Milan
44683,1626901033,1626901033,a,,,
44683,1632950337,1632591011,d,,75.0,Hamstring injury - 75% chance of playing
44683,1633336603,1633336603,a,75.0,100.0,
44683,1638180609,1637937018,d,75.0,75.0,Muscle injury - 75% chance of playing
44683,1638522834,1638522834,a,75.0,100.0,
44683,1640951218,1640907013,d,100.0,50.0,Illness - 50% chance of playing
44683,1642060544,1642060544,a,75.0,100.0,
44683,1651244416,1650871813,d,100.0,75.0,Calf injury - 75% chance of playing
44683,1651564399,1651564399,d,75.0,75.0,Hamstring injury - 75% chance of playing
44683,1652452024,1652452024,d,50.0,50.0,Hamstring injury - 50% chance of playing
44699,1626901033,1626901033,a,,,
44699,1637576440,1637244018,d,75.0,75.0,Muscle injury - 75% chance of playing
44699,1638180609,1638180609,i,0.0,0.0,Thigh injury - Unknown return date
44699,1642060544,1642060544,i,0.0,0.0,Thigh injury - Expected back 08 Feb
44699,1644246349,1644246349,d,0.0,25.0,Lack of match fitness - 25% chance of playing
44699,1644571439,1644571439,a,75.0,100.0,
45268,1626901033,1626901033,a,,,
47431,1626901033,1626901033,a,,,
47431,1629795335,1629451814,d,50.0,50.0,Illness - 50% chance of playing
47431,1630335330,1630335330,d,50.0,75.0,Illness - 75% chance of playing
47431,1631631391,1631631391,u,0.0,0.0,Transferred to Corinthians
48717,1626901033,1626901033,a,,,
48717,1632950337,1632312011,n,0.0,0.0,Left the club by mutual consent - Unknown return date
48717,1642060544,1642060544,u,0.0,0.0,Left the club by mutual consent
48760,1631631391,1631631391,a,,,
48760,1636451039,1636227014,d,,75.0,Muscle injury - 75% chance of playing
48760,1638180609,1638180609,d,25.0,25.0,Muscle injury - 25% chance of playing
48760,1638522834,1638522834,i,0.0,0.0,Muscle injury - Unknown return date
48760,1642060544,1642060544,d,0.0,25.0,Lack of match fitness - 25% chance of playing
48760,1645785079,1645785079,d,25.0,75.0,Lack of match fitness - 75% chance of playing
48760,1646243308,1646243308,a,100.0,100.0,
48760,1650616373,1650150019,d,100.0,75.0,Thigh injury - 75% chance of playing
48760,1651244416,1651244416,i,0.0,0.0,Thigh injury - Expected back 01 Jun
49262,1626901033,1626901033,a,,,
49262,1642654637,1642554014,d,,50.0,Back injury - 50% chance of playing
49262,1644246349,1644246349,a,50.0,100.0,
49413,1626901033,1626901033,a,,,
49413,1642654637,1642080618,i,0.0,0.0,Knock - Unknown return date
49413,1644246349,1644246349,d,0.0,75.0,Lack of match fitness - 75% chance of playing
49413,1644571439,1644571439,a,75.0,100.0,
49413,1653046146,1652882412,d,100.0,25.0,Knock - 25% chance of playing
50175,1626901033,1626901033,a,,,
50175,1628766408,1627911013,i,,0.0,Hamstring injury - Expected back 11 Sep
50175,1630335330,1630335330,a,75.0,100.0,
50175,1632950337,1632781817,d,100.0,75.0,Hamstring injury - 75% chance of playing
50175,1633336603,1633336603,d,25.0,25.0,Hamstring injury - 25% chance of playing
50175,1634634298,1634634298,i,0.0,0.0,Hamstring injury - Unknown return date
50175,1640689447,1640689447,a,100.0,100.0,
50232,1626901033,1626901033,a,,,
50232,1629795335,1629455413,d,25.0,25.0,Calf injury - 25% chance of playing
50232,1630335330,1630335330,i,0.0,0.0,Calf injury - Expected back 25 Sep
50232,1632950337,1632950337,i,0.0,0.0,Calf injury - Expected back 17 Oct
50232,1633336603,1633336603,d,0.0,50.0,Calf injury - 50% chance of playing
50232,1634634298,1634502614,s,100.0,0.0,Suspended until 30 Oct
50232,1635154236,1635154236,a,0.0,100.0,
50232,1639994742,1639992613,d,100.0,75.0,Muscle injury - 75% chance of playing
50232,1640689447,1640689447,a,75.0,100.0,
50232,1652452024,1652090422,i,100.0,0.0,Calf injury - Expected back 01 Jul
50471,1626901033,1626901033,a,,,
50471,1637576440,1637326815,i,0.0,0.0,Hamstring injury - Unknown return date
50471,1639078188,1639078188,i,0.0,0.0,Hamstring injury - Expected back 12 Dec
50471,1639416474,1639416474,i,0.0,0.0,Hamstring injury - Expected back 18 Dec
50471,1639732352,1639732352,i,0.0,0.0,Hamstring injury - Unknown return date
50471,1642060544,1642060544,d,0.0,50.0,Hamstring injury - 50% chance of playing
50471,1642654637,1642654637,i,0.0,0.0,Hamstring injury - Expected back 09 Feb
50471,1644246349,1644246349,d,0.0,75.0,Lack of match fitness - 75% chance of playing
50471,1644571439,1644571439,a,75.0,100.0,
50471,1647081070,1646514018,i,100.0,0.0,Knock - Unknown return date
50471,1649340876,1649340876,a,75.0,100.0,
50471,1653046146,1652457612,d,25.0,25.0,Muscle injury - 25% chance of playing
51090,1626901033,1626901033,a,,,
51090,1634634298,1634634298,a,0.0,100.0,
51090,1640689447,1640570409,d,100.0,25.0,Hamstring injury - 25% chance of playing
51090,1642060544,1642060544,a,75.0,100.0,
51927,1626901033,1626901033,a,,,
51927,1633336603,1633195810,d,,75.0,Ankle injury - 75% chance of playing
51927,1634634298,1634218210,i,0.0,0.0,Illness - Expected back 23 Oct
51927,1635154236,1635154236,d,75.0,75.0,Lack of match fitness - 75% chance of playing
51927,1635844587,1635844587,a,100.0,100.0,
51927,1639078188,1638646216,d,100.0,75.0,Shoulder injury - 75% chance of playing
51927,1639416474,1639416474,a,75.0,100.0,
51927,1646243308,1646177412,d,100.0,75.0,Knee injury - 75% chance of playing
51927,1647081070,1647081070,i,50.0,0.0,Knee injury - Expected back 02 Apr
51927,1649340876,1649340876,i,0.0,0.0,Leg injury - Unknown return date
51927,1651244416,1651244416,i,0.0,0.0,Leg injury - Expected back 22 May
51927,1653046146,1653046146,d,25.0,25.0,Lack of match fitness - 25% chance of playing
51938,1626901033,1626901033,a,,,
51938,1635154236,1634914815,i,0.0,0.0,Knock - Expected back 07 Nov
51938,1636451039,1636451039,i,0.0,0.0,Knock - Unknown return date
51938,1637576440,1637576440,a,75.0,100.0,
51938,1647627440,1647559814,d,100.0,75.0,Groin Injury - 75% chance of playing
51938,1647855483,1647855483,d,50.0,50.0,Groin Injury - 50% chance of playing
51938,1649340876,1649340876,a,100.0,100.0,
51940,1626901033,1626901033,a,,,
52775,1635154236,1635154236,a,,,
52775,1638180609,1637935217,i,0.0,0.0,Hamstring injury - Unknown return date
52775,1638522834,1638522834,i,0.0,0.0,Hamstring injury - Expected back 15 Jan
52775,1642060544,1642060544,i,0.0,0.0,Hamstring injury - Expected back 02 Apr
52775,1645785079,1645785079,i,0.0,0.0,Hamstring injury - Expected back 12 Mar
52775,1647081070,1647081070,d,0.0,25.0,Lack of match fitness - 25% chance of playing
52775,1647627440,1647627440,d,25.0,75.0,Lack of match fitness - 75% chance of playing
52775,1649340876,1649340876,a,100.0,100.0,
52775,1652452024,1652223613,d,100.0,75.0,Groin Injury - 75% chance of playing
52775,1653306622,1653306622,a,100.0,100.0,
54484,1626901033,1626901033,a,,,
54484,1631631391,1631178012,i,0.0,0.0,Lack of match fitness - Unknown return date
54484,1632300087,1632300087,a,75.0,100.0,
54484,1635154236,1634815818,d,75.0,75.0,Hip injury - 75% chance of playing
54484,1636451039,1636451039,a,75.0,100.0,
54484,1640951218,1640737820,d,100.0,75.0,Hamstring injury - 75% chance of playing
54484,1642060544,1642060544,d,0.0,50.0,Hamstring injury - 50% chance of playing
54484,1642654637,1642654637,a,100.0,100.0,
54484,1646243308,1645912812,d,100.0,75.0,Knock - 75% chance of playing
54484,1647081070,1647081070,a,100.0,100.0,
54484,1652452024,1652310012,d,100.0,75.0,Illness - 75% chance of playing
54484,1653046146,1653046146,d,25.0,25.0,Illness - 25% chance of playing
54484,1653306622,1653306622,a,100.0,100.0,
54694,1626901033,1626901033,a,,,
54694,1629104419,1628865014,d,25.0,25.0,Illness - 25% chance of playing
54694,1629795335,1629795335,a,50.0,100.0,
54694,1642060544,1640962819,i,0.0,0.0,International Duty - Expected back 10 Feb
54694,1644246349,1643790088,u,0.0,0.0,Left club by mutual consent
54861,1626901033,1626901033,a,,,
55037,1626901033,1626901033,a,,,
55037,1642060544,1641056419,i,,0.0,International Duty - Expected back 09 Feb
55037,1644246349,1644246349,d,0.0,75.0,International Duty - 75% chance of playing
55037,1645015895,1645015895,a,75.0,100.0,
55422,1626901033,1626901033,a,,,
55422,1634634298,1633602613,n,0.0,0.0,Not included in Everton's 25-man Premier League squad - Unknown return date
55459,1626901033,1626901033,a,,,
55459,1638180609,1638138618,d,,75.0,Back injury - 75% chance of playing
55459,1640951218,1640951218,d,75.0,25.0,Back injury - 25% chance of playing
55459,1642060544,1642060544,a,25.0,100.0,
55494,1626901033,1626901033,a,,,
55494,1638522834,1638316812,s,,0.0,Suspended until 12 Dec
55494,1639078188,1639078188,a,0.0,100.0,
55494,1645785079,1645574414,d,100.0,50.0,Knock - 50% chance of playing
55494,1646243308,1646243308,d,0.0,75.0,Groin Injury - 75% chance of playing
55494,1647081070,1647081070,d,0.0,75.0,Lack of match fitness - 75% chance of playing
55494,1647627440,1647627440,a,75.0,100.0,
55605,1626901033,1626901033,a,,,
55605,1628766408,1627396207,u,,0.0,Transferred to Al-Duhail SC
55914,1626901033,1626901033,a,,,
55914,1639078188,1638748817,d,,25.0,Hamstring injury - 25% chance of playing
55914,1639416474,1639416474,i,0.0,0.0,Hamstring injury - Unknown return date
55914,1642060544,1642060544,i,0.0,0.0,Hamstring injury - Expected back 05 Mar
55914,1645785079,1645785079,i,0.0,0.0,Hamstring injury - Unknown return date
55914,1647081070,1647081070,i,0.0,0.0,Hamstring injury - Expected back 02 Apr
55914,1647627440,1647627440,a,0.0,100.0,
55914,1651564399,1651352416,d,100.0,75.0,Knee injury - 75% chance of playing
55914,1652452024,1652452024,a,75.0,100.0,
56377,1626901033,1626901033,a,,,
56377,1636451039,1636122612,d,75.0,75.0,Knock - 75% chance of playing
56377,1637576440,1637576440,a,100.0,100.0,
56377,1647081070,1646413213,i,0.0,0.0,Personal Reasons - Unknown return date
56377,1647627440,1647627440,a,75.0,100.0,
56979,1626901033,1626901033,a,,,
56979,1629795335,1629795335,a,75.0,100.0,
56979,1639994742,1639949414,d,100.0,75.0,Illness - 75% chance of playing
56979,1640689447,1640689447,a,100.0,100.0,
56979,1644571439,1644535817,d,100.0,75.0,Back injury - 75% chance of playing
56979,1645015895,1645015895,a,100.0,100.0,
56983,1626901033,1626901033,a,,,
56983,1638180609,1638030613,s,,0.0,Suspended until 04 Dec
56983,1638522834,1638522834,a,0.0,100.0,
56983,1640689447,1640649619,d,100.0,25.0,Illness - 25% chance of playing
56983,1642060544,1642060544,a,25.0,100.0,
56983,1644246349,1642764621,i,75.0,0.0,Knee injury - Unknown return date
56983,1647081070,1647081070,a,0.0,100.0,
57127,1626901033,1626901033,a,,,
57127,1640951218,1640737820,d,,25.0,Illness - 25% chance of playing
57127,1642060544,1642060544,a,75.0,100.0,
57134,1631631391,1631631391,a,,,
57134,1638522834,1638403217,d,,75.0,Hamstring injury - 75% chance of playing
57134,1639078188,1639078188,d,50.0,50.0,Hamstring injury - 50% chance of playing
57134,1639416474,1639416474,a,100.0,100.0,
57134,1653046146,1652650214,s,100.0,0.0,Suspended until 13 Aug
57145,1626901033,1626901033,a,,,
57145,1639732352,1639566010,i,,0.0,Thigh injury - Unknown return date
57145,1640689447,1640689447,i,0.0,0.0,Thigh injury - Expected back 08 Feb
57145,1644246349,1644246349,i,0.0,0.0,Thigh injury - Expected back 26 Feb
57145,1645785079,1645785079,a,0.0,100.0,
57145,1647081070,1646839822,d,100.0,25.0,Muscle injury - 25% chance of playing
57145,1647627440,1647627440,d,25.0,75.0,Muscle injury - 75% chance of playing
57145,1649340876,1649340876,a,100.0,100.0,
57145,1652452024,1652360412,d,100.0,25.0,Achilles injury - 25% chance of playing
57145,1653046146,1653046146,a,25.0,100.0,
57328,1628766408,1628766408,a,,,
57513,1642060544,1642060544,a,,,
57531,1626901033,1626901033,a,,,
57531,1631631391,1631377815,s,,0.0,Suspended until 25 Sep
57531,1632300087,1632300087,a,0.0,100.0,
57531,1644246349,1644246021,d,100.0,75.0,Fatigue - 75% chance of playing
57531,1644571439,1644571439,a,75.0,100.0,
57531,1652452024,1652085012,d,100.0,75.0,Knock - 75% chance of playing
57531,1653046146,1653046146,a,75.0,100.0,
58376,1626901033,1626901033,a,,,
58376,1639078188,1638646217,i,,0.0,Hamstring injury - Expected back 15 Jan
58376,1642060544,1642060544,d,50.0,50.0,Hamstring injury - 50% chance of playing
58376,1644246349,1644246349,i,0.0,0.0,Hamstring injury - Unknown return date
58376,1649340876,1649340876,d,25.0,25.0,Lack of match fitness - 25% chance of playing
58376,1650616373,1650616373,a,100.0,100.0,
58621,1626901033,1626901033,a,,,
58621,1636451039,1636451039,a,75.0,100.0,
58621,1638522834,1638403216,d,100.0,75.0,Knock - 75% chance of playing
58621,1639078188,1639078188,a,100.0,100.0,
58621,1639732352,1639526416,d,100.0,75.0,Knock - 75% chance of playing
58621,1639994742,1639994742,a,100.0,100.0,
58621,1640689447,1640343616,d,50.0,75.0,Lack of match fitness - 75% chance of playing
58621,1642060544,1642060544,a,75.0,100.0,
58621,1650616373,1649890814,d,75.0,50.0,Ankle injury - 50% chance of playing
58621,1651244416,1651244416,i,50.0,0.0,Ankle injury - Unknown return date
58621,1652452024,1652452024,i,75.0,0.0,Ankle injury - Expected back 01 Jun
58621,1653306622,1653306622,d,75.0,75.0,Lack of match fitness - 75% chance of playing
58786,1626901033,1626901033,a,,,
58822,1626901033,1626901033,a,,,
58822,1640689447,1640541626,d,,25.0,Illness - 25% chance of playing
58822,1642060544,1642060544,a,25.0,100.0,
58822,1642654637,1642114814,d,75.0,75.0,Knock - 75% chance of playing
58822,1644246349,1644246349,d,50.0,50.0,Hip injury - 50% chance of playing
58822,1644571439,1644571439,a,75.0,100.0,
58845,1626901033,1626901033,a,,,
58845,1632300087,1632300087,a,100.0,100.0,
58845,1638522834,1638316812,s,100.0,0.0,Suspended until 12 Dec
58845,1639078188,1639078188,a,0.0,100.0,
58845,1640689447,1640649619,d,100.0,25.0,Illness - 25% chance of playing
58845,1642060544,1642060544,d,25.0,50.0,Illness - 50% chance of playing
58845,1644246349,1643977820,n,50.0,0.0,Not included in Newcastle United's 25-man Premier League squad - Unknown return date
59735,1626901033,1626901033,a,,,
59735,1629104419,1628848809,d,25.0,25.0,Lack of match fitness - 25% chance of playing
59735,1629795335,1629795335,i,0.0,0.0,Lack of match fitness - Unknown return date
59735,1631631391,1631631391,a,75.0,100.0,
59735,1640689447,1640649619,d,100.0,25.0,Illness - 25% chance of playing
59735,1642060544,1642060544,d,25.0,50.0,Illness - 50% chance of playing
59735,1642654637,1642654637,a,50.0,100.0,
59859,1626901033,1626901033,a,,,
59859,1629104419,1629095414,d,,75.0,Shoulder injury - 75% chance of playing
59859,1629795335,1629795335,a,100.0,100.0,
59859,1632950337,1632141008,i,50.0,0.0,Knock - Expected back 16 Oct
59859,1633336603,1633336603,d,0.0,50.0,Knock - 50% chance of playing
59859,1634634298,1634634298,a,100.0,100.0,
59859,1638522834,1638403216,d,100.0,75.0,Knock - 75% chance of playing
59859,1639078188,1639078188,a,100.0,100.0,
59859,1639416474,1639261817,d,100.0,75.0,Back injury - 75% chance of playing
59859,1639732352,1639732352,a,100.0,100.0,
59949,1626901033,1626901033,a,,,
59949,1631631391,1631631391,a,75.0,100.0,
59949,1632300087,1632004208,i,100.0,0.0,Hamstring injury - Expected back 17 Oct
59949,1633336603,1633336603,d,0.0,50.0,Hamstring injury - 50% chance of playing
59949,1634634298,1634634298,a,100.0,100.0,
59966,1626901033,1626901033,a,,,
59966,1629104419,1628865015,d,25.0,25.0,Illness - 25% chance of playing
59966,1629795335,1629795335,i,0.0,0.0,Illness - Expected back 28 Aug
59966,1630335330,1630335330,a,100.0,100.0,
60025,1626901033,1626901033,a,,,
60025,1629104419,1628857806,i,0.0,0.0,Illness - Expected back 21 Aug
60025,1629795335,1629795335,i,0.0,0.0,Illness - Expected back 28 Aug
60025,1630335330,1630335330,d,75.0,75.0,Lack of match fitness - 75% chance of playing
60025,1631631391,1631631391,d,25.0,25.0,Lack of match fitness - 25% chance of playing
60025,1632300087,1632300087,d,50.0,50.0,Lack of match fitness - 50% chance of playing
60025,1632950337,1632950337,u,0.0,0.0,Transferred to Al Rayyan
60232,1626901033,1626901033,a,,,
60232,1651244416,1650871813,s,,0.0,Suspended until 08 May
60232,1651564399,1651564399,a,0.0,100.0,
60232,1652452024,1652050821,d,100.0,75.0,Calf injury - 75% chance of playing
60232,1653046146,1653046146,a,75.0,100.0,
60252,1626901033,1626901033,a,,,
60252,1639732352,1639508413,i,,0.0,Foot injury - Unknown return date
60252,1642060544,1642060544,a,0.0,100.0,
60252,1649340876,1647860412,i,0.0,0.0,Knee injury - Expected back 01 Jul
60307,1626901033,1626901033,a,,,
60307,1631631391,1631381416,d,,25.0,Lack of match fitness - 25% chance of playing
60307,1632300087,1632300087,d,0.0,50.0,Lack of match fitness - 50% chance of playing
60307,1632950337,1632950337,a,100.0,100.0,
60551,1626901033,1626901033,a,,,
60551,1629795335,1629559809,d,,75.0,Toe Injury - 75% chance of playing
60551,1630335330,1630335330,a,75.0,100.0,
60551,1637576440,1637429408,s,100.0,0.0,Suspended until 01 Dec
60551,1638180609,1638138617,s,0.0,0.0,Suspended until 04 Dec
60551,1638522834,1638522834,a,0.0,100.0,
60551,1650616373,1650236420,i,100.0,0.0,Leg injury - Unknown return date
60551,1653046146,1653046146,i,0.0,0.0,Ankle injury - Unknown return date
60586,1626901033,1626901033,a,,,
60586,1634634298,1634634298,a,75.0,100.0,
60586,1642060544,1641843012,d,100.0,75.0,Knock - 75% chance of playing
60586,1644246349,1643905814,i,100.0,0.0,Illness - Unknown return date
60586,1645785079,1645785079,i,25.0,0.0,Calf injury - Unknown return date
60689,1626901033,1626901033,a,,,
60689,1642060544,1641817821,d,,75.0,Groin Injury - 75% chance of playing
60689,1642654637,1642654637,a,100.0,100.0,
60689,1653046146,1652743811,d,100.0,75.0,Hip injury - 75% chance of playing
60706,1626901033,1626901033,a,,,
60706,1639732352,1639575016,d,,50.0,Calf injury - 50% chance of playing
60706,1639994742,1639994742,i,0.0,0.0,Calf injury - Unknown return date
60706,1642060544,1642060544,a,0.0,100.0,
60914,1626901033,1626901033,a,,,
60914,1642060544,1642060544,a,,100.0,
61366,1626901033,1626901033,a,,,
61366,1628766408,1628317807,d,,25.0,Ankle injury - 25% chance of playing
61366,1629104419,1629104419,a,50.0,100.0,
61366,1629795335,1629466207,d,75.0,75.0,Ankle injury - 75% chance of playing
61366,1630335330,1630335330,i,0.0,0.0,Ankle injury - Unknown return date
61366,1631631391,1631631391,a,75.0,100.0,
61366,1637576440,1637332219,i,0.0,0.0,Illness - Expected back 01 Dec
61366,1638180609,1638180609,d,0.0,25.0,Illness - 25% chance of playing
61366,1638522834,1638522834,d,25.0,25.0,Lack of match fitness - 25% chance of playing
61366,1639078188,1639078188,a,100.0,100.0,
61558,1626901033,1626901033,a,,,
61558,1629795335,1629795335,a,75.0,100.0,
61558,1632300087,1631988017,d,100.0,75.0,Calf injury - 75% chance of playing
61558,1632950337,1632950337,i,0.0,0.0,Calf injury - Expected back 16 Oct
61558,1633336603,1633336603,d,0.0,50.0,Calf injury - 50% chance of playing
61558,1634634298,1634634298,i,0.0,0.0,Calf injury - Unknown return date
61558,1635154236,1635154236,i,0.0,0.0,Calf injury - Expected back 20 Nov
61558,1635844587,1635844587,d,25.0,75.0,Lack of match fitness - 75% chance of playing
61558,1636451039,1636451039,a,100.0,100.0,
61558,1639994742,1639949414,d,100.0,25.0,Illness - 25% chance of playing
61558,1640689447,1640689447,a,25.0,100.0,
61558,1642060544,1640962819,i,0.0,0.0,Hip injury - Unknown return date
61558,1644246349,1644246349,a,0.0,100.0,
61558,1646243308,1646002819,d,100.0,25.0,Hamstring injury - 25% chance of playing
61558,1647081070,1647081070,a,0.0,100.0,
61810,1626901033,1626901033,a,,,
61810,1649769992,1649665815,d,,75.0,Illness - 75% chance of playing
61810,1650616373,1650616373,a,100.0,100.0,
61933,1626901033,1626901033,a,,,
61933,1639078188,1638646216,s,,0.0,Suspended until 15 Dec
61933,1639416474,1639416474,s,0.0,0.0,Suspended until 18 Dec
61933,1639732352,1639732352,a,0.0,100.0,
61933,1640689447,1640599216,d,100.0,50.0,Knock - 50% chance of playing
61933,1640951218,1640951218,a,50.0,100.0,
61933,1642654637,1642435218,d,100.0,50.0,Ankle injury - 50% chance of playing
61933,1644246349,1644246349,a,0.0,100.0,
61933,1650616373,1650029418,d,50.0,50.0,Thigh injury - 50% chance of playing
61933,1651244416,1651244416,a,50.0,100.0,
62398,1626901033,1626901033,a,,,
62398,1638522834,1638489611,d,,75.0,Hamstring injury - 75% chance of playing
62398,1639078188,1639078188,a,75.0,100.0,
62398,1639416474,1639143014,d,75.0,75.0,Illness - 75% chance of playing
62398,1640689447,1640689447,a,100.0,100.0,
62398,1645015895,1644591615,d,25.0,25.0,Shin injury - 25% chance of playing
62398,1645785079,1645785079,a,75.0,100.0,
62974,1626901033,1626901033,a,,,
62974,1628766408,1627374265,u,,0.0,Transferred to Sevilla
66242,1626901033,1624615667,u,,0.0,Transferred to PSV Eindhoven
66588,1626901033,1626901033,a,,,
66588,1632300087,1631919612,d,,75.0,Knock - 75% chance of playing
66588,1632950337,1632950337,d,50.0,50.0,Knee injury - 50% chance of playing
66588,1633336603,1633336603,i,0.0,0.0,Knee injury - Unknown return date
66588,1635154236,1635154236,i,0.0,0.0,Knee injury - Expected back 31 Oct
66588,1635844587,1635844587,i,0.0,0.0,Knee injury - Unknown return date
66588,1638180609,1638180609,d,25.0,25.0,Lack of match fitness - 25% chance of playing
66588,1638522834,1638522834,d,25.0,75.0,Lack of match fitness - 75% chance of playing
66588,1639078188,1639078188,a,75.0,100.0,
66588,1652452024,1652050820,s,100.0,0.0,Suspended until 23 May
66749,1629104419,1629104419,a,0.0,100.0,
66749,1635154236,1634767216,i,0.0,0.0,Ankle injury - Unknown return date
66749,1635844587,1635844587,i,0.0,0.0,Ankle injury - Expected back 20 Nov
66749,1636451039,1636451039,d,0.0,50.0,Ankle injury - 50% chance of playing
66749,1638180609,1638180609,a,100.0,100.0,
66749,1639732352,1639701016,d,100.0,25.0,Illness - 25% chance of playing
66749,1640689447,1640689447,a,75.0,100.0,
66749,1649769992,1649431812,d,75.0,75.0,Achilles injury - 75% chance of playing
66749,1650616373,1650616373,a,75.0,100.0,
66838,1635844587,1635844587,a,,,
66975,1626901033,1626901033,a,,,
66975,1629104419,1628859615,i,0.0,0.0,Personal Reasons - Unknown return date
66975,1630335330,1630335330,i,0.0,0.0,Lack of match fitness - Expected back 11 Sep
66975,1631631391,1631631391,a,75.0,100.0,
66975,1650616373,1650409211,d,100.0,75.0,Hamstring injury - 75% chance of playing
66975,1651564399,1651564399,a,100.0,100.0,
67089,1626901033,1626339608,d,,50.0,Foot injury - 50% chance of playing
67089,1628766408,1628766408,d,,25.0,Foot injury - 25% chance of playing
67089,1629104419,1629104419,i,0.0,0.0,Foot injury - Unknown return date
67089,1630335330,1630335330,i,0.0,0.0,Foot injury - Expected back 23 Oct
67089,1632950337,1632950337,i,0.0,0.0,Foot injury - Expected back 17 Oct
67089,1633336603,1633336603,d,0.0,50.0,Foot injury - 50% chance of playing
67089,1634634298,1634634298,i,0.0,0.0,Foot injury - Expected back 23 Oct
67089,1635154236,1635154236,i,0.0,0.0,Foot injury - Unknown return date
67089,1635844587,1635844587,a,100.0,100.0,
68312,1626901033,1626901033,a,,,
68312,1629795335,1629736211,u,,0.0,Transferred to Lyon
68983,1626901033,1626901033,a,,,
68983,1653046146,1652995812,s,,0.0,Suspended until 13 Aug
69143,1628766408,1628766408,a,,,
69143,1629795335,1629374416,d,75.0,75.0,Thigh injury - 75% chance of playing
69143,1630335330,1630335330,a,50.0,100.0,
69143,1636451039,1636327812,s,100.0,0.0,Suspended until 28 Nov
69143,1637576440,1637576440,a,0.0,100.0,
69143,1645785079,1645300815,d,100.0,75.0,Knock - 75% chance of playing
69143,1646243308,1646243308,a,100.0,100.0,
69143,1652452024,1652223613,i,100.0,0.0,Knee injury - Unknown return date
71738,1626901033,1625146208,u,,0.0,Left the club by mutual consent on 30/6. - Unknown return date
72222,1626901033,1626901033,a,,,
72222,1630335330,1630278012,d,,75.0,Illness - 75% chance of playing
72222,1631631391,1631631391,a,100.0,100.0,
72222,1644571439,1644454815,d,100.0,75.0,Knock - 75% chance of playing
72222,1645015895,1645015895,a,75.0,100.0,
73426,1626901033,1626901033,a,,,
73426,1631631391,1630449016,u,0.0,0.0,Joined QPR on a season-long loan - Expected back 01 Jul
74208,1626901033,1626901033,a,,,
74208,1635154236,1635114613,s,,0.0,Suspended until 28 Nov
74208,1637576440,1637576440,i,0.0,0.0,Thigh injury - Unknown return date
74208,1642654637,1642654637,i,0.0,0.0,Thigh injury - Expected back 08 Feb
74208,1644246349,1644246349,a,0.0,100.0,
74208,1650616373,1650409211,d,100.0,25.0,Calf injury - 25% chance of playing
74208,1651244416,1651244416,i,0.0,0.0,Calf injury - Expected back 22 May
74208,1653046146,1653046146,d,0.0,25.0,Calf injury - 25% chance of playing
74208,1653306622,1653306622,i,0.0,0.0,Calf injury - Expected back 01 Jun
75115,1626901033,1626901033,a,,,
75115,1630335330,1630278012,d,,75.0,Thigh injury - 75% chance of playing
75115,1631631391,1631631391,d,0.0,50.0,Thigh injury - 50% chance of playing
75115,1632300087,1632300087,i,0.0,0.0,Thigh injury - Unknown return date
75115,1632950337,1632950337,i,0.0,0.0,Thigh injury - Expected back 17 Oct
75115,1633336603,1633336603,d,0.0,50.0,Thigh injury - 50% chance of playing
75115,1634634298,1634634298,a,100.0,100.0,
75115,1640689447,1640649619,d,100.0,25.0,Muscle injury - 25% chance of playing
75115,1640951218,1640951218,i,0.0,0.0,Muscle injury - Unknown return date
75115,1642060544,1642060544,i,0.0,0.0,Calf injury - Expected back 05 Mar
75115,1644246349,1644246349,i,0.0,0.0,Calf injury - Expected back 07 May
75115,1649340876,1649340876,i,0.0,0.0,Calf injury - Expected back 30 Apr
75115,1651244416,1651244416,d,0.0,25.0,Lack of match fitness - 25% chance of playing
75115,1652452024,1652452024,a,75.0,100.0,
76306,1626901033,1626901033,a,,,
76306,1639732352,1639526416,d,,25.0,Illness - 25% chance of playing
76306,1640689447,1640689447,d,75.0,75.0,Lack of match fitness - 75% chance of playing
76306,1642060544,1642060544,d,75.0,25.0,Hamstring injury - 25% chance of playing
76306,1642654637,1642654637,i,0.0,0.0,Hamstring injury - Expected back 09 Feb
76306,1644246349,1644246349,a,0.0,100.0,
76306,1645015895,1644582614,d,75.0,75.0,Hamstring injury - 75% chance of playing
76306,1645785079,1645785079,a,0.0,100.0,
76306,1649340876,1648942218,d,100.0,75.0,Hamstring injury - 75% chance of playing
76306,1649769992,1649769992,a,75.0,100.0,
76359,1638180609,1638180609,a,,,
76359,1642060544,1641857420,d,,75.0,Calf injury - 75% chance of playing
76359,1642654637,1642654637,a,75.0,100.0,
76359,1653306622,1653066012,d,50.0,50.0,Knock - 50% chance of playing
77794,1642060544,1642060544,a,,,
77794,1644571439,1644379217,d,,75.0,Calf injury - 75% chance of playing
77794,1645015895,1645015895,i,50.0,0.0,Foot injury - Unknown return date
77794,1651244416,1651244416,d,0.0,25.0,Lack of match fitness - 25% chance of playing
77794,1652452024,1652452024,a,50.0,100.0,
78007,1626901033,1626901033,a,,,
78007,1629104419,1628769609,i,0.0,0.0,Groin Injury - Expected back 21 Aug
78007,1629795335,1629795335,a,100.0,100.0,
78007,1633336603,1633195811,d,100.0,75.0,Knock - 75% chance of playing
78007,1634634298,1634634298,d,75.0,75.0,Muscle injury - 75% chance of playing
78007,1635154236,1635154236,a,100.0,100.0,
78007,1645785079,1645718411,d,100.0,75.0,Knock - 75% chance of playing
78007,1646243308,1646243308,a,100.0,100.0,
78007,1652452024,1652310012,d,100.0,75.0,Illness - 75% chance of playing
78007,1653046146,1653046146,d,25.0,25.0,Illness - 25% chance of playing
78007,1653306622,1653306622,a,100.0,100.0,
78056,1626901033,1626901033,a,,,
78056,1639078188,1638646217,s,,0.0,Suspended until 15 Dec
78056,1639416474,1639416474,a,0.0,100.0,
78607,1626901033,1626901033,a,,,
78607,1631631391,1631631391,a,75.0,100.0,
78607,1642654637,1642271414,d,100.0,75.0,Illness - 75% chance of playing
78607,1644246349,1644246349,a,100.0,100.0,
78607,1651564399,1651339818,d,100.0,75.0,Toe Injury - 75% chance of playing
78607,1652452024,1652452024,i,0.0,0.0,Toe Injury - Expected back 01 Jun
78830,1626901033,1626901033,a,,,
78830,1629104419,1628865016,d,75.0,75.0,Lack of match fitness - 75% chance of playing
78830,1629795335,1629795335,a,75.0,100.0,
78916,1626901033,1626901033,a,,,
78916,1628766408,1628267405,d,,25.0,Knee injury - 25% chance of playing
78916,1629104419,1629104419,i,0.0,0.0,Knee injury - Unknown return date
78916,1632300087,1632300087,a,100.0,100.0,
78916,1635844587,1635373812,i,0.0,0.0,Knee injury - Unknown return date
78916,1636451039,1636451039,d,25.0,75.0,Knee injury - 75% chance of playing
78916,1637576440,1637576440,a,100.0,100.0,
79852,1626901033,1626901033,a,,,
79852,1644246349,1643652010,u,,0.0,Joined Luton Town on loan until the end of the season - Expected back 01 Jul
80146,1626901033,1626901033,a,,,
80146,1642060544,1641056419,i,,0.0,International Duty - Expected back 09 Feb
80146,1644246349,1644246349,a,100.0,100.0,
80179,1629104419,1629104419,a,,,
80179,1631631391,1631485817,d,,75.0,Muscle injury - 75% chance of playing
80179,1632950337,1632592816,i,100.0,0.0,Thigh injury - Expected back 23 Oct
80179,1634634298,1634634298,a,100.0,100.0,
80179,1642654637,1642379421,d,100.0,75.0,Muscle injury - 75% chance of playing
80179,1644246349,1644246349,a,0.0,100.0,
80179,1651244416,1650632419,i,0.0,0.0,Knee injury - Expected back 01 Jun
80201,1626901033,1626901033,a,,,
80201,1639078188,1638831613,d,,75.0,Groin Injury - 75% chance of playing
80201,1639994742,1639994742,a,75.0,100.0,
80201,1644571439,1644566415,d,100.0,50.0,Illness - 50% chance of playing
80201,1645015895,1645015895,d,75.0,75.0,Illness - 75% chance of playing
80201,1645785079,1645785079,a,100.0,100.0,
80226,1626901033,1626901033,a,,,
80226,1631631391,1630447210,u,0.0,0.0,Left the club by mutual consent
80607,1644246349,1644246349,a,,,
80607,1644571439,1644328816,i,0.0,0.0,Lack of match fitness - Unknown return date
80607,1645785079,1645785079,d,0.0,75.0,Lack of match fitness - 75% chance of playing
80607,1646243308,1646243308,a,100.0,100.0,
80954,1626901033,1626901033,a,,,
80954,1637576440,1637528410,d,,75.0,Heel Injury - 75% chance of playing
80954,1638180609,1638180609,a,100.0,100.0,
80954,1639078188,1639053014,d,100.0,25.0,Heel Injury - 25% chance of playing
80954,1639416474,1639416474,i,0.0,0.0,Heel Injury - Unknown return date
80954,1642060544,1642060544,d,0.0,75.0,Heel Injury - 75% chance of playing
80954,1642654637,1642654637,a,75.0,100.0,
80954,1647627440,1647241214,d,100.0,75.0,Thigh injury - 75% chance of playing
80954,1647855483,1647855483,a,75.0,100.0,
81012,1626901033,1626901033,a,,,
81012,1632950337,1632355210,i,0.0,0.0,Groin Injury - Unknown return date
81012,1633336603,1633336603,d,50.0,50.0,Groin Injury - 50% chance of playing
81012,1634634298,1634634298,d,75.0,75.0,Groin Injury - 75% chance of playing
81012,1635154236,1635154236,a,100.0,100.0,
81012,1639416474,1639350018,d,100.0,25.0,Muscle injury - 25% chance of playing
81012,1640689447,1640689447,a,100.0,100.0,
81183,1626901033,1626901033,a,,,
81183,1629795335,1629559809,d,,75.0,Knock - 75% chance of playing
81183,1630335330,1630335330,a,75.0,100.0,
81183,1632950337,1632591011,d,100.0,75.0,Back injury - 75% chance of playing
81183,1633336603,1633336603,d,75.0,75.0,Knock - 75% chance of playing
81183,1635154236,1635154236,a,75.0,100.0,
81183,1638180609,1637937018,d,75.0,75.0,Muscle injury - 75% chance of playing
81183,1638522834,1638522834,a,75.0,100.0,
81183,1642060544,1641817821,d,100.0,75.0,Illness - 75% chance of playing
81183,1644246349,1643905814,i,100.0,0.0,Hernia - Unknown return date
81183,1647081070,1647081070,i,0.0,0.0,Arm injury - Expected back 02 Apr
81183,1649340876,1649340876,a,0.0,100.0,
81183,1652452024,1651959012,d,100.0,25.0,Knee injury - 25% chance of playing
81183,1653046146,1653046146,i,0.0,0.0,Knee injury - Unknown return date
81441,1628766408,1628766408,a,,,
81880,1626901033,1626901033,a,,,
81880,1642654637,1642379420,d,,75.0,Ankle injury - 75% chance of playing
81880,1644246349,1644246349,a,75.0,100.0,
82263,1626901033,1626901033,a,,,
82263,1636451039,1636120815,i,0.0,0.0,Ankle injury - Unknown return date
82263,1637576440,1637576440,a,100.0,100.0,
82263,1647081070,1646523015,d,100.0,75.0,Illness - 75% chance of playing
82263,1647627440,1647627440,a,75.0,100.0,
82403,1626901033,1626901033,a,,,
82403,1634634298,1634598016,d,,75.0,Illness - 75% chance of playing
82403,1635154236,1635154236,a,100.0,100.0,
82403,1640689447,1640543418,s,100.0,0.0,Suspended until 01 Jan
82403,1640951218,1640951218,a,0.0,100.0,
82403,1642060544,1641056419,i,100.0,0.0,International Duty - Expected back 09 Feb
82403,1644246349,1644246349,a,0.0,100.0,
83283,1626901033,1626901033,a,,,
83283,1636451039,1636214418,d,,75.0,Illness - 75% chance of playing
83283,1637576440,1637576440,a,100.0,100.0,
83283,1644571439,1644454816,d,100.0,75.0,Ankle injury - 75% chance of playing
83283,1645015895,1645015895,i,0.0,0.0,Ankle injury - Unknown return date
83283,1645785079,1645785079,a,75.0,100.0,
83299,1626901033,1626901033,a,,,
83299,1639078188,1638786618,d,,25.0,Knee injury - 25% chance of playing
83299,1639732352,1639732352,i,0.0,0.0,Knee injury - Expected back 14 Jan
83299,1642060544,1642060544,d,0.0,25.0,Knee injury - 25% chance of playing
83299,1642654637,1642654637,d,50.0,50.0,Knee injury - 50% chance of playing
83299,1644246349,1644246349,a,75.0,100.0,
83299,1645015895,1644969615,s,100.0,0.0,Suspended until 26 Feb
83299,1645785079,1645785079,a,0.0,100.0,
83312,1626901033,1626901033,a,,,
83312,1635154236,1635010211,s,,0.0,Suspended until 06 Nov
83312,1635844587,1635844587,a,0.0,100.0,
83312,1639416474,1639261817,d,100.0,75.0,Groin Injury - 75% chance of playing
83312,1639732352,1639732352,a,75.0,100.0,
83312,1653306622,1653042613,d,50.0,50.0,Back injury - 50% chance of playing
83314,1626901033,1626901033,a,,,
83314,1644246349,1643675412,u,,0.0,Joined Queens Park Rangers on loan until the end of the season - Expected back 01 Jul
83428,1626901033,1626901033,a,,,
83428,1636451039,1636122612,i,0.0,0.0,Groin Injury - Expected back 27 Nov
83428,1637576440,1637576440,a,100.0,100.0,
83428,1639416474,1639261817,d,100.0,75.0,Shoulder injury - 75% chance of playing
83428,1639732352,1639732352,i,0.0,0.0,Shoulder injury - Unknown return date
83428,1640689447,1640689447,i,0.0,0.0,Shoulder injury - Expected back 15 Jan
83428,1642060544,1642060544,a,50.0,100.0,
84182,1628766408,1628766408,a,,,
84450,1626901033,1626901033,a,,,
84450,1630335330,1630161016,s,,0.0,Suspended until 26 Sep
84450,1632300087,1632300087,a,0.0,100.0,
84450,1632950337,1632695411,d,100.0,25.0,Knee injury - 25% chance of playing
84450,1633336603,1633336603,i,0.0,0.0,Knee injury - Expected back 01 Jan
84450,1637576440,1637576440,i,0.0,0.0,Knee injury - Expected back 16 Jan
84450,1639078188,1639078188,a,0.0,100.0,
84450,1642060544,1641772812,d,100.0,75.0,Illness - 75% chance of playing
84450,1642654637,1642654637,s,0.0,0.0,Suspended until 10 Feb
84450,1644246349,1644246349,a,0.0,100.0,
84583,1642060544,1642060544,a,,,
84939,1626901033,1626901033,a,,,
84939,1635844587,1635724813,d,,75.0,Muscle injury - 75% chance of playing
84939,1636451039,1636451039,i,0.0,0.0,Muscle injury - Unknown return date
84939,1637576440,1637576440,a,100.0,100.0,
84939,1638522834,1638282615,i,0.0,0.0,Muscle injury - Unknown return date
84939,1639078188,1639078188,d,50.0,50.0,Muscle injury - 50% chance of playing
84939,1639416474,1639416474,a,100.0,100.0,
85242,1626901033,1626901033,a,,,
85242,1631631391,1630393213,u,0.0,0.0,Joined Sheffield United on a season-long loan - Expected back 01 Jul
85624,1626901033,1626901033,a,,,
85624,1634634298,1633627816,i,0.0,0.0,Hamstring injury - Unknown return date
85624,1637576440,1637576440,i,0.0,0.0,Hamstring injury - Expected back 04 Dec
85624,1638180609,1638180609,a,0.0,100.0,
85624,1639732352,1639477813,i,0.0,0.0,Knock - Expected back 15 Jan
85624,1640689447,1640689447,i,0.0,0.0,Calf injury - Expected back 15 Jan
85624,1642060544,1642060544,i,0.0,0.0,Lack of match fitness - Expected back 21 Jan
85624,1642654637,1642654637,a,100.0,100.0,
85955,1626901033,1626901033,a,,,
85955,1638522834,1638522834,a,75.0,100.0,
85955,1639078188,1638921613,d,100.0,75.0,Back injury - 75% chance of playing
85955,1639416474,1639416474,a,75.0,100.0,
85955,1639994742,1639749613,d,75.0,75.0,Back injury - 75% chance of playing
85955,1640689447,1640689447,a,100.0,100.0,
85955,1651564399,1651442412,d,100.0,75.0,Knock - 75% chance of playing
85955,1652452024,1652452024,a,25.0,100.0,
85971,1626901033,1626901033,a,,,
85971,1631631391,1631010611,d,25.0,50.0,Calf injury - 50% chance of playing
85971,1632300087,1632300087,a,50.0,100.0,
85971,1642060544,1641569417,i,100.0,0.0,Muscle injury - Expected back 09 Feb
85971,1644246349,1644246349,a,0.0,100.0,
86417,1626901033,1626901033,a,,,
86417,1631631391,1631280616,i,0.0,0.0,Hamstring injury - Unknown return date
86417,1632300087,1632300087,d,0.0,75.0,Hamstring injury - 75% chance of playing
86417,1632950337,1632950337,a,100.0,100.0,
86881,1626901033,1626901033,a,,,
86881,1630335330,1629973810,d,25.0,25.0,Groin Injury - 25% chance of playing
86881,1634634298,1634634298,n,0.0,0.0,Not included in Leicester's 25-man Premier League squad - Unknown return date
86881,1644246349,1644246349,d,0.0,75.0,International Duty - 75% chance of playing
86881,1644571439,1644571439,d,25.0,25.0,International Duty - 25% chance of playing
86881,1645015895,1645015895,a,25.0,100.0,
86934,1626901033,1626901033,a,,,
86934,1629104419,1629104419,a,75.0,100.0,
86934,1644246349,1644246021,d,100.0,50.0,Achilles injury - 50% chance of playing
86934,1644571439,1644571439,a,50.0,100.0,
86934,1645785079,1645300815,d,100.0,75.0,Knock - 75% chance of playing
86934,1646243308,1646243308,a,75.0,100.0,
87835,1626901033,1626901033,a,,,
87835,1634634298,1634124610,d,75.0,75.0,Knock - 75% chance of playing
87835,1635154236,1635154236,d,0.0,50.0,Knock - 50% chance of playing
87835,1635844587,1635844587,a,100.0,100.0,
87835,1649769992,1649539817,d,100.0,25.0,Knock - 25% chance of playing
87835,1650616373,1650616373,i,0.0,0.0,Knee injury - Expected back 04 Jun
87873,1626901033,1626901033,a,,,
87873,1633336603,1633195810,d,,75.0,Knock - 75% chance of playing
87873,1634634298,1634634298,a,100.0,100.0,
87873,1645015895,1644690611,d,100.0,75.0,Knock - 75% chance of playing
87873,1645785079,1645785079,a,75.0,100.0,
87873,1651564399,1651352416,i,100.0,0.0,Leg injury - Unknown return date
88894,1626901033,1626901033,a,,,
88894,1651244416,1651068018,d,,75.0,Illness - 75% chance of playing
88894,1652452024,1652452024,a,100.0,100.0,
88900,1626901033,1626901033,a,,,
88900,1632300087,1632004209,d,,75.0,Hamstring injury - 75% chance of playing
88900,1632950337,1632950337,i,0.0,0.0,Knee injury - Expected back 01 Dec
88900,1638180609,1638180609,d,50.0,50.0,Lack of match fitness - 50% chance of playing
88900,1638522834,1638522834,a,100.0,100.0,
88900,1640689447,1640543418,i,100.0,0.0,Illness - Expected back 15 Jan
88900,1640951218,1640951218,d,0.0,75.0,Illness - 75% chance of playing
88900,1642060544,1642060544,a,75.0,100.0,
89085,1626901033,1626901033,a,,,
89085,1629104419,1628769609,i,0.0,0.0,Illness - Expected back 21 Aug
89085,1629795335,1629795335,i,0.0,0.0,Illness - Expected back 29 Aug
89085,1630335330,1630335330,d,25.0,25.0,Lack of match fitness - 25% chance of playing
89085,1631631391,1631631391,u,0.0,0.0,Transferred to Fulham
89335,1631631391,1631631391,a,,,
89470,1626901033,1626901033,a,,,
89470,1630335330,1630312215,n,,0.0,Joined Middlesbrough on a season-long loan - Expected back 01 Jul
89470,1631631391,1631631391,u,0.0,0.0,Joined Middlesbrough on a season-long loan - Expected back 01 Jul
90105,1626901033,1626901033,a,,,
90105,1631631391,1631095210,i,0.0,0.0,Ankle injury - Unknown return date
90105,1632300087,1632300087,a,100.0,100.0,
90105,1639078188,1638646217,d,100.0,75.0,Hamstring injury - 75% chance of playing
90105,1639416474,1639416474,a,75.0,100.0,
90105,1640951218,1640908815,d,100.0,75.0,Hamstring injury - 75% chance of playing
90105,1642060544,1642060544,a,75.0,100.0,
90105,1645785079,1645300814,d,100.0,75.0,Hamstring injury - 75% chance of playing
90105,1646243308,1646243308,a,100.0,100.0,
90105,1649769992,1649462412,d,100.0,50.0,Hamstring injury - 50% chance of playing
90105,1651244416,1651244416,i,0.0,0.0,Hamstring injury - Expected back 22 May
90105,1652452024,1652452024,d,0.0,75.0,Lack of match fitness - 75% chance of playing
90105,1653046146,1653046146,a,75.0,100.0,
90105,1653306622,1653306622,d,50.0,50.0,Hamstring injury - 50% chance of playing
90152,1629795335,1629795335,a,,,
90152,1634634298,1633905009,i,0.0,0.0,Thigh injury - Unknown return date
90152,1635154236,1635154236,d,0.0,50.0,Thigh injury - 50% chance of playing
90152,1635844587,1635844587,a,100.0,100.0,
90152,1636451039,1635895813,i,0.0,0.0,Hamstring injury - Expected back 02 Dec
90152,1638522834,1638522834,i,25.0,0.0,Hamstring injury - Unknown return date
90152,1639078188,1639078188,i,0.0,0.0,Hamstring injury - Expected back 18 Dec
90152,1639732352,1639732352,i,0.0,0.0,Hamstring injury - Expected back 27 Dec
90152,1640689447,1640689447,a,100.0,100.0,
90152,1645015895,1644969615,d,100.0,75.0,Illness - 75% chance of playing
90152,1645785079,1645785079,a,100.0,100.0,
90152,1647081070,1646645414,d,100.0,75.0,Illness - 75% chance of playing
90152,1647627440,1647627440,a,100.0,100.0,
90152,1649769992,1649431812,i,0.0,0.0,Knock - Unknown return date
90152,1650616373,1650616373,d,0.0,50.0,Knock - 50% chance of playing
90152,1651244416,1651244416,a,100.0,100.0,
90585,1626901033,1626901033,a,,,
90585,1628766408,1628533812,d,,25.0,Hamstring injury - 25% chance of playing
90585,1630335330,1630335330,a,75.0,100.0,
90585,1635154236,1634907615,i,0.0,0.0,Knock - Unknown return date
90585,1635844587,1635844587,a,100.0,100.0,
90585,1638180609,1637937019,i,0.0,0.0,Muscle injury - Unknown return date
90585,1639416474,1639416474,a,100.0,100.0,
90585,1642060544,1640973621,i,0.0,0.0,Calf injury - Unknown return date
90585,1644246349,1644246349,d,0.0,25.0,Lack of match fitness - 25% chance of playing
90585,1645785079,1645785079,a,100.0,100.0,
91047,1626901033,1626901033,a,,,
91047,1630335330,1629973810,i,0.0,0.0,Calf injury - Unknown return date
91047,1632300087,1632300087,i,0.0,0.0,Calf injury - Expected back 02 Oct
91047,1633336603,1633336603,a,75.0,100.0,
91047,1637576440,1637434815,d,100.0,75.0,Calf injury - 75% chance of playing
91047,1638180609,1638180609,i,0.0,0.0,Calf injury - Unknown return date
91047,1640689447,1640689447,a,75.0,100.0,
91651,1626901033,1626901033,a,,,
91651,1635844587,1635512408,i,0.0,0.0,Hamstring injury - Expected back 20 Nov
91651,1636451039,1636451039,d,0.0,50.0,Hamstring injury - 50% chance of playing
91651,1637576440,1637576440,i,0.0,0.0,Hamstring injury - Unknown return date
91651,1639078188,1639078188,i,0.0,0.0,Illness - Expected back 19 Dec
91651,1639732352,1639732352,d,0.0,50.0,Lack of match fitness - 50% chance of playing
91651,1639994742,1639994742,a,100.0,100.0,
91651,1645785079,1645574413,d,100.0,75.0,Knock - 75% chance of playing
91651,1646243308,1646243308,a,75.0,100.0,
91651,1650616373,1650236420,i,100.0,0.0,Ankle injury - Expected back 07 May
91651,1651564399,1651564399,a,0.0,100.0,
91651,1652452024,1652311811,d,100.0,50.0,Ankle injury - 50% chance of playing
92217,1626901033,1626901033,a,,,
92217,1630335330,1630189815,d,,75.0,Hamstring injury - 75% chance of playing
92217,1631631391,1631631391,i,0.0,0.0,Hamstring injury - Unknown return date
92217,1632300087,1632300087,d,0.0,50.0,Hamstring injury - 50% chance of playing
92217,1632950337,1632950337,a,75.0,100.0,
92217,1636451039,1635982217,i,0.0,0.0,Hamstring injury - Unknown return date
92217,1638522834,1638522834,i,0.0,0.0,Hamstring injury - Expected back 11 Dec
92217,1639416474,1639416474,d,50.0,50.0,Lack of match fitness - 50% chance of playing
92217,1639732352,1639732352,a,50.0,100.0,
92217,1645785079,1645300814,d,100.0,50.0,Muscle injury - 50% chance of playing
92217,1647081070,1647081070,a,0.0,100.0,
92217,1650616373,1650409211,d,100.0,75.0,Foot injury - 75% chance of playing
92217,1651244416,1651244416,i,75.0,0.0,Foot injury - Unknown return date
92217,1652452024,1652452024,a,75.0,100.0,
92371,1626901033,1626901033,a,,,
92371,1635844587,1635285612,d,75.0,75.0,Illness - 75% chance of playing
92371,1636451039,1636451039,a,100.0,100.0,
92371,1639994742,1639866610,i,100.0,0.0,Illness - Expected back 01 Jan
92371,1640689447,1640689447,a,25.0,100.0,
92371,1644246349,1642717817,u,0.0,0.0,Joined Udinese on loan until the end of the season - Expected back 01 Jul
93100,1626901033,1626901033,a,,,
93100,1629795335,1629757806,d,,75.0,Knee injury - 75% chance of playing
93100,1630335330,1630335330,i,0.0,0.0,Knee injury - Expected back 11 Sep
93100,1631631391,1631631391,a,75.0,100.0,
93100,1639732352,1639396814,d,25.0,25.0,Illness - 25% chance of playing
93100,1640689447,1640689447,a,100.0,100.0,
93264,1626901033,1626901033,a,,,
93264,1631631391,1631372414,d,,75.0,Knock - 75% chance of playing
93264,1632300087,1632300087,a,50.0,100.0,
93264,1642060544,1641772813,d,100.0,75.0,Knock - 75% chance of playing
93264,1642654637,1642654637,i,0.0,0.0,Muscle injury - Expected back 09 Feb
93264,1644246349,1644145218,d,100.0,75.0,Thigh injury - 75% chance of playing
93264,1644571439,1644571439,i,0.0,0.0,Thigh injury - Unknown return date
93264,1645015895,1645015895,d,0.0,50.0,Thigh injury - 50% chance of playing
93264,1645785079,1645785079,a,100.0,100.0,
93284,1628766408,1628766408,a,,,
93284,1629795335,1629759616,n,,0.0,Joined Cadiz on a season-long loan - Expected back 01 Jul
93284,1630335330,1630335330,u,0.0,0.0,Joined Cadiz on a season-long loan - Expected back 01 Jul
94147,1626901033,1626901033,a,,,
94245,1626901033,1626901033,a,,,
94245,1629795335,1629306013,u,0.0,0.0,Joined Besiktas on a season-long loan - Expected back 01 Jul
95463,1626901033,1626901033,a,,,
95463,1640689447,1640354418,i,0.0,0.0,Knock - Unknown return date
95463,1640951218,1640951218,a,0.0,100.0,
95463,1647627440,1647444613,i,100.0,0.0,Knee injury - Unknown return date
95463,1651244416,1651244416,a,0.0,100.0,
95658,1626901033,1626901033,a,,,
95658,1632950337,1632587417,d,,75.0,Leg injury - 75% chance of playing
95658,1633336603,1633336603,d,0.0,50.0,Calf injury - 50% chance of playing
95658,1634634298,1634634298,a,25.0,100.0,
95658,1637576440,1637429408,s,100.0,0.0,Suspended until 02 Dec
95658,1638180609,1638180609,a,0.0,100.0,
95658,1642060544,1641252615,d,100.0,75.0,Rib Injury - 75% chance of playing
95658,1642654637,1642654637,a,75.0,100.0,
95658,1651244416,1651068018,d,100.0,75.0,Knee injury - 75% chance of playing
95658,1652452024,1652452024,a,100.0,100.0,
95715,1626901033,1626901033,a,,,
95715,1632300087,1631822413,d,50.0,50.0,Knock - 50% chance of playing
95715,1632950337,1632950337,a,75.0,100.0,
95715,1646243308,1645912812,d,100.0,75.0,Knock - 75% chance of playing
95715,1647081070,1647081070,a,100.0,100.0,
96787,1628766408,1628766408,a,,,
96787,1642654637,1642161616,d,0.0,75.0,Illness - 75% chance of playing
96787,1644246349,1644246349,a,100.0,100.0,
96787,1645015895,1644831014,d,100.0,75.0,Knock - 75% chance of playing
96787,1645785079,1645785079,a,75.0,100.0,
97032,1626901033,1626901033,a,,,
97032,1639732352,1639701015,d,,25.0,Illness - 25% chance of playing
97032,1640689447,1640689447,a,25.0,100.0,
97032,1653046146,1652565613,d,50.0,75.0,Calf injury - 75% chance of playing
97299,1626901033,1626901033,a,,,
97299,1632300087,1631746811,i,0.0,0.0,Muscle injury - Expected back 03 Oct
97299,1632950337,1632950337,a,75.0,100.0,
97299,1638522834,1638403216,d,100.0,75.0,Knock - 75% chance of playing
97299,1639078188,1639078188,a,100.0,100.0,
97299,1640689447,1640543418,d,100.0,75.0,Knock - 75% chance of playing
97299,1642654637,1642654637,a,75.0,100.0,
97299,1650616373,1650495620,d,100.0,75.0,Muscle injury - 75% chance of playing
97299,1651244416,1651244416,i,75.0,0.0,Muscle injury - Expected back 08 May
97299,1652452024,1652452024,i,25.0,0.0,Muscle injury - Expected back 01 Jun
97299,1653306622,1653306622,d,75.0,75.0,Lack of match fitness - 75% chance of playing
98745,1626901033,1626901033,a,,,
98745,1629795335,1629673208,d,,75.0,Thigh injury - 75% chance of playing
98745,1630335330,1630335330,a,100.0,100.0,
98745,1631631391,1630447209,u,0.0,0.0,Joined Real Betis on a season-long loan - Expected back 01 Jul
98747,1626901033,1626901033,a,,,
98747,1640951218,1640907013,d,,50.0,Illness - 50% chance of playing
98747,1642060544,1642060544,a,75.0,100.0,
98980,1626901033,1626901033,a,,,
98980,1630335330,1630308612,n,,0.0,Unavailable for the match against Chelsea on 11/9 because of quarantine regulations. - Expected back 18 Sep
98980,1631631391,1631631391,d,0.0,75.0,Lack of match fitness - 75% chance of playing
98980,1632300087,1632300087,a,75.0,100.0,
100649,1626901033,1626901033,a,,,
100649,1628766408,1627075810,u,,0.0,Transferred to Sharjah FC
101148,1626901033,1626901033,a,,,
101148,1632950337,1632477613,i,0.0,0.0,Muscle injury - Expected back 17 Oct
101148,1633336603,1633336603,d,0.0,50.0,Muscle injury - 50% chance of playing
101148,1634634298,1634634298,a,100.0,100.0,
101148,1638180609,1638030613,s,100.0,0.0,Suspended until 04 Dec
101148,1638522834,1638522834,a,0.0,100.0,
101148,1645015895,1644834620,d,100.0,75.0,Illness - 75% chance of playing
101148,1645785079,1645785079,a,100.0,100.0,
101178,1626901033,1626901033,a,,,
101178,1628766408,1628231404,d,,50.0,Knee injury - 50% chance of playing
101178,1629104419,1629104419,a,100.0,100.0,
101178,1633336603,1633190413,s,100.0,0.0,Suspended until 30 Oct
101178,1635154236,1635154236,a,0.0,100.0,
101178,1636451039,1636389012,d,100.0,75.0,Illness - 75% chance of playing
101178,1637576440,1637576440,a,100.0,100.0,
101184,1626901033,1626901033,a,,,
101184,1640689447,1640167217,d,0.0,25.0,Illness - 25% chance of playing
101184,1642060544,1642060544,a,25.0,100.0,
101184,1642654637,1642114814,d,75.0,75.0,Knock - 75% chance of playing
101184,1644246349,1644246349,a,50.0,100.0,
101188,1626901033,1626901033,a,,,
101188,1632950337,1632950337,a,100.0,100.0,
101188,1635844587,1635813037,d,100.0,75.0,Muscle injury - 75% chance of playing
101188,1636451039,1636451039,a,75.0,100.0,
101188,1647627440,1647241214,d,100.0,25.0,Hamstring injury - 25% chance of playing
101188,1647855483,1647855483,i,0.0,0.0,Hamstring injury - Expected back 02 Apr
101188,1649340876,1649340876,a,100.0,100.0,
101188,1649769992,1649539816,d,100.0,25.0,Shoulder injury - 25% chance of playing
101188,1651244416,1651244416,i,0.0,0.0,Shoulder injury - Expected back 15 May
101188,1651564399,1651564399,a,0.0,100.0,
101582,1626901033,1626901033,a,,,
101582,1634634298,1634634298,a,0.0,100.0,
101582,1644571439,1644247817,d,0.0,50.0,Illness - 50% chance of playing
101582,1645015895,1645015895,a,25.0,100.0,
101582,1649769992,1649539817,d,100.0,75.0,Hip injury - 75% chance of playing
101582,1650616373,1650616373,i,0.0,0.0,Hip injury - Expected back 02 May
101582,1651244416,1651244416,d,0.0,75.0,Lack of match fitness - 75% chance of playing
101582,1651564399,1651564399,a,75.0,100.0,
101668,1626901033,1626901033,a,,,
101668,1635154236,1635114613,d,,75.0,Knee injury - 75% chance of playing
101668,1635844587,1635844587,a,100.0,100.0,
101668,1640951218,1640737820,i,100.0,0.0,Hamstring injury - Expected back 23 Jan
101668,1642060544,1642060544,i,0.0,0.0,Hamstring injury - Expected back 05 Mar
101668,1645785079,1645785079,d,0.0,50.0,Lack of match fitness - 50% chance of playing
101668,1646243308,1646243308,a,50.0,100.0,
101668,1647081070,1646834413,i,100.0,0.0,Knee injury - Expected back 02 Apr
101668,1649340876,1649340876,i,0.0,0.0,Knee injury - Unknown return date
101668,1651244416,1651244416,a,75.0,100.0,
102057,1626901033,1626901033,a,,,
102057,1639416474,1639233014,s,,0.0,Suspended until 19 Dec
102057,1639732352,1639732352,a,0.0,100.0,
102057,1647855483,1647676821,s,100.0,0.0,Suspended until 17 Apr
102057,1649340876,1649340876,s,0.0,0.0,Suspended until 24 Apr
102057,1649769992,1649769992,a,0.0,100.0,
102380,1626901033,1626901033,a,,,
102380,1634634298,1633978814,d,0.0,75.0,Back injury - 75% chance of playing
102380,1635154236,1635154236,a,100.0,100.0,
102380,1650616373,1650495620,d,100.0,50.0,Groin Injury - 50% chance of playing
102380,1651244416,1651244416,a,25.0,100.0,
102826,1626901033,1626901033,a,,,
102826,1631631391,1630497608,n,0.0,0.0,Suspended by club - Unknown return date
103025,1626901033,1626901033,a,,,
103025,1642060544,1641056419,i,,0.0,International Duty - Expected back 09 Feb
103025,1644246349,1644246349,a,0.0,100.0,
103192,1626901033,1626901033,a,,,
103192,1630335330,1630072814,i,0.0,0.0,Personal Reasons - Expected back 11 Sep
103192,1631631391,1631631391,a,100.0,100.0,
103192,1639078188,1638635414,d,100.0,25.0,Hamstring injury - 25% chance of playing
103192,1640951218,1640951218,i,25.0,0.0,Hamstring injury - Unknown return date
103192,1642654637,1642654637,d,25.0,50.0,Lack of match fitness - 50% chance of playing
103192,1644246349,1644246349,a,50.0,100.0,
103192,1645015895,1644789617,d,100.0,75.0,Illness - 75% chance of playing
103192,1645785079,1645785079,a,75.0,100.0,
103192,1649769992,1649665815,d,100.0,75.0,Ankle injury - 75% chance of playing
103192,1650616373,1650616373,d,25.0,25.0,Ankle injury - 25% chance of playing
103192,1651244416,1651244416,a,0.0,100.0,
103914,1626901033,1626901033,a,,,
103914,1634634298,1634218210,d,50.0,75.0,Knock - 75% chance of playing
103914,1635154236,1635154236,a,75.0,100.0,
103914,1642060544,1641817821,d,100.0,75.0,Illness - 75% chance of playing
103914,1642654637,1642654637,d,75.0,75.0,Knock - 75% chance of playing
103914,1644246349,1644246349,d,50.0,50.0,Foot injury - 50% chance of playing
103914,1644571439,1644571439,d,25.0,25.0,Foot injury - 25% chance of playing
103914,1645785079,1645785079,a,25.0,100.0,
103955,1626901033,1626901033,a,,,
103955,1635154236,1635062415,d,,75.0,Back injury - 75% chance of playing
103955,1635844587,1635844587,a,100.0,100.0,
104547,1626901033,1626901033,a,,,
104547,1638180609,1637922611,d,75.0,75.0,Hamstring injury - 75% chance of playing
104547,1638522834,1638522834,a,75.0,100.0,
105666,1626901033,1626901033,a,,,
105717,1626901033,1626901033,a,,,
105717,1628766408,1628582410,d,,75.0,Lack of match fitness - 75% chance of playing
105717,1630335330,1630335330,d,25.0,25.0,Lack of match fitness - 25% chance of playing
105717,1631631391,1631631391,d,75.0,75.0,Lack of match fitness - 75% chance of playing
105717,1632300087,1632300087,a,100.0,100.0,
105717,1644246349,1644246021,d,100.0,25.0,Knee injury - 25% chance of playing
105717,1646243308,1646243308,i,0.0,0.0,Knee injury - Unknown return date
105717,1647081070,1647081070,a,50.0,100.0,
106611,1626901033,1626901033,a,,,
106611,1647081070,1646695812,d,,75.0,Illness - 75% chance of playing
106611,1647627440,1647627440,a,100.0,100.0,
106617,1626901033,1626901033,a,,,
106617,1632950337,1632216614,i,0.0,0.0,Ankle injury - Unknown return date
106617,1633336603,1633336603,d,0.0,50.0,Ankle injury - 50% chance of playing
106617,1634634298,1634634298,i,0.0,0.0,Ankle injury - Unknown return date
106617,1635154236,1635154236,i,0.0,0.0,Ankle injury - Expected back 31 Oct
106617,1635844587,1635844587,i,0.0,0.0,Ankle injury - Unknown return date
106617,1638522834,1638522834,d,25.0,75.0,Lack of match fitness - 75% chance of playing
106617,1639078188,1638966617,d,75.0,25.0,Muscle injury - 25% chance of playing
106617,1639732352,1639732352,i,0.0,0.0,Muscle injury - Unknown return date
106617,1642060544,1642060544,d,25.0,75.0,Hip injury - 75% chance of playing
106617,1642654637,1642654637,d,75.0,75.0,Lack of match fitness - 75% chance of playing
106617,1644246349,1644246349,i,0.0,0.0,Foot injury - Unknown return date
106617,1647081070,1647081070,a,75.0,100.0,
106617,1647855483,1647676820,d,100.0,75.0,Foot injury - 75% chance of playing
106617,1649340876,1649340876,i,0.0,0.0,Foot injury - Expected back 15 May
106617,1651244416,1651244416,i,0.0,0.0,Foot injury - Expected back 08 May
106617,1651564399,1651564399,d,0.0,50.0,Foot injury - 50% chance of playing
106617,1652452024,1652452024,d,25.0,25.0,Lack of match fitness - 25% chance of playing
106617,1653046146,1653046146,d,50.0,50.0,Lack of match fitness - 50% chance of playing
106617,1653306622,1653306622,d,75.0,75.0,Lack of match fitness - 75% chance of playing
106618,1626901033,1626901033,a,,,
106618,1628766408,1628231404,d,,50.0,Calf injury - 50% chance of playing
106618,1629104419,1629104419,i,0.0,0.0,Calf injury - Unknown return date
106618,1630335330,1630335330,d,75.0,75.0,Lack of match fitness - 75% chance of playing
106618,1632300087,1632300087,i,0.0,0.0,Calf injury - Unknown return date
106618,1632950337,1632950337,i,0.0,0.0,Calf injury - Expected back 17 Oct
106618,1633336603,1633336603,d,0.0,50.0,Calf injury - 50% chance of playing
106618,1634634298,1634634298,i,0.0,0.0,Calf injury - Unknown return date
106618,1642060544,1642060544,a,0.0,100.0,
106618,1644246349,1642896013,d,100.0,25.0,Muscle injury - 25% chance of playing
106618,1645015895,1645015895,a,50.0,100.0,
106757,1631631391,1631631391,a,,,
106757,1642060544,1641459616,u,,0.0,Transferred to VFL Bochum
106760,1626901033,1626901033,a,,,
106760,1632950337,1632587417,d,,75.0,Knock - 75% chance of playing
106760,1633336603,1633336603,a,75.0,100.0,
106760,1637576440,1636911014,d,75.0,75.0,Head injury - 75% chance of playing
106760,1639078188,1639078188,a,75.0,100.0,
106760,1642060544,1641252615,s,100.0,0.0,Suspended until 19 Jan
106760,1642654637,1642633212,d,0.0,75.0,Hamstring injury - 75% chance of playing
106760,1644246349,1644246349,a,0.0,100.0,
106760,1647081070,1646645414,d,100.0,75.0,Illness - 75% chance of playing
106760,1647627440,1647627440,a,0.0,100.0,
106760,1649340876,1648942218,d,100.0,75.0,Leg injury - 75% chance of playing
106760,1649769992,1649769992,i,0.0,0.0,Leg injury - Expected back 02 May
106760,1650616373,1650616373,i,0.0,0.0,Leg injury - Expected back 22 May
106760,1653046146,1653046146,d,0.0,25.0,Leg injury - 25% chance of playing
106760,1653306622,1653306622,d,75.0,75.0,Personal Reasons - 75% chance of playing
106837,1626901033,1626901033,a,,,
106837,1631631391,1630429207,u,0.0,0.0,Joined Torino on a season-long loan - Expected back 01 Jul
107265,1626901033,1626901033,a,,,
107613,1626901033,1626901033,a,,,
107613,1642060544,1641056419,i,,0.0,International Duty - Expected back 10 Feb
107613,1644246349,1644246349,a,0.0,100.0,
107613,1652452024,1652313612,d,100.0,75.0,Knock - 75% chance of playing
107613,1653046146,1653046146,d,25.0,25.0,Knock - 25% chance of playing
107613,1653306622,1653306622,i,0.0,0.0,Knock - Expected back 01 Jun
108156,1626901033,1624615744,u,,0.0,Transferred to Royal Antwerp
108413,1626901033,1626901033,a,,,
108413,1649769992,1649665816,d,,75.0,Knock - 75% chance of playing
108413,1650616373,1650616373,a,75.0,100.0,
108413,1653306622,1653139811,d,75.0,75.0,Illness - 75% chance of playing
108823,1626901033,1626901033,a,,,
109322,1626901033,1626901033,a,,,
109322,1629104419,1628872213,d,25.0,25.0,Illness - 25% chance of playing
109322,1629795335,1629795335,a,100.0,100.0,
109322,1651244416,1651240814,d,100.0,75.0,Personal Reasons - 75% chance of playing
109322,1651564399,1651564399,a,75.0,100.0,
109345,1626901033,1626901033,a,,,
109345,1630335330,1630175412,d,,75.0,Hamstring injury - 75% chance of playing
109345,1631631391,1631631391,a,100.0,100.0,
109528,1626901033,1626901033,a,,,
109528,1632300087,1632300087,a,100.0,100.0,
109528,1639994742,1639992613,d,100.0,75.0,Illness - 75% chance of playing
109528,1640689447,1640689447,s,75.0,0.0,Suspended until 02 Jan
109528,1640951218,1640951218,s,0.0,0.0,Suspended until 15 Jan
109528,1642060544,1642060544,s,0.0,0.0,Suspended until 22 Jan
109528,1642654637,1642654637,a,0.0,100.0,
109528,1645015895,1644789617,d,100.0,75.0,Ankle injury - 75% chance of playing
109528,1645785079,1645785079,i,0.0,0.0,Ankle injury - Unknown return date
109528,1646243308,1646243308,a,75.0,100.0,
109528,1653046146,1652743812,d,100.0,75.0,Illness - 75% chance of playing
109533,1629104419,1629104419,a,,,
109533,1629795335,1629399611,u,0.0,0.0,Joined Lyon on a season-long loan - Expected back 01 Jul
109745,1626901033,1626901033,a,,,
110504,1626901033,1626901033,a,,,
110504,1629795335,1629453613,i,0.0,0.0,Hamstring injury - Expected back 11 Sep
110504,1631631391,1631631391,a,75.0,100.0,
110504,1634634298,1634292016,d,75.0,75.0,Thigh injury - 75% chance of playing
110504,1635154236,1635154236,a,100.0,100.0,
110504,1636451039,1636025413,i,0.0,0.0,Thigh injury - Unknown return date
110504,1637576440,1637576440,a,100.0,100.0,
110504,1638180609,1637922611,i,0.0,0.0,Thigh injury - Unknown return date
110504,1638522834,1638522834,i,0.0,0.0,Thigh injury - Expected back 26 Dec
110504,1640689447,1640689447,a,0.0,100.0,
110504,1642060544,1641056419,i,100.0,0.0,International Duty - Expected back 09 Feb
110504,1644246349,1644246349,d,0.0,75.0,International Duty - 75% chance of playing
110504,1644571439,1644571439,a,25.0,100.0,
110504,1645015895,1644589813,i,0.0,0.0,Hamstring injury - Unknown return date
110504,1646243308,1646243308,d,50.0,50.0,Hamstring injury - 50% chance of playing
110504,1647081070,1647081070,a,75.0,100.0,
110735,1626901033,1626901033,a,,,
110735,1631631391,1631381416,d,,75.0,Hamstring injury - 75% chance of playing
110735,1632300087,1632300087,i,0.0,0.0,Hamstring injury - Expected back 16 Oct
110735,1633336603,1633336603,d,0.0,50.0,Hamstring injury - 50% chance of playing
110735,1634634298,1634634298,d,75.0,75.0,Hamstring injury - 75% chance of playing
110735,1635154236,1635154236,a,25.0,100.0,
110735,1638522834,1638403215,i,100.0,0.0,Muscle injury - Unknown return date
110735,1639078188,1639078188,i,0.0,0.0,Calf injury - Expected back 18 Dec
110735,1639732352,1639732352,d,0.0,25.0,Calf injury - 25% chance of playing
110735,1640689447,1640689447,a,100.0,100.0,
110735,1645785079,1645300814,d,100.0,25.0,Groin Injury - 25% chance of playing
110735,1647081070,1647081070,i,0.0,0.0,Groin Injury - Expected back 02 Apr
110735,1649340876,1649340876,d,0.0,75.0,Lack of match fitness - 75% chance of playing
110735,1649769992,1649769992,a,75.0,100.0,
110979,1626901033,1626901033,a,,,
110979,1637576440,1637576440,a,100.0,100.0,
110979,1642060544,1641056419,i,100.0,0.0,International Duty - Expected back 10 Feb
110979,1644246349,1644246349,d,0.0,75.0,International Duty - 75% chance of playing
110979,1645015895,1645015895,a,75.0,100.0,
111234,1626901033,1626901033,a,,,
111234,1632300087,1632004208,i,,0.0,Shoulder injury - Expected back 17 Oct
111234,1632950337,1632950337,a,100.0,100.0,
111291,1626901033,1626901033,a,,,
111291,1635154236,1635010211,d,,75.0,Calf injury - 75% chance of playing
111291,1635844587,1635844587,i,0.0,0.0,Calf injury - Unknown return date
111291,1636451039,1636451039,d,0.0,50.0,Calf injury - 50% chance of playing
111291,1637576440,1637576440,a,100.0,100.0,
111291,1638522834,1638406817,i,100.0,0.0,Illness - Expected back 11 Dec
111291,1639078188,1639078188,d,0.0,75.0,Illness - 75% chance of playing
111291,1639416474,1639416474,a,100.0,100.0,
111291,1642654637,1642271414,d,100.0,75.0,Knock - 75% chance of playing
111291,1644246349,1644246349,a,75.0,100.0,
111457,1626901033,1626901033,a,,,
111457,1631631391,1631187014,d,75.0,75.0,Knock - 75% chance of playing
111457,1632300087,1632300087,a,100.0,100.0,
111457,1637576440,1637164816,i,0.0,0.0,Ankle injury - Unknown return date
111457,1639416474,1639416474,i,0.0,0.0,Ankle injury - Expected back 16 Jan
111457,1642060544,1642060544,a,0.0,100.0,
111457,1642654637,1642114814,u,75.0,0.0,Contract ended by mutual consent
111478,1626901033,1626901033,a,,,
111478,1629104419,1628964010,d,,75.0,Lack of match fitness - 75% chance of playing
111478,1629795335,1629795335,n,0.0,0.0,Isolating in line with government and Premier League protocol - Expected back 11 Sep
111478,1630335330,1630335330,a,0.0,100.0,
111478,1639078188,1638658817,d,100.0,75.0,Facial Injury - 75% chance of playing
111478,1639732352,1639732352,d,75.0,25.0,Hamstring injury - 25% chance of playing
111478,1640689447,1640689447,d,50.0,50.0,Fatigue - 50% chance of playing
111478,1640951218,1640951218,a,50.0,100.0,
111773,1626901033,1626901033,a,,,
111773,1640689447,1640689447,a,75.0,100.0,
111773,1647081070,1647003617,d,100.0,75.0,Muscle injury - 75% chance of playing
111773,1647627440,1647627440,a,75.0,100.0,
111782,1642654637,1642654637,a,,,
111931,1626901033,1626901033,a,,,
111931,1630335330,1630175412,d,,75.0,Hamstring injury - 75% chance of playing
111931,1631631391,1631631391,a,75.0,100.0,
111931,1635844587,1635514208,d,75.0,75.0,Muscle injury - 75% chance of playing
111931,1636451039,1636451039,a,75.0,100.0,
111931,1637576440,1637429408,d,100.0,75.0,Hamstring injury - 75% chance of playing
111931,1638180609,1638180609,i,0.0,0.0,Hamstring injury - Expected back 12 Dec
111931,1639078188,1639078188,i,0.0,0.0,Hamstring injury - Unknown return date
111931,1639416474,1639416474,a,0.0,100.0,
111931,1640689447,1640214019,i,75.0,0.0,Leg injury - Expected back 10 Feb
111931,1644246349,1644246349,a,0.0,100.0,
111931,1646243308,1646177412,d,100.0,75.0,Hamstring injury - 75% chance of playing
111931,1647627440,1647627440,a,75.0,100.0,
111931,1652452024,1652050820,d,100.0,25.0,Knock - 25% chance of playing
111931,1653046146,1653046146,a,25.0,100.0,
113564,1626901033,1626901033,a,,,
113564,1628766408,1628537413,d,,25.0,Hamstring injury - 25% chance of playing
113564,1629104419,1629104419,i,0.0,0.0,Hamstring injury - Unknown return date
113564,1635154236,1635154236,a,100.0,100.0,
113564,1635844587,1635521417,i,0.0,0.0,Lack of match fitness - Unknown return date
113564,1639732352,1639732352,a,100.0,100.0,
113564,1647627440,1647005419,d,75.0,75.0,Fatigue - 75% chance of playing
113564,1647855483,1647855483,a,100.0,100.0,
114128,1626901033,1624361411,i,,0.0,Knee injury - Unknown return date
114128,1633336603,1633336603,i,0.0,0.0,Knee injury - Expected back 01 Jan
114128,1640689447,1640689447,i,0.0,0.0,Knee injury - Expected back 15 Jan
114128,1642654637,1642654637,i,0.0,0.0,Knee injury - Unknown return date
114128,1644246349,1644246349,i,0.0,0.0,Lack of match fitness - Expected back 20 Feb
114128,1644571439,1644571439,a,0.0,100.0,
114243,1626901033,1626901033,a,,,
114283,1626901033,1626901033,a,,,
114283,1637576440,1636911013,d,25.0,25.0,Knock - 25% chance of playing
114283,1638180609,1638180609,d,50.0,50.0,Knock - 50% chance of playing
114283,1638522834,1638522834,a,75.0,100.0,
114283,1645015895,1644690611,d,100.0,75.0,Shin injury - 75% chance of playing
114283,1645785079,1645785079,d,25.0,25.0,Shin injury - 25% chance of playing
114283,1646243308,1646243308,a,100.0,100.0,
115382,1626901033,1626901033,a,,,
115382,1629795335,1629572413,d,,25.0,Shoulder injury - 25% chance of playing
115382,1630335330,1630335330,a,75.0,100.0,
115556,1626901033,1626901033,a,,,
115556,1633336603,1633134617,d,25.0,25.0,Abdominal injury - 25% chance of playing
115556,1634634298,1634634298,a,75.0,100.0,
115918,1626901033,1626901033,a,,,
115918,1629795335,1629451814,i,0.0,0.0,Illness - Expected back 28 Aug
115918,1630335330,1630335330,a,100.0,100.0,
115918,1631631391,1630447209,u,0.0,0.0,Joined OH Leuven on a season-long loan - Expected back 01 Jul
116216,1626901033,1626901033,a,,,
116216,1639078188,1638646216,d,,75.0,Arm injury - 75% chance of playing
116216,1639732352,1639732352,a,100.0,100.0,
116216,1640689447,1640599216,d,100.0,75.0,Hamstring injury - 75% chance of playing
116216,1642060544,1642060544,a,75.0,100.0,
116216,1644246349,1644228020,d,100.0,75.0,Illness - 75% chance of playing
116216,1644571439,1644571439,a,75.0,100.0,
116216,1650616373,1650495620,d,100.0,75.0,Illness - 75% chance of playing
116216,1651244416,1651244416,a,75.0,100.0,
116535,1626901033,1626901033,a,,,
116535,1634634298,1634634298,a,0.0,100.0,
116535,1642060544,1641157221,d,100.0,75.0,Illness - 75% chance of playing
116535,1642654637,1642654637,a,100.0,100.0,
116594,1626901033,1626901033,a,,,
116594,1629104419,1628861414,d,75.0,75.0,Knock - 75% chance of playing
116594,1629795335,1629795335,a,75.0,100.0,
116594,1630335330,1630191611,d,100.0,75.0,Ankle injury - 75% chance of playing
116594,1632300087,1632300087,a,100.0,100.0,
116594,1633336603,1632843015,d,0.0,75.0,Illness - 75% chance of playing
116594,1634634298,1634634298,a,75.0,100.0,
116594,1638180609,1637710212,d,25.0,25.0,Knee injury - 25% chance of playing
116594,1638522834,1638522834,d,0.0,50.0,Knee injury - 50% chance of playing
116594,1639078188,1639078188,i,0.0,0.0,Knee injury - Unknown return date
116594,1639732352,1639732352,a,50.0,100.0,
116594,1640689447,1640570409,d,100.0,25.0,Knee injury - 25% chance of playing
116594,1640951218,1640951218,a,25.0,100.0,
116594,1651564399,1651440618,d,100.0,75.0,Knock - 75% chance of playing
116594,1652452024,1652452024,d,25.0,50.0,Knock - 50% chance of playing
116594,1653046146,1653046146,a,100.0,100.0,
116643,1626901033,1626901033,a,,,
116643,1629795335,1629504009,d,25.0,75.0,Personal Reasons - 75% chance of playing
116643,1630335330,1630335330,a,100.0,100.0,
116643,1635844587,1635267611,d,25.0,25.0,Knee injury - 25% chance of playing
116643,1636451039,1636451039,a,100.0,100.0,
116643,1639732352,1639701015,d,100.0,25.0,Illness - 25% chance of playing
116643,1640689447,1640689447,a,25.0,100.0,
116643,1652452024,1652221811,d,100.0,25.0,Muscle injury - 25% chance of playing
116643,1653306622,1653306622,d,75.0,75.0,Muscle injury - 75% chance of playing
118748,1626901033,1626901033,a,,,
118748,1642060544,1641056419,i,,0.0,International Duty - Expected back 10 Feb
118748,1644246349,1644246349,d,0.0,75.0,International Duty - 75% chance of playing
118748,1644571439,1644571439,a,75.0,100.0,
118748,1653046146,1652565613,d,50.0,75.0,Muscle injury - 75% chance of playing
119471,1626901033,1626901033,a,,,
119471,1637576440,1637447416,d,,75.0,Knock - 75% chance of playing
119471,1638180609,1638180609,a,100.0,100.0,
119471,1640951218,1640908815,d,100.0,75.0,Knock - 75% chance of playing
119471,1642060544,1642060544,a,75.0,100.0,
119471,1647081070,1647003617,d,100.0,75.0,Groin Injury - 75% chance of playing
119471,1647627440,1647627440,a,75.0,100.0,
119471,1651564399,1651343421,d,100.0,75.0,Knock - 75% chance of playing
119471,1652452024,1652452024,a,50.0,100.0,
119471,1653046146,1652743812,d,100.0,75.0,Head injury - 75% chance of playing
119765,1626901033,1626901033,a,,,
119765,1638180609,1638180609,a,75.0,100.0,
119765,1639416474,1639146614,d,75.0,75.0,Muscle injury - 75% chance of playing
119765,1639732352,1639732352,a,75.0,100.0,
119765,1642654637,1642271413,d,100.0,75.0,Illness - 75% chance of playing
119765,1644246349,1644246349,a,100.0,100.0,
119765,1647627440,1647559814,s,100.0,0.0,Suspended until 09 Apr
119765,1649340876,1649340876,a,0.0,100.0,
120202,1644246349,1644246349,a,,,
120202,1645015895,1644789617,d,,75.0,Leg injury - 75% chance of playing
120202,1645785079,1645785079,a,75.0,100.0,
120250,1626901033,1626901033,a,,,
120250,1632950337,1632265211,i,0.0,0.0,Calf injury - Unknown return date
120250,1633336603,1633336603,d,0.0,50.0,Calf injury - 50% chance of playing
120250,1634634298,1634634298,i,0.0,0.0,Calf injury - Unknown return date
120250,1635154236,1635154236,i,0.0,0.0,Lack of match fitness - Expected back 01 Nov
120250,1635844587,1635844587,d,25.0,25.0,Lack of match fitness - 25% chance of playing
120250,1636451039,1636451039,i,0.0,0.0,Lack of match fitness - Unknown return date
120250,1637576440,1637576440,i,0.0,0.0,Calf injury - Unknown return date
120250,1639078188,1639078188,a,100.0,100.0,
120250,1649340876,1649059217,d,100.0,75.0,Knock - 75% chance of playing
120250,1649769992,1649769992,a,75.0,100.0,
120250,1651244416,1650641417,i,0.0,0.0,Knock - Unknown return date
120250,1652452024,1652452024,a,100.0,100.0,
121145,1626901033,1626901033,a,,,
121145,1639416474,1639233014,s,,0.0,Suspended until 19 Dec
121145,1639732352,1639732352,a,0.0,100.0,
121145,1647081070,1646820010,d,100.0,75.0,Illness - 75% chance of playing
121145,1647627440,1647627440,a,75.0,100.0,
121160,1626901033,1626901033,a,,,
121160,1634634298,1634634298,a,0.0,100.0,
121570,1649769992,1649769992,a,,,
121599,1626901033,1626901033,a,,,
121599,1635154236,1634641215,i,0.0,0.0,Foot injury - Unknown return date
121599,1635844587,1635844587,i,0.0,0.0,Foot injury - Expected back 21 Nov
121599,1636451039,1636451039,d,0.0,50.0,Foot injury - 50% chance of playing
121599,1637576440,1637576440,i,0.0,0.0,Foot injury - Expected back 06 Dec
121599,1638180609,1638180609,a,75.0,100.0,
121599,1644246349,1642896013,i,100.0,0.0,Groin Injury - Expected back 07 Mar
121599,1645785079,1645785079,d,0.0,75.0,Groin Injury - 75% chance of playing
121599,1646243308,1646243308,a,100.0,100.0,
122074,1632300087,1632300087,a,,,
122775,1626901033,1626901033,a,,,
122775,1628766408,1628488812,d,,25.0,Knee injury - 25% chance of playing
122775,1629104419,1629104419,i,0.0,0.0,Knee injury - Unknown return date
122775,1629795335,1629795335,d,75.0,75.0,Lack of match fitness - 75% chance of playing
122775,1630335330,1630335330,d,25.0,25.0,Lack of match fitness - 25% chance of playing
122775,1631631391,1631631391,a,100.0,100.0,
122775,1632950337,1632355209,i,0.0,0.0,Hamstring injury - Expected back 22 Oct
122775,1634634298,1634634298,a,75.0,100.0,
122775,1635844587,1635501610,d,25.0,75.0,Illness - 75% chance of playing
122775,1636451039,1636451039,a,100.0,100.0,
122775,1639994742,1639751414,i,0.0,0.0,Unknown - Expected back 26 Dec
122775,1640689447,1640689447,a,50.0,100.0,
122775,1651244416,1650630617,i,0.0,0.0,Knock - Unknown return date
122775,1652452024,1652452024,a,100.0,100.0,
122798,1626901033,1626901033,a,,,
122798,1628766408,1628447406,i,,0.0,Ankle injury - Expected back 12 Sep
122798,1629795335,1629795335,a,25.0,100.0,
122798,1637576440,1637020813,d,75.0,75.0,Hamstring injury - 75% chance of playing
122798,1638180609,1638180609,a,100.0,100.0,
122798,1639994742,1639947616,s,100.0,0.0,Suspended until 02 Jan
122798,1640689447,1640689447,s,0.0,0.0,Suspended until 15 Jan
122798,1642060544,1642060544,a,0.0,100.0,
122806,1626901033,1626901033,a,,,
122806,1630335330,1630175411,d,,75.0,Illness - 75% chance of playing
122806,1631631391,1631631391,a,100.0,100.0,
122806,1632300087,1631993407,d,100.0,75.0,Head injury - 75% chance of playing
122806,1632950337,1632950337,a,100.0,100.0,
122806,1642060544,1641157220,s,100.0,0.0,Suspended until 22 Jan
122806,1642654637,1642654637,a,0.0,100.0,
123354,1626901033,1626901033,a,,,
123354,1647855483,1647613817,i,0.0,0.0,Abdominal injury - Unknown return date
123354,1649340876,1649340876,a,100.0,100.0,
123354,1651244416,1650630617,i,0.0,0.0,Abdominal injury - Unknown return date
124183,1626901033,1626901033,a,,,
124183,1628766408,1628749806,d,,25.0,Shoulder injury - 25% chance of playing
124183,1629104419,1629104419,i,0.0,0.0,Shoulder injury - Expected back 28 Aug
124183,1629795335,1629795335,a,75.0,100.0,
124183,1634634298,1634304609,d,25.0,75.0,Head injury - 75% chance of playing
124183,1635154236,1635154236,a,100.0,100.0,
124183,1639994742,1639949414,d,100.0,75.0,Calf injury - 75% chance of playing
124183,1640689447,1640689447,a,75.0,100.0,
124183,1645785079,1645574413,d,100.0,75.0,Knock - 75% chance of playing
124183,1647081070,1647081070,a,75.0,100.0,
126184,1626901033,1626901033,a,,,
126184,1639078188,1638921613,d,,75.0,Back injury - 75% chance of playing
126184,1639416474,1639416474,a,75.0,100.0,
126184,1642654637,1642260618,d,100.0,75.0,Lack of match fitness - 75% chance of playing
126184,1644246349,1644246349,a,100.0,100.0,
126184,1647081070,1646404216,d,0.0,75.0,Knock - 75% chance of playing
126184,1647627440,1647627440,a,75.0,100.0,
126184,1650616373,1650495620,d,100.0,75.0,Ankle injury - 75% chance of playing
126184,1651244416,1651244416,a,75.0,100.0,
126184,1651564399,1651352416,d,100.0,75.0,Ankle injury - 75% chance of playing
126184,1652452024,1652452024,a,100.0,100.0,
126187,1626901033,1626901033,a,,,
126187,1629795335,1629183607,d,25.0,25.0,Illness - 25% chance of playing
126187,1630335330,1630335330,a,75.0,100.0,
126187,1639994742,1639749613,d,75.0,75.0,Ankle injury - 75% chance of playing
126187,1640951218,1640951218,d,75.0,50.0,Ankle injury - 50% chance of playing
126187,1642060544,1642060544,a,50.0,100.0,
128295,1626901033,1626901033,a,,,
128295,1638180609,1638140418,d,,75.0,Back injury - 75% chance of playing
128295,1638522834,1638522834,a,75.0,100.0,
128295,1640689447,1640568611,s,100.0,0.0,Suspended until 02 Jan
128295,1640951218,1640951218,a,0.0,100.0,
128295,1647081070,1646524812,d,100.0,75.0,Muscle injury - 75% chance of playing
128295,1647627440,1647627440,a,100.0,100.0,
128295,1651244416,1650751213,d,100.0,75.0,Shin injury - 75% chance of playing
128295,1651564399,1651564399,a,75.0,100.0,
130036,1629795335,1629795335,a,,,
130036,1630335330,1630063812,n,0.0,0.0,Not available for selection until 11/9. - Expected back 11 Sep
130036,1631631391,1631631391,a,100.0,100.0,
130036,1644246349,1643819418,u,100.0,0.0,Left club by mutual consent
131304,1626901033,1626901033,a,,,
131304,1642060544,1641056419,i,,0.0,International Duty - Expected back 08 Feb
131304,1644246349,1644246349,a,0.0,100.0,
131304,1647081070,1646409619,d,0.0,75.0,Groin Injury - 75% chance of playing
131304,1647627440,1647627440,a,75.0,100.0,
131304,1650616373,1650029419,d,0.0,75.0,Hamstring injury - 75% chance of playing
131304,1651244416,1651244416,a,75.0,100.0,
131897,1626901033,1626130804,u,,0.0,Transferred to Real Sociedad
132015,1626901033,1626901033,a,,,
135363,1626901033,1626901033,a,,,
135363,1635844587,1635844587,a,100.0,100.0,
135363,1639994742,1639949414,d,100.0,75.0,Knock - 75% chance of playing
135363,1640689447,1640689447,a,75.0,100.0,
135363,1640951218,1640820620,d,100.0,25.0,Back injury - 25% chance of playing
135363,1642060544,1642060544,a,25.0,100.0,
135363,1642654637,1642161615,d,0.0,75.0,Illness - 75% chance of playing
135363,1644246349,1644246349,a,0.0,100.0,
135363,1646243308,1646002819,d,100.0,75.0,Achilles injury - 75% chance of playing
135363,1647081070,1647081070,a,50.0,100.0,
135363,1650616373,1650495620,d,100.0,75.0,Knock - 75% chance of playing
135363,1651244416,1651240814,d,75.0,75.0,Illness - 75% chance of playing
135363,1652452024,1652452024,a,100.0,100.0,
135363,1653046146,1652567412,d,50.0,25.0,Knock - 25% chance of playing
140941,1626901033,1626901033,a,,,
140941,1629104419,1628965810,u,,0.0,Transferred to Maccabi Tel Aviv
141746,1626901033,1626901033,a,,,
141746,1635154236,1635154236,a,75.0,100.0,
141746,1640689447,1640647819,s,100.0,0.0,Suspended until 03 Jan
141746,1640951218,1640951218,a,0.0,100.0,
141746,1644246349,1644055210,d,100.0,75.0,Knock - 75% chance of playing
141746,1644571439,1644571439,a,75.0,100.0,
144485,1626901033,1626901033,a,,,
144485,1639078188,1638748817,i,,0.0,Illness - Expected back 18 Dec
144485,1639416474,1639416474,d,0.0,25.0,Illness - 25% chance of playing
144485,1639732352,1639732352,a,75.0,100.0,
144485,1644571439,1644454815,d,100.0,50.0,Calf injury - 50% chance of playing
144485,1645785079,1645785079,d,75.0,75.0,Lack of match fitness - 75% chance of playing
144485,1646243308,1646243308,a,100.0,100.0,
146941,1626901033,1626901033,a,,,
146941,1632300087,1631746811,i,0.0,0.0,Muscle injury - Expected back 03 Oct
146941,1632950337,1632950337,a,75.0,100.0,
146941,1635844587,1635615016,s,100.0,0.0,Suspended until 21 Nov
146941,1636451039,1636451039,a,0.0,100.0,
146941,1638180609,1638138617,s,100.0,0.0,Suspended until 04 Dec
146941,1638522834,1638522834,a,0.0,100.0,
146941,1652452024,1652311811,d,100.0,50.0,Knock - 50% chance of playing
146941,1653046146,1653046146,a,50.0,100.0,
148225,1626901033,1626901033,a,,,
148225,1633336603,1633195811,d,,75.0,Knock - 75% chance of playing
148225,1635154236,1634412617,d,75.0,50.0,Knock - 50% chance of playing
148225,1635844587,1635844587,a,100.0,100.0,
148225,1639078188,1638748818,d,100.0,75.0,Knee injury - 75% chance of playing
148225,1639416474,1639416474,d,50.0,50.0,Knee injury - 50% chance of playing
148225,1640689447,1640689447,a,100.0,100.0,
148225,1644246349,1643153420,u,100.0,0.0,Joined Sevilla on loan until the end of the season - Expected back 01 Jul
148508,1626901033,1624361411,i,,0.0,Knee injury - Unknown return date
148508,1638180609,1638180609,i,0.0,0.0,Lack of match fitness - Expected back 11 Dec
148508,1639416474,1639416474,a,75.0,100.0,
148508,1642060544,1641056419,i,100.0,0.0,International Duty - Expected back 09 Feb
148508,1644246349,1644246349,d,0.0,75.0,International Duty - 75% chance of playing
148508,1644571439,1644571439,u,0.0,0.0,Joined Istanbul Basaksehir on loan until the end of the season
149065,1626901033,1626901033,a,,,
149484,1626901033,1626901033,a,,,
149484,1630335330,1630175411,d,,75.0,Rib Injury - 75% chance of playing
149484,1631631391,1631631391,a,100.0,100.0,
149484,1640689447,1640568611,s,100.0,0.0,Suspended until 15 Jan
149484,1642060544,1642060544,a,0.0,100.0,
149519,1631631391,1631631391,a,75.0,100.0,
149519,1632950337,1632591012,d,100.0,75.0,Hamstring injury - 75% chance of playing
149519,1633336603,1633336603,d,25.0,25.0,Hamstring injury - 25% chance of playing
149519,1634634298,1634634298,a,100.0,100.0,
149519,1639078188,1638646218,d,100.0,75.0,Thigh injury - 75% chance of playing
149519,1639416474,1639416474,d,25.0,25.0,Thigh injury - 25% chance of playing
149519,1639732352,1639732352,d,50.0,50.0,Thigh injury - 50% chance of playing
149519,1642060544,1642060544,i,75.0,0.0,International Duty - Expected back 08 Feb
149519,1644246349,1644246349,a,0.0,100.0,
149519,1644571439,1644379217,d,100.0,75.0,Knock - 75% chance of playing
149519,1645015895,1645015895,a,100.0,100.0,
149519,1645785079,1645671613,d,100.0,50.0,Foot injury - 50% chance of playing
149519,1646243308,1646243308,a,50.0,100.0,
149519,1651244416,1650871813,d,100.0,50.0,Knee injury - 50% chance of playing
149519,1651564399,1651564399,d,50.0,75.0,Knee injury - 75% chance of playing
149519,1652452024,1652452024,a,75.0,100.0,
149915,1626901033,1626901033,a,,,
149915,1628766408,1628512209,d,,75.0,Knock - 75% chance of playing
149915,1629104419,1629104419,i,0.0,0.0,Knock - Expected back 28 Aug
149915,1629795335,1629795335,i,0.0,0.0,Knock - Expected back 29 Aug
149915,1630335330,1630335330,a,100.0,100.0,
149915,1631631391,1631485817,d,100.0,75.0,Muscle injury - 75% chance of playing
149915,1632300087,1632300087,i,0.0,0.0,Muscle injury - Unknown return date
149915,1633336603,1633336603,a,100.0,100.0,
149915,1639994742,1639866610,i,100.0,0.0,Illness - Expected back 02 Jan
149915,1640689447,1640689447,d,25.0,75.0,Illness - 75% chance of playing
149915,1642060544,1641157221,s,100.0,0.0,Suspended until 22 Jan
149915,1642654637,1642654637,a,0.0,100.0,
149915,1645785079,1645691415,d,100.0,75.0,Hamstring injury - 75% chance of playing
149915,1646243308,1646243308,a,100.0,100.0,
149915,1647855483,1647676820,d,100.0,75.0,Back injury - 75% chance of playing
149915,1649340876,1649340876,a,100.0,100.0,
151589,1626901033,1626901033,a,,,
152590,1626901033,1626901033,a,,,
152590,1628766408,1627426812,i,,0.0,Ankle injury - Expected back 11 Sep
152590,1631631391,1631631391,i,0.0,0.0,Ankle injury - Unknown return date
152590,1632300087,1632300087,i,0.0,0.0,Ankle injury - Expected back 25 Sep
152590,1632950337,1632950337,a,100.0,100.0,
152590,1644571439,1644247817,d,0.0,50.0,Illness - 50% chance of playing
152590,1645015895,1645015895,a,75.0,100.0,
152760,1626901033,1626901033,a,,,
152760,1637576440,1637487009,d,,75.0,Illness - 75% chance of playing
152760,1638180609,1638180609,a,100.0,100.0,
152760,1639416474,1639242018,d,100.0,75.0,Knee injury - 75% chance of playing
152760,1639732352,1639732352,d,75.0,50.0,Knee injury - 50% chance of playing
152760,1639994742,1639994742,d,25.0,25.0,Knee injury - 25% chance of playing
152760,1642060544,1642060544,i,25.0,0.0,Knee injury - Unknown return date
152760,1644246349,1644246349,d,0.0,75.0,Lack of match fitness - 75% chance of playing
152760,1645785079,1645785079,a,100.0,100.0,
152898,1626901033,1626901033,a,,,
152898,1629795335,1629183607,u,0.0,0.0,Joined Sheffield United on a season-long loan - Expected back 01 Jul
153127,1626901033,1626901033,a,,,
153127,1629795335,1629570613,d,,75.0,Knee injury - 75% chance of playing
153127,1630335330,1630335330,d,50.0,50.0,Knee injury - 50% chance of playing
153127,1631631391,1631631391,a,75.0,100.0,
153127,1639994742,1639947616,s,100.0,0.0,Suspended until 30 Dec
153127,1640689447,1640689447,a,0.0,100.0,
153127,1640951218,1640908815,d,100.0,25.0,Knee injury - 25% chance of playing
153127,1642060544,1642060544,i,25.0,0.0,Knee injury - Expected back 19 Mar
153127,1644246349,1644246349,n,0.0,0.0,Not included in Newcastle United's 25-man Premier League squad - Unknown return date
153133,1626901033,1626901033,a,,,
153133,1630335330,1630335330,a,75.0,100.0,
153133,1633336603,1633087811,d,50.0,75.0,Knock - 75% chance of playing
153133,1634634298,1634634298,a,75.0,100.0,
153133,1642060544,1641056419,i,100.0,0.0,International Duty - Expected back 08 Feb
153133,1644246349,1644246349,a,0.0,100.0,
153256,1626901033,1626901033,a,,,
153256,1631631391,1630668615,i,0.0,0.0,Muscle injury - Expected back 02 Oct
153256,1632300087,1632300087,d,0.0,50.0,Muscle injury - 50% chance of playing
153256,1632950337,1632950337,a,100.0,100.0,
153256,1642060544,1641056419,i,100.0,0.0,International Duty - Expected back 10 Feb
153256,1644246349,1644246349,d,0.0,75.0,International Duty - 75% chance of playing
153256,1644571439,1644571439,a,75.0,100.0,
153673,1628766408,1628766408,a,,,
154043,1626901033,1626901033,a,,,
154043,1640689447,1640167217,d,75.0,25.0,Illness - 25% chance of playing
154043,1642060544,1641814081,u,25.0,0.0,Season-long loan to Roma
154138,1626901033,1626901033,a,,,
154138,1629795335,1629397811,d,75.0,75.0,Knock - 75% chance of playing
154138,1631631391,1631631391,a,100.0,100.0,
154138,1638522834,1638293416,i,0.0,0.0,Hamstring injury - Unknown return date
154138,1644571439,1644571439,i,0.0,0.0,Lack of match fitness - Expected back 19 Feb
154138,1645015895,1645015895,i,0.0,0.0,Lack of match fitness - Unknown return date
154138,1645785079,1645785079,d,25.0,75.0,Lack of match fitness - 75% chance of playing
154138,1646243308,1646243308,a,100.0,100.0,
154506,1626901033,1626901033,a,,,
154506,1632950337,1632402018,d,75.0,75.0,Knee injury - 75% chance of playing
154506,1633336603,1633336603,a,100.0,100.0,
154561,1626901033,1626901033,a,,,
154561,1635844587,1635285612,i,0.0,0.0,Knee injury - Expected back 19 Mar
154561,1644246349,1644246349,a,0.0,100.0,
155405,1626901033,1626901033,a,,,
155405,1634634298,1634409017,d,75.0,75.0,Hip injury - 75% chance of playing
155405,1635154236,1635154236,a,25.0,100.0,
155405,1639078188,1638748817,d,100.0,25.0,Hamstring injury - 25% chance of playing
155405,1639416474,1639416474,i,0.0,0.0,Hamstring injury - Unknown return date
155405,1642060544,1642060544,i,0.0,0.0,Hamstring injury - Expected back 05 Mar
155405,1645785079,1645785079,i,0.0,0.0,Hamstring injury - Unknown return date
155405,1647081070,1647081070,i,0.0,0.0,Hamstring injury - Expected back 02 Apr
155405,1647627440,1647627440,a,0.0,100.0,
155503,1628766408,1628766408,a,,,
155503,1632300087,1631919613,d,,75.0,Muscle injury - 75% chance of playing
155503,1632950337,1632950337,i,0.0,0.0,Muscle injury - Expected back 17 Oct
155503,1633336603,1633336603,d,0.0,50.0,Muscle injury - 50% chance of playing
155503,1634634298,1634634298,a,100.0,100.0,
155503,1644246349,1643643012,u,100.0,0.0,Joined Bournemouth on loan until the end of the season - Expected back 01 Jul
155511,1628766408,1628766408,a,,,
155511,1639416474,1639245620,d,,75.0,Muscle injury - 75% chance of playing
155511,1639732352,1639732352,i,50.0,0.0,Muscle injury - Unknown return date
155511,1640689447,1640689447,a,75.0,100.0,
155569,1626901033,1626901033,a,,,
155569,1642060544,1640973620,i,0.0,0.0,International Duty - Expected back 10 Feb
155569,1644246349,1644246349,a,100.0,100.0,
155651,1626901033,1626901033,a,,,
155651,1638180609,1638138618,d,,75.0,Knock - 75% chance of playing
155651,1638522834,1638522834,i,75.0,0.0,Thigh injury - Unknown return date
155651,1639732352,1639732352,d,75.0,75.0,Thigh injury - 75% chance of playing
155651,1640689447,1640689447,a,75.0,100.0,
155651,1642060544,1641056419,i,100.0,0.0,International Duty - Expected back 08 Feb
155651,1644246349,1644246349,a,0.0,100.0,
156074,1626901033,1626901033,a,,,
156074,1631631391,1631381416,d,,75.0,Knee injury - 75% chance of playing
156074,1632300087,1632300087,a,0.0,100.0,
156074,1652452024,1652392812,s,100.0,0.0,Suspended until 22 May
156074,1653046146,1653046146,a,0.0,100.0,
156683,1628766408,1628766408,a,,,
156689,1628766408,1628766408,a,,,
156689,1629795335,1629711539,u,,0.0,Season-long loan to Flamengo
157668,1626901033,1626901033,a,,,
157775,1626901033,1626901033,a,,,
157775,1636451039,1636117212,i,0.0,0.0,Knee injury - Unknown return date
157775,1638180609,1638180609,i,0.0,0.0,Knee injury - Expected back 04 Dec
157775,1638522834,1638522834,i,0.0,0.0,Knee injury - Expected back 10 Dec
157775,1639078188,1639078188,a,0.0,100.0,
157882,1626901033,1626901033,a,,,
157882,1631631391,1631095210,d,25.0,25.0,Muscle injury - 25% chance of playing
157882,1632300087,1632300087,a,100.0,100.0,
158534,1626901033,1626901033,a,,,
158534,1640951218,1640737820,s,,0.0,Suspended until 15 Jan
158534,1642060544,1641634213,d,0.0,75.0,Illness - 75% chance of playing
158534,1642654637,1642654637,a,100.0,100.0,
159533,1626901033,1626901033,a,,,
159533,1644246349,1643535014,u,,0.0,Joined Barcelona on loan until the end of the season - Expected back 01 Jul
160987,1628766408,1628766408,a,,,
160987,1632950337,1632492017,i,0.0,0.0,Thigh injury - Unknown return date
160987,1633336603,1633336603,a,100.0,100.0,
160987,1645785079,1645466416,n,100.0,0.0,Joined CSKA Moscow on loan until the end of the season - Expected back 01 Jul
162344,1626901033,1626901033,a,,,
162344,1628766408,1628424011,u,,0.0,Joined Nottingham Forest on a season-long loan - Expected back 01 Jul
162651,1642060544,1642060544,a,,,
162651,1653046146,1652650214,d,,75.0,Groin Injury - 75% chance of playing
164484,1626901033,1626901033,a,,,
164484,1631631391,1630917010,i,0.0,0.0,Illness - Expected back 18 Sep
164484,1632300087,1632300087,d,25.0,25.0,Illness - 25% chance of playing
164484,1632950337,1632950337,a,100.0,100.0,
164484,1646243308,1645912812,d,100.0,25.0,Back injury - 25% chance of playing
164484,1647627440,1647627440,a,25.0,100.0,
164511,1626901033,1626901033,a,,,
164511,1630335330,1630175412,d,,75.0,Knock - 75% chance of playing
164511,1631631391,1631631391,a,100.0,100.0,
164511,1635154236,1634907614,i,0.0,0.0,Hamstring injury - Unknown return date
164511,1635844587,1635844587,d,25.0,25.0,Hamstring injury - 25% chance of playing
164511,1636451039,1636451039,d,0.0,75.0,Hamstring injury - 75% chance of playing
164511,1637576440,1637576440,i,0.0,0.0,Hamstring injury - Unknown return date
164511,1639078188,1639078188,d,75.0,75.0,Calf injury - 75% chance of playing
164511,1639416474,1639416474,i,0.0,0.0,Calf injury - Unknown return date
164511,1642654637,1642654637,a,75.0,100.0,
164511,1644571439,1644379216,d,100.0,75.0,Thigh injury - 75% chance of playing
164511,1645015895,1645015895,i,0.0,0.0,Thigh injury - Expected back 23 Apr
164511,1649340876,1649340876,i,0.0,0.0,Thigh injury - Expected back 20 Apr
164511,1650616373,1650616373,a,0.0,100.0,
164511,1652452024,1652178611,d,100.0,25.0,Calf injury - 25% chance of playing
164555,1626901033,1626901033,a,,,
164555,1633336603,1633336603,a,75.0,100.0,
164555,1634634298,1633521614,d,75.0,75.0,Groin Injury - 75% chance of playing
164555,1635844587,1635844587,a,100.0,100.0,
164555,1639732352,1639614613,s,100.0,0.0,Suspended until 28 Dec
164555,1640689447,1640689447,a,100.0,100.0,
164555,1645785079,1645300815,i,100.0,0.0,Hernia - Unknown return date
164555,1649340876,1649340876,a,50.0,100.0,
165153,1626901033,1626901033,a,,,
165153,1635154236,1634767216,i,0.0,0.0,Hamstring injury - Unknown return date
165153,1635844587,1635844587,i,0.0,0.0,Hamstring injury - Expected back 20 Nov
165153,1636451039,1636451039,d,0.0,50.0,Hamstring injury - 50% chance of playing
165153,1637576440,1637576440,a,75.0,100.0,
165153,1639732352,1639701015,d,100.0,25.0,Illness - 25% chance of playing
165153,1640951218,1640951218,d,25.0,50.0,Illness - 50% chance of playing
165153,1642060544,1642060544,a,75.0,100.0,
165153,1653046146,1652567412,d,50.0,50.0,Hamstring injury - 50% chance of playing
165210,1626901033,1626800405,u,,0.0,Transferred to Feyenoord
165808,1626901033,1626901033,a,,,
165808,1631631391,1630479614,u,0.0,0.0,Joined Valencia on a season-long loan - Expected back 01 Jul
165809,1626901033,1626901033,a,,,
165809,1639732352,1639524615,d,,75.0,Muscle injury - 75% chance of playing
165809,1639994742,1639994742,a,100.0,100.0,
166477,1626901033,1626901033,a,,,
166477,1629104419,1628782212,d,75.0,75.0,Lack of match fitness - 75% chance of playing
166477,1629795335,1629795335,a,100.0,100.0,
166477,1642060544,1641817821,d,100.0,75.0,Thigh injury - 75% chance of playing
166477,1642654637,1642654637,i,75.0,0.0,Thigh injury - Expected back 19 Mar
166477,1647081070,1647081070,i,0.0,0.0,Thigh injury - Expected back 20 Mar
166477,1647627440,1647627440,i,0.0,0.0,Thigh injury - Expected back 02 Apr
166477,1647855483,1647855483,a,50.0,100.0,
166989,1626901033,1626901033,a,,,
166989,1635154236,1635154236,a,75.0,100.0,
166989,1636451039,1636327812,d,100.0,50.0,Calf injury - 50% chance of playing
166989,1637576440,1637576440,i,0.0,0.0,Calf injury - Expected back 19 Dec
166989,1638180609,1638180609,i,0.0,0.0,Calf injury - Expected back 12 Dec
166989,1638522834,1638522834,d,0.0,50.0,Calf injury - 50% chance of playing
166989,1639078188,1639078188,a,25.0,100.0,
166989,1653046146,1652995812,d,100.0,75.0,Knee injury - 75% chance of playing
167199,1626901033,1626901033,a,,,
167199,1628766408,1628073008,i,,0.0,Ankle injury - Expected back 28 Aug
167199,1629795335,1629795335,i,0.0,0.0,Ankle injury - Expected back 11 Sep
167199,1631631391,1631631391,a,100.0,100.0,
167199,1636451039,1636327811,d,100.0,75.0,Muscle injury - 75% chance of playing
167199,1637576440,1637576440,a,75.0,100.0,
167199,1642060544,1641056419,i,100.0,0.0,International Duty - Expected back 10 Feb
167199,1644246349,1644246349,a,0.0,100.0,
167199,1649340876,1649111418,d,100.0,75.0,Thigh injury - 75% chance of playing
167199,1649769992,1649769992,i,0.0,0.0,Thigh injury - Unknown return date
167199,1653306622,1653306622,d,25.0,25.0,Lack of match fitness - 25% chance of playing
167522,1626901033,1626901033,a,,,
167522,1630335330,1629928809,u,0.0,0.0,Joined West Bromwich Albion on a season-long loan - Expected back 01 Jul
167767,1642654637,1642654637,a,,,
168399,1626901033,1626901033,a,,,
168580,1626901033,1626901033,a,,,
168580,1629795335,1629757806,s,,0.0,Suspended until 25 Sep
168580,1632300087,1632300087,a,0.0,100.0,
168580,1635844587,1635514208,d,75.0,75.0,Illness - 75% chance of playing
168580,1636451039,1636451039,a,100.0,100.0,
168580,1639732352,1639396814,d,25.0,25.0,Illness - 25% chance of playing
168580,1640689447,1640689447,a,100.0,100.0,
168580,1649769992,1649374219,d,75.0,75.0,Illness - 75% chance of playing
168580,1650616373,1650616373,a,100.0,100.0,
169187,1626901033,1626901033,a,,,
169187,1632300087,1632004209,d,,75.0,Illness - 75% chance of playing
169187,1632950337,1632950337,a,100.0,100.0,
169187,1633336603,1633336603,d,0.0,50.0,Groin Injury - 50% chance of playing
169187,1634634298,1634634298,a,100.0,100.0,
169187,1642060544,1641772813,d,100.0,75.0,Illness - 75% chance of playing
169187,1642654637,1642654637,a,100.0,100.0,
169187,1647855483,1647601220,d,50.0,50.0,Hamstring injury - 50% chance of playing
169187,1649340876,1649340876,a,75.0,100.0,
169359,1626901033,1626901033,a,,,
169359,1638522834,1638403215,d,,75.0,Head injury - 75% chance of playing
169359,1639416474,1639416474,a,100.0,100.0,
169593,1629795335,1629795335,a,,,
170137,1626901033,1626901033,a,,,
170137,1630335330,1630335330,a,75.0,100.0,
170137,1640689447,1640649619,d,100.0,50.0,Muscle injury - 50% chance of playing
170137,1640951218,1640951218,d,25.0,25.0,Muscle injury - 25% chance of playing
170137,1642060544,1642060544,a,25.0,100.0,
170137,1645785079,1645300815,d,100.0,75.0,Knock - 75% chance of playing
170137,1646243308,1646243308,d,50.0,50.0,Knock - 50% chance of playing
170137,1647081070,1646958620,d,50.0,75.0,Illness - 75% chance of playing
170137,1647627440,1647627440,a,75.0,100.0,
171099,1642060544,1642060544,a,,,
171270,1626901033,1626901033,a,,,
171287,1626901033,1626901033,a,,,
171287,1636451039,1635984009,d,0.0,50.0,Calf injury - 50% chance of playing
171287,1637576440,1637576440,i,0.0,0.0,Calf injury - Unknown return date
171287,1638522834,1638522834,i,0.0,0.0,Calf injury - Expected back 11 Dec
171287,1639078188,1639078188,a,0.0,100.0,
171287,1644571439,1644273015,d,75.0,75.0,Lack of match fitness - 75% chance of playing
171287,1645015895,1645015895,a,100.0,100.0,
171287,1653046146,1652828412,d,100.0,75.0,Ankle injury - 75% chance of playing
171287,1653306622,1653306622,d,50.0,50.0,Ankle injury - 50% chance of playing
171314,1626901033,1626901033,a,,,
171314,1647081070,1646404216,i,0.0,0.0,Hamstring injury - Expected back 10 Apr
171314,1649340876,1649340876,i,0.0,0.0,Hamstring injury - Expected back 20 Apr
171314,1649769992,1649692818,d,0.0,75.0,Lack of match fitness - 75% chance of playing
171314,1650616373,1650616373,a,100.0,100.0,
171314,1652452024,1652050821,i,100.0,0.0,Hamstring injury - Expected back 01 Jun
171317,1626901033,1626901033,a,,,
171317,1638180609,1638030613,s,,0.0,Suspended until 04 Dec
171317,1638522834,1638522834,a,0.0,100.0,
171317,1642654637,1642271414,d,100.0,75.0,Illness - 75% chance of playing
171317,1644246349,1644246349,a,100.0,100.0,
171317,1647855483,1647676821,d,100.0,75.0,Knock - 75% chance of playing
171317,1649340876,1649340876,i,0.0,0.0,Knee injury - Expected back 07 May
171317,1651244416,1651244416,d,0.0,25.0,Lack of match fitness - 25% chance of playing
171317,1651564399,1651564399,a,25.0,100.0,
171771,1626901033,1626901033,a,,,
171771,1638522834,1638403216,d,,75.0,Calf injury - 75% chance of playing
171771,1639078188,1639078188,i,0.0,0.0,Calf injury - Unknown return date
171771,1639416474,1639416474,a,100.0,100.0,
172632,1628766408,1628766408,a,,,
172632,1637576440,1637526612,d,,75.0,Muscle injury - 75% chance of playing
172632,1638180609,1638180609,a,75.0,100.0,
172632,1644571439,1644379217,d,100.0,75.0,Hip injury - 75% chance of playing
172632,1645015895,1645015895,d,0.0,50.0,Hip injury - 50% chance of playing
172632,1645785079,1645785079,i,0.0,0.0,Hip injury - Expected back 26 Feb
172632,1646243308,1646243308,a,100.0,100.0,
172632,1647081070,1646404217,d,75.0,75.0,Lack of match fitness - 75% chance of playing
172632,1647627440,1647627440,a,100.0,100.0,
172649,1626901033,1626901033,a,,,
172649,1629104419,1628872213,d,25.0,25.0,Lack of match fitness - 25% chance of playing
172649,1630335330,1630335330,i,0.0,0.0,Lack of match fitness - Expected back 11 Sep
172649,1631631391,1631631391,d,25.0,75.0,Lack of match fitness - 75% chance of playing
172649,1632950337,1632950337,a,100.0,100.0,
172780,1626901033,1626901033,a,,,
172780,1629104419,1628964010,d,,75.0,Knock - 75% chance of playing
172780,1629795335,1629795335,a,100.0,100.0,
172780,1640951218,1640737820,d,100.0,75.0,Muscle injury - 75% chance of playing
172780,1642060544,1642060544,a,75.0,100.0,
172782,1626901033,1626901033,a,,,
172782,1632950337,1632950337,a,75.0,100.0,
172782,1640951218,1640907013,d,100.0,50.0,Illness - 50% chance of playing
172782,1642060544,1642060544,a,0.0,100.0,
172841,1626901033,1626901033,a,,,
172841,1642060544,1641056419,i,,0.0,International Duty - Expected back 08 Feb
172841,1644246349,1644246349,a,50.0,100.0,
172841,1652452024,1652050821,d,100.0,75.0,Ankle injury - 75% chance of playing
172841,1653046146,1653046146,d,50.0,50.0,Ankle injury - 50% chance of playing
172841,1653306622,1653306622,d,75.0,75.0,Ankle injury - 75% chance of playing
172850,1626901033,1626901033,a,,,
172850,1638180609,1637710212,i,0.0,0.0,Knee injury - Expected back 15 Jan
172850,1640951218,1640951218,i,0.0,0.0,Knee injury - Expected back 01 Sep
172850,1653046146,1653046146,i,0.0,0.0,Knee injury - Expected back 01 Jul
173514,1626901033,1626901033,a,,,
173514,1630335330,1630000749,u,0.0,0.0,Transferred to Udinese
173515,1626901033,1626901033,a,,,
173515,1639732352,1639396814,d,25.0,25.0,Illness - 25% chance of playing
173515,1640689447,1640689447,a,100.0,100.0,
173515,1642060544,1640973620,i,0.0,0.0,International Duty - Expected back 10 Feb
173515,1644246349,1644246349,a,0.0,100.0,
173807,1626901033,1626901033,a,,,
173807,1637576440,1637145015,i,0.0,0.0,Knee injury - Unknown return date
173807,1639416474,1639416474,i,0.0,0.0,Knee injury - Expected back 19 Dec
173807,1639732352,1639732352,i,0.0,0.0,Knee injury - Expected back 26 Dec
173807,1640689447,1640689447,i,0.0,0.0,Knee injury - Unknown return date
173807,1640951218,1640951218,d,50.0,50.0,Knee injury - 50% chance of playing
173807,1642060544,1641985214,i,100.0,0.0,Hamstring injury - Unknown return date
173807,1642654637,1642654637,i,0.0,0.0,Hamstring injury - Expected back 12 Mar
173807,1644246349,1644246349,n,0.0,0.0,Not included in Everton's 25-man Premier League squad - Unknown return date
173807,1651244416,1651244416,i,0.0,0.0,Hamstring injury - Expected back 22 May
173807,1651564399,1651564399,a,0.0,100.0,
173818,1629104419,1629104419,a,,,
173818,1629795335,1629183608,u,0.0,0.0,Joined Sunderland on a season-long loan - Expected back 01 Jul
173821,1626901033,1626901033,a,,,
173821,1642060544,1641157221,s,,0.0,Suspended until 22 Jan
173821,1642654637,1642262416,i,0.0,0.0,Muscle injury - Expected back 09 Feb
173821,1644246349,1644246349,a,75.0,100.0,
173821,1647081070,1646497821,i,100.0,0.0,Hamstring injury - Expected back 01 Jun
173879,1626901033,1626901033,a,,,
173879,1629795335,1629199812,u,0.0,0.0,Joined AS Roma on 17 August
173904,1626901033,1626901033,a,,,
173904,1631631391,1630522813,d,0.0,75.0,Lack of match fitness - 75% chance of playing
173904,1632300087,1632300087,a,75.0,100.0,
173954,1626901033,1626901033,a,,,
174874,1628766408,1628766408,a,,,
174874,1637576440,1637576440,a,100.0,100.0,
174874,1638180609,1638037815,d,100.0,25.0,Hamstring injury - 25% chance of playing
174874,1638522834,1638522834,i,0.0,0.0,Hamstring injury - Unknown return date
174874,1639078188,1639078188,d,50.0,50.0,Hamstring injury - 50% chance of playing
174874,1639416474,1639416474,d,75.0,75.0,Hamstring injury - 75% chance of playing
174874,1639732352,1639732352,a,100.0,100.0,
174874,1640951218,1640737820,d,100.0,50.0,Muscle injury - 50% chance of playing
174874,1642060544,1642060544,a,100.0,100.0,
174932,1626901033,1626901033,a,,,
174932,1638180609,1638140419,d,,75.0,Knock - 75% chance of playing
174932,1638522834,1638522834,a,75.0,100.0,
174932,1639078188,1638748817,s,100.0,0.0,Suspended until 14 Dec
174932,1639416474,1639416474,a,0.0,100.0,
174932,1642060544,1641945620,d,100.0,75.0,Hamstring injury - 75% chance of playing
174932,1642654637,1642654637,a,75.0,100.0,
174932,1650616373,1650150019,i,100.0,0.0,Hamstring injury - Expected back 02 May
174932,1651244416,1651244416,i,0.0,0.0,Hamstring injury - Expected back 07 May
174932,1651564399,1651564399,d,0.0,50.0,Hamstring injury - 50% chance of playing
174932,1653046146,1653046146,a,100.0,100.0,
175353,1626901033,1626901033,a,,,
175353,1629104419,1628845212,u,0.0,0.0,Joined Reading on a season-long loan - Expected back 01 Jul
175592,1626901033,1626901033,a,,,
175592,1632950337,1632950337,a,0.0,100.0,
175592,1635154236,1635114613,d,100.0,75.0,Shin injury - 75% chance of playing
175592,1635844587,1635844587,d,75.0,75.0,Hamstring injury - 75% chance of playing
175592,1636451039,1636451039,i,0.0,0.0,Hamstring injury - Unknown return date
175592,1637576440,1637576440,d,0.0,50.0,Hamstring injury - 50% chance of playing
175592,1638180609,1638180609,d,25.0,25.0,Hamstring injury - 25% chance of playing
175592,1638522834,1638522834,i,0.0,0.0,Hamstring injury - Expected back 11 Dec
175592,1639078188,1639078188,a,0.0,100.0,
175592,1642060544,1641056419,i,100.0,0.0,International Duty - Expected back 10 Feb
175592,1644246349,1644246349,a,0.0,100.0,
176296,1626901033,1626901033,a,,,
176296,1646243308,1646125946,u,,0.0,Season-long loan to New York Red Bulls
176297,1626901033,1626253207,d,,25.0,Shoulder injury - 25% chance of playing
176297,1629104419,1629104419,i,0.0,0.0,Shoulder injury - Expected back 16 Oct
176297,1633336603,1633336603,d,0.0,50.0,Lack of match fitness - 50% chance of playing
176297,1634634298,1634634298,a,100.0,100.0,
176297,1652452024,1651845617,i,0.0,0.0,Illness - Expected back 22 May
176297,1653046146,1653046146,d,0.0,75.0,Illness - 75% chance of playing
176297,1653306622,1653306622,a,100.0,100.0,
176413,1626901033,1626901033,a,,,
176413,1629795335,1629468006,i,0.0,0.0,Illness - Expected back 28 Aug
176413,1630335330,1630335330,i,0.0,0.0,Illness - Expected back 11 Sep
176413,1631631391,1631172609,i,0.0,0.0,Ankle injury - Expected back 25 Sep
176413,1632300087,1632300087,d,0.0,75.0,Ankle injury - 75% chance of playing
176413,1632950337,1632950337,i,0.0,0.0,Ankle injury - Expected back 02 Oct
176413,1633336603,1633336603,i,0.0,0.0,Ankle injury - Unknown return date
176413,1635844587,1635844587,a,0.0,100.0,
176413,1647081070,1646958619,d,100.0,75.0,Illness - 75% chance of playing
176413,1647627440,1647627440,a,75.0,100.0,
176413,1649340876,1648819814,d,75.0,75.0,Fatigue - 75% chance of playing
176413,1649769992,1649769992,a,100.0,100.0,
177815,1626901033,1626901033,a,,,
177815,1628766408,1628445605,d,,75.0,Knock - 75% chance of playing
177815,1629104419,1629104419,a,100.0,100.0,
177815,1630335330,1630137614,d,75.0,75.0,Muscle injury - 75% chance of playing
177815,1631631391,1631631391,i,75.0,0.0,Muscle injury - Expected back 02 Oct
177815,1633336603,1633336603,d,0.0,50.0,Muscle injury - 50% chance of playing
177815,1634634298,1634634298,i,0.0,0.0,Muscle injury - Unknown return date
177815,1635154236,1635154236,i,0.0,0.0,Thigh injury - Expected back 28 Nov
177815,1637576440,1637576440,i,0.0,0.0,Thigh injury - Expected back 12 Dec
177815,1639078188,1639078188,i,0.0,0.0,Thigh injury - Expected back 26 Dec
177815,1640689447,1640689447,a,100.0,100.0,
177815,1646243308,1645912812,d,100.0,50.0,Groin Injury - 50% chance of playing
177815,1647081070,1647081070,a,75.0,100.0,
177815,1650616373,1650495620,i,100.0,0.0,Thigh injury - Expected back 01 May
177815,1651244416,1651244416,a,0.0,100.0,
178186,1626901033,1626901033,a,,,
178186,1647081070,1646514018,d,,75.0,Achilles injury - 75% chance of playing
178186,1647627440,1647627440,i,0.0,0.0,Achilles injury - Expected back 03 Apr
178186,1647855483,1647855483,d,25.0,25.0,Achilles injury - 25% chance of playing
178186,1649340876,1649340876,a,50.0,100.0,
178301,1626901033,1626901033,a,,,
178301,1628766408,1628461808,d,,75.0,Muscle injury - 75% chance of playing
178301,1629104419,1629104419,d,75.0,75.0,Knee injury - 75% chance of playing
178301,1629795335,1629795335,d,25.0,50.0,Knee injury - 50% chance of playing
178301,1630335330,1630335330,a,75.0,100.0,
178301,1652452024,1652225412,d,100.0,75.0,Knock - 75% chance of playing
178301,1653046146,1653046146,a,75.0,100.0,
179018,1626901033,1626901033,a,,,
179018,1634634298,1634634298,a,75.0,100.0,
179268,1631631391,1631631391,a,,,
179276,1631631391,1631631391,a,,,
179276,1634634298,1634634298,a,100.0,100.0,
179276,1638180609,1638039616,d,100.0,50.0,Pelvic - 50% chance of playing
179276,1638522834,1638522834,i,0.0,0.0,Pelvic - Unknown return date
179276,1639078188,1639078188,d,0.0,50.0,Pelvic - 50% chance of playing
179276,1640689447,1640689447,i,0.0,0.0,Pelvic - Unknown return date
179276,1644246349,1644246349,a,0.0,100.0,
179276,1652452024,1652171415,i,100.0,0.0,Thigh injury - Unknown return date
179276,1653046146,1653046146,d,0.0,75.0,Ankle injury - 75% chance of playing
179276,1653306622,1653306622,a,100.0,100.0,
180135,1626901033,1626901033,a,,,
180151,1631631391,1631631391,a,,,
180151,1636451039,1636122612,d,75.0,75.0,Knock - 75% chance of playing
180151,1637576440,1637576440,a,100.0,100.0,
180184,1626901033,1626901033,a,,,
180184,1649340876,1648909813,n,,0.0,Ineligible to face his parent club on 9/4. - Expected back 20 Apr
180184,1649769992,1649769992,a,0.0,100.0,
180184,1651244416,1650641417,i,0.0,0.0,Groin Injury - Unknown return date
180184,1652452024,1652452024,d,0.0,50.0,Groin Injury - 50% chance of playing
180184,1653046146,1653046146,a,75.0,100.0,
180736,1628766408,1628766408,a,,,
180736,1638522834,1638403216,d,,25.0,Hamstring injury - 25% chance of playing
180736,1639078188,1639078188,i,0.0,0.0,Hamstring injury - Unknown return date
180736,1639732352,1639732352,a,50.0,100.0,
180736,1639994742,1639949414,d,100.0,75.0,Knock - 75% chance of playing
180736,1640689447,1640689447,a,100.0,100.0,
180736,1642060544,1641470417,d,100.0,75.0,Hamstring injury - 75% chance of playing
180736,1642654637,1642654637,i,0.0,0.0,Hamstring injury - Unknown return date
180736,1644246349,1644246349,a,0.0,100.0,
180804,1626901033,1626901033,a,,,
180804,1632300087,1631975414,n,,0.0,Ineligible to face his parent club on 25/9 - Expected back 03 Oct
180804,1632950337,1632950337,a,0.0,100.0,
180804,1642060544,1641814008,u,100.0,0.0,Season-long loan to Napoli
180974,1626901033,1626901033,a,,,
180974,1644246349,1642896013,d,,75.0,Groin Injury - 75% chance of playing
180974,1644571439,1644571439,a,75.0,100.0,
180974,1647081070,1646958620,d,100.0,75.0,Groin Injury - 75% chance of playing
180974,1647627440,1647627440,a,75.0,100.0,
182436,1629104419,1629104419,a,,,
182436,1629795335,1629761416,n,,0.0,Joined Hearts on a season-long loan - Expected back 01 Jul
182436,1630335330,1630335330,u,0.0,0.0,Joined Hearts on a season-long loan - Expected back 01 Jul
183656,1626901033,1626901033,a,,,
183656,1628766408,1628488813,i,,0.0,Hip injury - Unknown return date
183656,1642060544,1642060544,i,0.0,0.0,Hip injury - Expected back 19 Feb
183656,1644246349,1644246349,a,0.0,100.0,
183656,1646243308,1645912812,s,100.0,0.0,Suspended until 02 Apr
183656,1647855483,1647855483,a,0.0,100.0,
183656,1649340876,1648819814,i,0.0,0.0,Hamstring injury - Unknown return date
183656,1649769992,1649769992,d,0.0,50.0,Hamstring injury - 50% chance of playing
183656,1650616373,1650616373,a,100.0,100.0,
184029,1629795335,1629795335,a,,,
184029,1635844587,1635844587,a,75.0,100.0,
184029,1642654637,1642114815,d,25.0,75.0,Illness - 75% chance of playing
184029,1644246349,1644246349,a,100.0,100.0,
184341,1626901033,1626901033,a,,,
184341,1632950337,1632490215,d,0.0,75.0,Knock - 75% chance of playing
184341,1633336603,1633336603,a,100.0,100.0,
184341,1635844587,1635706816,d,100.0,75.0,Illness - 75% chance of playing
184341,1636451039,1636451039,a,100.0,100.0,
184341,1645015895,1644750012,d,100.0,75.0,Ankle injury - 75% chance of playing
184341,1645785079,1645785079,a,0.0,100.0,
184349,1626901033,1626901033,a,,,
184349,1631631391,1631095210,d,75.0,75.0,Knock - 75% chance of playing
184349,1632300087,1632300087,d,50.0,50.0,Knock - 50% chance of playing
184349,1632950337,1632950337,i,0.0,0.0,Knock - Unknown return date
184349,1637576440,1637576440,a,100.0,100.0,
184349,1640689447,1640214020,i,0.0,0.0,Muscle injury - Expected back 01 Jan
184349,1640951218,1640951218,i,0.0,0.0,Muscle injury - Expected back 16 Jan
184349,1642060544,1642060544,a,0.0,100.0,
184349,1647081070,1646695812,i,100.0,0.0,Hamstring injury - Expected back 03 Apr
184349,1647855483,1647855483,i,0.0,0.0,Hamstring injury - Expected back 16 Apr
184349,1649340876,1649340876,d,0.0,50.0,Hamstring injury - 50% chance of playing
184349,1649769992,1649769992,a,75.0,100.0,
184667,1626901033,1626901033,a,,,
184667,1635844587,1635784212,d,,75.0,Knock - 75% chance of playing
184667,1636451039,1636451039,a,75.0,100.0,
184667,1639416474,1639261817,d,100.0,75.0,Chest Injury - 75% chance of playing
184667,1640689447,1640649619,d,100.0,25.0,Illness - 25% chance of playing
184667,1642060544,1642060544,a,75.0,100.0,
184667,1644246349,1643904018,d,0.0,75.0,Illness - 75% chance of playing
184667,1644571439,1644571439,a,75.0,100.0,
184704,1626901033,1626901033,a,,,
184704,1637576440,1637576440,a,100.0,100.0,
184704,1639732352,1639407610,i,0.0,0.0,Knee injury - Unknown return date
184704,1639994742,1639994742,i,0.0,0.0,Knee injury - Expected back 19 Mar
184704,1647081070,1647081070,i,0.0,0.0,Knee injury - Expected back 02 Apr
184704,1649340876,1649340876,d,0.0,75.0,Lack of match fitness - 75% chance of playing
184704,1649769992,1649769992,a,100.0,100.0,
184754,1631631391,1631631391,a,,,
184754,1639732352,1639614613,d,,75.0,Knock - 75% chance of playing
184754,1639994742,1639994742,d,25.0,25.0,Muscle injury - 25% chance of playing
184754,1640689447,1640689447,i,25.0,0.0,Muscle injury - Expected back 10 Feb
184754,1644246349,1644246349,i,0.0,0.0,Lack of match fitness - Expected back 20 Feb
184754,1644571439,1644566416,d,0.0,75.0,Back injury - 75% chance of playing
184754,1645015895,1645015895,a,75.0,100.0,
184754,1647627440,1647241215,d,100.0,75.0,Back injury - 75% chance of playing
184754,1647855483,1647855483,a,75.0,100.0,
185478,1626901033,1626901033,a,,,
189627,1626901033,1626901033,a,,,
189627,1631631391,1631278816,i,0.0,0.0,Back injury - Unknown return date
189627,1632300087,1632300087,a,100.0,100.0,
189627,1640951218,1640737820,d,100.0,50.0,Foot injury - 50% chance of playing
189627,1642060544,1642060544,a,50.0,100.0,
191866,1628766408,1628766408,a,,,
191866,1633336603,1633302017,d,,75.0,Hamstring injury - 75% chance of playing
191866,1634634298,1634634298,a,75.0,100.0,
191866,1635844587,1635615017,d,100.0,75.0,Hamstring injury - 75% chance of playing
191866,1636451039,1636451039,i,0.0,0.0,Hamstring injury - Expected back 02 Jan
191866,1640689447,1640689447,i,0.0,0.0,Hamstring injury - Expected back 16 Jan
191866,1640951218,1640951218,d,0.0,50.0,Hamstring injury - 50% chance of playing
191866,1642060544,1642060544,a,50.0,100.0,
191866,1647081070,1646524813,d,100.0,75.0,Knock - 75% chance of playing
191866,1647627440,1647627440,a,100.0,100.0,
192290,1631631391,1630920613,i,0.0,0.0,Groin Injury - Unknown return date
192290,1632300087,1632300087,d,75.0,75.0,Lack of match fitness - 75% chance of playing
192290,1632950337,1632950337,i,0.0,0.0,Lack of match fitness - Unknown return date
192290,1634634298,1634634298,a,100.0,100.0,
192290,1639416474,1639146614,d,50.0,50.0,Illness - 50% chance of playing
192290,1639732352,1639732352,d,25.0,25.0,Illness - 25% chance of playing
192290,1640689447,1640689447,i,0.0,0.0,Illness - Unknown return date
192290,1642060544,1642060544,d,0.0,75.0,Lack of match fitness - 75% chance of playing
192290,1644246349,1644246349,a,100.0,100.0,
192303,1626901033,1626901033,a,,,
192303,1629795335,1629795335,a,75.0,100.0,
192303,1631631391,1631278816,i,0.0,0.0,Ankle injury - Unknown return date
192303,1633336603,1633336603,d,0.0,50.0,Ankle injury - 50% chance of playing
192303,1634634298,1634634298,i,0.0,0.0,Ankle injury - Unknown return date
192303,1635154236,1635154236,i,0.0,0.0,Ankle injury - Expected back 11 Dec
192303,1639078188,1639078188,i,0.0,0.0,Ankle injury - Unknown return date
192303,1639732352,1639732352,i,0.0,0.0,Ankle injury - Expected back 28 Dec
192303,1640689447,1640689447,i,0.0,0.0,Ankle injury - Expected back 15 Jan
192303,1642060544,1642060544,i,0.0,0.0,Ankle injury - Unknown return date
192303,1644246349,1644246349,d,0.0,75.0,Lack of match fitness - 75% chance of playing
192303,1644571439,1644571439,a,75.0,100.0,
192303,1651244416,1651231818,d,100.0,25.0,Hip injury - 25% chance of playing
192303,1652452024,1652452024,i,25.0,0.0,Hip injury - Unknown return date
192895,1626901033,1626901033,a,,,
192895,1629795335,1629673208,d,,75.0,Thigh injury - 75% chance of playing
192895,1630335330,1630335330,a,100.0,100.0,
192895,1635154236,1634941812,d,100.0,75.0,Ankle injury - 75% chance of playing
192895,1636451039,1636451039,a,75.0,100.0,
192895,1649340876,1649111418,i,100.0,0.0,Knee injury - Unknown return date
193111,1626901033,1626901033,a,,,
193111,1628766408,1628438404,d,,75.0,Knock - 75% chance of playing
193111,1629104419,1629104419,a,75.0,100.0,
193111,1632950337,1632486612,i,0.0,0.0,Personal Reasons - Expected back 02 Oct
193111,1633336603,1633336603,d,0.0,75.0,Personal Reasons - 75% chance of playing
193111,1634634298,1634634298,a,100.0,100.0,
193111,1635154236,1634907615,i,0.0,0.0,Lack of match fitness - Unknown return date
193111,1637576440,1637576440,a,100.0,100.0,
193111,1638522834,1638316812,d,100.0,75.0,Illness - 75% chance of playing
193111,1639078188,1639078188,a,100.0,100.0,
193111,1640951218,1640737820,d,100.0,25.0,Illness - 25% chance of playing
193111,1642060544,1641772813,d,75.0,75.0,Illness - 75% chance of playing
193111,1642654637,1642654637,a,100.0,100.0,
193111,1644246349,1643670012,u,100.0,0.0,Joined Bournemouth on loan until the end of the season - Expected back 01 Jul
193488,1626901033,1626901033,a,,,
193488,1639994742,1639751414,i,0.0,0.0,Unknown - Expected back 26 Dec
193488,1640689447,1640689447,a,50.0,100.0,
193488,1642654637,1642260617,n,100.0,0.0,Ineligible to face his parent club on 22/1 - Expected back 08 Feb
193488,1644246349,1644246349,a,0.0,100.0,
193645,1626901033,1626901033,a,,,
193645,1629795335,1629568815,d,,75.0,Pelvic - 75% chance of playing
193645,1630335330,1630335330,d,25.0,25.0,Pelvic - 25% chance of playing
193645,1631631391,1631631391,i,0.0,0.0,Pelvic - Unknown return date
193645,1635154236,1635154236,i,0.0,0.0,Pelvic - Expected back 21 Nov
193645,1636451039,1636451039,d,0.0,50.0,Pelvic - 50% chance of playing
193645,1637576440,1637576440,i,0.0,0.0,Pelvic - Unknown return date
193645,1639078188,1639078188,i,0.0,0.0,Illness - Expected back 14 Dec
193645,1639416474,1639416474,d,50.0,50.0,Illness - 50% chance of playing
193645,1639732352,1639732352,a,0.0,100.0,
193645,1645785079,1645398013,d,100.0,75.0,Head injury - 75% chance of playing
193645,1646243308,1646243308,a,100.0,100.0,
194010,1626901033,1626901033,a,,,
194010,1632300087,1631988016,d,,75.0,Ankle injury - 75% chance of playing
194010,1632950337,1632950337,a,75.0,100.0,
194010,1638180609,1638140419,d,100.0,75.0,Knock - 75% chance of playing
194010,1638522834,1638522834,a,75.0,100.0,
194010,1640689447,1640215818,i,75.0,0.0,Hamstring injury - Unknown return date
194010,1640951218,1640951218,i,0.0,0.0,Hamstring injury - Expected back 16 Jan
194010,1642060544,1642060544,d,0.0,75.0,Hamstring injury - 75% chance of playing
194010,1642654637,1642654637,a,75.0,100.0,
194164,1626901033,1626901033,a,,,
194164,1636451039,1636327812,s,,0.0,Suspended until 06 Dec
194164,1638522834,1638522834,a,0.0,100.0,
194252,1626901033,1626901033,a,,,
194252,1631631391,1631296809,d,75.0,75.0,Knock - 75% chance of playing
194252,1632300087,1631822413,d,50.0,50.0,Knock - 50% chance of playing
194252,1632950337,1632950337,i,0.0,0.0,Ankle injury - Unknown return date
194252,1634634298,1634634298,a,75.0,100.0,
194252,1640951218,1640737820,i,100.0,0.0,Calf injury - Unknown return date
194252,1642654637,1642654637,a,100.0,100.0,
194634,1626901033,1626901033,a,,,
194634,1634634298,1634634298,a,100.0,100.0,
194634,1637576440,1637447416,d,100.0,75.0,Knee injury - 75% chance of playing
194634,1638180609,1638180609,a,100.0,100.0,
194634,1645785079,1645052419,d,25.0,50.0,Ankle injury - 50% chance of playing
194634,1646243308,1646243308,a,50.0,100.0,
194799,1626901033,1626901033,a,,,
194799,1639732352,1639699214,d,,25.0,Hamstring injury - 25% chance of playing
194799,1639994742,1639994742,i,25.0,0.0,Hamstring injury - Unknown return date
194799,1640689447,1640689447,i,0.0,0.0,Hamstring injury - Expected back 15 Jan
194799,1642654637,1642654637,a,75.0,100.0,
194799,1644246349,1643977820,n,100.0,0.0,Not included in Newcastle United's 25-man Premier League squad - Unknown return date
195546,1626901033,1626901033,a,,,
195546,1628766408,1628488812,d,,75.0,Hip injury - 75% chance of playing
195546,1629104419,1629104419,a,100.0,100.0,
195546,1630335330,1630308612,n,100.0,0.0,Unavailable for the match against Chelsea on 11/9 because of quarantine regulations. - Expected back 18 Sep
195546,1631631391,1631631391,d,0.0,75.0,Lack of match fitness - 75% chance of playing
195546,1632300087,1632300087,a,75.0,100.0,
195546,1644571439,1644454815,d,100.0,75.0,Knock - 75% chance of playing
195546,1645015895,1645015895,a,25.0,100.0,
195728,1631631391,1631631391,a,,,
195728,1634634298,1634502615,d,,25.0,Illness - 25% chance of playing
195728,1635154236,1635154236,d,25.0,75.0,Illness - 75% chance of playing
195728,1635844587,1635844587,d,75.0,75.0,Lack of match fitness - 75% chance of playing
195728,1636451039,1636451039,a,100.0,100.0,
195735,1626901033,1626901033,a,,,
195735,1630335330,1630175411,d,,75.0,Illness - 75% chance of playing
195735,1631631391,1631631391,a,100.0,100.0,
195735,1642060544,1641056419,i,100.0,0.0,International Duty - Expected back 10 Feb
195735,1644246349,1644246349,a,0.0,100.0,
195735,1649340876,1649111418,d,100.0,75.0,Illness - 75% chance of playing
195735,1649769992,1649769992,a,75.0,100.0,
195851,1626901033,1626901033,a,,,
195851,1630335330,1629975609,i,0.0,0.0,Groin Injury - Unknown return date
195851,1631631391,1631631391,d,25.0,25.0,Groin Injury - 25% chance of playing
195851,1632300087,1632300087,a,75.0,100.0,
195851,1642060544,1641252615,s,100.0,0.0,Suspended until 19 Jan
195851,1642654637,1642636822,d,0.0,75.0,Back injury - 75% chance of playing
195851,1644246349,1644246349,a,75.0,100.0,
195851,1645785079,1645691415,d,100.0,75.0,Illness - 75% chance of playing
195851,1647081070,1647081070,a,100.0,100.0,
195851,1649769992,1649431812,i,0.0,0.0,Foot injury - Unknown return date
195851,1650616373,1650616373,a,0.0,100.0,
197365,1626901033,1626901033,a,,,
197365,1629104419,1628863215,n,0.0,0.0,Not available for the match against Leeds on 14/8 - Expected back 22 Aug
197365,1629795335,1629795335,a,100.0,100.0,
197365,1640951218,1640907013,d,100.0,75.0,Knock - 75% chance of playing
197365,1642060544,1642060544,i,75.0,0.0,International Duty - Expected back 08 Feb
197365,1644246349,1643904018,d,0.0,75.0,Ankle injury - 75% chance of playing
197365,1645015895,1645015895,d,25.0,25.0,Ankle injury - 25% chance of playing
197365,1645785079,1645785079,a,100.0,100.0,
197365,1652452024,1651845617,d,50.0,50.0,Back injury - 50% chance of playing
197365,1653306622,1653306622,d,75.0,75.0,Back injury - 75% chance of playing
197464,1626901033,1626901033,a,,,
197464,1639416474,1639139413,i,0.0,0.0,Facial Injury - Unknown return date
197464,1644246349,1644246349,u,75.0,0.0,Joined Bournemouth on loan until the end of the season - Expected back 01 Jul
197469,1626901033,1626901033,a,,,
197469,1639732352,1639396814,d,25.0,25.0,Illness - 25% chance of playing
197469,1640689447,1640689447,a,75.0,100.0,
198044,1639078188,1639078188,a,,,
198826,1626901033,1626901033,a,,,
198826,1630335330,1630060208,d,75.0,75.0,Lack of match fitness - 75% chance of playing
198826,1631631391,1631631391,a,100.0,100.0,
198826,1644246349,1644093017,i,100.0,0.0,Hamstring injury - Expected back 12 Mar
198826,1647081070,1647081070,d,0.0,75.0,Lack of match fitness - 75% chance of playing
198826,1647627440,1647627440,a,100.0,100.0,
198826,1651244416,1650871813,i,100.0,0.0,Thigh injury - Expected back 22 May
198826,1652452024,1652452024,d,0.0,50.0,Thigh injury - 50% chance of playing
198826,1653046146,1653046146,a,75.0,100.0,
198849,1626901033,1626901033,a,,,
198849,1630335330,1629928808,u,0.0,0.0,Joined Fiorentina on a season-long loan - Expected back 01 Jul
198869,1626901033,1626901033,a,,,
198869,1629795335,1629673208,d,,25.0,Illness - 25% chance of playing
198869,1630335330,1630335330,d,25.0,75.0,Illness - 75% chance of playing
198869,1631631391,1631631391,a,100.0,100.0,
198869,1651564399,1651438814,d,100.0,75.0,Hamstring injury - 75% chance of playing
198869,1652452024,1652452024,a,75.0,100.0,
199249,1626901033,1626901033,a,,,
199249,1639078188,1638748818,d,,75.0,Muscle injury - 75% chance of playing
199249,1639994742,1639994742,a,75.0,100.0,
199249,1649340876,1649059218,d,100.0,75.0,Knee injury - 75% chance of playing
199249,1649769992,1649769992,a,75.0,100.0,
199249,1651244416,1651240814,i,100.0,0.0,Groin Injury - Unknown return date
199249,1652452024,1652452024,i,0.0,0.0,Groin Injury - Expected back 01 Jun
199584,1626901033,1624361411,i,,0.0,Ankle injury - Unknown return date
199584,1628766408,1628766408,a,,100.0,
199584,1631631391,1631372414,s,100.0,0.0,Suspended until 26 Sep
199584,1632300087,1632300087,a,0.0,100.0,
199584,1644246349,1643986815,d,100.0,50.0,Knee injury - 50% chance of playing
199584,1644571439,1644571439,i,0.0,0.0,Knee injury - Unknown return date
199584,1647855483,1647855483,i,0.0,0.0,Knee injury - Expected back 01 Jul
199598,1626901033,1626901033,a,,,
199598,1631631391,1630432810,u,0.0,0.0,Joined Venezia on a season-long loan - Expected back 01 Jul
199670,1631631391,1631631391,a,,,
199796,1626901033,1626901033,a,,,
199796,1634634298,1634547615,d,,75.0,Dead leg - 75% chance of playing
199796,1635154236,1635154236,a,100.0,100.0,
199798,1626901033,1626901033,a,,,
199798,1630335330,1630175411,d,,75.0,Knee injury - 75% chance of playing
199798,1631631391,1631631391,a,75.0,100.0,
199798,1635844587,1635706816,s,100.0,0.0,Suspended until 20 Nov
199798,1636451039,1636451039,a,0.0,100.0,
199798,1642654637,1642296613,d,100.0,75.0,Hip injury - 75% chance of playing
199798,1644246349,1644246349,a,75.0,100.0,
199798,1644571439,1644454815,s,100.0,0.0,Suspended until 26 Feb
199798,1645785079,1645785079,a,0.0,100.0,
199798,1653046146,1652650212,i,100.0,0.0,Knee injury - Expected back 04 Sep
200088,1626901033,1626289297,u,,0.0,Joined Lincoln City on a season-long loan - Expected back 01 Jul
200089,1626901033,1626901033,a,,,
200089,1632300087,1632300087,a,100.0,100.0,
200089,1633336603,1633195810,d,100.0,75.0,Hip injury - 75% chance of playing
200089,1634634298,1634634298,a,100.0,100.0,
200089,1640689447,1640649618,d,100.0,25.0,Illness - 25% chance of playing
200089,1642060544,1642060544,a,25.0,100.0,
200089,1649340876,1649323811,d,100.0,75.0,Knee injury - 75% chance of playing
200089,1650616373,1650616373,a,75.0,100.0,
200089,1652452024,1652090421,i,100.0,0.0,Knee injury - Expected back 01 Jul
200402,1626901033,1626901033,a,,,
200402,1645785079,1645747214,d,,75.0,Muscle injury - 75% chance of playing
200402,1646243308,1646243308,i,0.0,0.0,Muscle injury - Unknown return date
200402,1647081070,1647081070,i,0.0,0.0,Muscle injury - Expected back 08 Apr
200402,1647627440,1647627440,i,0.0,0.0,Muscle injury - Expected back 02 Apr
200402,1649340876,1649340876,a,75.0,100.0,
200402,1651564399,1651343421,d,100.0,75.0,Hamstring injury - 75% chance of playing
200402,1652452024,1652452024,i,0.0,0.0,Hamstring injury - Expected back 06 Aug
200439,1626901033,1626901033,a,,,
200439,1634634298,1633948211,i,0.0,0.0,Muscle injury - Unknown return date
200439,1635154236,1635154236,a,100.0,100.0,
200439,1639416474,1639072813,d,75.0,25.0,Hamstring injury - 25% chance of playing
200439,1639732352,1639732352,i,0.0,0.0,Hamstring injury - Unknown return date
200439,1640689447,1640689447,a,75.0,100.0,
200439,1640951218,1640737820,d,100.0,25.0,Illness - 25% chance of playing
200439,1642060544,1642060544,a,75.0,100.0,
200600,1626901033,1624361411,i,,0.0,Groin Injury - Expected back 01 Aug
200600,1628766408,1628766408,i,,0.0,Groin Injury - Unknown return date
200600,1630335330,1630335330,a,100.0,100.0,
200600,1638180609,1638037815,i,100.0,0.0,Illness - Expected back 11 Dec
200600,1639078188,1639078188,a,50.0,100.0,
200600,1651244416,1650641417,d,0.0,25.0,Knock - 25% chance of playing
200600,1651564399,1651564399,d,25.0,25.0,Foot injury - 25% chance of playing
200600,1652452024,1652452024,d,75.0,50.0,Lack of match fitness - 50% chance of playing
200600,1653046146,1653046146,a,25.0,100.0,
200617,1626901033,1626901033,a,,,
200617,1639732352,1639659618,i,,0.0,Muscle injury - Unknown return date
200617,1642060544,1642060544,a,100.0,100.0,
200617,1652452024,1652311811,s,100.0,0.0,Suspended until 13 Aug
200641,1629104419,1629104419,a,,,
200641,1631631391,1630429207,u,0.0,0.0,Joined Feyenoord on a season-long loan - Expected back 01 Jul
200720,1626901033,1626901033,a,,,
200720,1635844587,1635267611,d,75.0,75.0,Illness - 75% chance of playing
200720,1636451039,1636451039,a,100.0,100.0,
200826,1626901033,1626901033,a,,,
200826,1631631391,1630522813,d,0.0,75.0,Lack of match fitness - 75% chance of playing
200826,1632300087,1632300087,a,75.0,100.0,
200826,1637576440,1637323210,d,50.0,50.0,Knock - 50% chance of playing
200826,1638180609,1638180609,d,25.0,25.0,Knock - 25% chance of playing
200826,1639078188,1639078188,d,0.0,50.0,Knock - 50% chance of playing
200826,1639732352,1639732352,a,100.0,100.0,
200826,1640689447,1640608216,d,100.0,75.0,Calf injury - 75% chance of playing
200826,1640951218,1640951218,a,75.0,100.0,
200826,1644246349,1643653814,u,100.0,0.0,Joined Villarreal on loan until the end of the season - Expected back 01 Jul
201666,1626901033,1626901033,a,,,
201666,1636451039,1636392610,d,75.0,75.0,Knock - 75% chance of playing
201666,1637576440,1637576440,a,100.0,100.0,
201666,1640689447,1640354418,i,0.0,0.0,Knock - Unknown return date
201666,1640951218,1640951218,d,0.0,75.0,Lack of match fitness - 75% chance of playing
201666,1642060544,1642060544,a,75.0,100.0,
202993,1644246349,1644246349,a,,,
202993,1645785079,1645691416,d,,75.0,Thigh injury - 75% chance of playing
202993,1646243308,1646243308,i,0.0,0.0,Ankle injury - Unknown return date
202993,1647081070,1647081070,a,100.0,100.0,
203341,1626901033,1626901033,a,,,
203341,1633336603,1633107611,d,25.0,25.0,Hamstring injury - 25% chance of playing
203341,1634634298,1634634298,i,0.0,0.0,Hamstring injury - Expected back 20 Nov
203341,1635844587,1635844587,a,0.0,100.0,
203341,1642060544,1640973620,i,0.0,0.0,International Duty - Expected back 10 Feb
203341,1644246349,1644246349,a,0.0,100.0,
203341,1647627440,1647559814,d,100.0,75.0,Knee injury - 75% chance of playing
203341,1647855483,1647855483,d,25.0,25.0,Knee injury - 25% chance of playing
203341,1649340876,1649340876,i,0.0,0.0,Knee injury - Expected back 01 Jul
203368,1626901033,1626901033,a,,,
203368,1628766408,1628488812,d,,75.0,Knock - 75% chance of playing
203368,1629795335,1629795335,a,100.0,100.0,
203368,1631631391,1630447209,u,0.0,0.0,Joined Strasbourg on a season-long loan - Expected back 01 Jul
203389,1626901033,1626901033,a,,,
203389,1640689447,1640543418,d,,75.0,Lack of match fitness - 75% chance of playing
203389,1640951218,1640951218,a,75.0,100.0,
203389,1644246349,1643895010,d,100.0,25.0,Groin Injury - 25% chance of playing
203389,1644571439,1644571439,i,0.0,0.0,Groin Injury - Expected back 19 Feb
203389,1645015895,1645015895,d,0.0,50.0,Groin Injury - 50% chance of playing
203389,1645785079,1645785079,i,0.0,0.0,Groin Injury - Expected back 05 Mar
203389,1646243308,1646243308,i,0.0,0.0,Groin Injury - Unknown return date
203389,1647081070,1647081070,d,0.0,75.0,Lack of match fitness - 75% chance of playing
203389,1647855483,1647855483,a,100.0,100.0,
204480,1626901033,1626901033,a,,,
204480,1637576440,1637576440,a,100.0,100.0,
204480,1640689447,1640543418,s,100.0,0.0,Suspended until 01 Jan
204480,1640951218,1640951218,a,0.0,100.0,
204480,1647081070,1646514018,d,100.0,75.0,Illness - 75% chance of playing
204480,1647627440,1647627440,a,100.0,100.0,
204580,1626901033,1626901033,a,,,
204580,1633336603,1633302016,d,,75.0,Thigh injury - 75% chance of playing
204580,1635154236,1635154236,d,25.0,25.0,Thigh injury - 25% chance of playing
204580,1635844587,1635844587,a,75.0,100.0,
204580,1640689447,1640570409,i,100.0,0.0,Illness - Expected back 02 Jan
204580,1640951218,1640951218,d,0.0,25.0,Illness - 25% chance of playing
204580,1642060544,1642060544,a,25.0,100.0,
204580,1644571439,1644454815,d,100.0,75.0,Abdominal injury - 75% chance of playing
204580,1645015895,1645015895,a,75.0,100.0,
204676,1629104419,1629104419,a,,,
204676,1631631391,1630324808,u,0.0,0.0,Joined Augsburg on a season-long loan - Expected back 01 Jul
204716,1626901033,1626901033,a,,,
204716,1647081070,1646935213,d,,75.0,Knock - 75% chance of playing
204716,1647627440,1647627440,a,75.0,100.0,
204727,1628766408,1628766408,a,,,
205533,1626901033,1626901033,a,,,
205533,1628766408,1628445605,i,,0.0,Ankle injury - Expected back 11 Sep
205533,1631631391,1631631391,a,100.0,100.0,
205651,1626901033,1626901033,a,,,
205651,1634634298,1634634298,a,0.0,100.0,
205651,1639078188,1638801013,d,100.0,75.0,Knock - 75% chance of playing
205651,1639416474,1639416474,a,75.0,100.0,
205651,1644246349,1644055210,d,100.0,75.0,Muscle injury - 75% chance of playing
205651,1644571439,1644571439,i,0.0,0.0,Muscle injury - Unknown return date
205651,1646243308,1646243308,a,100.0,100.0,
205836,1626901033,1626901033,a,,,
205836,1651244416,1651167020,i,,0.0,Ankle injury - Unknown return date
205836,1652452024,1652452024,d,50.0,50.0,Ankle injury - 50% chance of playing
205836,1653046146,1653046146,i,0.0,0.0,Ankle injury - Expected back 01 Jun
206325,1626901033,1626901033,a,,,
206325,1632300087,1631988017,d,,75.0,Knock - 75% chance of playing
206325,1632950337,1632950337,d,50.0,50.0,Knock - 50% chance of playing
206325,1634634298,1634634298,a,100.0,100.0,
206325,1642060544,1641049220,d,100.0,75.0,Lack of match fitness - 75% chance of playing
206325,1642654637,1642654637,d,75.0,75.0,Knock - 75% chance of playing
206325,1644246349,1644246349,a,0.0,100.0,
206915,1626901033,1626901033,a,,,
206915,1628766408,1628665211,i,,0.0,Head injury - Expected back 21 Aug
206915,1629795335,1629795335,a,75.0,100.0,
206915,1634634298,1634295609,d,0.0,75.0,Knock - 75% chance of playing
206915,1635154236,1635154236,a,75.0,100.0,
206915,1636451039,1635984009,d,0.0,50.0,Eye Injury - 50% chance of playing
206915,1637576440,1637576440,i,0.0,0.0,Eye Injury - Unknown return date
206915,1639732352,1639701015,d,0.0,25.0,Illness - 25% chance of playing
206915,1640689447,1640689447,a,25.0,100.0,
206915,1651244416,1651102218,d,100.0,75.0,Illness - 75% chance of playing
206915,1651564399,1651564399,a,75.0,100.0,
207283,1626901033,1626901033,a,,,
207283,1628766408,1628751606,i,,0.0,Lack of match fitness - Expected back 21 Aug
207283,1629104419,1629104419,i,0.0,0.0,Foot injury - Unknown return date
207283,1630335330,1630335330,a,75.0,100.0,
207283,1636451039,1636389011,d,100.0,75.0,Illness - 75% chance of playing
207283,1638180609,1638180609,a,100.0,100.0,
207283,1645785079,1645300814,d,100.0,75.0,Knock - 75% chance of playing
207283,1646243308,1646243308,a,100.0,100.0,
208706,1644246349,1644246349,a,,,
208706,1647081070,1646958620,d,,75.0,Muscle injury - 75% chance of playing
208706,1647627440,1647627440,a,75.0,100.0,
208973,1626901033,1626901033,a,,,
208973,1633336603,1633195811,d,,75.0,Knock - 75% chance of playing
208973,1634634298,1634634298,i,0.0,0.0,Hamstring injury - Expected back 30 Oct
208973,1635154236,1635154236,d,0.0,50.0,Hamstring injury - 50% chance of playing
208973,1635844587,1635844587,d,0.0,75.0,Lack of match fitness - 75% chance of playing
208973,1636451039,1636451039,a,75.0,100.0,
208973,1637576440,1637242216,i,0.0,0.0,Hamstring injury - Unknown return date
208973,1639078188,1639078188,i,0.0,0.0,Hamstring injury - Expected back 18 Dec
208973,1639732352,1639732352,d,75.0,75.0,Lack of match fitness - 75% chance of playing
208973,1640689447,1640689447,a,75.0,100.0,
208973,1650616373,1650029419,d,0.0,50.0,Calf injury - 50% chance of playing
208973,1651244416,1651244416,d,50.0,75.0,Calf injury - 75% chance of playing
208973,1652452024,1652452024,a,100.0,100.0,
209036,1626901033,1626901033,a,,,
209036,1652452024,1651959013,d,,75.0,Ankle injury - 75% chance of playing
209036,1653046146,1653046146,a,50.0,100.0,
209042,1626901033,1626901033,a,,,
209042,1631631391,1631631391,a,75.0,100.0,
209042,1636451039,1636327812,s,100.0,0.0,Suspended until 28 Nov
209042,1637576440,1637576440,a,0.0,100.0,
209042,1644246349,1643986816,d,100.0,50.0,Groin Injury - 50% chance of playing
209042,1644571439,1644571439,i,0.0,0.0,Groin Injury - Expected back 19 Feb
209042,1645015895,1645015895,d,0.0,50.0,Groin Injury - 50% chance of playing
209042,1645785079,1645785079,i,0.0,0.0,Groin Injury - Unknown return date
209042,1647855483,1647855483,i,0.0,0.0,Groin Injury - Expected back 03 Apr
209042,1649340876,1649340876,d,0.0,50.0,Groin Injury - 50% chance of playing
209042,1649769992,1649769992,i,0.0,0.0,Groin Injury - Unknown return date
209042,1652452024,1652452024,i,0.0,0.0,Groin Injury - Expected back 01 Jul
209045,1629104419,1629104419,a,,,
209045,1635844587,1635438612,d,75.0,75.0,Back injury - 75% chance of playing
209045,1636451039,1636451039,a,75.0,100.0,
209045,1642060544,1641814200,u,100.0,0.0,Season-long loan to Birmingham City
209046,1626901033,1626901033,a,,,
209046,1639732352,1639701015,d,,25.0,Illness - 25% chance of playing
209046,1640689447,1640689447,a,75.0,100.0,
209046,1645785079,1645300814,d,100.0,75.0,Knock - 75% chance of playing
209046,1646243308,1646243308,a,75.0,100.0,
209046,1647627440,1647023413,d,25.0,75.0,Achilles injury - 75% chance of playing
209046,1649340876,1649340876,i,0.0,0.0,Achilles injury - Unknown return date
209243,1628766408,1628766408,a,,,
209243,1631631391,1631631391,a,100.0,100.0,
209243,1642060544,1641857420,d,100.0,75.0,Hamstring injury - 75% chance of playing
209243,1642654637,1642654637,a,75.0,100.0,
209243,1644246349,1644055210,d,50.0,75.0,Fatigue - 75% chance of playing
209243,1644571439,1644571439,a,75.0,100.0,
209243,1651244416,1651068018,d,100.0,25.0,Illness - 25% chance of playing
209243,1652452024,1652452024,i,0.0,0.0,Illness - Expected back 22 May
209243,1653046146,1653046146,d,0.0,25.0,Illness - 25% chance of playing
209243,1653306622,1653306622,d,50.0,50.0,Knock - 50% chance of playing
209244,1626901033,1626901033,a,,,
209244,1628766408,1628317807,i,,0.0,Foot injury - Expected back 11 Sep
209244,1631631391,1631631391,a,25.0,100.0,
209244,1638180609,1637796616,d,75.0,75.0,Knock - 75% chance of playing
209244,1638522834,1638522834,a,75.0,100.0,
209244,1639078188,1638921613,d,100.0,75.0,Ankle injury - 75% chance of playing
209244,1639416474,1639416474,a,75.0,100.0,
209244,1642060544,1641049220,d,100.0,75.0,Lack of match fitness - 75% chance of playing
209244,1642654637,1642654637,a,75.0,100.0,
209288,1642654637,1642654637,a,,,
209289,1626901033,1626901033,a,,,
209289,1631631391,1631631391,a,75.0,100.0,
209289,1639078188,1638831613,d,100.0,75.0,Groin Injury - 75% chance of playing
209289,1639416474,1639416474,a,75.0,100.0,
209289,1642060544,1641772812,d,100.0,75.0,Groin Injury - 75% chance of playing
209289,1644246349,1644246349,a,100.0,100.0,
209289,1645785079,1645745416,d,100.0,75.0,Illness - 75% chance of playing
209289,1647627440,1647627440,a,75.0,100.0,
209353,1628766408,1628766408,a,,,
209353,1629104419,1629029212,u,,0.0,Season long loan to Empoli
209362,1626901033,1625729615,u,,0.0,Transferred to RB Salzburg
209418,1631631391,1631631391,a,,,
212319,1626901033,1626901033,a,,,
212319,1632300087,1632004208,i,,0.0,Knee injury - Expected back 17 Oct
212319,1633336603,1633336603,d,0.0,50.0,Knee injury - 50% chance of playing
212319,1635154236,1635154236,a,100.0,100.0,
212319,1637576440,1637526611,s,100.0,0.0,Suspended until 01 Dec
212319,1638180609,1638180609,a,0.0,100.0,
212319,1639416474,1639350017,d,100.0,75.0,Calf injury - 75% chance of playing
212319,1639732352,1639732352,i,75.0,0.0,Calf injury - Unknown return date
212319,1642654637,1642654637,a,75.0,100.0,
212325,1626901033,1626901033,a,,,
212325,1639732352,1639526417,d,,25.0,Illness - 25% chance of playing
212325,1640689447,1640689447,a,75.0,100.0,
212721,1630335330,1630335330,a,,,
212721,1640689447,1640543419,i,,0.0,Illness - Expected back 15 Jan
212721,1640951218,1640951218,d,0.0,75.0,Illness - 75% chance of playing
212721,1642060544,1642060544,a,75.0,100.0,
212721,1644246349,1644093018,d,100.0,25.0,Hamstring injury - 25% chance of playing
212721,1644571439,1644571439,i,0.0,0.0,Hamstring injury - Expected back 04 May
212721,1649340876,1649340876,d,0.0,75.0,Lack of match fitness - 75% chance of playing
212721,1650616373,1650616373,a,100.0,100.0,
212723,1626901033,1626901033,a,,,
212723,1632950337,1632950337,a,75.0,100.0,
212723,1638522834,1638316812,d,100.0,75.0,Groin Injury - 75% chance of playing
212723,1639078188,1639078188,i,0.0,0.0,Groin Injury - Expected back 01 Jan
212723,1639732352,1639732352,i,0.0,0.0,Groin Injury - Expected back 26 Dec
212723,1640689447,1640689447,i,0.0,0.0,Groin Injury - Expected back 01 Jan
212723,1640951218,1640951218,d,0.0,50.0,Groin Injury - 50% chance of playing
212723,1642060544,1642060544,a,75.0,100.0,
213345,1626901033,1626901033,a,,,
213345,1631631391,1631520132,u,,0.0,Season-long loan to Club Brugge
213482,1629104419,1629104419,a,,,
213687,1626901033,1626901033,a,,,
213687,1630335330,1629878408,d,75.0,75.0,Knock - 75% chance of playing
213687,1631631391,1631631391,a,100.0,100.0,
213687,1640689447,1640215818,i,0.0,0.0,Hamstring injury - Unknown return date
213687,1644246349,1644246349,u,0.0,0.0,Joined Sheffield United on loan until the end of the season - Expected back 01 Jul
214048,1626901033,1626901033,a,,,
214048,1651244416,1650641417,d,0.0,25.0,Knock - 25% chance of playing
214048,1651564399,1651564399,d,25.0,25.0,Ankle injury - 25% chance of playing
214048,1652452024,1652452024,i,0.0,0.0,Ankle injury - Expected back 06 Aug
214225,1626901033,1626901033,a,,,
214225,1629795335,1629473414,i,0.0,0.0,Knock - Unknown return date
214225,1631631391,1631631391,a,100.0,100.0,
214285,1626901033,1626901033,a,,,
214285,1651244416,1651244416,a,,100.0,
214466,1626901033,1624361411,i,,0.0,Knee injury - Expected back 18 Jul
214466,1628766408,1628766408,i,,0.0,Knee injury - Unknown return date
214466,1631631391,1631631391,i,0.0,0.0,Lack of match fitness - Unknown return date
214466,1632300087,1632300087,d,75.0,75.0,Lack of match fitness - 75% chance of playing
214466,1634634298,1634634298,a,100.0,100.0,
214466,1640951218,1640737820,d,100.0,25.0,Calf injury - 25% chance of playing
214466,1642060544,1642060544,d,50.0,50.0,Calf injury - 50% chance of playing
214466,1642654637,1642654637,i,0.0,0.0,Calf injury - Unknown return date
214466,1644246349,1644246349,a,0.0,100.0,
214572,1639994742,1639994742,a,,,
214590,1626901033,1626901033,a,,,
214590,1638522834,1638489611,d,,75.0,Hand injury - 75% chance of playing
214590,1639078188,1639006218,d,75.0,75.0,Knee injury - 75% chance of playing
214590,1639732352,1639732352,a,100.0,100.0,
214590,1642654637,1642296614,d,100.0,75.0,Illness - 75% chance of playing
214590,1644246349,1644246349,a,0.0,100.0,
214590,1651244416,1651186812,d,100.0,75.0,Knock - 75% chance of playing
214590,1652452024,1652452024,a,75.0,100.0,
215059,1626901033,1626901033,a,,,
215059,1636451039,1636232412,s,,0.0,Suspended until 27 Nov
215059,1637576440,1637576440,a,0.0,100.0,
215136,1626901033,1626901033,a,,,
215136,1631631391,1630920613,d,75.0,75.0,Knock - 75% chance of playing
215136,1632950337,1632950337,a,75.0,100.0,
215136,1644246349,1643675412,u,100.0,0.0,Joined Fulham on loan until the end of the season - Expected back 01 Jul
215379,1632950337,1632950337,a,,,
215379,1635844587,1635516019,i,0.0,0.0,Knock - Unknown return date
215379,1636451039,1636451039,a,100.0,100.0,
215379,1638180609,1637969414,d,25.0,25.0,Knock - 25% chance of playing
215379,1639416474,1639416474,i,0.0,0.0,Knock - Unknown return date
215379,1639994742,1639994742,a,0.0,100.0,
215379,1644246349,1643670013,u,100.0,0.0,Joined Bristol Rovers on loan until the end of the season - Expected back 01 Jul
215413,1628766408,1628766408,a,,,
215413,1642060544,1641634214,d,,75.0,Calf injury - 75% chance of playing
215413,1642654637,1642654637,a,100.0,100.0,
215439,1626901033,1626901033,a,,,
215439,1642654637,1642120211,d,50.0,50.0,Illness - 50% chance of playing
215439,1644246349,1644246349,a,50.0,100.0,
215460,1626901033,1626901033,a,,,
215460,1629795335,1629761416,n,,0.0,Joined Blackburn Rovers on a season-long loan - Expected back 01 Jul
215460,1630335330,1630335330,u,0.0,0.0,Joined Blackburn Rovers on a season-long loan - Expected back 01 Jul
215476,1628766408,1628766408,a,,,
215476,1630335330,1630335330,a,75.0,100.0,
215476,1631631391,1631278816,d,75.0,75.0,Hamstring injury - 75% chance of playing
215476,1632300087,1632300087,a,100.0,100.0,
215476,1639732352,1639526417,d,100.0,25.0,Illness - 25% chance of playing
215476,1640689447,1640689447,a,75.0,100.0,
215476,1644246349,1644093017,d,100.0,75.0,Illness - 75% chance of playing
215476,1644571439,1644571439,d,50.0,50.0,Illness - 50% chance of playing
215476,1645015895,1645015895,a,100.0,100.0,
215476,1649340876,1648809013,i,50.0,0.0,Ankle injury - Expected back 16 Apr
215476,1649769992,1649769992,d,0.0,50.0,Ankle injury - 50% chance of playing
215476,1651244416,1651244416,d,0.0,75.0,Lack of match fitness - 75% chance of playing
215476,1651564399,1651564399,d,75.0,75.0,Ankle injury - 75% chance of playing
215476,1652452024,1652452024,i,0.0,0.0,Ankle injury - Expected back 01 Jun
215610,1650616373,1650616373,a,,,
215711,1628766408,1628766408,a,,,
215711,1629795335,1629568815,d,,75.0,Hamstring injury - 75% chance of playing
215711,1630335330,1630335330,i,0.0,0.0,Hamstring injury - Expected back 11 Sep
215711,1631631391,1631631391,a,100.0,100.0,
215711,1632300087,1631993408,d,100.0,75.0,Thigh injury - 75% chance of playing
215711,1632950337,1632950337,i,0.0,0.0,Thigh injury - Expected back 16 Oct
215711,1633336603,1633336603,d,0.0,50.0,Thigh injury - 50% chance of playing
215711,1635154236,1635154236,a,100.0,100.0,
215711,1638522834,1638403216,d,100.0,25.0,Muscle injury - 25% chance of playing
215711,1639078188,1639078188,i,0.0,0.0,Thigh injury - Unknown return date
215711,1644571439,1644571439,i,0.0,0.0,Lack of match fitness - Expected back 19 Feb
215711,1645015895,1645015895,a,0.0,100.0,
215711,1651564399,1651343421,d,100.0,25.0,Ankle injury - 25% chance of playing
216051,1628766408,1628766408,a,,,
216058,1626901033,1626901033,a,,,
216058,1631631391,1630479614,u,0.0,0.0,Joined Fulham on a season-long loan - Expected back 01 Jul
216620,1626901033,1626901033,a,,,
216620,1644246349,1643671819,u,,0.0,Joined Hull City on loan until the end of the season - Expected back 01 Jul
216646,1628766408,1628766408,a,,,
216646,1634634298,1634551215,i,,0.0,Ankle injury - Expected back 30 Oct
216646,1635844587,1635844587,i,0.0,0.0,Ankle injury - Expected back 20 Nov
216646,1636451039,1636451039,d,0.0,50.0,Ankle injury - 50% chance of playing
216646,1638180609,1638180609,a,100.0,100.0,
216646,1644246349,1644093018,d,100.0,75.0,Illness - 75% chance of playing
216646,1644571439,1644571439,a,100.0,100.0,
217401,1626901033,1626901033,a,,,
217401,1628766408,1627748453,u,,0.0,Transferred to Barnsley
217487,1626901033,1625989065,u,,0.0,Transferred to Fenerbahce
217593,1626901033,1626901033,a,,,
217593,1637576440,1637576440,a,100.0,100.0,
217593,1640951218,1640777411,d,100.0,25.0,Illness - 25% chance of playing
217593,1642060544,1642060544,a,25.0,100.0,
218031,1626901033,1626901033,a,,,
218031,1639732352,1639582219,d,,50.0,Hamstring injury - 50% chance of playing
218031,1640689447,1640689447,i,75.0,0.0,Hamstring injury - Expected back 15 Jan
218031,1640951218,1640951218,i,0.0,0.0,Hamstring injury - Expected back 23 Jan
218031,1642060544,1642060544,d,0.0,75.0,Hamstring injury - 75% chance of playing
218031,1642654637,1642654637,a,100.0,100.0,
218031,1647627440,1647559814,d,100.0,75.0,Illness - 75% chance of playing
218031,1647855483,1647855483,a,75.0,100.0,
218997,1632300087,1632300087,a,,,
218997,1644246349,1643220015,u,,0.0,Joined Heart of Midlothian on loan until the end of the season - Expected back 01 Jul
219352,1631631391,1631631391,a,,,
219352,1639732352,1639396814,d,25.0,25.0,Illness - 25% chance of playing
219352,1640689447,1640689447,a,100.0,100.0,
219847,1626901033,1626901033,a,,,
219847,1638180609,1638180609,a,100.0,100.0,
219847,1639732352,1639701015,d,100.0,50.0,Illness - 50% chance of playing
219847,1639994742,1639994742,a,100.0,100.0,
219847,1640689447,1640287812,d,25.0,25.0,Illness - 25% chance of playing
219847,1640951218,1640951218,a,75.0,100.0,
219924,1626901033,1626901033,a,,,
219924,1650616373,1650409211,d,,25.0,Ankle injury - 25% chance of playing
219924,1651244416,1651244416,i,0.0,0.0,Ankle injury - Expected back 22 May
219924,1651564399,1651564399,a,0.0,100.0,
219924,1653306622,1653066012,d,25.0,25.0,Ankle injury - 25% chance of playing
219937,1626901033,1626901033,a,,,
219937,1631631391,1630431014,u,0.0,0.0,Joined Swansea City on a season-long loan - Expected back 01 Jul
219961,1626901033,1626901033,a,,,
219961,1632300087,1631919612,d,,75.0,Hip injury - 75% chance of playing
219961,1633336603,1633336603,a,100.0,100.0,
219961,1635154236,1635010211,d,100.0,75.0,Knock - 75% chance of playing
219961,1635844587,1635844587,a,75.0,100.0,
219961,1637576440,1637528410,d,100.0,75.0,Illness - 75% chance of playing
219961,1638180609,1638180609,a,100.0,100.0,
219961,1644246349,1643841016,d,100.0,75.0,Knock - 75% chance of playing
219961,1644571439,1644571439,a,75.0,100.0,
220037,1626901033,1626901033,a,,,
220037,1628766408,1627425010,u,,0.0,Joined Sheffield Wednesday on a season-long loan
220166,1626901033,1626901033,a,,,
220166,1631631391,1630449016,u,0.0,0.0,Left the club by mutual consent
220394,1629795335,1629795335,a,,,
220394,1631631391,1630432810,u,0.0,0.0,Joined Hamburger on a season-long loan - Expected back 01 Jul
220566,1626901033,1626901033,a,,,
220566,1632300087,1631988017,d,,75.0,Knock - 75% chance of playing
220566,1632950337,1632950337,a,75.0,100.0,
220566,1640689447,1640543418,d,100.0,75.0,Lack of match fitness - 75% chance of playing
220566,1642060544,1642060544,a,75.0,100.0,
220598,1626901033,1626901033,a,,,
220598,1631631391,1630449016,u,0.0,0.0,Transferred to Swansea City - Unknown return date
220627,1626901033,1624361411,i,,0.0,Knee injury - Unknown return date
220627,1630335330,1630335330,i,0.0,0.0,Knee injury - Expected back 30 Oct
220627,1635844587,1635844587,i,0.0,0.0,Knee injury - Expected back 20 Nov
220627,1636451039,1636451039,i,0.0,0.0,Knee injury - Expected back 28 Nov
220627,1637576440,1637576440,i,0.0,0.0,Lack of match fitness - Expected back 05 Dec
220627,1638522834,1638522834,i,0.0,0.0,Lack of match fitness - Expected back 26 Dec
220627,1639078188,1639078188,d,25.0,50.0,Lack of match fitness - 50% chance of playing
220627,1639416474,1639416474,i,50.0,0.0,Lack of match fitness - Expected back 26 Dec
220627,1640689447,1640689447,i,0.0,0.0,Lack of match fitness - Unknown return date
220627,1642060544,1642060544,i,0.0,0.0,Lack of match fitness - Expected back 10 Feb
220627,1642654637,1642654637,a,100.0,100.0,
220627,1645015895,1644789617,d,100.0,75.0,Muscle injury - 75% chance of playing
220627,1645785079,1645785079,d,0.0,50.0,Muscle injury - 50% chance of playing
220627,1647081070,1647081070,a,50.0,100.0,
220627,1653046146,1652997612,d,100.0,75.0,Illness - 75% chance of playing
220682,1630335330,1630335330,a,,,
220684,1639416474,1639416474,a,,,
220686,1628766408,1628766408,a,,,
220686,1630335330,1630069211,i,0.0,0.0,Knee injury - Unknown return date
220686,1631631391,1631631391,a,100.0,100.0,
220686,1642060544,1641470417,u,100.0,0.0,Joined Peterborough on loan until the end of the season - Expected back 01 Jul
220688,1626901033,1626901033,a,,,
220688,1637576440,1637434815,d,,75.0,Illness - 75% chance of playing
220688,1638180609,1638180609,a,75.0,100.0,
220688,1644246349,1643639414,n,100.0,0.0,Unavailable. - Unknown return date
220695,1634634298,1634634298,a,,,
221239,1626901033,1626901033,a,,,
221239,1628766408,1628488812,d,,25.0,Knock - 25% chance of playing
221239,1630335330,1630335330,i,0.0,0.0,Knock - Expected back 02 Oct
221239,1633336603,1633336603,i,0.0,0.0,Knock - Unknown return date
221239,1634634298,1634634298,d,75.0,75.0,Lack of match fitness - 75% chance of playing
221239,1635844587,1635844587,a,75.0,100.0,
221239,1639994742,1639751414,i,0.0,0.0,Unknown - Expected back 26 Dec
221239,1640689447,1640689447,a,50.0,100.0,
221239,1642060544,1641200417,u,100.0,0.0,Joined Nottingham Forest on a season-long loan - Expected back 01 Jul
221399,1626901033,1626901033,a,,,
221399,1632300087,1631919613,d,,25.0,Illness - 25% chance of playing
221399,1632950337,1632950337,a,50.0,100.0,
221399,1639994742,1639866610,d,100.0,75.0,Knock - 75% chance of playing
221399,1642060544,1642060544,a,100.0,100.0,
221399,1652452024,1652311811,d,100.0,75.0,Dead leg - 75% chance of playing
221399,1653046146,1653046146,a,75.0,100.0,
221610,1626901033,1626901033,a,,,
221610,1635844587,1635287415,d,75.0,75.0,Knock - 75% chance of playing
221610,1637576440,1637576440,d,75.0,75.0,Lack of match fitness - 75% chance of playing
221610,1638180609,1638180609,a,100.0,100.0,
221610,1639732352,1639524615,i,100.0,0.0,Achilles injury - Unknown return date
221610,1642060544,1642060544,i,0.0,0.0,Achilles injury - Expected back 09 Feb
221610,1644246349,1644246349,a,0.0,100.0,
221610,1647627440,1647514815,d,100.0,50.0,Knock - 50% chance of playing
221610,1649340876,1649340876,i,0.0,0.0,Calf injury - Expected back 23 Apr
221610,1649769992,1649769992,d,0.0,75.0,Calf injury - 75% chance of playing
221610,1651244416,1651244416,a,75.0,100.0,
221632,1628766408,1628526611,d,,75.0,Knee injury - 75% chance of playing
221632,1629104419,1629104419,a,75.0,100.0,
221632,1629795335,1629702012,d,100.0,75.0,Knee injury - 75% chance of playing
221632,1630335330,1630335330,a,100.0,100.0,
221632,1631631391,1630522813,d,0.0,75.0,Lack of match fitness - 75% chance of playing
221632,1632300087,1632300087,a,75.0,100.0,
221632,1637576440,1637145015,i,0.0,0.0,Muscle injury - Unknown return date
221632,1639078188,1639078188,i,0.0,0.0,Hamstring injury - Unknown return date
221632,1642654637,1642654637,d,25.0,25.0,Hamstring injury - 25% chance of playing
221632,1644246349,1644246349,a,25.0,100.0,
221632,1652452024,1652392813,i,100.0,0.0,Hip injury - Expected back 01 Jun
222017,1628766408,1628766408,a,,,
222017,1631631391,1630429207,u,0.0,0.0,Joined Peterborough United on a season-long loan - Expected back 01 Jul
222018,1626901033,1626901033,a,,,
222018,1639078188,1638635415,d,,25.0,Hamstring injury - 25% chance of playing
222018,1640689447,1640689447,a,100.0,100.0,
222018,1649340876,1649059218,d,100.0,75.0,Hamstring injury - 75% chance of playing
222018,1649769992,1649769992,a,100.0,100.0,
222531,1626901033,1626901033,a,,,
222531,1631631391,1630447210,u,0.0,0.0,Joined Sheffield United on a season-long loan - Expected back 01 Jul
222564,1626901033,1626901033,a,,,
222564,1634634298,1633629612,d,25.0,75.0,Illness - 75% chance of playing
222564,1635154236,1635154236,a,100.0,100.0,
222564,1644246349,1644237020,d,100.0,50.0,Illness - 50% chance of playing
222564,1644571439,1644571439,a,50.0,100.0,
222627,1626901033,1626901033,a,,,
222627,1630335330,1629909014,u,0.0,0.0,Joined Sporting Lisbon on a season-long loan - Expected back 01 Jul
222694,1626901033,1626901033,a,,,
222694,1631631391,1631484015,s,,0.0,Suspended until 02 Oct
222694,1632950337,1632950337,a,0.0,100.0,
222694,1638522834,1638356410,d,100.0,75.0,Knock - 75% chance of playing
222694,1639416474,1639249217,d,75.0,75.0,Knee injury - 75% chance of playing
222694,1639732352,1639732352,i,0.0,0.0,Knee injury - Unknown return date
222694,1642654637,1642654637,a,75.0,100.0,
223081,1628766408,1628766408,a,,,
223175,1626901033,1626901033,a,,,
223175,1630335330,1630141208,u,0.0,0.0,Joined Aberdeen on a season-long loan
223337,1649340876,1649340876,a,,,
223340,1626901033,1626901033,a,,,
223340,1630335330,1630335330,a,100.0,100.0,
223340,1634634298,1634598016,d,100.0,75.0,Knock - 75% chance of playing
223340,1635154236,1635154236,a,75.0,100.0,
223340,1638180609,1638030612,d,100.0,75.0,Muscle injury - 75% chance of playing
223340,1638522834,1638522834,a,75.0,100.0,
223340,1642654637,1642114814,d,75.0,75.0,Fatigue - 75% chance of playing
223340,1644246349,1644246349,a,100.0,100.0,
223340,1651244416,1650751212,d,100.0,75.0,Knock - 75% chance of playing
223340,1651564399,1651564399,a,75.0,100.0,
223723,1631631391,1631631391,a,,,
223723,1639994742,1639866611,d,,75.0,Muscle injury - 75% chance of playing
223723,1640689447,1640689447,d,75.0,25.0,Illness - 25% chance of playing
223723,1642060544,1641772814,d,25.0,75.0,Calf injury - 75% chance of playing
223723,1644571439,1643018412,d,50.0,50.0,Calf injury - 50% chance of playing
223723,1645785079,1645745417,d,100.0,75.0,Calf injury - 75% chance of playing
223723,1647081070,1647081070,d,50.0,50.0,Calf injury - 50% chance of playing
223723,1649340876,1649340876,i,75.0,0.0,Calf injury - Expected back 20 Apr
223723,1650616373,1650616373,d,25.0,50.0,Calf injury - 50% chance of playing
223723,1651244416,1651244416,a,75.0,100.0,
223723,1653046146,1652743812,d,100.0,75.0,Muscle injury - 75% chance of playing
223723,1653306622,1653306622,d,50.0,50.0,Muscle injury - 50% chance of playing
223824,1629104419,1629104419,a,,,
224444,1626901033,1626901033,a,,,
224444,1634634298,1634212810,i,0.0,0.0,Foot injury - Expected back 01 Jan
224444,1640951218,1640951218,u,0.0,0.0,Transferred to Barcelona
224967,1642060544,1642060544,a,,,
224967,1645015895,1645015895,a,0.0,100.0,
225000,1642654637,1642654637,a,,,
225000,1644246349,1643153421,u,,0.0,Joined QPR on loan until the end of the season - Expected back 01 Jul
225321,1629795335,1629795335,a,,,
225321,1647855483,1647707415,d,,50.0,Muscle injury - 50% chance of playing
225321,1649340876,1649340876,a,50.0,100.0,
225702,1644246349,1644246349,a,,,
225702,1646243308,1645799411,d,75.0,75.0,Ankle injury - 75% chance of playing
225702,1647081070,1647081070,a,75.0,100.0,
225702,1650616373,1650029419,d,0.0,50.0,Ankle injury - 50% chance of playing
225702,1651244416,1651244416,d,50.0,75.0,Ankle injury - 75% chance of playing
225702,1651564399,1651564399,a,75.0,100.0,
225796,1626901033,1626901033,a,,,
225796,1630335330,1630177209,s,,0.0,Suspended until 19 Sep
225796,1631631391,1631631391,a,0.0,100.0,
225796,1632950337,1632587416,d,100.0,75.0,Ankle injury - 75% chance of playing
225796,1633336603,1633336603,d,0.0,50.0,Ankle injury - 50% chance of playing
225796,1634634298,1634634298,a,75.0,100.0,
225796,1638522834,1638280812,d,75.0,75.0,Knock - 75% chance of playing
225796,1639078188,1639078188,a,100.0,100.0,
225796,1640951218,1640820620,d,100.0,25.0,Hamstring injury - 25% chance of playing
225796,1642654637,1642654637,i,0.0,0.0,Hamstring injury - Unknown return date
225796,1644246349,1644246349,d,0.0,50.0,Hamstring injury - 50% chance of playing
225796,1645785079,1645785079,i,0.0,0.0,Hamstring injury - Expected back 05 Mar
225796,1646243308,1646243308,a,0.0,100.0,
225796,1647081070,1646834413,d,100.0,25.0,Muscle injury - 25% chance of playing
225796,1647627440,1647627440,d,25.0,75.0,Muscle injury - 75% chance of playing
225796,1649340876,1649340876,a,100.0,100.0,
225902,1626901033,1626901033,a,,,
225902,1642060544,1641634214,d,,75.0,Illness - 75% chance of playing
225902,1642654637,1642654637,a,75.0,100.0,
225902,1647627440,1647559814,d,100.0,75.0,Knock - 75% chance of playing
225902,1647855483,1647855483,a,75.0,100.0,
225902,1649769992,1649374219,d,75.0,75.0,Knock - 75% chance of playing
225902,1650616373,1650616373,d,75.0,75.0,Groin Injury - 75% chance of playing
225902,1651244416,1651244416,a,0.0,100.0,
226597,1626901033,1626901033,a,,,
226597,1628766408,1628073008,i,,0.0,Knee injury - Unknown return date
226597,1629795335,1629795335,i,0.0,0.0,Knee injury - Expected back 11 Sep
226597,1630335330,1630335330,d,50.0,75.0,Lack of match fitness - 75% chance of playing
226597,1631631391,1631631391,a,100.0,100.0,
226597,1652452024,1652394611,d,100.0,75.0,Muscle injury - 75% chance of playing
226597,1653046146,1653046146,a,75.0,100.0,
226956,1626901033,1626901033,a,,,
226956,1640689447,1640626214,d,,25.0,Lack of match fitness - 25% chance of playing
226956,1640951218,1640951218,a,25.0,100.0,
227127,1626901033,1626901033,a,,,
227127,1632950337,1632297612,d,75.0,75.0,Knee injury - 75% chance of playing
227127,1634634298,1634634298,a,75.0,100.0,
227127,1639732352,1639614612,s,100.0,0.0,Suspended until 29 Dec
227127,1640689447,1640689447,a,0.0,100.0,
227127,1642060544,1641056419,i,100.0,0.0,International Duty - Expected back 12 Feb
227127,1644246349,1644246349,a,0.0,100.0,
227127,1650616373,1650142811,s,100.0,0.0,Suspended until 30 Apr
227127,1651244416,1651244416,a,0.0,100.0,
227560,1626901033,1626901033,a,,,
227560,1633336603,1633001414,i,0.0,0.0,Thigh injury - Expected back 26 Feb
227560,1642654637,1642654637,i,0.0,0.0,Thigh injury - Expected back 12 Feb
227560,1644571439,1644571439,d,75.0,75.0,Lack of match fitness - 75% chance of playing
227560,1647081070,1647081070,a,100.0,100.0,
227560,1653306622,1653064214,i,0.0,0.0,Knock - Unknown return date
228044,1626901033,1626901033,a,,,
228044,1630335330,1629878408,i,0.0,0.0,Knee injury - Unknown return date
228044,1638180609,1638180609,a,100.0,100.0,
228286,1626901033,1626901033,a,,,
228286,1632300087,1632092418,d,,75.0,Hip injury - 75% chance of playing
228286,1632950337,1632950337,a,100.0,100.0,
228286,1642060544,1641056419,i,100.0,0.0,International Duty - Expected back 19 Feb
228286,1644246349,1644246349,d,0.0,75.0,International Duty - 75% chance of playing
228286,1644571439,1644571439,a,100.0,100.0,
229415,1640951218,1640951218,a,,,
230046,1626901033,1626901033,a,,,
230046,1629104419,1628848809,i,0.0,0.0,Lack of match fitness - Expected back 21 Aug
230046,1629795335,1629795335,a,75.0,100.0,
230046,1635844587,1635724812,d,100.0,75.0,Muscle injury - 75% chance of playing
230046,1636451039,1636451039,i,0.0,0.0,Muscle injury - Unknown return date
230046,1637576440,1637576440,d,25.0,25.0,Muscle injury - 25% chance of playing
230046,1638180609,1638180609,a,100.0,100.0,
230251,1626901033,1626901033,a,,,
230251,1629104419,1628965810,d,,75.0,Knock - 75% chance of playing
230251,1629795335,1629795335,a,75.0,100.0,
230251,1635154236,1635010211,s,100.0,0.0,Suspended until 07 Nov
230251,1635844587,1635844587,a,0.0,100.0,
230251,1638180609,1638138618,d,100.0,75.0,Knock - 75% chance of playing
230251,1638522834,1638522834,a,50.0,100.0,
230251,1642060544,1641571219,d,100.0,75.0,Knock - 75% chance of playing
230251,1642654637,1642654637,a,100.0,100.0,
230251,1652452024,1652225412,d,100.0,25.0,Knee injury - 25% chance of playing
230251,1653046146,1653046146,i,0.0,0.0,Knee injury - Unknown return date
231065,1626901033,1626901033,a,,,
231065,1632950337,1632600013,d,,75.0,Hip injury - 75% chance of playing
231065,1633336603,1633336603,a,100.0,100.0,
231065,1635154236,1635114613,d,100.0,75.0,Hip injury - 75% chance of playing
231065,1635844587,1635844587,a,75.0,100.0,
231065,1639416474,1639227611,i,100.0,0.0,Illness - Expected back 26 Dec
231065,1639732352,1639732352,a,0.0,100.0,
231065,1650616373,1650150019,d,100.0,75.0,Hamstring injury - 75% chance of playing
231065,1651244416,1651244416,i,0.0,0.0,Hamstring injury - Expected back 07 May
231065,1651564399,1651564399,d,0.0,50.0,Hamstring injury - 50% chance of playing
231065,1653046146,1653046146,i,0.0,0.0,Hamstring injury - Expected back 01 Jun
231372,1626901033,1626901033,a,,,
231372,1644246349,1643644815,u,,0.0,Joined Lyon on loan until the end of the season - Expected back 01 Jul
231747,1626901033,1626901033,a,,,
232185,1626901033,1626901033,a,,,
232185,1637576440,1637434816,d,,75.0,Knee injury - 75% chance of playing
232185,1638180609,1638180609,i,0.0,0.0,Knee injury - Unknown return date
232185,1640689447,1640689447,i,0.0,0.0,Knee injury - Expected back 08 Feb
232185,1644246349,1644246349,d,0.0,75.0,International Duty - 75% chance of playing
232185,1644571439,1644571439,d,25.0,75.0,Fatigue - 75% chance of playing
232185,1645015895,1645015895,a,75.0,100.0,
232185,1646243308,1645912812,d,100.0,75.0,Knock - 75% chance of playing
232185,1647081070,1647081070,i,0.0,0.0,Hamstring injury - Unknown return date
232185,1649340876,1649340876,a,100.0,100.0,
232185,1652452024,1652225412,d,100.0,25.0,Knee injury - 25% chance of playing
232185,1653046146,1653046146,i,0.0,0.0,Knee injury - Unknown return date
232223,1629104419,1629104419,a,,,
232223,1637576440,1637576440,a,100.0,100.0,
232223,1642060544,1641772814,n,100.0,0.0,Joined Middlesbrough on loan until the end of the season - Expected back 01 Jul
232223,1642654637,1642654637,u,0.0,0.0,Joined Middlesbrough on loan until the end of the season
232229,1639078188,1639078188,a,,,
232229,1639732352,1639396814,d,25.0,25.0,Illness - 25% chance of playing
232229,1640689447,1640689447,a,75.0,100.0,
232229,1644246349,1643671820,u,100.0,0.0,Joined Dundee on loan until the end of the season - Expected back 01 Jul
232245,1645785079,1645785079,a,,,
232247,1628766408,1628766408,a,,,
232247,1640951218,1640822412,d,,75.0,Muscle injury - 75% chance of playing
232247,1642060544,1642060544,a,75.0,100.0,
232247,1644246349,1643324414,u,100.0,0.0,Joined Ipswich Town on loan until the end of the season - Expected back 01 Jul
232351,1642654637,1642654637,a,,,
232351,1644246349,1643675412,u,,0.0,Joined Blackburn Rovers on loan until the end of the season - Expected back 01 Jul
232391,1626901033,1626901033,a,,,
232391,1647081070,1646645414,d,,75.0,Hamstring injury - 75% chance of playing
232391,1649340876,1649340876,a,100.0,100.0,
232413,1626901033,1624361411,i,,0.0,Achilles injury - Unknown return date
232413,1635154236,1635154236,i,0.0,0.0,Achilles injury - Expected back 20 Nov
232413,1635844587,1635844587,i,0.0,0.0,Lack of match fitness - Expected back 20 Nov
232413,1636451039,1636451039,i,0.0,0.0,Lack of match fitness - Expected back 27 Nov
232413,1637576440,1637576440,a,100.0,100.0,
232423,1626901033,1624361411,i,,0.0,Achilles injury - Expected back 27 Nov
232423,1637576440,1637576440,i,0.0,0.0,Lack of match fitness - Unknown return date
232423,1640689447,1640689447,a,0.0,100.0,
232423,1644571439,1644339615,i,0.0,0.0,Hamstring injury - Unknown return date
232423,1645015895,1645015895,i,0.0,0.0,Hamstring injury - Expected back 02 Apr
232423,1649340876,1649340876,d,75.0,75.0,Lack of match fitness - 75% chance of playing
232423,1649769992,1649769992,i,0.0,0.0,Lack of match fitness - Unknown return date
232423,1652452024,1652452024,i,0.0,0.0,Lack of match fitness - Expected back 01 Jun
232456,1631631391,1631631391,a,,,
232456,1642654637,1642585519,u,,0.0,Transferred to Blackburn Rovers
232620,1639416474,1639416474,a,,,
232653,1626901033,1626901033,a,,,
232653,1630335330,1630175412,d,,75.0,Illness - 75% chance of playing
232653,1631631391,1631631391,a,100.0,100.0,
232653,1635844587,1635724812,d,100.0,75.0,Ankle injury - 75% chance of playing
232653,1636451039,1636451039,a,100.0,100.0,
232653,1652452024,1651833011,d,25.0,50.0,Groin Injury - 50% chance of playing
232653,1653046146,1653046146,a,100.0,100.0,
232787,1626901033,1626901033,a,,,
232787,1628766408,1628073008,n,,0.0,Ineligible to face his parent club on 14/8. - Expected back 21 Aug
232787,1629104419,1629104419,a,0.0,100.0,
232787,1640951218,1640737820,d,100.0,50.0,Illness - 50% chance of playing
232787,1642060544,1642060544,a,50.0,100.0,
232787,1645015895,1644690611,n,100.0,0.0,Ineligible to face his parent club on 19/2 - Expected back 23 Feb
232787,1645785079,1645785079,a,0.0,100.0,
232792,1626901033,1626901033,a,,,
232792,1628766408,1627380007,d,,25.0,Hamstring injury - 25% chance of playing
232792,1629104419,1629104419,i,0.0,0.0,Hamstring injury - Expected back 11 Sep
232792,1631631391,1631631391,i,0.0,0.0,Hamstring injury - Expected back 27 Sep
232792,1632300087,1632300087,a,0.0,100.0,
232792,1651244416,1650871812,d,100.0,75.0,Knee injury - 75% chance of playing
232792,1651564399,1651564399,a,75.0,100.0,
232826,1628766408,1628766408,a,,,
232937,1626901033,1626901033,a,,,
232937,1639078188,1638635415,n,,0.0,Ineligible to face his parent club on 11/12. - Expected back 14 Dec
232937,1639416474,1639416474,a,0.0,100.0,
232937,1647855483,1647612012,d,75.0,75.0,Ankle injury - 75% chance of playing
232937,1649340876,1649340876,d,50.0,50.0,Ankle injury - 50% chance of playing
232937,1649769992,1649769992,n,75.0,0.0,Ineligible to face his parent club on 16/4. - Expected back 23 Apr
232937,1650616373,1650616373,a,0.0,100.0,
232980,1626901033,1626901033,a,,,
232980,1640951218,1640737820,d,,25.0,Illness - 25% chance of playing
232980,1642060544,1642060544,a,75.0,100.0,
232980,1642654637,1642271414,d,100.0,75.0,Knock - 75% chance of playing
232980,1644246349,1644246349,a,75.0,100.0,
232980,1647855483,1647612012,d,75.0,75.0,Hamstring injury - 75% chance of playing
232980,1649340876,1649340876,i,0.0,0.0,Hamstring injury - Unknown return date
232980,1649769992,1649769992,a,75.0,100.0,
233425,1626901033,1626901033,a,,,
233425,1631631391,1631097010,d,75.0,75.0,Glute injury - 75% chance of playing
233425,1632300087,1632300087,a,75.0,100.0,
233425,1642060544,1641200417,u,100.0,0.0,Joined Middlesbrough on a season-long loan - Expected back 01 Jul
233963,1626901033,1625215408,u,,0.0,Season long loan to Stuttgart
235382,1626901033,1626901033,a,,,
235382,1632950337,1632781817,d,,75.0,Ankle injury - 75% chance of playing
235382,1633336603,1633336603,i,0.0,0.0,Ankle injury - Unknown return date
235382,1639732352,1639732352,a,0.0,100.0,
235382,1650616373,1650029418,d,50.0,75.0,Illness - 75% chance of playing
235382,1651244416,1651244416,a,75.0,100.0,
235448,1626901033,1625729685,u,,0.0,Season long loan to Burton Albion
235546,1626901033,1626901033,a,,,
235546,1644246349,1642896013,d,,25.0,Knee injury - 25% chance of playing
235546,1644571439,1644571439,i,0.0,0.0,Knee injury - Expected back 25 Feb
235546,1645785079,1645785079,a,0.0,100.0,
240143,1626901033,1626901033,a,,,
240143,1638180609,1638039616,d,,75.0,Ankle injury - 75% chance of playing
240143,1638522834,1638522834,a,100.0,100.0,
240514,1626901033,1626901033,a,,,
240514,1628766408,1628438404,d,,25.0,Ankle injury - 25% chance of playing
240514,1629104419,1629104419,i,0.0,0.0,Ankle injury - Unknown return date
240514,1631631391,1631631391,a,0.0,100.0,
240514,1644246349,1643673616,u,100.0,0.0,Joined Oostende on loan until the end of the season - Expected back 01 Jul
240796,1629795335,1629795335,a,,,
241157,1631631391,1631631391,a,,,
241157,1634634298,1634634298,a,75.0,100.0,
241157,1639078188,1638748818,d,100.0,75.0,Illness - 75% chance of playing
241157,1639994742,1639994742,a,75.0,100.0,
241289,1626901033,1624615855,u,,0.0,Transferred to  Stoke City
242058,1629795335,1629795335,a,,,
242058,1630335330,1629869414,s,0.0,0.0,Suspended until 25 Sep
242058,1631631391,1630404010,u,0.0,0.0,Joined Juventus on a two-year loan deal
242166,1626901033,1625729543,u,,0.0,Season long loan to Marseille
242183,1638180609,1638180609,a,,,
242510,1632950337,1632950337,a,,,
242510,1644246349,1643666419,u,,0.0,Joined Ebbsfleet United on loan until the end of the season - Expected back 01 Jul
243016,1626901033,1626901033,a,,,
243016,1632950337,1632950337,a,75.0,100.0,
243016,1644246349,1643904018,d,100.0,75.0,Illness - 75% chance of playing
243016,1644571439,1644571439,a,75.0,100.0,
243505,1626901033,1626901033,a,,,
243505,1649340876,1648920618,i,,0.0,Knee injury - Unknown return date
243568,1626901033,1626901033,a,,,
243568,1633336603,1633336603,a,75.0,100.0,
243568,1634634298,1634405416,n,100.0,0.0,Ineligible to face his parent club on 23/10 - Expected back 31 Oct
243568,1635154236,1635154236,a,0.0,100.0,
243568,1642060544,1641772812,i,100.0,0.0,Ankle injury - Expected back 09 Feb
243568,1644246349,1644246349,a,0.0,100.0,
243568,1649769992,1649665815,d,100.0,75.0,Illness - 75% chance of playing
243568,1650616373,1650616373,a,75.0,100.0,
243568,1653046146,1652650213,d,100.0,75.0,Ankle injury - 75% chance of playing
243568,1653306622,1653306622,d,50.0,50.0,Ankle injury - 50% chance of playing
243569,1626901033,1626901033,a,,,
243569,1628766408,1628584422,u,,0.0,Season long loan to AFC Wimbledon
243571,1642060544,1642060544,a,,,
243571,1649340876,1649059218,i,,0.0,Ankle injury - Expected back 31 May
244560,1626901033,1626901033,a,,,
244560,1645785079,1645785079,a,,100.0,
244560,1653046146,1652828412,i,100.0,0.0,Leg injury - Expected back 28 Jun
244619,1626901033,1626901033,a,,,
244619,1642060544,1641634213,d,,75.0,Knock - 75% chance of playing
244619,1642654637,1642654637,a,100.0,100.0,
244716,1626901033,1626901033,a,,,
244716,1649769992,1649539817,d,,75.0,Muscle injury - 75% chance of playing
244716,1650616373,1650616373,i,0.0,0.0,Hamstring injury - Expected back 22 May
244716,1653046146,1653046146,i,0.0,0.0,Hamstring injury - Unknown return date
244716,1653306622,1653306622,d,75.0,75.0,Lack of match fitness - 75% chance of playing
244723,1626901033,1626901033,a,,,
244723,1649769992,1649665815,d,,75.0,Calf injury - 75% chance of playing
244723,1650616373,1650616373,a,75.0,100.0,
244723,1651244416,1650929413,d,100.0,75.0,Knock - 75% chance of playing
244723,1651564399,1651564399,a,100.0,100.0,
244731,1644246349,1644235215,d,,75.0,Gashed Leg - 75% chance of playing
244731,1644571439,1644571439,a,75.0,100.0,
244851,1628766408,1628766408,a,,,
244851,1637576440,1637576440,a,75.0,100.0,
244851,1642654637,1642260619,d,100.0,75.0,Lack of match fitness - 75% chance of playing
244851,1644246349,1644246349,i,75.0,0.0,Muscle injury - Unknown return date
244851,1647081070,1647081070,d,25.0,50.0,Lack of match fitness - 50% chance of playing
244851,1649340876,1649340876,i,0.0,0.0,Foot injury - Unknown return date
244851,1650616373,1650616373,a,75.0,100.0,
244890,1626901033,1626901033,a,,,
244890,1629795335,1629269674,u,0.0,0.0,Season long loan to Ross County
245419,1626901033,1626901033,a,,,
245419,1640689447,1640570409,i,,0.0,Hamstring injury - Expected back 15 Jan
245419,1640951218,1640951218,i,0.0,0.0,Hamstring injury - Expected back 23 Jan
245419,1642060544,1642060544,d,0.0,75.0,Hamstring injury - 75% chance of playing
245419,1642654637,1642654637,a,100.0,100.0,
245419,1647627440,1647559814,d,100.0,75.0,Illness - 75% chance of playing
245419,1647855483,1647855483,a,25.0,100.0,
245923,1629104419,1629104419,a,,,
247632,1626901033,1624361411,i,,0.0,Knee injury - Unknown return date
247632,1630335330,1630335330,i,0.0,0.0,Knee injury - Expected back 04 Dec
247632,1639416474,1639416474,i,0.0,0.0,Knee injury - Unknown return date
247632,1642060544,1642060544,i,0.0,0.0,Knee injury - Expected back 10 Feb
247632,1644246349,1644246349,i,0.0,0.0,Lack of match fitness - Expected back 05 Mar
247632,1645785079,1645785079,a,100.0,100.0,
247632,1647627440,1647525614,i,100.0,0.0,Foot injury - Expected back 02 Apr
247632,1649340876,1649340876,a,75.0,100.0,
248164,1631631391,1631631391,a,,,
248853,1640689447,1640689447,a,,,
248853,1644246349,1643153421,u,,0.0,Joined Carlisle on loan until the end of the season - Expected back 01 Jul
248865,1639732352,1639732352,a,,,
248937,1629104419,1629104419,a,,,
248937,1644246349,1642687216,i,0.0,0.0,Knee injury - Unknown return date
248937,1647081070,1647081070,a,0.0,100.0,
250604,1626901033,1626901033,a,,,
250604,1629795335,1629711606,u,,0.0,Transferred to Club Brugge
420922,1626901033,1626901033,a,,,
420922,1642654637,1642064369,u,0.0,0.0,Transferred to Viborg
423649,1626901033,1626901033,a,,,
423649,1630335330,1630335330,a,25.0,100.0,
423649,1631631391,1631381416,d,100.0,25.0,Lack of match fitness - 25% chance of playing
423649,1632300087,1632300087,a,100.0,100.0,
423649,1632950337,1632355210,d,50.0,50.0,Groin Injury - 50% chance of playing
423649,1633336603,1633336603,d,25.0,25.0,Groin Injury - 25% chance of playing
423649,1634634298,1634634298,a,75.0,100.0,
423649,1636451039,1636367415,d,100.0,75.0,Groin Injury - 75% chance of playing
423649,1637576440,1637576440,d,0.0,50.0,Groin Injury - 50% chance of playing
423649,1638180609,1638180609,a,100.0,100.0,
423649,1642060544,1641749421,d,100.0,75.0,Muscle injury - 75% chance of playing
423649,1642654637,1642654637,i,0.0,0.0,Hamstring injury - Expected back 12 Feb
423649,1644246349,1644246349,i,0.0,0.0,Hamstring injury - Unknown return date
423649,1645785079,1645785079,d,0.0,25.0,Hamstring injury - 25% chance of playing
423649,1647081070,1647081070,a,25.0,100.0,
423649,1651564399,1651343421,d,100.0,75.0,Groin Injury - 75% chance of playing
423649,1652452024,1652452024,i,0.0,0.0,Groin Injury - Expected back 29 May
423649,1653046146,1653046146,d,0.0,50.0,Groin Injury - 50% chance of playing
423649,1653306622,1653306622,a,100.0,100.0,
428580,1626901033,1626901033,a,,,
428580,1630335330,1630175412,d,,75.0,Illness - 75% chance of playing
428580,1631631391,1631631391,a,100.0,100.0,
428580,1642060544,1641056420,i,100.0,0.0,International Duty - Expected back 09 Feb
428580,1644246349,1644246349,a,0.0,100.0,
428580,1649769992,1649431812,i,0.0,0.0,Ankle injury - Unknown return date
428580,1653046146,1653046146,d,0.0,75.0,Lack of match fitness - 75% chance of playing
428610,1639994742,1639994742,a,,,
428610,1644246349,1643881330,u,,0.0,Season-long loan to Grasshopper Club Zurich
428626,1626901033,1626901033,a,,,
428626,1629104419,1628861415,i,0.0,0.0,Illness - Unknown return date
428626,1629795335,1629795335,i,0.0,0.0,Illness - Expected back 11 Sep
428626,1631631391,1631631391,d,75.0,75.0,Lack of match fitness - 75% chance of playing
428626,1632300087,1632300087,i,0.0,0.0,Lack of match fitness - Unknown return date
428626,1632950337,1632950337,d,0.0,75.0,Lack of match fitness - 75% chance of playing
428626,1633336603,1633336603,d,0.0,50.0,Lack of match fitness - 50% chance of playing
428626,1634634298,1634634298,a,100.0,100.0,
428626,1649340876,1648942218,d,100.0,75.0,Ankle injury - 75% chance of playing
428626,1650616373,1650616373,a,75.0,100.0,
430992,1637576440,1637576440,a,,,
431131,1626901033,1626901033,a,,,
431131,1642060544,1640973621,i,0.0,0.0,International Duty - Expected back 09 Feb
431131,1644246349,1644246349,a,0.0,100.0,
432160,1628766408,1628766408,a,,,
432160,1629795335,1629397812,d,25.0,25.0,Ankle injury - 25% chance of playing
432160,1630335330,1630335330,a,75.0,100.0,
432160,1633336603,1633302017,d,100.0,75.0,Shoulder injury - 75% chance of playing
432160,1634634298,1634634298,i,0.0,0.0,Shoulder injury - Unknown return date
432160,1635844587,1635844587,i,0.0,0.0,Shoulder injury - Expected back 20 Nov
432160,1636451039,1636451039,d,0.0,50.0,Shoulder injury - 50% chance of playing
432160,1637576440,1637576440,a,75.0,100.0,
432711,1639732352,1639732352,a,,,
432714,1637576440,1637576440,a,,,
432735,1626901033,1626901033,a,,,
432735,1645015895,1644856216,d,,75.0,Ankle injury - 75% chance of playing
432735,1645785079,1645785079,i,0.0,0.0,Knee injury - Expected back 01 Jun
432830,1626901033,1626901033,a,,,
432830,1631631391,1630668616,d,75.0,75.0,Knock - 75% chance of playing
432830,1632300087,1632300087,a,75.0,100.0,
432830,1642060544,1641817822,d,100.0,75.0,Illness - 75% chance of playing
432830,1644246349,1644246349,a,75.0,100.0,
432830,1647627440,1647133221,s,100.0,0.0,Suspended until 10 Apr
432830,1649340876,1649340876,a,0.0,100.0,
433138,1639732352,1639732352,a,,,
433154,1626901033,1626901033,a,,,
433154,1642060544,1641817821,d,,75.0,Illness - 75% chance of playing
433154,1644246349,1644246349,a,100.0,100.0,
433589,1629795335,1629795335,a,,,
433590,1629795335,1629795335,a,,,
433590,1642654637,1642064295,u,0.0,0.0,Season-long loan to Cardiff City
433979,1630335330,1630335330,a,,,
433979,1644246349,1643063413,u,,0.0,Joined Preston on loan until the end of the season - Expected back 01 Jul
434024,1626901033,1626901033,a,,,
434024,1631631391,1630324808,n,0.0,0.0,Joined Viking on loan until the end of 2021 - Expected back 15 Jan
434024,1642060544,1642060544,a,0.0,100.0,
434024,1644246349,1643643011,u,100.0,0.0,Transferred to Viking Fotballklubb
434044,1634634298,1634634298,a,,,
434662,1626901033,1626901033,a,,,
434662,1631631391,1630665545,u,0.0,0.0,Season-long loan to Galatasaray
436234,1628766408,1628766408,a,,,
436234,1629104419,1629104419,a,75.0,100.0,
436234,1635844587,1635373812,d,50.0,50.0,Hamstring injury - 50% chance of playing
436234,1637576440,1637576440,a,100.0,100.0,
436234,1639078188,1638748818,d,100.0,75.0,Illness - 75% chance of playing
436234,1640689447,1640689447,a,100.0,100.0,
436234,1644246349,1643652011,u,100.0,0.0,Joined Valencia on loan until the end of the season - Expected back 01 Jul
437495,1626901033,1626901033,a,,,
437495,1647855483,1647676820,d,,75.0,Hip injury - 75% chance of playing
437495,1649340876,1649340876,a,75.0,100.0,
437626,1626901033,1626901033,a,,,
437742,1626901033,1626901033,a,,,
437742,1639994742,1639866611,i,,0.0,Illness - Expected back 01 Jan
437742,1640689447,1640689447,a,25.0,100.0,
438277,1631631391,1631631391,a,,,
438277,1636451039,1636122612,d,75.0,75.0,Illness - 75% chance of playing
438277,1637576440,1637576440,a,100.0,100.0,
438277,1639732352,1639524615,d,100.0,75.0,Calf injury - 75% chance of playing
438277,1640689447,1640689447,a,100.0,100.0,
438277,1644571439,1644316218,i,0.0,0.0,Illness - Expected back 19 Feb
438277,1645015895,1645015895,d,0.0,50.0,Illness - 50% chance of playing
438277,1645785079,1645785079,a,100.0,100.0,
438277,1649340876,1648630811,i,0.0,0.0,Muscle injury - Unknown return date
438277,1649769992,1649769992,i,0.0,0.0,Muscle injury - Expected back 01 Jun
439482,1649769992,1649769992,a,,,
439485,1626901033,1625215560,u,,0.0,Season long loan to Milton Keynes Dons
439509,1628766408,1628766408,a,,,
439509,1630335330,1630069211,d,50.0,50.0,Calf injury - 50% chance of playing
439509,1631631391,1631631391,a,100.0,100.0,
439509,1639416474,1639261818,d,100.0,25.0,Illness - 25% chance of playing
439509,1639732352,1639732352,i,0.0,0.0,Illness - Expected back 26 Dec
439509,1640689447,1640689447,a,75.0,100.0,
439510,1632300087,1632300087,a,,,
440120,1645785079,1645785079,a,,,
440148,1635844587,1635844587,a,,,
440323,1628766408,1628766408,a,,,
440323,1632950337,1632695412,n,,0.0,Ineligible to face his parent club on 2/10. - Expected back 16 Oct
440323,1633336603,1633336603,a,0.0,100.0,
440323,1635154236,1635010211,d,100.0,75.0,Ankle injury - 75% chance of playing
440323,1635844587,1635844587,i,0.0,0.0,Ankle injury - Unknown return date
440323,1636451039,1636451039,a,100.0,100.0,
440323,1639416474,1639245620,d,100.0,75.0,Muscle injury - 75% chance of playing
440323,1639732352,1639732352,a,50.0,100.0,
440323,1642060544,1641945621,d,100.0,75.0,Head injury - 75% chance of playing
440323,1642654637,1642654637,a,75.0,100.0,
440323,1644246349,1644093018,d,100.0,75.0,Knee injury - 75% chance of playing
440323,1644571439,1644571439,a,50.0,100.0,
440323,1649340876,1648909813,n,100.0,0.0,Ineligible to face his parent club on 9/4. - Expected back 16 Apr
440323,1649769992,1649769992,a,0.0,100.0,
441024,1634634298,1634634298,a,,,
441191,1628766408,1628766408,a,,,
441191,1636451039,1636389012,d,,75.0,Knock - 75% chance of playing
441191,1637576440,1637576440,a,100.0,100.0,
441191,1640951218,1640737820,d,100.0,75.0,Knee injury - 75% chance of playing
441191,1642060544,1642060544,d,75.0,50.0,Knee injury - 50% chance of playing
441191,1642654637,1642654637,i,0.0,0.0,Knee injury - Unknown return date
441191,1644246349,1644246349,a,0.0,100.0,
441191,1651244416,1650871813,i,100.0,0.0,Knee injury - Expected back 01 Jan
441192,1633336603,1633336603,a,,,
441192,1638522834,1638403217,i,,0.0,Muscle injury - Unknown return date
441192,1639078188,1639078188,i,0.0,0.0,Hamstring injury - Expected back 03 May
441192,1645785079,1645785079,a,0.0,100.0,
441192,1651244416,1651150813,i,100.0,0.0,Hamstring injury - Expected back 15 May
441192,1652452024,1652452024,d,0.0,50.0,Hamstring injury - 50% chance of playing
441192,1653306622,1653306622,i,0.0,0.0,Hamstring injury - Expected back 01 Jun
441271,1626901033,1626901033,a,,,
441271,1647081070,1646514018,d,,25.0,Muscle injury - 25% chance of playing
441271,1647627440,1647627440,i,25.0,0.0,Muscle injury - Unknown return date
441271,1649340876,1649340876,i,0.0,0.0,Hamstring injury - Expected back 24 Apr
441271,1649769992,1649769992,d,0.0,75.0,Hamstring injury - 75% chance of playing
441271,1651244416,1651244416,a,100.0,100.0,
441428,1639994742,1639994742,a,,,
442229,1629104419,1629104419,a,,,
442229,1631631391,1630512014,u,0.0,0.0,Joined Olympiacos on a season-long loan - Expected back 01 Jul
442335,1642060544,1642060544,a,,,
443629,1639732352,1639732352,a,,,
443661,1626901033,1626901033,a,,,
443661,1628766408,1628443805,d,,25.0,Back injury - 25% chance of playing
443661,1629104419,1629104419,i,0.0,0.0,Back injury - Expected back 11 Sep
443661,1631631391,1631631391,a,100.0,100.0,
443661,1649340876,1648459817,d,50.0,25.0,Foot injury - 25% chance of playing
443661,1649769992,1649769992,d,75.0,75.0,Foot injury - 75% chance of playing
443661,1650616373,1650616373,a,75.0,100.0,
443661,1653046146,1652650214,i,100.0,0.0,Foot injury - Expected back 29 May
443967,1626901033,1626901033,a,,,
443967,1628766408,1628512209,d,,75.0,Knock - 75% chance of playing
443967,1629104419,1629104419,a,100.0,100.0,
443967,1630335330,1630278013,d,100.0,75.0,Illness - 75% chance of playing
443967,1631631391,1631631391,a,100.0,100.0,
443967,1634634298,1634410817,d,100.0,75.0,Muscle injury - 75% chance of playing
443967,1635154236,1635154236,d,0.0,50.0,Muscle injury - 50% chance of playing
443967,1635844587,1635844587,d,75.0,75.0,Muscle injury - 75% chance of playing
443967,1636451039,1636451039,d,75.0,75.0,Lack of match fitness - 75% chance of playing
443967,1637576440,1637576440,a,75.0,100.0,
443967,1639732352,1639524615,s,100.0,0.0,Suspended until 26 Dec
443967,1639994742,1639994742,a,0.0,100.0,
443967,1642060544,1641772813,d,100.0,75.0,Head injury - 75% chance of playing
443967,1642654637,1642654637,d,75.0,75.0,Muscle injury - 75% chance of playing
443967,1644246349,1644246349,i,0.0,0.0,Hamstring injury - Expected back 12 Feb
443967,1645015895,1645015895,d,0.0,75.0,Hamstring injury - 75% chance of playing
443967,1645785079,1645785079,a,75.0,100.0,
443967,1647081070,1646958620,d,100.0,25.0,Leg injury - 25% chance of playing
443967,1647627440,1647627440,i,25.0,0.0,Knee injury - Expected back 17 Apr
443967,1649340876,1649340876,i,25.0,0.0,Knee injury - Expected back 23 Apr
443967,1649769992,1649769992,d,0.0,50.0,Knee injury - 50% chance of playing
443967,1651244416,1651244416,a,50.0,100.0,
444145,1626901033,1626901033,a,,,
444145,1634634298,1634634298,a,50.0,100.0,
444145,1639078188,1638921613,d,100.0,75.0,Hamstring injury - 75% chance of playing
444145,1639416474,1639416474,a,100.0,100.0,
444145,1644571439,1644535817,s,100.0,0.0,Suspended until 24 Feb
444145,1645785079,1645785079,a,0.0,100.0,
444463,1626901033,1626901033,a,,,
444463,1628766408,1628118011,i,,0.0,Leg injury - Unknown return date
444463,1637576440,1637576440,i,0.0,0.0,Leg injury - Expected back 01 Jan
444463,1639416474,1639416474,i,0.0,0.0,Leg injury - Expected back 09 Feb
444463,1642060544,1642060544,i,0.0,0.0,Leg injury - Expected back 10 Feb
444463,1644246349,1644246349,i,0.0,0.0,Leg injury - Expected back 20 Feb
444463,1645015895,1645015895,i,0.0,0.0,Leg injury - Expected back 01 Mar
444463,1645785079,1645785079,i,0.0,0.0,Lack of match fitness - Expected back 13 Mar
444463,1647081070,1647081070,d,0.0,75.0,Lack of match fitness - 75% chance of playing
444463,1647627440,1647627440,a,25.0,100.0,
444880,1644246349,1644246349,a,,,
444884,1628766408,1628766408,a,,,
444884,1631631391,1631484015,i,100.0,0.0,Ankle injury - Unknown return date
444884,1644246349,1644246349,a,0.0,100.0,
445044,1644246349,1644246349,a,,,
445548,1646243308,1646243308,a,,,
445550,1639732352,1639732352,a,,,
445550,1642060544,1641371422,u,,0.0,Joined Gillingham on loan until the end of the season - Expected back 01 Jul
445896,1642060544,1642060544,a,,,
446008,1626901033,1626901033,a,,,
446008,1635154236,1635114613,d,,75.0,Knock - 75% chance of playing
446008,1635844587,1635844587,a,75.0,100.0,
446008,1640689447,1640570409,d,100.0,25.0,Calf injury - 25% chance of playing
446008,1640951218,1640951218,d,25.0,50.0,Calf injury - 50% chance of playing
446008,1642060544,1642060544,a,50.0,100.0,
446008,1644246349,1644093016,d,100.0,75.0,Illness - 75% chance of playing
446008,1644571439,1644571439,a,100.0,100.0,
446281,1649340876,1649340876,a,,,
447325,1634634298,1634634298,a,,,
447715,1628766408,1628766408,a,,,
447715,1642060544,1641904217,n,,0.0,Joined Cheltenham Town on loan until the end of the season - Expected back 01 Jul
447715,1642654637,1642654637,u,0.0,0.0,Joined Cheltenham Town on loan until the end of the season - Expected back 01 Jul
447880,1632300087,1632300087,a,,,
448482,1629104419,1629104419,a,,,
448482,1644246349,1643239810,u,,0.0,Joined Newport County on loan until the end of the season - Expected back 01 Jul
448487,1626901033,1626901033,a,,,
448487,1631631391,1630447210,n,0.0,0.0,Joined Randers on loan until the end of 2021 - Expected back 15 Jan
448487,1642060544,1642060544,a,0.0,100.0,
448487,1644246349,1643666419,u,100.0,0.0,Joined Hereford on loan until the end of the season - Expected back 01 Jul
448496,1639732352,1639732352,a,,,
448514,1626901033,1626901033,a,,,
448514,1632950337,1632355210,d,0.0,75.0,Head injury - 75% chance of playing
448514,1633336603,1633336603,a,100.0,100.0,
448514,1639078188,1638646217,d,100.0,75.0,Knock - 75% chance of playing
448514,1639416474,1639416474,a,100.0,100.0,
448514,1639732352,1639614613,d,100.0,75.0,Knock - 75% chance of playing
448514,1639994742,1639994742,d,25.0,25.0,Muscle injury - 25% chance of playing
448514,1640689447,1640689447,d,25.0,75.0,Muscle injury - 75% chance of playing
448514,1642060544,1642060544,a,75.0,100.0,
448791,1640951218,1640951218,a,,,
449434,1628766408,1628766408,a,,,
449444,1649340876,1649340876,a,,,
449988,1626901033,1626901033,a,,,
449988,1639994742,1639749614,d,25.0,25.0,Illness - 25% chance of playing
449988,1640689447,1640689447,d,25.0,75.0,Illness - 75% chance of playing
449988,1642060544,1642060544,a,75.0,100.0,
450070,1629104419,1629104419,a,,,
450070,1633336603,1633195811,d,,75.0,Illness - 75% chance of playing
450070,1634634298,1634634298,a,100.0,100.0,
450070,1651244416,1651149017,i,100.0,0.0,Ankle injury - Expected back 01 Jun
450527,1626901033,1626901033,a,,,
450527,1639078188,1638646217,s,,0.0,Suspended until 15 Dec
450527,1639416474,1639416474,a,0.0,100.0,
450527,1640951218,1640737820,s,100.0,0.0,Suspended until 15 Jan
450527,1642060544,1642060544,a,0.0,100.0,
450529,1636451039,1636451039,a,,,
450529,1647627440,1647514815,d,,50.0,Knock - 50% chance of playing
450529,1649769992,1649769992,a,50.0,100.0,
450539,1640689447,1640689447,a,,,
450542,1629104419,1629104419,a,,,
450544,1640689447,1640689447,a,,,
450550,1630335330,1630335330,a,,,
450553,1651564399,1651564399,a,,,
451310,1639416474,1639416474,a,,,
458297,1642060544,1642060544,a,,,
460029,1639078188,1639078188,a,,,
461023,1644246349,1643622290,u,,0.0,Season-long loan to Crewe Alexandra
461026,1629104419,1629104419,a,,,
461080,1653046146,1653046146,a,,,
461096,1629104419,1629104419,a,,,
461102,1629104419,1629104419,a,,,
461201,1651564399,1651564399,a,,,
461421,1632950337,1632950337,a,,,
461446,1637576440,1637576440,a,,,
461484,1631631391,1631631391,a,,,
461484,1644246349,1643535014,u,,0.0,Joined Hartlepool United on loan until the end of the season - Expected back 01 Jul
461508,1645015895,1645015895,a,,,
461529,1653306622,1653306622,a,,,
461558,1637576440,1637576440,a,,,
461567,1629795335,1629795335,a,,,
461587,1639416474,1639416474,a,,,
461587,1644246349,1643383811,u,,0.0,Joined Forest Green Rovers on loan until the end of the season
462381,1639732352,1639732352,a,,,
462381,1644571439,1644404966,u,,0.0,Season long loan to Marschall
462384,1629104419,1629104419,a,,,
462424,1626901033,1626370206,u,,0.0,Joined Marseille on loan for 2021/22. - Expected back 23 May
462635,1630335330,1630335330,a,,,
462635,1637576440,1637576440,a,100.0,100.0,
462635,1642060544,1641634214,i,100.0,0.0,Ankle injury - Expected back 09 Feb
462635,1644246349,1644246349,a,75.0,100.0,
462635,1647627440,1647514815,d,100.0,75.0,Back injury - 75% chance of playing
462635,1647855483,1647855483,a,75.0,100.0,
462635,1649340876,1649113215,d,100.0,75.0,Dead leg - 75% chance of playing
462635,1649769992,1649769992,a,75.0,100.0,
462831,1629104419,1629104419,a,,,
463034,1644571439,1644571439,a,,,
463748,1629104419,1629104419,a,,,
463748,1644246349,1643063413,u,,0.0,Joined Reading on loan until the end of the season - Expected back 01 Jul
464618,1630335330,1630335330,a,,,
465299,1653046146,1653046146,a,,,
465390,1642654637,1642654637,a,,,
465527,1645015895,1645015895,a,,,
466404,1626901033,1626901033,a,,,
466404,1629104419,1628861415,d,75.0,75.0,Illness - 75% chance of playing
466404,1629795335,1629795335,a,100.0,100.0,
466404,1639416474,1639261817,d,100.0,75.0,Back injury - 75% chance of playing
466404,1639732352,1639732352,i,0.0,0.0,Back injury - Expected back 28 Dec
466404,1640689447,1640689447,i,0.0,0.0,Back injury - Expected back 15 Jan
466404,1642060544,1642060544,d,75.0,25.0,Back injury - 25% chance of playing
466404,1642654637,1642654637,i,0.0,0.0,Back injury - Expected back 09 Feb
466404,1644246349,1644246349,a,0.0,100.0,
466404,1644571439,1644316218,i,0.0,0.0,Lack of match fitness - Expected back 19 Feb
466404,1645015895,1645015895,i,0.0,0.0,Lack of match fitness - Unknown return date
466404,1645785079,1645785079,i,0.0,0.0,Back injury - Unknown return date
466404,1650616373,1650616373,i,0.0,0.0,Back injury - Expected back 01 Jun
467311,1626901033,1626901033,a,,,
467311,1631631391,1630328411,u,0.0,0.0,Joined Cheltenham Town on a season-long loan - Expected back 01 Jul
468243,1640951218,1640951218,a,,,
468243,1644246349,1644237020,n,,0.0,Joined Braintree Town on loan until the end of the season - Expected back 01 Jul
468243,1644571439,1644571439,u,0.0,0.0,Joined Braintree Town on loan until the end of the season - Expected back 01 Jul
469249,1632300087,1632300087,a,,,
471471,1626901033,1626901033,a,,,
471471,1642060544,1641056419,i,,0.0,International Duty - Expected back 08 Feb
471471,1644246349,1644246349,a,0.0,100.0,
471471,1652452024,1652223612,i,100.0,0.0,Knee injury - Unknown return date
472464,1651244416,1651244416,a,,,
473342,1632300087,1632300087,a,,,
474907,1635844587,1635844587,a,,,
475168,1626901033,1626901033,a,,,
475168,1629104419,1628769609,i,0.0,0.0,Knee injury - Unknown return date
475168,1631631391,1631631391,d,75.0,75.0,Lack of match fitness - 75% chance of playing
475168,1632300087,1632300087,i,0.0,0.0,Lack of match fitness - Unknown return date
475168,1632950337,1632950337,a,75.0,100.0,
475168,1645785079,1645300815,d,100.0,75.0,Knock - 75% chance of playing
475168,1646243308,1646243308,a,100.0,100.0,
475168,1647081070,1646958620,d,100.0,75.0,Illness - 75% chance of playing
475168,1647627440,1647627440,a,75.0,100.0,
477547,1632950337,1632950337,a,,,
477547,1645785079,1645178417,i,0.0,0.0,Knee injury - Expected back 12 Mar
477547,1647081070,1647081070,i,0.0,0.0,Knee injury - Unknown return date
477547,1647627440,1647627440,i,0.0,0.0,Knee injury - Expected back 02 Apr
477547,1649340876,1649340876,a,0.0,100.0,
478028,1640689447,1640689447,a,,,
478912,1628766408,1628766408,a,,,
478912,1631631391,1631269815,i,0.0,0.0,Thigh injury - Unknown return date
478912,1632950337,1632950337,a,100.0,100.0,
480455,1629104419,1629104419,a,,,
480455,1642060544,1641817822,d,,75.0,Hamstring injury - 75% chance of playing
480455,1642654637,1642654637,d,75.0,75.0,Lack of match fitness - 75% chance of playing
480455,1644246349,1644246349,a,100.0,100.0,
481405,1626901033,1626901033,a,,,
481405,1644246349,1643634012,u,,0.0,Joined FC Nordsjælland on loan until the end of the season - Expected back 01 Jul
481624,1628766408,1628766408,a,,,
481624,1631631391,1631269815,d,25.0,25.0,Knock - 25% chance of playing
481624,1632300087,1632300087,i,0.0,0.0,Ankle injury - Unknown return date
481624,1632950337,1632950337,a,100.0,100.0,
481624,1635844587,1635501611,d,25.0,75.0,Illness - 75% chance of playing
481624,1636451039,1636451039,a,100.0,100.0,
481624,1642654637,1642172422,d,0.0,75.0,Pelvic - 75% chance of playing
481624,1644246349,1642771820,u,0.0,0.0,Joined Stoke City on loan until the end of the season - Expected back 01 Jul
481626,1629104419,1629104419,a,,,
481626,1631631391,1631005216,u,0.0,0.0,Season-long loan to Belenenses
483365,1639732352,1639732352,a,,,
483365,1642060544,1642060544,a,,100.0,
486672,1629104419,1629104419,a,,,
486672,1631631391,1630449016,u,0.0,0.0,Joined Beerschot on a season-long loan - Expected back 01 Jul
486672,1649769992,1649769992,a,0.0,100.0,
486870,1628766408,1628766408,a,,,
486870,1629104419,1628960414,u,,0.0,Joined Sunderland on a season-long loan - Expected back 01 Jul
487117,1639732352,1639732352,a,,,
487835,1644571439,1644571439,a,,,
487838,1642060544,1642060544,a,,,
490094,1639078188,1639078188,a,,,
490145,1628766408,1628766408,a,,,
490145,1638180609,1637762413,d,25.0,25.0,Ankle injury - 25% chance of playing
490145,1639078188,1639078188,a,25.0,100.0,
490161,1649340876,1649340876,a,,,
490503,1628766408,1628766408,a,,,
490721,1638522834,1638522834,a,,,
490887,1644571439,1644571439,a,,,
491551,1640951218,1640951218,a,,,
491551,1642060544,1642060544,a,,100.0,
491556,1633336603,1633336603,a,,,
491559,1649340876,1649340876,a,,,
491785,1642060544,1642060544,a,,,
492373,1629795335,1629795335,a,,,
492373,1639994742,1639841418,i,25.0,0.0,Shoulder injury - Unknown return date
492373,1642060544,1642060544,i,0.0,0.0,Shoulder injury - Expected back 09 Feb
492373,1644246349,1644246349,a,0.0,100.0,
492374,1637576440,1637576440,a,,,
492777,1637576440,1637576440,a,,,
493105,1650616373,1650616373,a,,,
493105,1653306622,1653087612,d,75.0,75.0,Illness - 75% chance of playing
493250,1638522834,1638522834,a,,,
493250,1644246349,1643362247,u,,0.0,Season-long loan to Rangers
493928,1649340876,1649340876,a,,,
493934,1626901033,1626901033,a,,,
493934,1636451039,1636117212,i,0.0,0.0,Ankle injury - Unknown return date
493934,1644246349,1644246349,i,0.0,0.0,Ankle injury - Expected back 12 Feb
493934,1644571439,1644571439,d,75.0,75.0,Lack of match fitness - 75% chance of playing
493934,1647081070,1647081070,a,100.0,100.0,
493934,1652452024,1652223612,i,100.0,0.0,International Duty - Unknown return date
493934,1653046146,1653046146,a,100.0,100.0,
495542,1630335330,1630335330,a,,,
495542,1631631391,1630432810,u,0.0,0.0,Joined Standard Liege on a season-long loan - Expected back 01 Jul
496179,1646243308,1646243308,a,,,
496185,1637576440,1637576440,a,,,
496228,1638522834,1638522834,a,,,
496661,1652452024,1652452024,a,,,
497605,1642060544,1642060544,a,,,
498046,1644246349,1644246349,a,,,
501468,1645785079,1645785079,a,,,
501770,1639416474,1639416474,a,,,
501837,1626901033,1626901033,a,,,
501837,1628766408,1628533812,d,,25.0,Hamstring injury - 25% chance of playing
501837,1630335330,1630335330,d,75.0,75.0,Lack of match fitness - 75% chance of playing
501837,1631631391,1631631391,a,75.0,100.0,
501837,1632950337,1632355210,i,0.0,0.0,Muscle injury - Expected back 30 Nov
501837,1633336603,1633336603,i,0.0,0.0,Hamstring injury - Expected back 26 Feb
501837,1644246349,1644246349,i,0.0,0.0,Lack of match fitness - Expected back 27 Feb
501837,1645785079,1645785079,a,100.0,100.0,
503300,1635844587,1635844587,a,,,
503301,1644246349,1644246349,a,,,
510362,1642654637,1642654637,a,,,
510363,1642654637,1642654637,a,,,
513852,1639994742,1639994742,a,,,
514229,1645785079,1645785079,a,,,
514356,1632300087,1632300087,a,,,
515501,1651244416,1651244416,a,,,
515597,1632950337,1632950337,a,,,
515599,1646243308,1646243308,a,,,
518504,1635844587,1635844587,a,,,
524196,1650616373,1650616373,a,,,
524196,1652452024,1652310013,d,,50.0,Ankle injury - 50% chance of playing
524196,1653046146,1653046146,i,0.0,0.0,Ankle injury - Unknown return date
530873,1650616373,1650616373,a,,,
533719,1652452024,1652452024,a,,,
535339,1652452024,1652452024,a,,,
536110,1642060544,1642060544,a,,,
547701,1639994742,1639994742,a,,,
563883,1639416474,1639416474,a,,,
573808,1652452024,1652452024,a,,,
