code,observed_at,start_at,status,chance_this,chance_next,news
11948,1690810150,1690810150,a,,,
15157,1690810150,1690810150,a,,,
15157,1695656041,1695391208,d,50.0,50.0,Muscle injury - 50% chance of playing
15157,1696516727,1696516727,i,0.0,0.0,Muscle injury - Expected back 21 Oct
15157,1697747162,1697747162,d,50.0,50.0,Muscle injury - 50% chance of playing
15157,1698395227,1698395227,a,100.0,100.0,
15157,1700832134,1699581610,d,25.0,25.0,Muscle injury - 25% chance of playing
15157,1701358847,1701358847,d,0.0,50.0,Muscle injury - 50% chance of playing
15157,1701695043,1701695043,a,100.0,100.0,
15157,1706907193,1706666410,i,100.0,0.0,Muscle injury - Unknown return date
15157,1709830677,1709830677,i,0.0,0.0,Muscle injury - Expected back 31 Mar
15157,1710953733,1710953733,d,0.0,50.0,Muscle injury - 50% chance of playing
15157,1711958921,1711958921,d,50.0,25.0,Muscle injury - 25% chance of playing
15157,1713255760,1713255760,i,0.0,0.0,Muscle injury - Expected back 25 Apr
15157,1714205884,1714205884,d,50.0,25.0,Muscle injury - 25% chance of playing
15157,1715260525,1715260525,i,0.0,0.0,Muscle injury - Unknown return date
15157,1716086163,1716086163,i,0.0,0.0,Muscle injury - Expected back 01 Jun
17601,1690810150,1690810150,a,,,
17761,1690810150,1690810150,a,,,
17761,1691655056,1691364606,d,,75.0,Knock - 75% chance of playing
17761,1692153327,1692153327,a,100.0,100.0,
18892,1690810150,1690810150,a,,,
18892,1698395227,1697900409,s,,0.0,Suspended until 04 Nov
18892,1698936236,1698936236,a,0.0,100.0,
18892,1702301755,1702249211,d,100.0,75.0,Muscle injury - 75% chance of playing
18892,1703132577,1703132577,d,0.0,50.0,Muscle injury - 50% chance of playing
18892,1703505557,1703505557,d,25.0,25.0,Muscle injury - 25% chance of playing
18892,1703826734,1703826734,i,25.0,0.0,Muscle injury - Expected back 14 Jan
18892,1704272252,1704272252,d,0.0,50.0,Muscle injury - 50% chance of playing
18892,1706907193,1706907193,a,100.0,100.0,
20066,1690810150,1690810150,a,,,
20066,1691655056,1691364606,i,,0.0,Knee injury - Expected back 02 Sep
20066,1693998038,1693998038,d,75.0,75.0,Lack of match fitness - 75% chance of playing
20066,1695201757,1695201757,a,100.0,100.0,
20480,1692796125,1692796125,a,,,
21205,1690810150,1690810150,a,,,
21205,1692153327,1691758807,i,0.0,0.0,Calf injury - Unknown return date
21205,1695656041,1695656041,a,100.0,100.0,
32259,1690810150,1690810150,a,,,
32259,1698936236,1698516008,d,,25.0,Illness - 25% chance of playing
32259,1700832134,1700832134,a,25.0,100.0,
37096,1690810150,1690810150,a,,,
37096,1698936236,1698936236,a,75.0,100.0,
37642,1693998038,1693998038,a,,,
37642,1699560201,1699520411,d,,75.0,Muscle injury - 75% chance of playing
37642,1700832134,1700832134,i,0.0,0.0,Muscle injury - Unknown return date
37642,1702024280,1702024280,a,0.0,100.0,
37642,1709830677,1709744410,d,100.0,75.0,Knock - 75% chance of playing
37642,1710510981,1710510981,a,100.0,100.0,
37642,1710953733,1710799210,d,100.0,75.0,Muscle injury - 75% chance of playing
37642,1713255760,1713255760,i,0.0,0.0,Muscle injury - Expected back 24 Apr
37642,1714205884,1714205884,i,0.0,0.0,Muscle injury - Unknown return date
37642,1714725260,1714725260,d,0.0,75.0,Lack of match fitness - 75% chance of playing
37642,1715260525,1715260525,a,75.0,100.0,
37915,1690810150,1690810150,a,,,
37915,1706907193,1706771779,u,,0.0,Permanent move to Los Angeles FC
39155,1690810150,1690810150,a,,,
39155,1692153327,1691760606,d,75.0,75.0,Knock - 75% chance of playing
39155,1692796125,1692796125,a,100.0,100.0,
39155,1696516727,1695996009,i,0.0,0.0,Knock - Expected back 21 Oct
39155,1697747162,1697747162,a,0.0,100.0,
39155,1715260525,1714743010,i,0.0,0.0,Knock - Unknown return date
39155,1716086163,1716086163,a,0.0,100.0,
40145,1690810150,1690810150,a,,,
40145,1700832134,1700769610,d,,25.0,Knock - 25% chance of playing
40145,1701695043,1701695043,i,0.0,0.0,Knock - Unknown return date
40145,1702024280,1702024280,d,25.0,25.0,Calf injury - 25% chance of playing
40145,1702301755,1702301755,i,0.0,0.0,Calf injury - Unknown return date
40145,1703132577,1703132577,d,0.0,50.0,Calf injury - 50% chance of playing
40145,1703826734,1703826734,d,25.0,25.0,Calf injury - 25% chance of playing
40145,1704272252,1704272252,d,50.0,50.0,Calf injury - 50% chance of playing
40145,1706014880,1706014880,a,100.0,100.0,
40383,1690810150,1690810150,a,,,
40383,1692153327,1691769609,i,0.0,0.0,Back injury - Unknown return date
40383,1692796125,1692796125,a,0.0,100.0,
40383,1708597419,1708092010,i,0.0,0.0,Foot injury - Expected back 13 Apr
40383,1712572268,1712572268,i,0.0,0.0,Foot injury - Expected back 01 Jun
40386,1690810150,1690810150,a,,,
40386,1697747162,1696712408,i,,0.0,Leg injury - Unknown return date
40669,1690810150,1690810150,a,,,
40836,1690810150,1690810150,a,,,
40836,1693998038,1693645000,u,,0.0,Signed for Celta Vigo
41328,1690810150,1688661003,u,,0.0,Left the club as a free agent
44683,1690810150,1690810150,a,,,
45034,1690810150,1690810150,a,,,
45034,1695656041,1695213009,i,0.0,0.0,Knee injury - Expected back 01 Jun
45034,1706014880,1706014880,u,0.0,0.0,Joined Hajduk Split on a season-long loan
47247,1690810150,1690810150,a,,,
47247,1691655056,1691146804,d,,75.0,Knock - 75% chance of playing
47247,1692796125,1692796125,i,0.0,0.0,Leg injury - Unknown return date
47247,1696516727,1696516727,d,75.0,75.0,Lack of match fitness - 75% chance of playing
47247,1697747162,1697747162,a,75.0,100.0,
47247,1707224524,1707072798,u,100.0,0.0,Transferred to Blackburn Rovers
47431,1690810150,1690810150,a,,,
47431,1693216941,1692918007,d,75.0,75.0,Knock - 75% chance of playing
47431,1693998038,1693998038,a,75.0,100.0,
47431,1702301755,1702249211,d,100.0,75.0,Hamstring injury - 75% chance of playing
47431,1703132577,1703132577,a,100.0,100.0,
47431,1703505557,1703361610,d,100.0,75.0,Hamstring injury - 75% chance of playing
47431,1704272252,1704272252,a,50.0,100.0,
47431,1714205884,1713769209,d,100.0,75.0,Groin Injury - 75% chance of playing
47431,1714725260,1714725260,a,75.0,100.0,
48615,1690810150,1690810150,a,,,
48760,1690810150,1690810150,a,,,
49083,1690810150,1690810150,a,,,
49083,1693216941,1692952736,u,0.0,0.0,Released
49262,1690810150,1690810150,a,,,
49413,1690810150,1690810150,a,,,
49413,1695201757,1694791808,i,0.0,0.0,Knock - Unknown return date
49413,1697747162,1697747162,a,75.0,100.0,
49413,1698395227,1697815809,i,0.0,0.0,Calf injury - Expected back 11 Nov
49413,1700832134,1700832134,d,0.0,50.0,Calf injury - 50% chance of playing
49413,1701695043,1701695043,a,100.0,100.0,
50175,1690810150,1690810150,a,,,
50175,1693998038,1693575008,i,0.0,0.0,Muscle injury - Expected back 16 Sep
50175,1695201757,1695201757,a,75.0,100.0,
50175,1698395227,1697909408,i,100.0,0.0,Muscle injury - Unknown return date
50175,1703132577,1703132577,a,75.0,100.0,
50232,1690810150,1690810150,a,,,
50232,1695201757,1695033455,u,,0.0,Season long loan to Çaykur Rizespor
51090,1690810150,1690810150,a,,,
51090,1707907334,1707782409,d,,75.0,Groin Injury - 75% chance of playing
51090,1708597419,1708597419,i,0.0,0.0,Groin Injury - Unknown return date
51090,1709830677,1709830677,a,75.0,100.0,
51090,1714725260,1714582811,d,100.0,25.0,Groin Injury - 25% chance of playing
51090,1715260525,1715260525,a,25.0,100.0,
51927,1690810150,1690810150,a,,,
51927,1692153327,1691962206,d,,75.0,Calf injury - 75% chance of playing
51927,1693998038,1693998038,a,100.0,100.0,
51927,1695201757,1695042008,d,100.0,75.0,Knock - 75% chance of playing
51927,1696516727,1696516727,i,0.0,0.0,Muscle injury - Unknown return date
51927,1698395227,1698395227,a,75.0,100.0,
51927,1703132577,1702848608,s,100.0,0.0,Suspended until 20 Jan
51927,1704272252,1704272252,a,0.0,100.0,
51927,1709830677,1709080210,i,0.0,0.0,Ankle injury - Expected back 01 Jun
54469,1690810150,1690810150,a,,,
54469,1691655056,1691364605,d,,25.0,Muscle injury - 25% chance of playing
54469,1692153327,1692153327,i,0.0,0.0,Muscle injury - Unknown return date
54469,1693998038,1693998038,a,25.0,100.0,
54469,1706014880,1705885210,d,100.0,75.0,Knock - 75% chance of playing
54469,1706907193,1706907193,a,25.0,100.0,
54694,1690810150,1690810150,u,,0.0,
54738,1691655056,1691655056,a,,,
55037,1690810150,1690810150,a,,,
55037,1704272252,1703975410,i,,0.0,International Duty - Unknown return date
55037,1706907193,1706907193,d,0.0,25.0,Personal Reasons - 25% chance of playing
55037,1707224524,1707224524,d,25.0,75.0,Personal Reasons - 75% chance of playing
55037,1707907334,1707907334,a,100.0,100.0,
55459,1690810150,1690810150,a,,,
55459,1695656041,1695382208,d,75.0,75.0,Hamstring injury - 75% chance of playing
55459,1696516727,1696516727,i,0.0,0.0,Hamstring injury - Unknown return date
55459,1698395227,1698395227,a,50.0,100.0,
55494,1690810150,1690810150,a,,,
55494,1697747162,1696633209,i,0.0,0.0,Groin Injury - Unknown return date
55494,1698395227,1698395227,a,100.0,100.0,
55494,1703132577,1702753209,i,100.0,0.0,Hamstring injury - Unknown return date
55494,1706907193,1706907193,i,0.0,0.0,Hamstring injury - Expected back 12 Feb
55494,1707224524,1707224524,d,0.0,50.0,Hamstring injury - 50% chance of playing
55494,1707907334,1707907334,a,75.0,100.0,
56917,1690810150,1690810150,a,,,
56917,1692153327,1691675273,u,0.0,0.0,Permanent transfer to QPR
56979,1690810150,1690532925,u,,0.0,Permanent transfer to Al-Ettifaq
56983,1690810150,1690810150,a,,,
57328,1690810150,1690810150,a,,,
57531,1690810150,1690810150,a,,,
57531,1696516727,1696494609,d,,75.0,Muscle injury - 75% chance of playing
57531,1697747162,1697747162,a,75.0,100.0,
57531,1700832134,1700568010,d,100.0,50.0,Knee injury - 50% chance of playing
57531,1701358847,1701358847,i,0.0,0.0,Knee injury - Expected back 10 Dec
57531,1702024280,1702024280,d,25.0,25.0,Knee injury - 25% chance of playing
57531,1706014880,1706014880,d,50.0,50.0,Knee injury - 50% chance of playing
57531,1706907193,1706907193,d,50.0,25.0,Knee injury - 25% chance of playing
57531,1707907334,1707907334,i,0.0,0.0,Lack of match fitness - Expected back 17 Feb
57531,1708597419,1708597419,a,100.0,100.0,
58621,1690810150,1690810150,a,,,
58621,1711958921,1711364409,i,0.0,0.0,Hamstring injury - Unknown return date
58621,1713255760,1713255760,a,25.0,100.0,
58822,1690810150,1690810150,a,,,
59735,1690810150,1690786864,u,,0.0,Permanent move to Leeds Utd
59949,1690810150,1690810150,a,,,
59949,1691655056,1691364606,i,,0.0,Knee injury - Unknown return date
59949,1693216941,1693216941,i,0.0,0.0,Knee injury - Expected back 21 Oct
59949,1697747162,1697747162,d,0.0,25.0,Lack of match fitness - 25% chance of playing
59949,1700832134,1700832134,d,25.0,50.0,Lack of match fitness - 50% chance of playing
59949,1701358847,1701358847,a,75.0,100.0,
59949,1702024280,1702000809,d,100.0,75.0,Knock - 75% chance of playing
59949,1703132577,1703132577,d,0.0,50.0,Knock - 50% chance of playing
59949,1703826734,1703826734,a,50.0,100.0,
59949,1706907193,1706205609,d,50.0,50.0,Lack of match fitness - 50% chance of playing
59949,1707224524,1707224524,a,50.0,100.0,
59949,1713255760,1713225610,d,100.0,75.0,Groin Injury - 75% chance of playing
59949,1714205884,1714205884,d,50.0,25.0,Groin Injury - 25% chance of playing
59949,1714725260,1714725260,d,25.0,75.0,Lack of match fitness - 75% chance of playing
59949,1715260525,1715260525,a,75.0,100.0,
60232,1690810150,1690810150,a,,,
60232,1700832134,1699819209,s,,0.0,Suspended until 02 Dec
60232,1701358847,1701358847,a,0.0,100.0,
60232,1703505557,1703451611,d,100.0,75.0,Knock - 75% chance of playing
60232,1704272252,1704272252,a,100.0,100.0,
60232,1710510981,1709913610,d,50.0,50.0,Groin Injury - 50% chance of playing
60232,1710953733,1710953733,d,50.0,75.0,Groin Injury - 75% chance of playing
60232,1711958921,1711958921,i,0.0,0.0,Groin Injury - Expected back 06 Apr
60232,1712319850,1712319850,d,50.0,50.0,Groin Injury - 50% chance of playing
60232,1712572268,1712572268,a,50.0,100.0,
60232,1714205884,1713538810,i,0.0,0.0,Groin Injury - Expected back 01 Jun
60252,1698395227,1698395227,a,,,
60307,1690810150,1690810150,a,,,
60307,1695656041,1695391208,d,50.0,50.0,Muscle injury - 50% chance of playing
60307,1696516727,1696516727,d,0.0,75.0,Muscle injury - 75% chance of playing
60307,1697747162,1697747162,a,100.0,100.0,
60586,1690810150,1690810150,a,,,
60586,1696516727,1695646808,d,75.0,75.0,Muscle injury - 75% chance of playing
60586,1697747162,1697747162,d,25.0,50.0,Muscle injury - 50% chance of playing
60586,1698395227,1698395227,d,50.0,25.0,Muscle injury - 25% chance of playing
60586,1698936236,1698936236,a,25.0,100.0,
60586,1703132577,1703008809,d,100.0,50.0,Knock - 50% chance of playing
60586,1703826734,1703826734,a,75.0,100.0,
60689,1690810150,1690810150,a,,,
60689,1698936236,1698616811,d,,75.0,Hamstring injury - 75% chance of playing
60689,1699560201,1699560201,i,0.0,0.0,Hamstring injury - Expected back 25 Nov
60689,1700832134,1700832134,a,50.0,100.0,
60689,1706907193,1706891238,d,100.0,75.0,Hamstring injury - 75% chance of playing
60689,1707907334,1707907334,i,0.0,0.0,Hamstring injury - Unknown return date
60689,1709830677,1709830677,d,50.0,50.0,Hamstring injury - 50% chance of playing
60689,1710510981,1710510981,a,75.0,100.0,
60706,1690810150,1690810150,a,,,
60914,1690810150,1690810150,a,,,
60914,1701695043,1701646210,d,,25.0,Knee injury - 25% chance of playing
60914,1702024280,1702024280,i,0.0,0.0,Knee injury - Expected back 19 May
61256,1690810150,1690810150,a,,,
61256,1697747162,1697738410,i,,0.0,Ankle injury - Expected back 29 Oct
61256,1698395227,1698395227,d,0.0,75.0,Ankle injury - 75% chance of playing
61256,1698936236,1698922808,i,50.0,0.0,Knock - Unknown return date
61256,1699560201,1699560201,i,0.0,0.0,Hamstring injury - Expected back 14 Jan
61256,1704272252,1704272252,d,0.0,50.0,Hamstring injury - 50% chance of playing
61256,1706014880,1706014880,a,100.0,100.0,
61256,1710953733,1710799209,d,100.0,75.0,Muscle injury - 75% chance of playing
61256,1711958921,1711958921,a,75.0,100.0,
61256,1712319850,1712273409,d,100.0,75.0,Knock - 75% chance of playing
61256,1712572268,1712572268,a,75.0,100.0,
61366,1690810150,1690810150,a,,100.0,
61366,1692153327,1691827207,i,100.0,0.0,Hamstring injury - Expected back 16 Dec
61366,1702301755,1702301755,i,0.0,0.0,Hamstring injury - Expected back 27 Dec
61366,1703132577,1703132577,d,0.0,50.0,Lack of match fitness - 50% chance of playing
61366,1704272252,1704272252,a,0.0,100.0,
61366,1710953733,1710514809,d,75.0,75.0,Groin Injury - 75% chance of playing
61366,1711958921,1711958921,a,75.0,100.0,
61366,1716086163,1715725808,d,100.0,75.0,Ankle injury - 75% chance of playing
61366,1716833102,1716833102,a,75.0,100.0,
61558,1690810150,1690810150,a,,,
61558,1693216941,1692955807,i,0.0,0.0,Lack of match fitness - Expected back 03 Sep
61558,1693998038,1693998038,i,0.0,0.0,Lack of match fitness - Expected back 16 Sep
61558,1695201757,1695201757,i,0.0,0.0,Lack of match fitness - Unknown return date
61558,1699560201,1699560201,i,0.0,0.0,Hip injury - Expected back 01 Jan
61558,1704272252,1704272252,i,0.0,0.0,Hip injury - Expected back 31 Jan
61558,1706014880,1706014880,i,0.0,0.0,Hip injury - Expected back 24 Feb
61558,1707224524,1707224524,a,0.0,100.0,
61558,1707907334,1707413408,i,0.0,0.0,Muscle injury - Unknown return date
61558,1716833102,1716833102,d,25.0,25.0,Lack of match fitness - 25% chance of playing
66749,1690810150,1690810150,a,,,
66749,1693998038,1693553075,u,0.0,0.0,Season-long loan to Roma
67089,1690810150,1690810150,a,,,
67089,1696516727,1696516727,a,75.0,100.0,
69752,1690810150,1690810150,a,,,
69752,1698936236,1698413408,i,0.0,0.0,Ankle injury - Expected back 25 Nov
69752,1700832134,1700832134,a,75.0,100.0,
75115,1690810150,1690810150,a,,,
75115,1696516727,1695871810,d,75.0,50.0,Hamstring injury - 50% chance of playing
75115,1697747162,1697747162,a,50.0,100.0,
75115,1699560201,1699434010,d,100.0,75.0,Hamstring injury - 75% chance of playing
75115,1700832134,1700832134,d,75.0,50.0,Hamstring injury - 50% chance of playing
75115,1701358847,1701358847,d,25.0,25.0,Hamstring injury - 25% chance of playing
75115,1702301755,1702301755,a,25.0,100.0,
75115,1704272252,1704184212,d,100.0,25.0,Calf injury - 25% chance of playing
75115,1706014880,1706014880,d,0.0,50.0,Calf injury - 50% chance of playing
75115,1706907193,1706907193,d,0.0,75.0,Lack of match fitness - 75% chance of playing
75115,1707224524,1707224524,a,75.0,100.0,
75115,1707907334,1707616809,d,100.0,75.0,Arm injury - 75% chance of playing
75115,1708597419,1708597419,i,0.0,0.0,Tendon Injury - Expected back 11 May
75115,1714205884,1714205884,a,0.0,100.0,
75115,1716086163,1715814007,d,100.0,75.0,Illness - 75% chance of playing
75115,1716833102,1716833102,a,75.0,100.0,
76357,1690810150,1690810150,a,,,
76357,1691655056,1691364606,d,,75.0,Muscle injury - 75% chance of playing
76357,1692153327,1692153327,a,75.0,100.0,
76357,1693998038,1693447208,d,75.0,75.0,Knock - 75% chance of playing
76357,1695201757,1695201757,a,75.0,100.0,
77794,1690810150,1690810150,a,,,
77794,1702301755,1702236610,s,,0.0,Suspended until 23 Dec
77794,1703132577,1703132577,a,0.0,100.0,
77794,1704272252,1704184212,d,100.0,75.0,Groin Injury - 75% chance of playing
77794,1706014880,1706014880,a,100.0,100.0,
77794,1709830677,1709406010,d,100.0,50.0,Calf injury - 50% chance of playing
77794,1710510981,1710510981,i,0.0,0.0,Calf injury - Expected back 30 Mar
77794,1710953733,1710953733,d,0.0,50.0,Calf injury - 50% chance of playing
77794,1711958921,1711958921,d,75.0,75.0,Calf injury - 75% chance of playing
77794,1712319850,1712319850,i,50.0,0.0,Calf injury - Expected back 24 Apr
77794,1714205884,1714205884,i,50.0,0.0,Calf injury - Expected back 11 May
77794,1715260525,1715260525,d,0.0,50.0,Calf injury - 50% chance of playing
77794,1716086163,1716086163,a,75.0,100.0,
77818,1690810150,1690810150,a,,,
78830,1690810150,1690810150,a,,,
78830,1692153327,1691832180,u,,0.0,Transferred to Bayern Munich
78916,1690810150,1690810150,a,,,
78916,1696516727,1696516727,a,75.0,100.0,
78916,1699560201,1699131609,i,100.0,0.0,Back injury - Expected back 01 Jan
78916,1703132577,1703132577,a,100.0,100.0,
79602,1690810150,1690810150,a,,,
79934,1690810150,1690810150,a,,,
79934,1691655056,1691364606,d,,75.0,Head injury - 75% chance of playing
79934,1692153327,1692153327,a,75.0,100.0,
79934,1702024280,1701900010,s,100.0,0.0,Suspended until 16 Dec
79934,1702301755,1702301755,a,0.0,100.0,
80146,1690810150,1690810150,a,,,
80146,1695201757,1694894407,d,,75.0,Dead leg - 75% chance of playing
80146,1695656041,1695656041,a,100.0,100.0,
80146,1702301755,1702135809,s,100.0,0.0,Suspended until 21 Dec
80146,1703132577,1703132577,a,0.0,100.0,
80146,1704272252,1704114012,i,100.0,0.0,International Duty - Unknown return date
80146,1706907193,1706907193,a,100.0,100.0,
80146,1709830677,1709406009,d,100.0,75.0,Hip injury - 75% chance of playing
80146,1710510981,1710510981,a,75.0,100.0,
80201,1690810150,1690810150,a,,,
80226,1690810150,1690810150,a,,,
80226,1695201757,1694791809,d,75.0,75.0,Knock - 75% chance of playing
80226,1695656041,1695656041,a,75.0,100.0,
80226,1697747162,1696712408,d,100.0,50.0,Knock - 50% chance of playing
80226,1698395227,1698395227,a,50.0,100.0,
80226,1702301755,1702060210,i,0.0,0.0,Calf injury - Expected back 26 Dec
80226,1703132577,1703132577,d,50.0,50.0,Calf injury - 50% chance of playing
80226,1703826734,1703826734,i,50.0,0.0,Calf injury - Expected back 20 Jan
80226,1704272252,1703975410,i,25.0,0.0,International Duty - Unknown return date
80226,1707224524,1707224524,u,0.0,0.0,Transferred to Galatasaray
80607,1690810150,1690810150,a,,,
80607,1696516727,1696516727,a,100.0,100.0,
80607,1700832134,1699754410,i,100.0,0.0,Knee injury - Expected back 09 Dec
80607,1702024280,1702024280,i,0.0,0.0,Knee injury - Expected back 17 Dec
80607,1702301755,1702301755,d,25.0,25.0,Knee injury - 25% chance of playing
80607,1703505557,1703505557,a,75.0,100.0,
80801,1690810150,1690810150,a,,,
80801,1697747162,1697747162,a,,100.0,
80801,1702301755,1702236610,s,100.0,0.0,Suspended until 23 Dec
80801,1703132577,1703132577,a,0.0,100.0,
80801,1703505557,1703361609,d,100.0,75.0,Knock - 75% chance of playing
80801,1703826734,1703826734,i,50.0,0.0,Calf injury - Unknown return date
80801,1704272252,1703975410,i,0.0,0.0,International Duty - Unknown return date
80801,1706907193,1706907193,a,0.0,100.0,
80801,1709830677,1708812009,d,50.0,25.0,Groin Injury - 25% chance of playing
80801,1710953733,1710953733,d,25.0,75.0,Groin Injury - 75% chance of playing
80801,1711958921,1711958921,a,100.0,100.0,
80801,1713255760,1713225610,d,100.0,75.0,Calf injury - 75% chance of playing
80801,1714205884,1714205884,a,75.0,100.0,
81012,1690810150,1690810150,a,,,
81012,1691655056,1691364605,d,,25.0,Calf injury - 25% chance of playing
81012,1692153327,1692153327,i,0.0,0.0,Calf injury - Unknown return date
81012,1716086163,1716086163,i,0.0,0.0,Calf injury - Expected back 01 Jun
81441,1690810150,1690810150,a,,,
82143,1690810150,1690810150,a,,,
82514,1690810150,1690810150,a,,,
82514,1692796125,1692468007,s,,0.0,Suspended until 02 Sep
82514,1693216941,1693216941,a,0.0,100.0,
82514,1703132577,1702569610,i,0.0,0.0,Calf injury - Expected back 13 Jan
82514,1706014880,1706014880,a,100.0,100.0,
82691,1690810150,1690810150,a,,,
82691,1692796125,1692401406,d,,75.0,Calf injury - 75% chance of playing
82691,1693216941,1693216941,a,75.0,100.0,
82691,1695201757,1694566808,d,50.0,50.0,Calf injury - 50% chance of playing
82691,1695656041,1695656041,d,25.0,25.0,Calf injury - 25% chance of playing
82691,1697747162,1697747162,d,25.0,50.0,Lack of match fitness - 50% chance of playing
82691,1698936236,1698936236,a,50.0,100.0,
82691,1701695043,1701543609,d,100.0,75.0,Leg injury - 75% chance of playing
82691,1703132577,1703132577,a,100.0,100.0,
82691,1706907193,1706205610,i,0.0,0.0,Muscle injury - Expected back 10 Feb
82691,1707907334,1707907334,d,50.0,50.0,Muscle injury - 50% chance of playing
82691,1709830677,1709830677,a,100.0,100.0,
82691,1711958921,1711645210,i,50.0,0.0,Calf injury - Expected back 11 May
82691,1716086163,1716086163,i,0.0,0.0,Calf injury - Expected back 01 Jun
82738,1690810150,1690810150,a,,,
82738,1699560201,1699066809,i,0.0,0.0,Calf injury - Expected back 25 Nov
82738,1700832134,1700832134,a,0.0,100.0,
83283,1690810150,1690810150,a,,,
83283,1696516727,1695920410,d,25.0,25.0,Knock - 25% chance of playing
83283,1697747162,1697747162,d,25.0,50.0,Knock - 50% chance of playing
83283,1698395227,1698395227,a,50.0,100.0,
83283,1706907193,1706623211,i,0.0,0.0,Leg injury - Expected back 01 Jul
83299,1690810150,1690810150,a,,,
83299,1695656041,1695656041,a,50.0,100.0,
83299,1700832134,1699581610,d,25.0,25.0,Muscle injury - 25% chance of playing
83299,1701358847,1700938809,s,100.0,0.0,Suspended until 09 Dec
83299,1702024280,1702024280,a,0.0,100.0,
83299,1703826734,1703800810,s,100.0,0.0,Suspended until 22 Jan
83299,1704272252,1704272252,a,0.0,100.0,
83299,1716086163,1715814007,i,100.0,0.0,Knee injury - Expected back 01 Jun
83314,1690810150,1690810150,a,,,
83314,1693998038,1693644595,u,,0.0,Season-long loan to Sheffield Wednesday
83427,1690810150,1690810150,a,,,
83427,1702301755,1702159210,s,,0.0,Suspended until 22 Dec
83427,1703132577,1703132577,a,0.0,100.0,
83427,1713255760,1712746809,d,75.0,75.0,Ankle injury - 75% chance of playing
83427,1714205884,1714205884,d,50.0,50.0,Ankle injury - 50% chance of playing
83427,1714725260,1714725260,a,50.0,100.0,
83543,1690810150,1690810150,a,,,
83543,1693998038,1693772024,u,,0.0,Season-long loan to Huddersfield Town
84182,1690810150,1690810150,a,,,
84182,1702024280,1701991810,d,,75.0,Wrist Injury - 75% chance of playing
84182,1703132577,1703132577,a,100.0,100.0,
84182,1711958921,1711832410,d,100.0,75.0,Knock - 75% chance of playing
84182,1712319850,1712319850,i,0.0,0.0,Groin Injury - Unknown return date
84182,1713255760,1713255760,d,50.0,50.0,Groin Injury - 50% chance of playing
84182,1714205884,1714205884,a,75.0,100.0,
84450,1690810150,1689064867,u,,0.0,Transferred to Bayer Leverkusen
84583,1690810150,1690810150,a,,,
84583,1692796125,1692568806,d,,25.0,Hamstring injury - 25% chance of playing
84583,1693998038,1693998038,i,0.0,0.0,Hamstring injury - Expected back 16 Sep
84583,1695201757,1695201757,u,0.0,0.0,Joined Al-Duhail on loan for the rest of the season
84939,1690810150,1690810150,a,,,
85633,1706907193,1706907193,a,,,
85955,1690810150,1690810150,a,,,
85955,1691655056,1691422205,d,,75.0,Muscle injury - 75% chance of playing
85955,1692153327,1692153327,a,100.0,100.0,
85955,1703132577,1702857609,d,100.0,75.0,Foot injury - 75% chance of playing
85955,1703505557,1703505557,a,75.0,100.0,
85971,1690810150,1690810150,a,,,
85971,1696516727,1696516727,a,75.0,100.0,
85971,1702024280,1701993610,d,100.0,75.0,Knock - 75% chance of playing
85971,1702301755,1702301755,a,75.0,100.0,
85971,1704272252,1703975410,i,100.0,0.0,International Duty - Unknown return date
85971,1707907334,1707907334,a,100.0,100.0,
86417,1690810150,1690810150,a,,,
86417,1697747162,1696712408,d,,75.0,Muscle injury - 75% chance of playing
86417,1698395227,1698395227,a,0.0,100.0,
86417,1710510981,1709915410,i,0.0,0.0,Groin Injury - Expected back 30 Mar
86417,1710953733,1710953733,a,0.0,100.0,
87835,1690810150,1690810150,a,,,
88248,1690810150,1690810150,a,,,
88484,1690810150,1690810150,a,,,
88484,1706907193,1706907193,a,75.0,100.0,
88484,1716086163,1715958009,d,100.0,75.0,Knock - 75% chance of playing
88894,1692153327,1692153327,a,,,
88894,1695201757,1694907007,d,,50.0,Hamstring injury - 50% chance of playing
88894,1695656041,1695656041,d,25.0,25.0,Hamstring injury - 25% chance of playing
88894,1697747162,1697747162,a,100.0,100.0,
88894,1716086163,1715551208,i,100.0,0.0,Calf injury - Expected back 01 Jun
89076,1690810150,1690810150,a,,,
89076,1693998038,1693771814,u,,0.0,Season-long loan to Bologna
90105,1690810150,1690810150,a,,,
90105,1693216941,1693210757,u,,0.0,Season-long loan to Southampton
90152,1690810150,1690810150,a,,,
90152,1693216941,1693083608,d,,75.0,Knock - 75% chance of playing
90152,1693998038,1693998038,i,0.0,0.0,Knock - Expected back 30 Sep
90152,1695201757,1695201757,d,0.0,50.0,Knock - 50% chance of playing
90152,1695656041,1695656041,a,50.0,100.0,
90152,1702024280,1701905409,d,100.0,75.0,Back injury - 75% chance of playing
90152,1702301755,1702301755,a,100.0,100.0,
90152,1703505557,1703354411,d,100.0,75.0,Illness - 75% chance of playing
90152,1703826734,1703826734,a,75.0,100.0,
90152,1711958921,1711873808,d,100.0,75.0,Foot injury - 75% chance of playing
90152,1713255760,1713255760,i,0.0,0.0,Foot injury - Expected back 19 May
90152,1716086163,1716086163,d,25.0,50.0,Lack of match fitness - 50% chance of playing
90152,1716833102,1716833102,a,50.0,100.0,
90585,1690810150,1690810150,a,,,
90585,1695201757,1695114009,d,,75.0,Illness - 75% chance of playing
90585,1695656041,1695656041,a,75.0,100.0,
90585,1701695043,1701550809,d,100.0,75.0,Muscle injury - 75% chance of playing
90585,1702024280,1702024280,d,75.0,75.0,Hip injury - 75% chance of playing
90585,1702301755,1702301755,a,50.0,100.0,
90585,1703505557,1703354411,s,100.0,0.0,Suspended until 30 Dec
90585,1703826734,1703826734,a,0.0,100.0,
90585,1704272252,1703975410,i,100.0,0.0,International Duty - Unknown return date
90585,1707224524,1707224524,i,0.0,0.0,International Duty - Expected back 17 Feb
90585,1707907334,1707907334,d,0.0,75.0,International Duty - 75% chance of playing
90585,1708597419,1708597419,a,0.0,100.0,
90585,1709830677,1708702209,d,50.0,50.0,Knock - 50% chance of playing
90585,1710510981,1710510981,a,75.0,100.0,
90585,1711958921,1711647010,d,50.0,50.0,Muscle injury - 50% chance of playing
90585,1713255760,1713255760,i,0.0,0.0,Muscle injury - Unknown return date
90585,1714725260,1714725260,a,0.0,100.0,
91046,1690810150,1690810150,a,,,
91046,1700832134,1699637410,i,0.0,0.0,Calf injury - Expected back 02 Dec
91046,1701695043,1701695043,i,0.0,0.0,Calf injury - Unknown return date
91046,1702301755,1702301755,d,25.0,25.0,Calf injury - 25% chance of playing
91046,1703132577,1703132577,d,0.0,50.0,Calf injury - 50% chance of playing
91046,1703505557,1703505557,a,50.0,100.0,
91651,1690810150,1690810150,a,,,
91651,1695201757,1694604607,d,0.0,50.0,Back injury - 50% chance of playing
91651,1695656041,1695656041,d,25.0,25.0,Back injury - 25% chance of playing
91651,1696516727,1696516727,a,100.0,100.0,
91651,1700832134,1699961410,d,100.0,75.0,Muscle injury - 75% chance of playing
91651,1701695043,1701695043,a,100.0,100.0,
91651,1707907334,1707874210,d,100.0,75.0,Knee injury - 75% chance of playing
91651,1708597419,1708597419,a,75.0,100.0,
93264,1690810150,1690810150,a,,,
93264,1701695043,1701646211,d,,75.0,Knock - 75% chance of playing
93264,1702024280,1702024280,i,75.0,0.0,Groin Injury - Unknown return date
93264,1703132577,1703132577,a,0.0,100.0,
93264,1706014880,1705077882,u,0.0,0.0,On loan to Bayern Munich until the end of the season
95658,1690810150,1690810150,a,,,
95658,1693216941,1693216941,a,75.0,100.0,
95658,1695656041,1695200410,d,75.0,75.0,Muscle injury - 75% chance of playing
95658,1696516727,1696516727,a,100.0,100.0,
95658,1703132577,1702423810,i,0.0,0.0,Groin Injury - Unknown return date
95658,1703505557,1703505557,i,0.0,0.0,Groin Injury - Expected back 14 Jan
95658,1704272252,1704272252,d,0.0,50.0,Groin Injury - 50% chance of playing
95658,1706907193,1706907193,a,100.0,100.0,
95658,1709830677,1709080211,d,25.0,25.0,Knock - 25% chance of playing
95658,1710510981,1710510981,i,0.0,0.0,Knock - Expected back 30 Mar
95658,1710953733,1710953733,a,75.0,100.0,
95658,1715260525,1714944610,i,100.0,0.0,Muscle injury - Expected back 01 Jun
96784,1690810150,1690810150,a,,,
96784,1691655056,1691364606,d,,75.0,Knock - 75% chance of playing
96784,1692153327,1692153327,i,0.0,0.0,Ankle injury - Unknown return date
96784,1695201757,1695201757,i,0.0,0.0,Ankle injury - Expected back 25 Nov
96784,1699560201,1699560201,a,0.0,100.0,
96784,1703826734,1703635211,d,100.0,75.0,Illness - 75% chance of playing
96784,1704272252,1704272252,a,100.0,100.0,
96994,1690810150,1690810150,a,,,
97032,1690810150,1690810150,a,,,
97032,1693216941,1693177207,s,,0.0,Suspended until 16 Sep
97032,1693998038,1693998038,a,0.0,100.0,
97032,1699560201,1699518609,d,100.0,75.0,Illness - 75% chance of playing
97032,1700832134,1700832134,a,75.0,100.0,
97299,1690810150,1690810150,a,,,
97299,1692153327,1691827207,d,,75.0,Hip injury - 75% chance of playing
97299,1692796125,1692367210,i,0.0,0.0,Muscle injury - Expected back 16 Sep
97299,1693998038,1693998038,d,75.0,75.0,Muscle injury - 75% chance of playing
97299,1695201757,1695201757,d,0.0,50.0,Muscle injury - 50% chance of playing
97299,1695656041,1695656041,i,0.0,0.0,Muscle injury - Unknown return date
97299,1696516727,1696516727,a,0.0,100.0,
97299,1699560201,1699434010,d,100.0,25.0,Muscle injury - 25% chance of playing
97299,1700832134,1700832134,i,0.0,0.0,Muscle injury - Unknown return date
97299,1701358847,1701358847,a,0.0,100.0,
97299,1703826734,1703755809,d,100.0,50.0,Ankle injury - 50% chance of playing
97299,1704272252,1704272252,i,0.0,0.0,Ankle injury - Unknown return date
97299,1706907193,1706907193,a,100.0,100.0,
98747,1690810150,1690810150,a,,,
98747,1701695043,1701556210,d,,25.0,Shoulder injury - 25% chance of playing
98747,1702024280,1702024280,i,25.0,0.0,Shoulder injury - Expected back 03 Apr
98747,1710510981,1710510981,i,0.0,0.0,Shoulder injury - Expected back 27 Apr
98747,1714205884,1714205884,i,0.0,0.0,Shoulder injury - Expected back 11 May
98747,1715260525,1715260525,a,75.0,100.0,
98980,1690810150,1690810150,a,,,
98980,1693216941,1692972008,d,75.0,75.0,Calf injury - 75% chance of playing
98980,1693998038,1693998038,a,75.0,100.0,
98980,1712319850,1712217608,d,100.0,75.0,Illness - 75% chance of playing
98980,1712572268,1712572268,a,75.0,100.0,
98980,1714725260,1714325409,d,100.0,75.0,Hamstring injury - 75% chance of playing
98980,1716086163,1716086163,a,100.0,100.0,
101148,1690810150,1690810150,a,,,
101148,1702024280,1701990010,d,,75.0,Dead leg - 75% chance of playing
101148,1702301755,1702301755,a,75.0,100.0,
101148,1703505557,1703361610,d,100.0,75.0,Hip injury - 75% chance of playing
101148,1703826734,1703826734,d,75.0,25.0,Hip injury - 25% chance of playing
101148,1704272252,1704272252,a,50.0,100.0,
101148,1706907193,1706396409,d,50.0,75.0,Calf injury - 75% chance of playing
101148,1707907334,1707907334,a,75.0,100.0,
101148,1711958921,1711825210,d,100.0,75.0,Knee injury - 75% chance of playing
101148,1712319850,1712319850,i,0.0,0.0,Knee injury - Expected back 31 Dec
101178,1692153327,1692153327,a,,,
101184,1690810150,1690810150,a,,,
101188,1690810150,1690810150,a,,,
101188,1702301755,1702152009,s,,0.0,Suspended until 22 Dec
101188,1703132577,1703132577,a,0.0,100.0,
101188,1703826734,1703701809,d,100.0,25.0,Hamstring injury - 25% chance of playing
101188,1704272252,1704272252,i,0.0,0.0,Hamstring injury - Expected back 30 Jan
101188,1706907193,1706907193,d,0.0,50.0,Hamstring injury - 50% chance of playing
101188,1707907334,1707907334,a,75.0,100.0,
101582,1690810150,1690810150,a,,,
101582,1692153327,1691985557,u,,0.0,Permanent transfer to Fenerbahce
101982,1690810150,1690810150,a,,,
101982,1702301755,1702139409,d,,75.0,Calf injury - 75% chance of playing
101982,1703132577,1703132577,i,0.0,0.0,Calf injury - Expected back 27 Dec
101982,1703505557,1703505557,d,0.0,50.0,Calf injury - 50% chance of playing
101982,1706014880,1706014880,a,50.0,100.0,
101982,1711958921,1711364409,i,0.0,0.0,Arm injury - Expected back 01 Jun
102057,1690810150,1690810150,a,,,
102057,1703132577,1702753209,s,,0.0,Suspended until 31 Dec
102057,1703826734,1703826734,a,0.0,100.0,
102057,1706907193,1706664614,i,100.0,0.0,Hamstring injury - Unknown return date
102057,1707907334,1707907334,i,0.0,0.0,Hamstring injury - Expected back 30 Mar
102057,1710510981,1710510981,d,25.0,75.0,Lack of match fitness - 75% chance of playing
102057,1710953733,1710953733,a,100.0,100.0,
102549,1690810150,1690810150,a,,,
102549,1697747162,1697103010,d,,75.0,Knock - 75% chance of playing
102549,1698395227,1698395227,d,75.0,50.0,Knock - 50% chance of playing
102549,1698936236,1698936236,a,50.0,100.0,
103025,1690810150,1690787147,u,,0.0,Permanent transfer to Al-Ahli
103192,1690810150,1690810150,a,,,
103192,1698936236,1698922809,d,,75.0,Knee injury - 75% chance of playing
103192,1700832134,1700832134,a,50.0,100.0,
103192,1703826734,1703804410,d,100.0,75.0,Knee injury - 75% chance of playing
103192,1704272252,1704272252,d,50.0,50.0,Knee injury - 50% chance of playing
103192,1706014880,1706014880,a,100.0,100.0,
103914,1690810150,1690810150,a,,,
103914,1702301755,1702143009,s,,0.0,Suspended until 23 Dec
103914,1703132577,1703132577,a,0.0,100.0,
103914,1706014880,1704580210,d,75.0,75.0,Shoulder injury - 75% chance of playing
103914,1706907193,1706907193,d,75.0,50.0,Shoulder injury - 50% chance of playing
103914,1707907334,1707907334,d,75.0,75.0,Shoulder injury - 75% chance of playing
103914,1708597419,1708597419,a,75.0,100.0,
103955,1690810150,1690810150,a,,,
103955,1703505557,1703431809,s,,0.0,Suspended until 30 Dec
103955,1703826734,1703826734,a,0.0,100.0,
103955,1713255760,1712935809,d,50.0,50.0,Illness - 50% chance of playing
103955,1714205884,1714143610,d,100.0,25.0,Back injury - 25% chance of playing
103955,1715260525,1715260525,a,25.0,100.0,
104047,1690810150,1690810150,a,,,
104047,1710953733,1710716409,d,,75.0,Knock - 75% chance of playing
104047,1711958921,1711958921,a,100.0,100.0,
104542,1690810150,1690810150,a,,,
106468,1690810150,1688574604,i,,0.0,Hamstring injury - Expected back 03 Sep
106468,1693998038,1693998038,i,0.0,0.0,Hamstring injury - Expected back 16 Sep
106468,1695201757,1695201757,a,100.0,100.0,
106468,1695656041,1695594607,d,100.0,75.0,Hamstring injury - 75% chance of playing
106468,1696516727,1696516727,d,25.0,25.0,Hamstring injury - 25% chance of playing
106468,1697747162,1697747162,d,0.0,50.0,Hamstring injury - 50% chance of playing
106468,1698395227,1698395227,i,0.0,0.0,Hamstring injury - Unknown return date
106468,1698936236,1698936236,d,0.0,25.0,Hamstring injury - 25% chance of playing
106468,1699560201,1699560201,a,50.0,100.0,
106468,1714205884,1713376809,i,0.0,0.0,Calf injury - Expected back 04 May
106468,1714725260,1714725260,d,0.0,50.0,Calf injury - 50% chance of playing
106468,1715260525,1715260525,a,50.0,100.0,
106468,1716086163,1715310008,d,75.0,75.0,Knock - 75% chance of playing
106611,1690810150,1690810150,a,,,
106611,1703132577,1703132577,a,75.0,100.0,
106618,1690810150,1690810150,a,,,
106760,1690810150,1690810150,a,,,
106760,1693216941,1692916207,i,0.0,0.0,Muscle injury - Unknown return date
106760,1701358847,1701358847,a,100.0,100.0,
106760,1703826734,1703638810,d,100.0,75.0,Knock - 75% chance of playing
106760,1704272252,1704272252,d,25.0,50.0,Knock - 50% chance of playing
106760,1706014880,1706014880,a,100.0,100.0,
106760,1708597419,1708009209,d,75.0,75.0,Knock - 75% chance of playing
106760,1709830677,1709830677,i,0.0,0.0,Muscle injury - Expected back 19 May
106760,1714205884,1714205884,i,0.0,0.0,Muscle injury - Expected back 12 May
106760,1716086163,1716086163,i,0.0,0.0,Muscle injury - Expected back 01 Jun
108411,1690810150,1690810150,a,,,
108411,1691655056,1691364606,d,,75.0,Knock - 75% chance of playing
108411,1692153327,1692153327,i,0.0,0.0,Ankle injury - Unknown return date
108411,1695201757,1695201757,i,0.0,0.0,Ankle injury - Expected back 25 Nov
108411,1701695043,1701695043,i,0.0,0.0,Ankle injury - Expected back 10 Dec
108411,1702024280,1702024280,i,0.0,0.0,Ankle injury - Unknown return date
108411,1703132577,1703132577,i,0.0,0.0,Hamstring injury - Unknown return date
108411,1706014880,1706014880,a,50.0,100.0,
108411,1709830677,1709310610,i,0.0,0.0,Hamstring injury - Unknown return date
108411,1714725260,1714725260,i,0.0,0.0,Hamstring injury - Expected back 11 May
108411,1715260525,1715260525,d,0.0,50.0,Hamstring injury - 50% chance of playing
108411,1716086163,1716086163,d,25.0,25.0,Hamstring injury - 25% chance of playing
108413,1690810150,1690810150,a,,,
108413,1691655056,1691364606,d,,75.0,Knock - 75% chance of playing
108413,1692153327,1692153327,i,0.0,0.0,Knock - Unknown return date
108413,1692796125,1692796125,i,0.0,0.0,Knee injury - Unknown return date
108413,1693216941,1693216941,d,0.0,75.0,Knee injury - 75% chance of playing
108413,1693998038,1693998038,a,75.0,100.0,
108413,1708597419,1708113609,d,75.0,75.0,Knock - 75% chance of playing
108413,1709830677,1709830677,a,100.0,100.0,
108413,1716086163,1715461207,i,100.0,0.0,Knee injury - Expected back 01 Jul
108416,1690810150,1690810150,a,,,
108416,1695201757,1694772008,d,50.0,50.0,Knock - 50% chance of playing
108416,1695656041,1695656041,a,100.0,100.0,
108416,1696516727,1696114809,d,100.0,50.0,Leg injury - 50% chance of playing
108416,1697747162,1697747162,i,0.0,0.0,Leg injury - Unknown return date
108416,1708597419,1708597419,i,0.0,0.0,Leg injury - Expected back 11 May
108416,1715260525,1715260525,d,25.0,25.0,Lack of match fitness - 25% chance of playing
108796,1690810150,1690810150,a,,,
108796,1693998038,1693674008,d,,75.0,Thigh injury - 75% chance of playing
108796,1695201757,1695201757,a,100.0,100.0,
108796,1701695043,1701543609,d,100.0,75.0,Back injury - 75% chance of playing
108796,1702301755,1702301755,a,75.0,100.0,
108796,1703826734,1703790011,i,100.0,0.0,Illness - Unknown return date
108823,1690810150,1690810150,a,,,
108823,1691655056,1691364606,i,,0.0,Hip injury - Unknown return date
108823,1706907193,1706907193,i,0.0,0.0,Groin Injury - Unknown return date
108823,1714205884,1714205884,i,0.0,0.0,Groin Injury - Expected back 01 Jun
109345,1690810150,1690810150,a,,,
109345,1695201757,1694894407,d,,75.0,Muscle injury - 75% chance of playing
109345,1695656041,1695656041,a,100.0,100.0,
109345,1698395227,1697909408,i,100.0,0.0,Knee injury - Unknown return date
109345,1714205884,1714205884,i,0.0,0.0,Knee injury - Expected back 01 Jun
109345,1716086163,1716086163,i,0.0,0.0,Knee injury - Expected back 07 Sep
109434,1690810150,1690810150,a,,,
109434,1693998038,1693771495,u,,0.0,Season-long loan to Rapid Vienna
109528,1690810150,1690810150,a,,,
109528,1691655056,1691427606,d,,75.0,Groin Injury - 75% chance of playing
109528,1692153327,1692153327,i,0.0,0.0,Groin Injury - Unknown return date
109528,1693216941,1693216941,d,25.0,25.0,Lack of match fitness - 25% chance of playing
109528,1693998038,1693998038,d,75.0,75.0,Lack of match fitness - 75% chance of playing
109528,1695201757,1695201757,a,100.0,100.0,
109528,1698936236,1698832808,d,100.0,25.0,Groin Injury - 25% chance of playing
109528,1704272252,1704272252,i,0.0,0.0,Groin Injury - Unknown return date
109528,1706014880,1706014880,u,0.0,0.0,Permanent move to Celta Vigo
109533,1690810150,1690810150,a,,,
109533,1698395227,1698008409,s,,0.0,Suspended until 04 Nov
109533,1698936236,1698936236,a,0.0,100.0,
109533,1710510981,1709893809,d,75.0,75.0,Groin Injury - 75% chance of playing
109533,1710953733,1710953733,a,75.0,100.0,
109646,1690810150,1690810150,a,,,
109646,1695201757,1694793608,i,0.0,0.0,Muscle injury - Expected back 29 Oct
109646,1695656041,1695656041,i,0.0,0.0,Groin Injury - Expected back 29 Oct
109646,1697747162,1697747162,i,0.0,0.0,Groin Injury - Expected back 04 Nov
109646,1699560201,1699560201,d,75.0,75.0,Lack of match fitness - 75% chance of playing
109646,1701358847,1701358847,a,75.0,100.0,
109745,1690810150,1690810150,a,,,
109745,1692153327,1692086790,u,,0.0,One year loan deal to Real Madrid
110504,1690810150,1690810150,a,,,
110504,1692153327,1691679605,i,0.0,0.0,Muscle injury - Unknown return date
110504,1692796125,1692796125,a,25.0,100.0,
110504,1693998038,1693582200,i,0.0,0.0,Muscle injury - Expected back 16 Sep
110504,1695201757,1695201757,d,0.0,50.0,Muscle injury - 50% chance of playing
110504,1696516727,1696516727,a,100.0,100.0,
110504,1701358847,1700856010,i,0.0,0.0,Knock - Expected back 02 Dec
110504,1701695043,1701695043,i,0.0,0.0,Knock - Unknown return date
110504,1702024280,1702024280,d,25.0,25.0,Knock - 25% chance of playing
110504,1703132577,1703132577,i,0.0,0.0,Knock - Unknown return date
110504,1704272252,1703975409,i,0.0,0.0,International Duty - Unknown return date
110504,1706907193,1706907193,a,0.0,100.0,
110504,1707224524,1707072126,u,100.0,0.0,Contract terminated
110735,1690810150,1690810150,a,,,
110735,1692153327,1691760606,d,75.0,75.0,Knock - 75% chance of playing
110735,1692796125,1692796125,a,100.0,100.0,
110735,1701358847,1700857810,i,0.0,0.0,Knock - Expected back 09 Dec
110735,1702301755,1702301755,i,0.0,0.0,Knock - Unknown return date
110735,1704272252,1704272252,a,0.0,100.0,
110735,1712572268,1712332809,i,0.0,0.0,Muscle injury - Unknown return date
110735,1713255760,1713255760,i,0.0,0.0,Muscle injury - Expected back 25 Apr
110735,1714205884,1714205884,a,50.0,100.0,
111234,1690810150,1690810150,a,,,
111234,1702301755,1702301755,a,75.0,100.0,
111317,1690810150,1690810150,a,,,
111317,1706907193,1706771882,u,,0.0,Joined Southampton on loan until the end of the season
111452,1693998038,1693998038,a,,,
111478,1690810150,1690810150,a,,,
111478,1703132577,1702857610,i,,0.0,Knee injury - Expected back 17 Feb
111478,1706907193,1706907193,i,0.0,0.0,Knee injury - Expected back 10 Feb
111478,1707224524,1707224524,d,0.0,50.0,Knee injury - 50% chance of playing
111478,1707907334,1707907334,a,100.0,100.0,
111478,1716086163,1715727609,i,100.0,0.0,Knock - Expected back 01 Jun
111773,1690810150,1690810150,a,,,
111773,1691655056,1691364606,d,,25.0,Knee injury - 25% chance of playing
111773,1692153327,1692153327,i,0.0,0.0,Knee injury - Expected back 30 Sep
111773,1696516727,1696516727,i,0.0,0.0,Lack of match fitness - Expected back 21 Oct
111773,1697747162,1697747162,d,25.0,50.0,Lack of match fitness - 50% chance of playing
111773,1698395227,1698395227,d,75.0,75.0,Lack of match fitness - 75% chance of playing
111773,1698936236,1698936236,a,75.0,100.0,
111773,1703132577,1703026810,d,100.0,75.0,Knock - 75% chance of playing
111773,1703505557,1703505557,a,75.0,100.0,
111782,1690810150,1690810150,a,,,
111782,1703132577,1702652410,i,0.0,0.0,Knock - Unknown return date
111782,1703505557,1703505557,a,100.0,100.0,
111782,1704272252,1703865610,i,0.0,0.0,Knock - Unknown return date
111782,1706014880,1706014880,a,100.0,100.0,
113534,1690810150,1690810150,a,,,
113534,1693998038,1693771445,u,,0.0,Released from contract
114128,1690810150,1690810150,a,,,
114128,1702024280,1701707411,n,0.0,0.0,Not being considered for selection. - Unknown return date
114128,1702301755,1702301755,n,0.0,0.0,Not being considered for selection. - Expected back 03 Feb
114128,1706907193,1706907193,u,0.0,0.0,Contract cancelled by mutual consent
114241,1690810150,1690810150,a,,,
114241,1699560201,1699221610,d,,75.0,Knock - 75% chance of playing
114241,1700832134,1700832134,a,75.0,100.0,
114243,1690810150,1690810150,a,,,
114243,1698395227,1698273009,d,,25.0,Shoulder injury - 25% chance of playing
114243,1698936236,1698936236,i,25.0,0.0,Shoulder injury - Unknown return date
114243,1699560201,1699560201,i,0.0,0.0,Shoulder injury - Expected back 03 Feb
114243,1700832134,1700832134,i,0.0,0.0,Shoulder injury - Expected back 13 Jan
114243,1706014880,1706014880,d,0.0,50.0,Shoulder injury - 50% chance of playing
114243,1706907193,1706907193,a,100.0,100.0,
114243,1707907334,1707616809,d,100.0,75.0,Calf injury - 75% chance of playing
114243,1708597419,1708597419,a,50.0,100.0,
114283,1690810150,1690810150,a,,,
114283,1693998038,1693992607,d,,75.0,Thigh injury - 75% chance of playing
114283,1695201757,1695201757,d,0.0,50.0,Thigh injury - 50% chance of playing
114283,1695656041,1695656041,a,75.0,100.0,
114283,1701695043,1701635409,s,100.0,0.0,Suspended until 10 Dec
114283,1702024280,1702024280,a,0.0,100.0,
114283,1707907334,1707874210,d,100.0,50.0,Muscle injury - 50% chance of playing
114283,1708597419,1708597419,d,25.0,25.0,Muscle injury - 25% chance of playing
114283,1709830677,1709080211,i,0.0,0.0,Groin Injury - Expected back 31 Mar
114283,1710953733,1710953733,a,100.0,100.0,
115382,1690810150,1690810150,a,,,
115382,1695656041,1695656041,a,0.0,100.0,
115382,1714205884,1713630610,n,100.0,0.0,Ineligible to face his parent club on 27/4. - Expected back 04 May
115382,1714725260,1714725260,a,0.0,100.0,
115556,1690810150,1690810150,a,,,
115556,1698395227,1698395227,a,,100.0,
115556,1699560201,1698935409,d,25.0,25.0,Knock - 25% chance of playing
115556,1700832134,1700832134,a,100.0,100.0,
115556,1706014880,1704580211,i,0.0,0.0,Hamstring injury - Expected back 03 Feb
115556,1706907193,1706907193,a,100.0,100.0,
115556,1714725260,1714559411,i,100.0,0.0,Calf injury - Expected back 01 Jun
115918,1690810150,1690810150,a,,,
115918,1692796125,1692513183,u,,0.0,Season long loan to Crystal Palace
115918,1695201757,1695201757,u,0.0,0.0,Season long loan to Cardiff City
115918,1707224524,1707224524,u,0.0,0.0,Contract terminated
116216,1690810150,1690810150,a,,,
116216,1695656041,1695594607,d,,75.0,Hamstring injury - 75% chance of playing
116216,1696516727,1696516727,a,50.0,100.0,
116216,1697747162,1696840208,d,100.0,75.0,Hamstring injury - 75% chance of playing
116216,1698395227,1698395227,a,75.0,100.0,
116404,1690810150,1690810150,a,,,
116404,1691655056,1691364606,d,,25.0,Knee injury - 25% chance of playing
116404,1692153327,1692153327,i,0.0,0.0,Knee injury - Unknown return date
116404,1693216941,1693216941,i,0.0,0.0,Lack of match fitness - Expected back 18 Sep
116404,1693998038,1693998038,a,100.0,100.0,
116404,1697747162,1697733010,d,100.0,25.0,Knee injury - 25% chance of playing
116404,1700832134,1700832134,d,50.0,50.0,Knee injury - 50% chance of playing
116404,1701695043,1701695043,a,25.0,100.0,
116404,1703132577,1703059210,d,100.0,75.0,Muscle injury - 75% chance of playing
116404,1703826734,1703826734,i,75.0,0.0,Hamstring injury - Unknown return date
116404,1704272252,1704272252,d,25.0,25.0,Hamstring injury - 25% chance of playing
116404,1706907193,1706907193,a,25.0,100.0,
116535,1690810150,1690810150,a,,,
116535,1701358847,1700938810,i,,0.0,Muscle injury - Expected back 17 Dec
116535,1702301755,1702301755,a,75.0,100.0,
116535,1708597419,1708113609,d,50.0,50.0,Hamstring injury - 50% chance of playing
116535,1709830677,1709830677,i,0.0,0.0,Hamstring injury - Expected back 31 Mar
116535,1710953733,1710953733,i,0.0,0.0,Hamstring injury - Unknown return date
116535,1712319850,1712319850,i,0.0,0.0,Hamstring injury - Expected back 21 Apr
116535,1713255760,1713255760,a,50.0,100.0,
116643,1690810150,1690810150,a,,,
116643,1691655056,1690883450,u,,0.0,Permanent Transfer to Al-Ittihad
118335,1690810150,1689235667,u,,0.0,Permanent Transfer to PAOK
118342,1690810150,1690810150,a,,,
118342,1697747162,1697103009,d,,75.0,Illness - 75% chance of playing
118342,1698395227,1698395227,a,100.0,100.0,
118342,1699560201,1699126208,d,100.0,75.0,Dead leg - 75% chance of playing
118342,1700832134,1700832134,a,100.0,100.0,
118748,1690810150,1690810150,a,,,
118748,1704272252,1703975410,i,,0.0,International Duty - Unknown return date
118748,1706907193,1706907193,i,0.0,0.0,Hamstring injury - Expected back 17 Feb
118748,1707907334,1707907334,d,0.0,50.0,Hamstring injury - 50% chance of playing
118748,1708597419,1708597419,a,100.0,100.0,
119471,1690810150,1690810150,a,,,
119471,1691655056,1691364606,d,,75.0,Knock - 75% chance of playing
119471,1692153327,1692153327,a,100.0,100.0,
119471,1703132577,1702753209,d,100.0,50.0,Glute injury - 50% chance of playing
119471,1703505557,1703505557,a,50.0,100.0,
119471,1708597419,1708196410,d,100.0,75.0,Wrist Injury - 75% chance of playing
119471,1709830677,1709830677,a,100.0,100.0,
119471,1714725260,1714249809,d,100.0,75.0,Hamstring injury - 75% chance of playing
119471,1715260525,1715260525,i,0.0,0.0,Hamstring injury - Expected back 01 Jun
119471,1716086163,1716086163,a,25.0,100.0,
120202,1690810150,1690810150,a,,,
120202,1692153327,1691675571,u,0.0,0.0,On loan to Hoffenheim
120250,1690810150,1690810150,a,,,
120250,1696516727,1695920409,i,0.0,0.0,Calf injury - Unknown return date
120250,1702024280,1702024280,d,25.0,25.0,Lack of match fitness - 25% chance of playing
120250,1703505557,1703505557,a,25.0,100.0,
120250,1706907193,1706205609,i,0.0,0.0,Calf injury - Unknown return date
120250,1709830677,1709830677,a,75.0,100.0,
120250,1716086163,1715551207,d,100.0,75.0,Facial Injury - 75% chance of playing
120721,1690810150,1690810150,a,,,
120721,1693998038,1693771544,u,,0.0,Season-long loan to Augsburg
121145,1690810150,1690810150,a,,,
121145,1693998038,1693604852,u,,0.0,Season-long loan to Barcelona
121160,1690810150,1690810150,a,,,
121160,1700832134,1700047809,d,,75.0,Foot injury - 75% chance of playing
121160,1701358847,1701358847,a,75.0,100.0,
121160,1706014880,1705185011,d,100.0,75.0,Knock - 75% chance of playing
121160,1706907193,1706907193,a,100.0,100.0,
121160,1710510981,1710111609,d,100.0,50.0,Muscle injury - 50% chance of playing
121160,1710953733,1710953733,d,75.0,75.0,Muscle injury - 75% chance of playing
121160,1712319850,1712319850,i,0.0,0.0,Muscle injury - Unknown return date
121160,1712572268,1712572268,a,75.0,100.0,
121160,1714725260,1714341609,d,100.0,50.0,Shoulder injury - 50% chance of playing
121160,1715260525,1715260525,a,100.0,100.0,
121160,1716086163,1715725808,i,100.0,0.0,Eye Injury - Expected back 01 Jun
121599,1690810150,1690810150,a,,,
121599,1699560201,1699547410,d,,75.0,Illness - 75% chance of playing
121599,1700832134,1700832134,a,75.0,100.0,
121599,1703132577,1702765809,d,100.0,25.0,Hamstring injury - 25% chance of playing
121599,1703505557,1703505557,i,0.0,0.0,Hamstring injury - Unknown return date
121599,1703826734,1703826734,d,25.0,50.0,Hamstring injury - 50% chance of playing
121599,1706014880,1706014880,a,75.0,100.0,
121599,1706907193,1706205609,d,0.0,25.0,Hamstring injury - 25% chance of playing
121599,1707224524,1707224524,d,25.0,50.0,Hamstring injury - 50% chance of playing
121599,1708597419,1708597419,a,100.0,100.0,
122074,1690810150,1690810150,a,,,
122074,1691655056,1691058605,i,,0.0,Unknown - Unknown return date
122074,1693998038,1693998038,i,0.0,0.0,Knee injury - Expected back 07 Oct
122074,1697747162,1697747162,d,0.0,50.0,Knee injury - 50% chance of playing
122074,1698395227,1698395227,a,100.0,100.0,
122775,1690810150,1690370790,u,,0.0,Joined OGC Nice on a season-long loan
122798,1690810150,1690810150,a,,,
122798,1697747162,1697189409,d,,25.0,Shoulder injury - 25% chance of playing
122798,1698395227,1698395227,i,0.0,0.0,Shoulder injury - Expected back 21 Jan
122798,1704272252,1704272252,i,0.0,0.0,Shoulder injury - Expected back 31 Jan
122798,1706014880,1706014880,d,0.0,50.0,Shoulder injury - 50% chance of playing
122798,1706907193,1706907193,a,100.0,100.0,
122798,1711958921,1711504810,d,25.0,25.0,Ankle injury - 25% chance of playing
122798,1712319850,1712319850,a,75.0,100.0,
122798,1716086163,1715644808,d,100.0,75.0,Knock - 75% chance of playing
122798,1716833102,1716833102,a,75.0,100.0,
122806,1690810150,1690810150,a,,,
122806,1700832134,1700474409,d,,75.0,Knock - 75% chance of playing
122806,1701358847,1701358847,a,75.0,100.0,
122806,1710510981,1710111608,s,100.0,0.0,Suspended until 06 Apr
122806,1712319850,1712319850,a,0.0,100.0,
123354,1690810150,1690810150,a,,,
124183,1690810150,1690810150,a,,,
124183,1692796125,1692606553,u,,0.0,Season long loan to Galatasaray
126184,1690810150,1690810150,a,,,
126184,1691655056,1691364606,d,,75.0,Knock - 75% chance of playing
126184,1692153327,1692153327,a,100.0,100.0,
126184,1700832134,1699837210,d,100.0,75.0,Knock - 75% chance of playing
126184,1701358847,1701358847,a,75.0,100.0,
126184,1711958921,1711917009,d,100.0,25.0,Calf injury - 25% chance of playing
126184,1712319850,1712319850,i,0.0,0.0,Calf injury - Unknown return date
126184,1713255760,1713255760,a,25.0,100.0,
128295,1690810150,1690810150,a,,,
128295,1701695043,1701540009,s,,0.0,Suspended until 09 Dec
128295,1702024280,1702024280,a,0.0,100.0,
128295,1706014880,1704504610,d,75.0,75.0,Achilles injury - 75% chance of playing
128295,1706907193,1706907193,a,100.0,100.0,
128295,1710510981,1710027008,i,100.0,0.0,Back injury - Unknown return date
128295,1714205884,1714205884,a,100.0,100.0,
128309,1690810150,1690810150,a,,,
128309,1693998038,1693644548,u,,0.0,Season-long loan to  Swansea City
128340,1690810150,1690810150,a,,,
128340,1707224524,1707073113,u,,0.0,Season-long loan to Ipswich Town
128389,1690810150,1690810150,a,,,
128389,1692796125,1692367210,u,0.0,0.0,Permanent transfer to Al-Hilal
132015,1690810150,1690810150,a,,,
133085,1690810150,1690810150,a,,,
133845,1690810150,1690810150,a,,,
133845,1692796125,1692360000,i,0.0,0.0,Foot injury - Unknown return date
133845,1700832134,1700832134,d,0.0,25.0,Foot injury - 25% chance of playing
133845,1701358847,1701358847,d,25.0,75.0,Lack of match fitness - 75% chance of playing
133845,1706014880,1706014880,a,100.0,100.0,
133845,1706907193,1706083134,u,0.0,0.0,On loan to Hibernian until the end of the season
138001,1690810150,1690810150,a,,,
140200,1690810150,1690810150,a,,,
140200,1693216941,1693083608,d,,75.0,Knock - 75% chance of playing
140200,1693998038,1693998038,a,75.0,100.0,
141746,1690810150,1690810150,a,,,
141746,1702301755,1702143010,s,,0.0,Suspended until 23 Dec
141746,1703132577,1703132577,a,0.0,100.0,
141746,1714725260,1714658410,d,100.0,75.0,Knock - 75% chance of playing
141746,1716086163,1716086163,a,75.0,100.0,
144485,1690810150,1688574604,s,,0.0,Suspended until 17 Jan
144485,1698395227,1698395227,s,0.0,0.0,Suspended until 20 Jan
144485,1704272252,1704272252,a,0.0,100.0,
144485,1714205884,1714064409,d,100.0,75.0,Hip injury - 75% chance of playing
144485,1714725260,1714725260,a,75.0,100.0,
146941,1690810150,1690810150,a,,,
146941,1693216941,1692952600,u,0.0,0.0,Transferred to Al Nassr
148225,1690810150,1690810150,a,,,
148225,1691655056,1691364606,d,,25.0,Hamstring injury - 25% chance of playing
148225,1692153327,1692153327,a,25.0,100.0,
148225,1703132577,1702483210,d,0.0,75.0,Illness - 75% chance of playing
148225,1703826734,1703826734,d,25.0,25.0,Illness - 25% chance of playing
148225,1704272252,1704272252,d,25.0,50.0,Illness - 50% chance of playing
148225,1706907193,1706117409,i,0.0,0.0,Groin Injury - Expected back 06 Apr
148225,1712319850,1712319850,i,0.0,0.0,Groin Injury - Unknown return date
148225,1714205884,1714205884,i,0.0,0.0,Groin Injury - Expected back 12 May
148225,1714725260,1714725260,d,0.0,25.0,Lack of match fitness - 25% chance of playing
148225,1716086163,1716086163,d,50.0,50.0,Lack of match fitness - 50% chance of playing
149065,1690810150,1690810150,a,,,
149065,1701695043,1701543609,d,,75.0,Back injury - 75% chance of playing
149065,1702301755,1702301755,a,100.0,100.0,
149065,1703132577,1702857611,d,100.0,75.0,Shoulder injury - 75% chance of playing
149065,1703505557,1703505557,a,100.0,100.0,
149065,1709830677,1709406010,d,100.0,75.0,Thigh injury - 75% chance of playing
149065,1710510981,1710510981,a,100.0,100.0,
149484,1690810150,1690810150,a,,,
149484,1692153327,1691875806,i,,0.0,Knee injury - Unknown return date
149484,1708597419,1708597419,i,0.0,0.0,Knee injury - Expected back 01 Jun
149519,1690810150,1690810150,a,,,
149519,1703132577,1703122211,d,,75.0,Illness - 75% chance of playing
149519,1703826734,1703826734,a,75.0,100.0,
149519,1709830677,1709305209,i,0.0,0.0,Hamstring injury - Expected back 30 Mar
149519,1711958921,1711958921,a,75.0,100.0,
151086,1690810150,1690810150,a,,,
151086,1697747162,1696791608,s,,0.0,Suspended until 28 Oct
151086,1698395227,1698395227,a,0.0,100.0,
151086,1700832134,1700769612,d,100.0,75.0,Ankle injury - 75% chance of playing
151086,1701358847,1701358847,s,75.0,0.0,Suspended until 05 Dec
151086,1701695043,1701695043,a,0.0,100.0,
151086,1715260525,1714946409,d,100.0,75.0,Hamstring injury - 75% chance of playing
151086,1716086163,1716086163,a,75.0,100.0,
151589,1690810150,1690810150,a,,,
151589,1692153327,1691679605,i,0.0,0.0,Muscle injury - Unknown return date
151589,1693998038,1693998038,a,100.0,100.0,
151589,1706907193,1706516037,u,0.0,0.0,Has joined Napoli on loan for the remainder of the season
152551,1690810150,1690810150,a,,,
152551,1695201757,1694791808,d,25.0,25.0,Hamstring injury - 25% chance of playing
152551,1695656041,1695656041,i,0.0,0.0,Hamstring injury - Unknown return date
152551,1697747162,1697747162,d,0.0,50.0,Hamstring injury - 50% chance of playing
152551,1698395227,1698395227,a,100.0,100.0,
152551,1702301755,1702139409,d,100.0,75.0,Hamstring injury - 75% chance of playing
152551,1703505557,1703505557,a,75.0,100.0,
152551,1714205884,1713540610,i,0.0,0.0,Hamstring injury - Expected back 06 May
152551,1714725260,1714725260,d,0.0,50.0,Hamstring injury - 50% chance of playing
152551,1716086163,1716086163,a,0.0,100.0,
152590,1690810150,1690192590,u,,0.0,Permanent transfer to Al Nassr
152760,1693998038,1693998038,a,,,
152760,1698395227,1697914809,i,,0.0,Groin Injury - Expected back 25 Nov
152760,1700832134,1700832134,a,50.0,100.0,
152760,1706014880,1704502811,d,75.0,50.0,Knock - 50% chance of playing
152760,1706907193,1706907193,i,0.0,0.0,Muscle injury - Unknown return date
152760,1707907334,1707907334,a,100.0,100.0,
153127,1690810150,1690810150,a,,,
153127,1695201757,1694161219,u,0.0,0.0,Joined Standard Liège on a season-long loan deal
153133,1690810150,1690810150,a,,,
153133,1692796125,1692568806,d,,25.0,Hamstring injury - 25% chance of playing
153133,1693216941,1693216941,i,0.0,0.0,Hamstring injury - Expected back 16 Sep
153133,1695201757,1695201757,a,100.0,100.0,
153133,1704272252,1703975410,i,100.0,0.0,International Duty - Unknown return date
153133,1707224524,1707224524,i,0.0,0.0,International Duty - Expected back 17 Feb
153133,1707907334,1707907334,d,0.0,75.0,International Duty - 75% chance of playing
153133,1708597419,1708597419,a,100.0,100.0,
153256,1690810150,1690810150,a,,,
153256,1692153327,1691758806,i,0.0,0.0,Knee injury - Unknown return date
153256,1695656041,1695656041,a,100.0,100.0,
153256,1703132577,1702420208,d,25.0,25.0,Hamstring injury - 25% chance of playing
153256,1703505557,1703505557,a,25.0,100.0,
153256,1704272252,1703975409,i,100.0,0.0,International Duty - Unknown return date
153256,1706907193,1706907193,d,25.0,75.0,International Duty - 75% chance of playing
153256,1707224524,1707224524,a,75.0,100.0,
153366,1690810150,1690810150,a,,,
153366,1693998038,1693998038,a,75.0,100.0,
153366,1714725260,1714249809,d,100.0,75.0,Knock - 75% chance of playing
153366,1716086163,1716086163,a,100.0,100.0,
153682,1690810150,1690810150,a,,,
153682,1706907193,1706396409,i,0.0,0.0,Shoulder injury - Expected back 24 Feb
153682,1707907334,1707907334,a,100.0,100.0,
154296,1690810150,1690810150,a,,,
154296,1691655056,1691364606,d,,25.0,Shoulder injury - 25% chance of playing
154296,1692153327,1692153327,i,0.0,0.0,Shoulder injury - Expected back 19 Aug
154296,1692796125,1692796125,a,100.0,100.0,
154296,1700832134,1699837209,s,100.0,0.0,Suspended until 03 Dec
154296,1701358847,1701358847,a,0.0,100.0,
154296,1708597419,1708192808,s,100.0,0.0,Suspended until 09 Mar
154296,1709830677,1709830677,a,0.0,100.0,
154561,1690810150,1690810150,a,,,
154561,1700832134,1699837209,n,,0.0,Ineligible to face his parent club club on 25/11. - Expected back 02 Dec
154561,1701358847,1701358847,a,0.0,100.0,
154561,1709830677,1709514009,n,100.0,0.0,Ineligible to face his parent club on 9/3. - Expected back 31 Mar
154561,1710510981,1710510981,a,0.0,100.0,
154566,1690810150,1690810150,a,,,
154566,1696516727,1696516727,a,50.0,100.0,
155197,1690810150,1690810150,a,,,
155197,1693216941,1692972009,i,0.0,0.0,Ankle injury - Unknown return date
155197,1699560201,1699560201,i,0.0,0.0,Ankle injury - Expected back 12 Nov
155197,1700832134,1700832134,a,50.0,100.0,
155197,1706014880,1705082411,d,25.0,25.0,Muscle injury - 25% chance of playing
155197,1706907193,1706907193,d,50.0,50.0,Muscle injury - 50% chance of playing
155197,1707907334,1707907334,a,50.0,100.0,
155197,1708597419,1708302608,i,100.0,0.0,Ankle injury - Unknown return date
155197,1709830677,1709830677,i,0.0,0.0,Ankle injury - Expected back 01 Jun
155197,1716086163,1716086163,a,0.0,100.0,
155405,1690810150,1690810150,a,,,
155405,1708597419,1708192808,s,,0.0,Suspended until 02 Mar
155405,1709830677,1709830677,a,100.0,100.0,
155405,1713255760,1712788210,d,50.0,50.0,Hamstring injury - 50% chance of playing
155405,1714205884,1714205884,a,75.0,100.0,
155405,1715260525,1714944610,d,100.0,50.0,Knock - 50% chance of playing
155405,1716086163,1716086163,n,25.0,0.0,Ineligible to face his parent club on 19/5. - Expected back 20 May
155405,1716833102,1716833102,a,0.0,100.0,
155408,1690810150,1690810150,a,,,
155408,1692153327,1691875806,d,,50.0,Hip injury - 50% chance of playing
155408,1693216941,1693216941,a,50.0,100.0,
155408,1698395227,1697909407,s,100.0,0.0,Suspended until 11 Nov
155408,1699560201,1699560201,a,0.0,100.0,
155408,1703505557,1703370609,d,100.0,75.0,Groin Injury - 75% chance of playing
155408,1704272252,1704272252,a,50.0,100.0,
155529,1690810150,1690810150,a,,,
156074,1690810150,1690810150,a,,,
156074,1701695043,1701450009,i,0.0,0.0,Ankle injury - Expected back 20 Jan
156074,1704272252,1704272252,d,0.0,50.0,Ankle injury - 50% chance of playing
156074,1706014880,1706014880,d,50.0,25.0,Ankle injury - 25% chance of playing
156074,1706907193,1706907193,i,0.0,0.0,Ankle injury - Unknown return date
156074,1714205884,1713942009,i,100.0,0.0,Hamstring injury - Expected back 06 May
156074,1714725260,1714725260,d,0.0,50.0,Hamstring injury - 50% chance of playing
156074,1716086163,1716086163,d,25.0,25.0,Hamstring injury - 25% chance of playing
156658,1690810150,1690810150,a,,,
156658,1691655056,1691146804,d,,25.0,Knock - 25% chance of playing
156658,1692153327,1692153327,i,0.0,0.0,Knock - Expected back 25 Aug
156658,1693216941,1693216941,a,100.0,100.0,
156658,1698395227,1698017408,d,100.0,75.0,Knock - 75% chance of playing
156658,1698936236,1698936236,i,0.0,0.0,Hamstring injury - Unknown return date
156658,1699560201,1699560201,i,0.0,0.0,Hamstring injury - Expected back 02 Dec
156658,1701695043,1701695043,i,0.0,0.0,Hamstring injury - Unknown return date
156658,1702301755,1702301755,d,0.0,50.0,Hamstring injury - 50% chance of playing
156658,1706014880,1706014880,a,50.0,100.0,
156658,1711958921,1711828810,d,100.0,75.0,Achilles injury - 75% chance of playing
156658,1712319850,1712319850,d,50.0,50.0,Achilles injury - 50% chance of playing
156658,1712572268,1712572268,a,75.0,100.0,
156658,1716086163,1715959809,i,100.0,0.0,Achilles injury - Expected back 01 Jun
156685,1690810150,1690810150,a,,,
156685,1706014880,1705485466,u,,0.0,On loan to Southampton until the end of the season
156687,1690810150,1689065901,u,,0.0,Permanent transfer to Stoke City
156689,1690810150,1690810150,a,,,
156689,1692153327,1692153327,a,75.0,100.0,
156689,1693216941,1693083608,d,100.0,75.0,Knock - 75% chance of playing
156689,1693998038,1693998038,a,100.0,100.0,
156700,1690810150,1690810150,a,,,
158499,1690810150,1690810150,a,,,
158499,1691655056,1691364605,d,,75.0,Muscle injury - 75% chance of playing
158499,1692153327,1692153327,a,75.0,100.0,
158499,1707224524,1707141608,d,100.0,75.0,Dead leg - 75% chance of playing
158499,1707907334,1707907334,a,100.0,100.0,
158499,1711958921,1711830609,d,100.0,50.0,Knee injury - 50% chance of playing
158499,1712319850,1712319850,a,50.0,100.0,
158983,1692796125,1692796125,a,,,
158983,1704272252,1704103212,i,,0.0,International Duty - Unknown return date
158983,1707224524,1707224524,d,0.0,75.0,International Duty - 75% chance of playing
158983,1707907334,1707907334,a,100.0,100.0,
159506,1690810150,1690810150,a,,,
159506,1692796125,1692401406,d,,50.0,Groin Injury - 50% chance of playing
159506,1693216941,1693216941,a,50.0,100.0,
159506,1696516727,1696239010,d,100.0,75.0,Muscle injury - 75% chance of playing
159506,1697747162,1697747162,d,50.0,25.0,Muscle injury - 25% chance of playing
159506,1698395227,1698395227,a,25.0,100.0,
159506,1704272252,1703975410,i,100.0,0.0,International Duty - Unknown return date
159506,1707224524,1707224524,i,0.0,0.0,International Duty - Expected back 17 Feb
159506,1707907334,1707907334,d,0.0,75.0,International Duty - 75% chance of playing
159506,1708597419,1708597419,a,0.0,100.0,
159506,1709830677,1708702210,i,0.0,0.0,Knock - Unknown return date
159506,1710510981,1710510981,d,75.0,75.0,Lack of match fitness - 75% chance of playing
159506,1711958921,1711958921,a,75.0,100.0,
159533,1692153327,1692153327,a,,,
159533,1695656041,1695384009,i,0.0,0.0,Hamstring injury - Unknown return date
159533,1697747162,1697747162,i,0.0,0.0,Hamstring injury - Expected back 29 Oct
159533,1699560201,1699560201,d,75.0,75.0,Lack of match fitness - 75% chance of playing
159533,1700832134,1700832134,a,75.0,100.0,
159533,1701358847,1700863212,i,0.0,0.0,Hamstring injury - Unknown return date
159533,1702024280,1702024280,i,0.0,0.0,Hamstring injury - Expected back 16 Dec
159533,1702301755,1702301755,d,75.0,75.0,Lack of match fitness - 75% chance of playing
159533,1703132577,1703132577,d,0.0,50.0,Lack of match fitness - 50% chance of playing
159533,1703505557,1703505557,d,50.0,25.0,Lack of match fitness - 25% chance of playing
159533,1704272252,1704272252,i,0.0,0.0,Lack of match fitness - Unknown return date
159533,1706014880,1706014880,i,0.0,0.0,Hamstring injury - Expected back 30 Jan
159533,1706907193,1706907193,i,0.0,0.0,Hamstring injury - Expected back 10 Feb
159533,1707224524,1707224524,d,0.0,50.0,Hamstring injury - 50% chance of playing
159533,1707907334,1707907334,a,100.0,100.0,
160987,1690810150,1690810150,a,,,
160987,1693998038,1693645115,u,,0.0,Contract cancelled
164484,1690810150,1690810150,a,,,
164484,1706907193,1706771607,u,,0.0,Moved to Colorado Rapids on a permanent deal
164555,1690810150,1690810150,a,,,
164555,1698395227,1698273009,d,,75.0,Muscle injury - 75% chance of playing
164555,1698936236,1698936236,a,75.0,100.0,
164555,1706014880,1705885211,s,75.0,0.0,Suspended until 04 Feb
164555,1706907193,1706907193,a,0.0,100.0,
165152,1690810150,1690810150,a,,,
165152,1693998038,1693771676,u,,0.0,Released from contract
165153,1706014880,1706014880,a,,,
165153,1714725260,1714559411,i,,0.0,Hamstring injury - Expected back 01 Jun
165183,1690810150,1690810150,a,,,
165183,1696516727,1696372208,d,,75.0,Knock - 75% chance of playing
165183,1697747162,1697747162,i,0.0,0.0,Hamstring injury - Unknown return date
165183,1699560201,1699560201,i,0.0,0.0,Hamstring injury - Expected back 11 Nov
165183,1700832134,1700832134,d,0.0,50.0,Hamstring injury - 50% chance of playing
165183,1701358847,1701358847,a,100.0,100.0,
165183,1709830677,1709080211,d,75.0,75.0,Hamstring injury - 75% chance of playing
165183,1710510981,1710510981,i,0.0,0.0,Hamstring injury - Unknown return date
165183,1714205884,1714205884,i,0.0,0.0,Hamstring injury - Expected back 01 Jun
165659,1690810150,1690810150,a,,,
165659,1693998038,1693803607,d,,75.0,Knock - 75% chance of playing
165659,1695201757,1695201757,i,0.0,0.0,Hamstring injury - Unknown return date
165659,1696516727,1696516727,a,100.0,100.0,
165659,1700832134,1699581610,d,75.0,75.0,Muscle injury - 75% chance of playing
165659,1701358847,1701358847,a,75.0,100.0,
165659,1708597419,1707926408,i,0.0,0.0,Hamstring injury - Expected back 17 Mar
165659,1710510981,1710460809,d,100.0,50.0,Hamstring injury - 50% chance of playing
165659,1710953733,1710953733,a,50.0,100.0,
165809,1690810150,1690810150,a,,,
165809,1692153327,1692135006,d,,75.0,Illness - 75% chance of playing
165809,1693216941,1693216941,a,75.0,100.0,
165809,1695656041,1695200410,i,0.0,0.0,Knock - Expected back 08 Oct
165809,1696516727,1696516727,a,0.0,100.0,
165809,1707907334,1707874210,d,100.0,75.0,Knock - 75% chance of playing
165809,1708597419,1708597419,a,75.0,100.0,
166324,1690810150,1690810150,a,,,
166324,1692153327,1691751028,u,0.0,0.0,Permanent transfer to Lille
166477,1693998038,1693998038,a,,,
166989,1690810150,1690810150,a,,,
166989,1703132577,1702632609,d,75.0,75.0,Knock - 75% chance of playing
166989,1703505557,1703505557,i,0.0,0.0,Calf injury - Expected back 14 Jan
166989,1704272252,1704272252,d,0.0,50.0,Calf injury - 50% chance of playing
166989,1706014880,1706014880,a,75.0,100.0,
166989,1714725260,1714325409,d,100.0,75.0,Groin Injury - 75% chance of playing
166989,1715260525,1715260525,d,50.0,50.0,Groin Injury - 50% chance of playing
166989,1716086163,1715958008,i,75.0,0.0,Knock - Expected back 01 Jun
167074,1690810150,1690810150,a,,,
167074,1695656041,1695506408,d,,75.0,Groin Injury - 75% chance of playing
167074,1697747162,1697747162,d,0.0,50.0,Groin Injury - 50% chance of playing
167074,1698395227,1698395227,i,0.0,0.0,Groin Injury - Unknown return date
167074,1699560201,1699560201,d,75.0,75.0,Lack of match fitness - 75% chance of playing
167074,1700832134,1700832134,a,75.0,100.0,
167074,1707907334,1707496208,i,0.0,0.0,Achilles injury - Unknown return date
167074,1708597419,1708597419,a,100.0,100.0,
167199,1690810150,1690810150,a,,,
167199,1693998038,1693803607,d,,25.0,Groin Injury - 25% chance of playing
167199,1695201757,1695201757,i,0.0,0.0,Groin Injury - Expected back 21 Oct
167199,1696516727,1696516727,a,0.0,100.0,
167199,1698395227,1698235207,d,100.0,75.0,Muscle injury - 75% chance of playing
167199,1698936236,1698936236,i,0.0,0.0,Muscle injury - Expected back 11 Nov
167199,1699560201,1699560201,i,0.0,0.0,Muscle injury - Unknown return date
167199,1703505557,1703505557,i,0.0,0.0,Muscle injury - Expected back 20 Jan
167199,1706014880,1706014880,i,0.0,0.0,Muscle injury - Unknown return date
167199,1708597419,1708597419,i,0.0,0.0,Muscle injury - Expected back 04 Mar
167199,1709830677,1709830677,a,75.0,100.0,
167878,1690810150,1690810150,a,,,
167878,1693216941,1693177208,d,,75.0,Knock - 75% chance of playing
167878,1693998038,1693998038,i,0.0,0.0,Groin Injury - Unknown return date
167878,1697747162,1697747162,d,0.0,75.0,Lack of match fitness - 75% chance of playing
167878,1698395227,1698395227,a,75.0,100.0,
167878,1716086163,1715551207,d,100.0,75.0,Hamstring injury - 75% chance of playing
168035,1690810150,1690787108,u,,0.0,Season long loan to Rotherham
168035,1712319850,1712319850,a,100.0,100.0,
168090,1690810150,1690810150,a,,,
168090,1700832134,1699837209,s,,0.0,Suspended until 09 Dec
168090,1702024280,1702024280,a,0.0,100.0,
168090,1706907193,1706887729,u,100.0,0.0,Joined Stuttgart on loan for the rest of the season
168281,1690810150,1690810150,a,,,
168281,1693216941,1693083608,d,,75.0,Hamstring injury - 75% chance of playing
168281,1693998038,1693998038,a,25.0,100.0,
168281,1706907193,1706771822,u,100.0,0.0,On loan to Copenhagen on loan for the remainder of the season
168547,1690810150,1690810150,a,,,
168547,1707224524,1707071283,u,,0.0,Transferred to  Cardiff City
168636,1706907193,1706907193,a,,,
168636,1709830677,1709830677,a,75.0,100.0,
168991,1690810150,1690810150,a,,,
168991,1697747162,1696939208,d,,75.0,Knock - 75% chance of playing
168991,1698395227,1698395227,a,100.0,100.0,
168991,1707224524,1707080409,s,100.0,0.0,Suspended until 03 Mar
168991,1709830677,1709830677,a,100.0,100.0,
169187,1690810150,1690810150,a,,,
169187,1692796125,1692468007,d,,75.0,Knock - 75% chance of playing
169187,1693216941,1693216941,a,100.0,100.0,
169187,1693998038,1693803608,d,100.0,75.0,Hamstring injury - 75% chance of playing
169187,1695201757,1695201757,d,0.0,50.0,Hamstring injury - 50% chance of playing
169187,1696516727,1696516727,a,75.0,100.0,
169187,1706014880,1704816010,d,0.0,50.0,Knee injury - 50% chance of playing
169187,1706907193,1706907193,a,100.0,100.0,
169187,1707907334,1707595208,d,100.0,75.0,Knee injury - 75% chance of playing
169187,1708597419,1708597419,i,0.0,0.0,Knee injury - Expected back 02 Mar
169187,1709830677,1709830677,i,0.0,0.0,Knee injury - Expected back 31 Mar
169187,1710953733,1710953733,i,0.0,0.0,Knee injury - Expected back 07 Apr
169187,1712319850,1712319850,i,0.0,0.0,Knee injury - Expected back 21 Apr
169187,1713255760,1713255760,a,100.0,100.0,
169359,1690810150,1690810150,a,,,
169359,1698936236,1698922809,d,,25.0,Hamstring injury - 25% chance of playing
169359,1699560201,1699560201,i,0.0,0.0,Hamstring injury - Expected back 03 Feb
169359,1706907193,1706907193,i,0.0,0.0,Hamstring injury - Expected back 24 Feb
169359,1708597419,1708597419,i,0.0,0.0,Hamstring injury - Expected back 02 Mar
169359,1709830677,1709830677,d,25.0,50.0,Lack of match fitness - 50% chance of playing
169359,1710510981,1710510981,a,50.0,100.0,
169359,1712319850,1711983609,d,25.0,25.0,Achilles injury - 25% chance of playing
169359,1712572268,1712572268,i,0.0,0.0,Achilles injury - Unknown return date
169359,1714205884,1714205884,i,0.0,0.0,Achilles injury - Expected back 01 Jun
169432,1690810150,1690810150,a,,,
169432,1691655056,1691364606,d,,50.0,Foot injury - 50% chance of playing
169432,1692796125,1692796125,d,75.0,75.0,Lack of match fitness - 75% chance of playing
169432,1693216941,1693216941,a,75.0,100.0,
169432,1695201757,1694894408,s,100.0,0.0,Suspended until 30 Sep
169432,1695656041,1695656041,a,0.0,100.0,
169432,1698395227,1698017408,d,100.0,25.0,Groin Injury - 25% chance of playing
169432,1699560201,1699560201,i,0.0,0.0,Groin Injury - Expected back 12 Nov
169432,1700832134,1700832134,a,50.0,100.0,
169432,1701695043,1701540010,s,100.0,0.0,Suspended until 16 Dec
169432,1702301755,1702301755,a,0.0,100.0,
169432,1707224524,1707141609,d,100.0,75.0,Calf injury - 75% chance of playing
169432,1708597419,1708597419,a,75.0,100.0,
169432,1714205884,1713999609,i,100.0,0.0,Groin Injury - Expected back 01 Jun
169432,1716086163,1716086163,d,0.0,50.0,Groin Injury - 50% chance of playing
169432,1716833102,1716833102,a,100.0,100.0,
169528,1690810150,1690810150,a,,,
169528,1695201757,1694894407,d,,75.0,Muscle injury - 75% chance of playing
169528,1695656041,1695656041,a,75.0,100.0,
169593,1690810150,1690810150,a,,,
170137,1690810150,1690810150,a,,,
170137,1691655056,1690883412,u,,0.0,Permanent move to Al Ahli
171101,1693998038,1693998038,a,,,
171101,1713255760,1712759410,d,75.0,75.0,Knock - 75% chance of playing
171101,1714205884,1714205884,a,100.0,100.0,
171287,1690810150,1690810150,a,,,
171287,1700832134,1699837209,d,,75.0,Knock - 75% chance of playing
171287,1701358847,1701358847,a,100.0,100.0,
171314,1690810150,1690810150,a,,,
171314,1703826734,1703755809,d,,75.0,Illness - 75% chance of playing
171314,1704272252,1704272252,a,75.0,100.0,
172567,1690810150,1690810150,a,,,
172567,1698936236,1698521408,s,,0.0,Suspended until 11 Nov
172567,1699560201,1699560201,a,0.0,100.0,
172567,1702024280,1701707409,i,0.0,0.0,Knock - Unknown return date
172567,1703132577,1703132577,a,0.0,100.0,
172632,1690810150,1690810150,a,,,
172632,1695201757,1694161172,u,0.0,0.0,Permanent transfer to Al-Ettifaq
172649,1690810150,1690810150,a,,,
172649,1692153327,1692153327,a,0.0,100.0,
172649,1696516727,1695805209,i,0.0,0.0,Thigh injury - Unknown return date
172649,1703132577,1703132577,a,50.0,100.0,
172780,1690810150,1690810150,a,,,
172780,1692796125,1692486006,d,,75.0,Knock - 75% chance of playing
172780,1693216941,1693216941,a,75.0,100.0,
172780,1699560201,1699313410,d,100.0,75.0,Knock - 75% chance of playing
172780,1700832134,1700832134,i,0.0,0.0,Ankle injury - Expected back 14 Jan
172780,1706014880,1706014880,d,0.0,50.0,Ankle injury - 50% chance of playing
172780,1706907193,1706907193,a,100.0,100.0,
172782,1690810150,1690810150,a,,,
172782,1709830677,1709830677,a,0.0,100.0,
172841,1690810150,1690810150,a,,,
172841,1706014880,1705453210,s,,0.0,Suspended until 11 Feb
172841,1707224524,1707072846,u,0.0,0.0,Season-long loan to Lyon
172850,1690810150,1690810150,a,,,
172850,1696516727,1695871809,i,0.0,0.0,Hamstring injury - Unknown return date
172850,1703505557,1703505557,i,0.0,0.0,Hamstring injury - Expected back 13 Jan
172850,1704272252,1704272252,d,0.0,50.0,Hamstring injury - 50% chance of playing
172850,1706014880,1706014880,a,100.0,100.0,
172850,1709830677,1709818208,i,100.0,0.0,Knee injury - Unknown return date
172850,1710953733,1710953733,a,100.0,100.0,
172850,1711958921,1711643408,d,75.0,75.0,Knock - 75% chance of playing
172850,1712319850,1712319850,d,75.0,75.0,Illness - 75% chance of playing
172850,1713255760,1713255760,a,75.0,100.0,
172850,1714205884,1713942009,d,100.0,25.0,Knee injury - 25% chance of playing
172850,1716086163,1716086163,a,25.0,100.0,
172912,1693998038,1693998038,a,,,
172912,1695201757,1694199608,d,0.0,50.0,Knock - 50% chance of playing
172912,1695656041,1695656041,a,50.0,100.0,
172912,1697747162,1697666411,d,100.0,75.0,Knock - 75% chance of playing
172912,1698395227,1698395227,a,100.0,100.0,
172912,1703826734,1703638811,d,100.0,75.0,Knock - 75% chance of playing
172912,1704272252,1703975411,i,25.0,0.0,International Duty - Unknown return date
172912,1706907193,1706907193,d,0.0,75.0,International Duty - 75% chance of playing
172912,1707224524,1707224524,a,75.0,100.0,
173268,1706907193,1706664615,i,,0.0,Concussion - Expected back 10 Feb
173268,1707224524,1707224524,d,0.0,75.0,Concussion - 75% chance of playing
173268,1708597419,1708597419,a,100.0,100.0,
173399,1690810150,1690810150,a,,,
173399,1693216941,1693209492,u,,0.0,Transferred to Basel
173807,1692796125,1692796125,a,,,
173807,1693998038,1693503009,d,50.0,50.0,Lack of match fitness - 50% chance of playing
173807,1695201757,1695201757,a,75.0,100.0,
173807,1697747162,1696590010,i,75.0,0.0,Thigh injury - Unknown return date
173807,1703826734,1703826734,i,0.0,0.0,Thigh injury - Expected back 21 Jan
173807,1704272252,1704272252,d,0.0,50.0,Thigh injury - 50% chance of playing
173807,1706907193,1706907193,d,50.0,50.0,Lack of match fitness - 50% chance of playing
173807,1707224524,1707224524,a,50.0,100.0,
173807,1711958921,1711832410,i,100.0,0.0,Hamstring injury - Expected back 27 Apr
173807,1714205884,1714205884,d,25.0,50.0,Lack of match fitness - 50% chance of playing
173807,1715260525,1715260525,d,25.0,25.0,Lack of match fitness - 25% chance of playing
173904,1690810150,1690810150,a,,,
173904,1695201757,1694101857,u,0.0,0.0,Permanent transfer to Galatasaray
173954,1690810150,1690810150,a,,,
173954,1696516727,1696516727,a,75.0,100.0,
174310,1690810150,1690810150,a,,,
174310,1708597419,1708473609,d,,75.0,Hamstring injury - 75% chance of playing
174310,1709830677,1709830677,i,0.0,0.0,Hamstring injury - Unknown return date
174310,1710510981,1710510981,d,25.0,25.0,Hamstring injury - 25% chance of playing
174310,1710953733,1710953733,i,0.0,0.0,Hamstring injury - Unknown return date
174310,1711958921,1711958921,i,0.0,0.0,Hamstring injury - Expected back 19 May
174310,1713255760,1713255760,i,0.0,0.0,Hamstring injury - Expected back 27 Apr
174310,1714205884,1714205884,i,0.0,0.0,Hamstring injury - Expected back 03 May
174310,1714725260,1714725260,a,0.0,100.0,
174595,1690810150,1690810150,a,,,
174595,1693998038,1693579637,u,0.0,0.0,Season-long loan to Exeter City
174874,1690810150,1690810150,a,,,
174932,1690810150,1690810150,a,,,
174932,1692796125,1692606460,u,,0.0,Permanent transfer to Valencia
175941,1690810150,1690810150,a,,,
175941,1692153327,1691769609,i,0.0,0.0,Ankle injury - Unknown return date
175941,1708597419,1708597419,a,100.0,100.0,
176297,1690810150,1690810150,a,,,
176297,1699560201,1699560201,a,,100.0,
176297,1709830677,1709744409,d,100.0,75.0,Knock - 75% chance of playing
176297,1710510981,1710510981,a,100.0,100.0,
176297,1712572268,1712536209,d,100.0,75.0,Knock - 75% chance of playing
176297,1713255760,1713255760,a,75.0,100.0,
176297,1714205884,1713999609,d,100.0,25.0,Knock - 25% chance of playing
176297,1716086163,1716086163,a,75.0,100.0,
176413,1690810150,1689321833,u,,0.0,Permanent transfer to AC Milan
177815,1690810150,1690810150,a,,,
177815,1692153327,1691672406,d,75.0,75.0,Lack of match fitness - 75% chance of playing
177815,1692796125,1692568806,d,100.0,50.0,Facial Injury - 50% chance of playing
177815,1693216941,1693216941,i,0.0,0.0,Facial Injury - Unknown return date
177815,1693998038,1693998038,d,50.0,50.0,Facial Injury - 50% chance of playing
177815,1695201757,1695201757,a,100.0,100.0,
177815,1701695043,1701387008,d,75.0,75.0,Muscle injury - 75% chance of playing
177815,1702024280,1702024280,a,75.0,100.0,
177815,1713255760,1712883609,d,75.0,75.0,Hamstring injury - 75% chance of playing
177815,1714205884,1714064409,d,75.0,75.0,Illness - 75% chance of playing
177815,1715260525,1715260525,a,75.0,100.0,
178186,1690810150,1690810150,a,,,
178186,1695656041,1695656041,a,75.0,100.0,
178186,1700832134,1700433009,d,100.0,75.0,Knee injury - 75% chance of playing
178186,1701358847,1701358847,d,50.0,50.0,Knee injury - 50% chance of playing
178186,1701695043,1701695043,a,50.0,100.0,
178186,1712572268,1712435409,d,100.0,75.0,Hip injury - 75% chance of playing
178186,1713255760,1713255760,d,25.0,25.0,Hip injury - 25% chance of playing
178186,1714205884,1713769209,d,100.0,75.0,Back injury - 75% chance of playing
178186,1714725260,1714725260,a,75.0,100.0,
178301,1690810150,1690810150,a,,,
178301,1701695043,1701695043,a,50.0,100.0,
178301,1710510981,1710459009,d,100.0,75.0,Gashed Leg - 75% chance of playing
178301,1710953733,1710953733,a,75.0,100.0,
178301,1711958921,1711830609,d,100.0,75.0,Hamstring injury - 75% chance of playing
178301,1712319850,1712319850,d,0.0,50.0,Hamstring injury - 50% chance of playing
178301,1712572268,1712572268,a,75.0,100.0,
179018,1690810150,1690810150,a,,,
179018,1700832134,1699754410,d,,75.0,Hamstring injury - 75% chance of playing
179018,1701358847,1701358847,a,75.0,100.0,
179018,1711958921,1711825210,d,100.0,75.0,Knee injury - 75% chance of playing
179018,1712319850,1712319850,i,50.0,0.0,Knee injury - Expected back 04 May
179018,1714725260,1714725260,d,0.0,50.0,Knee injury - 50% chance of playing
179018,1715260525,1715260525,a,75.0,100.0,
179268,1690810150,1690810150,a,,,
179268,1695201757,1694982607,d,,75.0,Illness - 75% chance of playing
179268,1695656041,1695656041,a,100.0,100.0,
179268,1701358847,1700944209,s,100.0,0.0,Suspended until 06 Dec
179268,1701695043,1701695043,a,0.0,100.0,
179268,1702301755,1702249210,d,100.0,75.0,Ankle injury - 75% chance of playing
179268,1703132577,1703132577,i,0.0,0.0,Ankle injury - Expected back 09 Mar
179268,1709830677,1709830677,a,75.0,100.0,
179458,1690810150,1690810150,a,,,
179519,1690810150,1690810150,a,,,
179519,1693216941,1693083608,d,,75.0,Knock - 75% chance of playing
179519,1693998038,1693998038,a,0.0,100.0,
179519,1707224524,1707072636,u,100.0,0.0,Season-long loan to Olympique Lyonnais
180135,1690810150,1690810150,a,,,
180135,1700832134,1700568010,d,,75.0,Ankle injury - 75% chance of playing
180135,1701695043,1701695043,d,25.0,25.0,Ankle injury - 25% chance of playing
180135,1702301755,1702301755,a,25.0,100.0,
180151,1690810150,1690810150,a,,,
180151,1692153327,1691675458,u,0.0,0.0,Permanent transfer to Torino
180184,1690810150,1690810150,a,,,
180184,1704272252,1704189801,u,,0.0,On loan to Eintracht Frankfurt until the end of the season
180736,1690810150,1690810150,a,,,
180736,1692153327,1691769608,i,0.0,0.0,Knock - Unknown return date
180736,1693216941,1693216941,i,0.0,0.0,Hamstring injury - Unknown return date
180736,1695656041,1695656041,i,0.0,0.0,Hamstring injury - Expected back 07 Oct
180736,1696516727,1696516727,d,0.0,50.0,Hamstring injury - 50% chance of playing
180736,1697747162,1697747162,d,25.0,25.0,Hamstring injury - 25% chance of playing
180736,1698395227,1698395227,i,0.0,0.0,Hamstring injury - Unknown return date
180736,1706014880,1706014880,d,25.0,50.0,Lack of match fitness - 50% chance of playing
180736,1707907334,1707907334,a,50.0,100.0,
180736,1711958921,1711643408,d,25.0,25.0,Knock - 25% chance of playing
180736,1712319850,1712319850,a,75.0,100.0,
180974,1690810150,1690810150,a,,,
180974,1692796125,1692568807,d,,75.0,Knock - 75% chance of playing
180974,1693216941,1693216941,a,100.0,100.0,
180974,1695201757,1694894408,i,100.0,0.0,Knee injury - Expected back 08 Oct
180974,1696516727,1696114809,d,100.0,50.0,Hamstring injury - 50% chance of playing
180974,1698395227,1698395227,a,75.0,100.0,
180974,1703132577,1702753209,d,100.0,50.0,Hamstring injury - 50% chance of playing
180974,1703826734,1703826734,a,50.0,100.0,
180974,1706014880,1704580210,i,0.0,0.0,Thigh injury - Expected back 24 Feb
180974,1706907193,1706907193,i,0.0,0.0,Thigh injury - Expected back 04 May
180974,1713255760,1713255760,i,0.0,0.0,Thigh injury - Expected back 19 May
180974,1715260525,1715260525,a,75.0,100.0,
181284,1690810150,1690810150,a,,,
181284,1693998038,1693472077,u,0.0,0.0,Season-long loan to Benfica
183656,1690810150,1690810150,a,,,
183656,1691655056,1691364605,d,,75.0,Knock - 75% chance of playing
183656,1692153327,1692153327,a,100.0,100.0,
183656,1692796125,1692468007,d,100.0,75.0,Hamstring injury - 75% chance of playing
183656,1693216941,1693216941,i,0.0,0.0,Hamstring injury - Unknown return date
183656,1698395227,1698395227,i,0.0,0.0,Hamstring injury - Expected back 25 Nov
183656,1700832134,1700832134,d,0.0,50.0,Hamstring injury - 50% chance of playing
183656,1701695043,1701695043,i,0.0,0.0,Hamstring injury - Expected back 06 Dec
183656,1702024280,1702024280,i,0.0,0.0,Hamstring injury - Expected back 17 Dec
183656,1702301755,1702301755,i,0.0,0.0,Hamstring injury - Expected back 27 Dec
183656,1703132577,1703132577,i,0.0,0.0,Hamstring injury - Expected back 20 Jan
183656,1704272252,1704272252,d,0.0,50.0,Hamstring injury - 50% chance of playing
183656,1706014880,1706014880,a,100.0,100.0,
183656,1707907334,1707408008,i,0.0,0.0,Knee injury - Unknown return date
183656,1711958921,1711958921,i,0.0,0.0,Knee injury - Expected back 01 Jun
183751,1690810150,1690810150,a,,,
183751,1696516727,1695805208,d,25.0,25.0,Knock - 25% chance of playing
183751,1697747162,1697747162,d,25.0,50.0,Knock - 50% chance of playing
183751,1698395227,1698395227,d,50.0,25.0,Knock - 25% chance of playing
183751,1699560201,1699560201,d,25.0,25.0,Lack of match fitness - 25% chance of playing
183751,1700832134,1700832134,d,25.0,75.0,Lack of match fitness - 75% chance of playing
183751,1702301755,1702301755,a,100.0,100.0,
184029,1690810150,1690810150,a,,,
184029,1699560201,1699131608,d,,75.0,Hip injury - 75% chance of playing
184029,1701358847,1701358847,a,75.0,100.0,
184029,1713255760,1713169809,d,100.0,75.0,Knock - 75% chance of playing
184029,1714205884,1714205884,a,100.0,100.0,
184254,1690810150,1690810150,a,,,
184341,1690810150,1690810150,a,,,
184341,1692796125,1692734406,i,,0.0,Knock - Expected back 16 Sep
184341,1695201757,1695201757,d,0.0,50.0,Knock - 50% chance of playing
184341,1696516727,1696516727,a,100.0,100.0,
184341,1701358847,1701036010,d,100.0,50.0,Calf injury - 50% chance of playing
184341,1702024280,1702024280,d,25.0,25.0,Calf injury - 25% chance of playing
184341,1703505557,1703505557,i,25.0,0.0,Calf injury - Expected back 14 Jan
184341,1704272252,1704272252,d,0.0,50.0,Calf injury - 50% chance of playing
184341,1706907193,1706907193,d,25.0,25.0,Calf injury - 25% chance of playing
184341,1707907334,1707907334,i,0.0,0.0,Calf injury - Unknown return date
184341,1710510981,1710510981,i,0.0,0.0,Calf injury - Expected back 30 Mar
184341,1710953733,1710953733,a,75.0,100.0,
184341,1716086163,1715349610,d,25.0,50.0,Knock - 50% chance of playing
184349,1690810150,1689121804,d,,25.0,Hamstring injury - 25% chance of playing
184349,1692153327,1692153327,i,0.0,0.0,Hamstring injury - Unknown return date
184349,1706014880,1706014880,a,100.0,100.0,
184349,1706907193,1706203810,i,0.0,0.0,Hamstring injury - Unknown return date
184349,1709830677,1709830677,i,0.0,0.0,Hamstring injury - Expected back 01 Jun
184667,1690810150,1690810150,a,,,
184667,1699560201,1699560201,a,75.0,100.0,
184667,1702301755,1702054810,i,0.0,0.0,Knock - Unknown return date
184667,1703132577,1703132577,d,50.0,50.0,Knock - 50% chance of playing
184667,1703505557,1703505557,i,50.0,0.0,Groin Injury - Expected back 01 Feb
184667,1706907193,1706907193,d,25.0,75.0,Lack of match fitness - 75% chance of playing
184667,1707224524,1707224524,a,75.0,100.0,
184667,1711958921,1711873808,d,100.0,75.0,Hamstring injury - 75% chance of playing
184667,1712319850,1712319850,i,50.0,0.0,Hamstring injury - Expected back 04 May
184667,1714725260,1714725260,i,0.0,0.0,Hamstring injury - Expected back 12 May
184667,1716086163,1716086163,d,25.0,50.0,Lack of match fitness - 50% chance of playing
184704,1690810150,1690810150,a,,,
184704,1701358847,1700946010,d,,75.0,Knee injury - 75% chance of playing
184704,1701695043,1701695043,d,50.0,50.0,Knee injury - 50% chance of playing
184704,1702024280,1702024280,d,25.0,25.0,Knee injury - 25% chance of playing
184704,1702301755,1702236609,s,75.0,0.0,Suspended until 23 Dec
184704,1703132577,1703132577,a,0.0,100.0,
184704,1703826734,1703635210,d,100.0,75.0,Knee injury - 75% chance of playing
184704,1704272252,1704272252,i,0.0,0.0,Knee injury - Unknown return date
184704,1709830677,1709830677,i,0.0,0.0,Knee injury - Expected back 19 May
184704,1714205884,1714205884,i,0.0,0.0,Knee injury - Expected back 01 Jun
184754,1690810150,1690810150,a,,,
184754,1693216941,1693083609,d,,75.0,Hamstring injury - 75% chance of playing
184754,1693998038,1693998038,a,75.0,100.0,
184754,1703826734,1703755810,d,100.0,75.0,Back injury - 75% chance of playing
184754,1704272252,1703975410,i,100.0,0.0,International Duty - Unknown return date
184754,1707907334,1707595209,d,100.0,75.0,Calf injury - 75% chance of playing
184754,1708597419,1708597419,a,100.0,100.0,
184754,1709830677,1709164810,i,0.0,0.0,Hamstring injury - Unknown return date
184754,1710510981,1710510981,i,0.0,0.0,Hamstring injury - Expected back 13 Apr
184754,1710953733,1710953733,i,0.0,0.0,Hamstring injury - Expected back 20 Apr
184754,1712572268,1712572268,d,50.0,75.0,Lack of match fitness - 75% chance of playing
184754,1713255760,1713255760,a,100.0,100.0,
185253,1690810150,1690810150,a,,,
185253,1692796125,1692606664,u,,0.0,Season long loan to Olympiacos
189776,1690810150,1690810150,a,,,
189776,1695201757,1695033366,u,,0.0,Has joined Kasimpasa S.K. on loan
191866,1690810150,1690810150,a,,,
191866,1695201757,1695042008,d,,75.0,Knock - 75% chance of playing
191866,1695656041,1695656041,a,100.0,100.0,
191866,1701695043,1701541808,d,100.0,50.0,Foot injury - 50% chance of playing
191866,1702024280,1702024280,i,0.0,0.0,Foot injury - Expected back 20 Jan
191866,1704272252,1704272252,d,0.0,50.0,Foot injury - 50% chance of playing
191866,1706014880,1706014880,a,50.0,100.0,
191866,1713255760,1713049209,d,100.0,75.0,Calf injury - 75% chance of playing
191866,1714205884,1714205884,a,100.0,100.0,
191866,1715260525,1714946408,d,100.0,75.0,Facial Injury - 75% chance of playing
191866,1716086163,1716086163,a,75.0,100.0,
192290,1690810150,1690810150,a,,,
192290,1698395227,1697909408,s,,0.0,Suspended until 04 Nov
192290,1698936236,1698936236,a,0.0,100.0,
192290,1707224524,1707071471,u,100.0,0.0,Season-long loan to Leeds United
192895,1690810150,1690810150,a,,,
192895,1693998038,1693295220,u,0.0,0.0,Season long loan to Real Sociedad
193195,1690810150,1690810150,a,,,
193195,1693998038,1693582444,u,0.0,0.0,Season-long loan to Millwall
194010,1690810150,1690810150,a,,,
194010,1691655056,1691364605,d,,75.0,Knock - 75% chance of playing
194010,1692153327,1692153327,a,100.0,100.0,
194010,1695201757,1694894407,i,100.0,0.0,Knee injury - Expected back 01 Jun
194164,1690810150,1690810150,a,,,
194164,1693216941,1693209413,u,,0.0,Season-long loan to Southampton
194164,1707224524,1707224524,a,0.0,100.0,
194164,1708597419,1708302608,s,100.0,0.0,Suspended until 16 Mar
194164,1709830677,1709830677,s,0.0,0.0,Suspended until 30 Mar
194164,1710510981,1710510981,a,0.0,100.0,
194164,1715260525,1714845609,n,100.0,0.0,Ineligible to face his parent club on 11/5. - Expected back 19 May
194164,1716086163,1716086163,a,0.0,100.0,
194634,1690810150,1690810150,a,,,
194634,1696516727,1696114809,s,,0.0,Suspended until 21 Oct
194634,1697747162,1697747162,a,0.0,100.0,
194634,1701358847,1700938810,i,100.0,0.0,Muscle injury - Unknown return date
194634,1703132577,1703132577,d,0.0,25.0,Lack of match fitness - 25% chance of playing
194634,1703826734,1703826734,a,25.0,100.0,
194634,1708597419,1708443009,i,100.0,0.0,Knee injury - Unknown return date
194634,1710953733,1710953733,i,0.0,0.0,Knee injury - Expected back 07 Apr
194634,1712319850,1712319850,i,0.0,0.0,Knee injury - Expected back 21 Apr
194634,1713255760,1713255760,a,100.0,100.0,
194634,1714205884,1713942010,i,100.0,0.0,Hip injury - Expected back 05 May
194634,1714725260,1714725260,d,0.0,50.0,Hip injury - 50% chance of playing
194634,1716086163,1716086163,d,50.0,75.0,Hip injury - 75% chance of playing
194634,1716833102,1716833102,a,75.0,100.0,
194799,1690810150,1690532782,u,,0.0,Joined Watford on a season long loan
195473,1690810150,1690810150,a,,,
195473,1691655056,1691364606,d,,25.0,Lack of match fitness - 25% chance of playing
195473,1692796125,1692796125,i,0.0,0.0,Lack of match fitness - Unknown return date
195473,1696516727,1696516727,a,75.0,100.0,
195473,1699560201,1699126209,d,100.0,75.0,Knee injury - 75% chance of playing
195473,1700832134,1700832134,i,0.0,0.0,Knee injury - Unknown return date
195473,1702024280,1702024280,d,50.0,50.0,Lack of match fitness - 50% chance of playing
195473,1703826734,1703826734,a,50.0,100.0,
195473,1706014880,1705885210,s,100.0,0.0,Suspended until 10 Feb
195473,1707224524,1707224524,a,0.0,100.0,
195473,1709830677,1709746209,i,100.0,0.0,Hamstring injury - Expected back 01 Jun
195473,1714205884,1714205884,d,25.0,25.0,Lack of match fitness - 25% chance of playing
195473,1715260525,1715260525,a,25.0,100.0,
195546,1690810150,1690810150,a,,,
195546,1692153327,1691665206,i,0.0,0.0,Knee injury - Expected back 10 Feb
195546,1706907193,1706907193,i,0.0,0.0,Knee injury - Expected back 13 Apr
195546,1708597419,1708597419,i,0.0,0.0,Knee injury - Expected back 01 Jun
195735,1690810150,1690810150,a,,,
195735,1695201757,1694441631,u,0.0,0.0,Permanent move to Trabzonspor
195851,1690810150,1690810150,a,,,
195851,1696516727,1696516727,a,100.0,100.0,
195851,1712572268,1712536209,d,100.0,75.0,Knock - 75% chance of playing
195851,1713255760,1713255760,d,25.0,25.0,Knock - 25% chance of playing
195851,1714205884,1714205884,a,75.0,100.0,
195851,1714725260,1714249809,d,100.0,75.0,Knee injury - 75% chance of playing
195851,1716086163,1716086163,a,75.0,100.0,
195899,1690810150,1690810150,a,,,
195899,1691655056,1691570310,u,,0.0,Permanent transfer to Atalanta BC
196100,1692153327,1692153327,a,,,
196100,1696516727,1696516727,a,75.0,100.0,
196100,1699560201,1699126210,d,100.0,75.0,Muscle injury - 75% chance of playing
196100,1700832134,1700832134,a,75.0,100.0,
196100,1703826734,1703615410,s,100.0,0.0,Suspended until 21 Jan
196100,1704272252,1704272252,a,0.0,100.0,
196100,1707907334,1707597009,d,100.0,75.0,Dead leg - 75% chance of playing
196100,1708597419,1708597419,a,75.0,100.0,
197365,1690810150,1690810150,a,,,
197365,1693998038,1693992284,u,,0.0,Permanent transfer to Süper Lig club Beşiktaş
197464,1690810150,1690810150,a,,,
197464,1693998038,1693552995,u,0.0,0.0,Loaned to Celtic - expected back January
198826,1690810150,1690810150,a,,,
198869,1690810150,1690810150,a,,,
198869,1700832134,1699754409,d,,75.0,Muscle injury - 75% chance of playing
198869,1701358847,1701358847,a,75.0,100.0,
199056,1690810150,1690810150,a,,,
199056,1691655056,1691146804,d,,25.0,Knee injury - 25% chance of playing
199056,1692153327,1692153327,i,0.0,0.0,Knee injury - Expected back 25 Aug
199056,1693216941,1693216941,i,0.0,0.0,Knee injury - Expected back 16 Sep
199056,1695201757,1695201757,i,0.0,0.0,Knee injury - Expected back 21 Oct
199056,1697747162,1697747162,d,0.0,50.0,Knee injury - 50% chance of playing
199056,1698395227,1698395227,a,100.0,100.0,
199056,1709830677,1709310610,i,0.0,0.0,Muscle injury - Unknown return date
199056,1710510981,1710510981,d,75.0,25.0,Knee injury - 25% chance of playing
199056,1710953733,1710953733,d,0.0,50.0,Knee injury - 50% chance of playing
199056,1711958921,1711958921,i,0.0,0.0,Knee injury - Expected back 06 Apr
199056,1712319850,1712319850,i,0.0,0.0,Knee injury - Unknown return date
199056,1714205884,1714205884,a,0.0,100.0,
199170,1690810150,1690810150,a,,,
199170,1691655056,1691364606,d,,25.0,Arm injury - 25% chance of playing
199170,1692153327,1692153327,a,25.0,100.0,
199170,1696516727,1696188609,s,100.0,0.0,Suspended until 21 Oct
199170,1697747162,1697747162,a,0.0,100.0,
199170,1704272252,1703975410,i,100.0,0.0,International Duty - Unknown return date
199170,1706907193,1706907193,d,0.0,75.0,International Duty - 75% chance of playing
199170,1707224524,1707224524,a,75.0,100.0,
199249,1690810150,1690810150,a,,,
199249,1696516727,1695994209,i,0.0,0.0,Knock - Expected back 21 Oct
199249,1697747162,1697747162,d,0.0,75.0,Knock - 75% chance of playing
199249,1698395227,1698395227,a,100.0,100.0,
199249,1704272252,1703952010,n,100.0,0.0,Ineligible to face his parent club on 14/1. - Expected back 01 Feb
199249,1706014880,1705764610,n,100.0,0.0,Ineligible to face his parent club on 31/1. - Expected back 05 Feb
199249,1706907193,1706907193,a,0.0,100.0,
199249,1710510981,1710027009,d,100.0,75.0,Hamstring injury - 75% chance of playing
199249,1710953733,1710953733,s,75.0,0.0,Suspended until 03 Apr
199249,1711958921,1711958921,a,0.0,100.0,
199584,1690810150,1690810150,a,,,
199584,1693998038,1693582383,u,0.0,0.0,Season-long loan to Augsburg
199598,1690810150,1689842384,u,,0.0,Permanent transfer to Leeds Utd
199670,1690810150,1690810150,a,,,
199670,1695656041,1695578407,d,,75.0,Hamstring injury - 75% chance of playing
199670,1696516727,1696516727,d,0.0,50.0,Hamstring injury - 50% chance of playing
199670,1697747162,1697747162,a,100.0,100.0,
199670,1702301755,1702139409,d,100.0,75.0,Knee injury - 75% chance of playing
199670,1703132577,1703132577,i,0.0,0.0,Knee injury - Unknown return date
199670,1703826734,1703826734,d,25.0,25.0,Knee injury - 25% chance of playing
199670,1704272252,1704272252,a,50.0,100.0,
199670,1711958921,1711771209,i,0.0,0.0,Knee injury - Expected back 14 Apr
199670,1712319850,1712319850,a,0.0,100.0,
199796,1690810150,1690810150,a,,,
199796,1699560201,1699560201,a,,100.0,
199796,1700832134,1700650809,d,100.0,75.0,Knock - 75% chance of playing
199796,1701358847,1701358847,a,75.0,100.0,
199796,1703505557,1703287810,s,100.0,0.0,Suspended until 30 Dec
199796,1703826734,1703826734,a,0.0,100.0,
199796,1711958921,1711506610,i,0.0,0.0,Hamstring injury - Expected back 21 Apr
199796,1713255760,1713255760,d,75.0,75.0,Lack of match fitness - 75% chance of playing
199796,1714205884,1714205884,a,100.0,100.0,
199796,1716086163,1715644808,i,100.0,0.0,Calf injury - Expected back 01 Jun
199798,1690810150,1690810150,a,,,
199798,1707224524,1707175808,d,,50.0,Knee injury - 50% chance of playing
199798,1707907334,1707907334,i,0.0,0.0,Knee injury - Expected back 02 Mar
199798,1709830677,1709830677,a,100.0,100.0,
200089,1690810150,1690810150,a,,,
200089,1691655056,1691364606,d,,25.0,Hamstring injury - 25% chance of playing
200089,1692153327,1692153327,i,0.0,0.0,Hamstring injury - Expected back 17 Sep
200089,1695201757,1695201757,i,0.0,0.0,Achilles injury - Expected back 21 Oct
200089,1697747162,1697747162,d,0.0,50.0,Achilles injury - 50% chance of playing
200089,1698395227,1698395227,a,25.0,100.0,
200089,1701358847,1700944210,d,100.0,25.0,Achilles injury - 25% chance of playing
200089,1703132577,1703132577,i,0.0,0.0,Achilles injury - Expected back 13 Jan
200089,1706014880,1706014880,i,0.0,0.0,Achilles injury - Unknown return date
200089,1706907193,1706907193,d,0.0,50.0,Lack of match fitness - 50% chance of playing
200089,1707907334,1707907334,i,0.0,0.0,Lack of match fitness - Expected back 24 Feb
200089,1708597419,1708597419,d,50.0,50.0,Lack of match fitness - 50% chance of playing
200089,1709830677,1709830677,a,100.0,100.0,
200089,1712572268,1712435409,d,100.0,75.0,Achilles injury - 75% chance of playing
200089,1713255760,1713255760,d,25.0,25.0,Achilles injury - 25% chance of playing
200089,1714205884,1714205884,i,25.0,0.0,Achilles injury - Expected back 01 Jun
200402,1690810150,1690810150,a,,,
200402,1697747162,1697716810,s,,0.0,Suspended until 28 Oct
200402,1698395227,1698395227,a,0.0,100.0,
200402,1700832134,1700146810,d,100.0,75.0,Foot injury - 75% chance of playing
200402,1701358847,1701358847,a,75.0,100.0,
200402,1716833102,1716141608,s,100.0,0.0,Suspended until 07 Sep
200600,1690810150,1690810150,a,,,
200600,1693998038,1693992463,u,,0.0,On loan to Olympiakos
200641,1690810150,1690810150,a,,,
200641,1691655056,1691422206,d,,75.0,Foot injury - 75% chance of playing
200641,1692153327,1692153327,a,100.0,100.0,
200720,1690810150,1690810150,a,,,
200785,1692796125,1692796125,a,,,
200785,1693216941,1692961207,i,0.0,0.0,Hamstring injury - Unknown return date
200785,1706014880,1696494610,i,0.0,0.0,Hamstring injury - Expected back 02 Mar
200785,1709830677,1709830677,i,0.0,0.0,Lack of match fitness - Expected back 30 Mar
200785,1710510981,1710510981,a,75.0,100.0,
200785,1712572268,1712435410,d,100.0,75.0,Back injury - 75% chance of playing
200785,1713255760,1713255760,i,0.0,0.0,Back injury - Expected back 21 Apr
200785,1714205884,1714205884,i,50.0,0.0,Back injury - Unknown return date
200785,1716086163,1716086163,a,100.0,100.0,
200826,1690810150,1690810150,a,,,
200826,1693998038,1693573209,i,0.0,0.0,Thigh injury - Expected back 16 Sep
200826,1695201757,1695201757,d,0.0,50.0,Thigh injury - 50% chance of playing
200826,1695656041,1695656041,i,0.0,0.0,Thigh injury - Expected back 23 Oct
200826,1697747162,1697747162,a,75.0,100.0,
200826,1703132577,1702569610,d,0.0,50.0,Knock - 50% chance of playing
200826,1703505557,1703505557,a,50.0,100.0,
200826,1706014880,1704580211,i,0.0,0.0,Muscle injury - Unknown return date
200826,1707907334,1707907334,d,75.0,75.0,Lack of match fitness - 75% chance of playing
200826,1708597419,1708597419,a,100.0,100.0,
200826,1716086163,1715958009,d,100.0,75.0,Knock - 75% chance of playing
201057,1690810150,1690810150,a,,,
201057,1706014880,1704635140,u,0.0,0.0,On loan to Monaco until the end of the season
201410,1690810150,1690810150,a,,,
201440,1690810150,1690810150,a,,,
201440,1693998038,1693771968,u,,0.0,Season-long loan to Norwich City
201658,1690810150,1690385404,d,,25.0,Knock - 25% chance of playing
201658,1692153327,1692153327,i,0.0,0.0,Knock - Unknown return date
201658,1693998038,1693998038,a,25.0,100.0,
201658,1712572268,1712435409,d,100.0,25.0,Hamstring injury - 25% chance of playing
201658,1713255760,1713255760,i,0.0,0.0,Hamstring injury - Expected back 11 May
201658,1715260525,1715260525,d,0.0,50.0,Hamstring injury - 50% chance of playing
201658,1716086163,1716086163,a,100.0,100.0,
201666,1690810150,1690810150,a,,,
201666,1695656041,1695594608,d,,75.0,Toe Injury - 75% chance of playing
201666,1696516727,1696516727,i,0.0,0.0,Toe Injury - Expected back 30 Dec
201666,1703132577,1703132577,i,0.0,0.0,Toe Injury - Expected back 13 Jan
201666,1706014880,1706014880,i,0.0,0.0,Toe Injury - Unknown return date
201666,1706907193,1706907193,d,0.0,75.0,Lack of match fitness - 75% chance of playing
201666,1707224524,1707224524,a,75.0,100.0,
201666,1710510981,1710199809,d,100.0,75.0,Hamstring injury - 75% chance of playing
201666,1711958921,1711958921,a,75.0,100.0,
202641,1690810150,1690810150,a,,,
202641,1700832134,1700433009,d,,75.0,Shoulder injury - 75% chance of playing
202641,1701358847,1701358847,a,100.0,100.0,
202641,1704272252,1703975410,i,100.0,0.0,International Duty - Unknown return date
202641,1706907193,1706907193,a,100.0,100.0,
202993,1690810150,1688574604,i,,0.0,Knee injury - Expected back 04 Nov
202993,1695656041,1695656041,i,0.0,0.0,Knee injury - Expected back 23 Oct
202993,1697747162,1697747162,d,0.0,50.0,Knee injury - 50% chance of playing
202993,1698395227,1698395227,d,25.0,25.0,Lack of match fitness - 25% chance of playing
202993,1698936236,1698936236,a,25.0,100.0,
202993,1701358847,1701036011,d,100.0,25.0,Ankle injury - 25% chance of playing
202993,1701695043,1701695043,i,0.0,0.0,Ankle injury - Expected back 03 Feb
202993,1704272252,1704272252,a,0.0,100.0,
204214,1690810150,1690810150,a,,,
204214,1696516727,1696444208,i,,0.0,Muscle injury - Expected back 04 Nov
204214,1698936236,1698936236,d,25.0,50.0,Muscle injury - 50% chance of playing
204214,1699560201,1699560201,a,0.0,100.0,
204214,1700832134,1699581610,d,25.0,25.0,Muscle injury - 25% chance of playing
204214,1701358847,1701358847,i,0.0,0.0,Muscle injury - Unknown return date
204214,1703826734,1703826734,a,75.0,100.0,
204214,1713255760,1713049209,d,100.0,75.0,Ankle injury - 75% chance of playing
204214,1714205884,1714205884,i,75.0,0.0,Ankle injury - Expected back 01 Jun
204214,1716086163,1716086163,i,0.0,0.0,Ankle injury - Expected back 07 Sep
204480,1690810150,1690810150,a,,,
204480,1695656041,1695594608,d,,75.0,Back injury - 75% chance of playing
204480,1696516727,1696516727,a,75.0,100.0,
204480,1706014880,1705764610,d,100.0,75.0,Muscle injury - 75% chance of playing
204480,1706907193,1706907193,a,75.0,100.0,
204580,1690810150,1690810150,a,,,
204676,1690810150,1690810150,a,,,
204676,1693998038,1693992341,u,,0.0,Permanent transfer to Genk
204716,1690810150,1690810150,a,,,
204716,1693216941,1692955807,d,50.0,50.0,Muscle injury - 50% chance of playing
204716,1693998038,1693998038,i,0.0,0.0,Muscle injury - Expected back 16 Sep
204716,1695201757,1695201757,a,75.0,100.0,
204716,1700832134,1699837209,d,100.0,75.0,Muscle injury - 75% chance of playing
204716,1701358847,1701358847,a,100.0,100.0,
204716,1707224524,1707080410,s,100.0,0.0,Suspended until 17 Feb
204716,1707907334,1707907334,a,0.0,100.0,
204716,1710510981,1709893808,d,50.0,50.0,Hamstring injury - 50% chance of playing
204716,1711958921,1711958921,a,100.0,100.0,
204727,1690810150,1690810150,a,,,
204814,1706014880,1706014880,a,,,
204814,1706907193,1706907193,a,,100.0,
204814,1707907334,1707597009,d,100.0,75.0,Hamstring injury - 75% chance of playing
204814,1709830677,1709830677,a,100.0,100.0,
204822,1690810150,1690810150,a,,,
204822,1692796125,1692203407,i,0.0,0.0,Muscle injury - Unknown return date
204822,1693216941,1693216941,u,0.0,0.0,Season-long loan to Olympiakos
204968,1690810150,1690810150,a,,,
204968,1696516727,1696239009,d,,75.0,Hamstring injury - 75% chance of playing
204968,1697747162,1697747162,a,50.0,100.0,
205533,1690810150,1690810150,a,,,
205533,1699560201,1699518608,d,,75.0,Knock - 75% chance of playing
205533,1700832134,1700832134,a,75.0,100.0,
205651,1690810150,1690810150,a,,,
205651,1691655056,1691010004,d,,25.0,Knee injury - 25% chance of playing
205651,1692153327,1692153327,i,0.0,0.0,Knee injury - Unknown return date
205651,1693216941,1693216941,a,100.0,100.0,
205651,1698395227,1698190208,d,100.0,50.0,Hamstring injury - 50% chance of playing
205651,1698936236,1698936236,i,0.0,0.0,Hamstring injury - Expected back 11 Nov
205651,1699560201,1699560201,i,0.0,0.0,Hamstring injury - Expected back 02 Dec
205651,1700832134,1700832134,a,25.0,100.0,
205651,1707224524,1707121809,d,100.0,75.0,Knee injury - 75% chance of playing
205651,1709830677,1709830677,a,100.0,100.0,
205836,1693998038,1693998038,a,,,
205836,1700832134,1700742611,d,,75.0,Knock - 75% chance of playing
205836,1701358847,1701358847,a,75.0,100.0,
205836,1704272252,1703959211,i,100.0,0.0,International Duty - Unknown return date
205836,1707907334,1707907334,a,75.0,100.0,
206325,1690810150,1690810150,a,,,
206325,1704272252,1704060011,d,,75.0,Calf injury - 75% chance of playing
206325,1706014880,1706014880,a,75.0,100.0,
206325,1707224524,1707121809,d,100.0,75.0,Calf injury - 75% chance of playing
206325,1709830677,1709830677,d,50.0,50.0,Calf injury - 50% chance of playing
206325,1710510981,1710510981,a,50.0,100.0,
206915,1690810150,1690810150,a,,,
206915,1692796125,1692378006,d,25.0,50.0,Ankle injury - 50% chance of playing
206915,1693216941,1693216941,i,0.0,0.0,Ankle injury - Expected back 03 Sep
206915,1693998038,1693998038,a,100.0,100.0,
206915,1696516727,1696114809,s,100.0,0.0,Suspended until 05 Nov
206915,1698936236,1698936236,a,0.0,100.0,
206915,1699560201,1699221609,i,100.0,0.0,Hamstring injury - Expected back 25 Nov
206915,1700832134,1700832134,d,0.0,50.0,Hamstring injury - 50% chance of playing
206915,1701358847,1701358847,a,100.0,100.0,
206915,1706014880,1705885210,d,100.0,75.0,Knock - 75% chance of playing
206915,1706907193,1706907193,a,100.0,100.0,
206915,1708597419,1708443009,d,100.0,50.0,Shin injury - 50% chance of playing
206915,1709830677,1709830677,i,0.0,0.0,Shin injury - Expected back 31 Mar
206915,1710953733,1710953733,d,0.0,50.0,Shin injury - 50% chance of playing
206915,1711958921,1711958921,d,50.0,50.0,Lack of match fitness - 50% chance of playing
206915,1712319850,1712319850,a,75.0,100.0,
207189,1690810150,1690810150,a,,,
207283,1690810150,1690810150,a,,,
207283,1692153327,1691962206,d,,75.0,Thigh injury - 75% chance of playing
207283,1692796125,1692796125,a,100.0,100.0,
207283,1701358847,1701120609,d,100.0,75.0,Thigh injury - 75% chance of playing
207283,1701695043,1701695043,d,0.0,50.0,Thigh injury - 50% chance of playing
207283,1703132577,1703132577,i,0.0,0.0,Thigh injury - Expected back 27 Dec
207283,1703505557,1703505557,d,0.0,50.0,Thigh injury - 50% chance of playing
207283,1703826734,1703826734,a,50.0,100.0,
207722,1690810150,1689066004,u,,0.0,Joined Dundee United on a season-long loan - Expected back 01 Jul
208706,1690810150,1690810150,a,,,
208706,1696516727,1696516727,a,75.0,100.0,
208706,1699560201,1699131609,s,100.0,0.0,Suspended until 25 Nov
208706,1700832134,1700832134,a,0.0,100.0,
208904,1690810150,1690810150,a,,,
208904,1697747162,1696712408,d,,75.0,Hamstring injury - 75% chance of playing
208904,1698395227,1698395227,i,0.0,0.0,Hamstring injury - Unknown return date
208904,1702301755,1702301755,a,0.0,100.0,
208904,1706014880,1705487409,d,100.0,50.0,Calf injury - 50% chance of playing
208904,1706907193,1706907193,i,0.0,0.0,Calf injury - Expected back 10 Feb
208904,1707907334,1707907334,i,0.0,0.0,Calf injury - Unknown return date
208904,1714725260,1714725260,i,0.0,0.0,Calf injury - Expected back 11 May
208904,1715260525,1715260525,d,0.0,50.0,Calf injury - 50% chance of playing
208904,1716086163,1716086163,d,25.0,25.0,Calf injury - 25% chance of playing
208912,1690810150,1690810150,a,,,
208912,1693216941,1693216941,a,,100.0,
208912,1707224524,1707158385,u,100.0,0.0,On loan to Beşiktaş until the end of the season
209035,1690810150,1690810150,a,,,
209035,1693998038,1693579503,u,0.0,0.0,Season-long loan to Cardiff City
209036,1690810150,1690810150,a,,,
209036,1695201757,1694619009,d,25.0,25.0,Hip injury - 25% chance of playing
209036,1695656041,1695656041,a,100.0,100.0,
209036,1707224524,1706985009,d,100.0,75.0,Knee injury - 75% chance of playing
209036,1707907334,1707907334,i,0.0,0.0,Knee injury - Unknown return date
209036,1711958921,1711958921,i,0.0,0.0,Knee injury - Expected back 04 May
209036,1712572268,1712572268,i,0.0,0.0,Knee injury - Expected back 27 Apr
209036,1714205884,1714205884,i,0.0,0.0,Knee injury - Expected back 06 May
209036,1714725260,1714725260,d,0.0,50.0,Knee injury - 50% chance of playing
209036,1715260525,1715260525,a,100.0,100.0,
209042,1690810150,1690810150,a,,,
209042,1703826734,1703806210,d,,75.0,Knock - 75% chance of playing
209042,1704272252,1704272252,a,75.0,100.0,
209042,1714205884,1714143610,d,100.0,25.0,Knock - 25% chance of playing
209042,1714725260,1714725260,a,25.0,100.0,
209046,1690810150,1690810150,a,,,
209046,1698395227,1697914808,i,,0.0,Hamstring injury - Expected back 02 Dec
209046,1701358847,1701358847,a,0.0,100.0,
209046,1707224524,1707121809,d,100.0,75.0,Knock - 75% chance of playing
209046,1707907334,1707907334,a,100.0,100.0,
209243,1690810150,1690810150,a,,,
209243,1695201757,1694791808,n,0.0,0.0,Not training with his club until further notice - Unknown return date
209243,1706014880,1706014880,u,0.0,0.0,On loan to Borussia Dortmund until the end of the season
209244,1690810150,1690810150,a,,,
209244,1713255760,1713255760,a,75.0,100.0,
209288,1690810150,1690810150,a,,,
209289,1690810150,1690810150,a,,,
209289,1698936236,1698922807,i,,0.0,Knee injury - Unknown return date
209289,1700832134,1700832134,d,25.0,25.0,Knee injury - 25% chance of playing
209289,1702301755,1702301755,i,0.0,0.0,Knee injury - Unknown return date
209289,1703132577,1703132577,a,100.0,100.0,
209289,1707907334,1707696008,d,100.0,75.0,Ankle injury - 75% chance of playing
209289,1708597419,1708597419,a,75.0,100.0,
209293,1706907193,1706907193,a,,,
210156,1690810150,1690810150,a,,,
210156,1691655056,1691364606,d,,75.0,Knock - 75% chance of playing
210156,1692153327,1692153327,a,25.0,100.0,
210156,1697747162,1696712408,i,100.0,0.0,Groin Injury - Expected back 05 Nov
210156,1698936236,1698936236,a,0.0,100.0,
210156,1700832134,1700568010,i,100.0,0.0,Groin Injury - Expected back 24 Feb
210156,1703826734,1703826734,i,0.0,0.0,Groin Injury - Expected back 20 Jan
210156,1704272252,1704272252,d,0.0,50.0,Groin Injury - 50% chance of playing
210156,1706014880,1706014880,d,50.0,25.0,Groin Injury - 25% chance of playing
210156,1706907193,1706907193,a,50.0,100.0,
210156,1710953733,1710612009,d,100.0,50.0,Muscle injury - 50% chance of playing
210156,1711958921,1711958921,i,0.0,0.0,Muscle injury - Unknown return date
210156,1714725260,1714725260,d,0.0,75.0,Lack of match fitness - 75% chance of playing
210156,1715260525,1715260525,a,75.0,100.0,
210462,1693998038,1693998038,a,,,
210462,1701358847,1701120611,d,,75.0,Illness - 75% chance of playing
210462,1701695043,1701695043,a,75.0,100.0,
210462,1703132577,1703059211,d,100.0,75.0,Groin Injury - 75% chance of playing
210462,1703826734,1703826734,s,75.0,0.0,Suspended until 20 Jan
210462,1704272252,1703975411,i,0.0,0.0,International Duty - Unknown return date
210462,1707224524,1707224524,i,0.0,0.0,International Duty - Expected back 17 Feb
210462,1707907334,1707907334,d,0.0,75.0,International Duty - 75% chance of playing
210462,1708597419,1708597419,a,0.0,100.0,
210494,1690810150,1690810150,a,,,
210494,1692796125,1692568807,s,,0.0,Suspended until 01 Sep
210494,1693216941,1693216941,a,0.0,100.0,
210494,1703132577,1703122211,d,100.0,75.0,Illness - 75% chance of playing
210494,1704272252,1703975410,i,75.0,0.0,International Duty - Unknown return date
210494,1706907193,1706907193,d,0.0,75.0,International Duty - 75% chance of playing
210494,1707224524,1707224524,a,75.0,100.0,
210494,1714205884,1713540610,i,75.0,0.0,Ankle injury - Unknown return date
210494,1715260525,1715260525,d,25.0,25.0,Ankle injury - 25% chance of playing
211975,1690810150,1690810150,a,,,
211975,1693216941,1693177207,d,,75.0,Illness - 75% chance of playing
211975,1693998038,1693998038,a,75.0,100.0,
211975,1698395227,1697909408,s,100.0,0.0,Suspended until 04 Nov
211975,1698936236,1698936236,a,0.0,100.0,
211975,1699560201,1699434010,d,100.0,75.0,Back injury - 75% chance of playing
211975,1700832134,1700832134,a,100.0,100.0,
211975,1706014880,1704663010,d,75.0,50.0,Knock - 50% chance of playing
211975,1706907193,1706907193,a,100.0,100.0,
212314,1690810150,1690810150,a,,,
212314,1693998038,1693503008,i,0.0,0.0,Knock - Expected back 16 Sep
212314,1695201757,1695201757,i,0.0,0.0,Knock - Unknown return date
212314,1695656041,1695656041,i,0.0,0.0,Knee injury - Unknown return date
212314,1696516727,1696516727,a,100.0,100.0,
212314,1716086163,1715353210,i,0.0,0.0,Calf injury - Expected back 01 Jun
212319,1690810150,1690810150,a,,,
212319,1693998038,1693998038,a,100.0,100.0,
212319,1700832134,1699624811,i,0.0,0.0,Pelvic - Expected back 07 Dec
212319,1701695043,1701695043,a,25.0,100.0,
212319,1709830677,1709301611,i,0.0,0.0,Knee injury - Expected back 30 Mar
212319,1710953733,1710953733,a,75.0,100.0,
212319,1712572268,1712322010,d,25.0,25.0,Knee injury - 25% chance of playing
212319,1713255760,1713255760,i,0.0,0.0,Knee injury - Expected back 28 Apr
212319,1714205884,1714205884,a,0.0,100.0,
212319,1716086163,1715401810,i,50.0,0.0,Calf injury - Expected back 01 Jun
213198,1690810150,1690810150,a,,,
213198,1691655056,1691055005,i,,0.0,Knee injury - Unknown return date
213198,1698936236,1698936236,i,0.0,0.0,Knee injury - Expected back 25 Nov
213198,1700832134,1700832134,d,0.0,50.0,Knee injury - 50% chance of playing
213198,1701358847,1701358847,i,0.0,0.0,Knee injury - Expected back 03 Dec
213198,1701695043,1701695043,d,50.0,50.0,Lack of match fitness - 50% chance of playing
213198,1702024280,1702024280,i,0.0,0.0,Lack of match fitness - Expected back 16 Dec
213198,1702301755,1702301755,d,25.0,25.0,Lack of match fitness - 25% chance of playing
213198,1703132577,1703132577,a,100.0,100.0,
213198,1706014880,1704582011,i,0.0,0.0,Hip injury - Unknown return date
213198,1706907193,1706907193,a,100.0,100.0,
213198,1709830677,1709078410,i,0.0,0.0,Unknown - Expected back 30 Mar
213198,1710953733,1710953733,d,0.0,50.0,Unknown - 50% chance of playing
213198,1711958921,1711958921,i,0.0,0.0,Hamstring injury - Expected back 07 Apr
213198,1712319850,1712319850,i,25.0,0.0,Hamstring injury - Unknown return date
213198,1714205884,1714205884,d,25.0,25.0,Lack of match fitness - 25% chance of playing
213198,1714725260,1714725260,d,25.0,75.0,Lack of match fitness - 75% chance of playing
213198,1715260525,1715260525,a,75.0,100.0,
213345,1690810150,1690787290,u,,0.0,Permanent transfer to Stoke
213687,1690810150,1690810150,a,,,
213687,1706907193,1706083066,u,0.0,0.0,On loan to Wigan Athletic until the end of the season
213999,1692153327,1691760607,i,0.0,0.0,Lack of match fitness - Expected back 20 Aug
213999,1692796125,1692796125,a,100.0,100.0,
213999,1695201757,1694894408,d,100.0,75.0,Knock - 75% chance of playing
213999,1695656041,1695656041,a,100.0,100.0,
213999,1698936236,1698616811,s,100.0,0.0,Suspended until 11 Nov
213999,1699560201,1699560201,a,0.0,100.0,
213999,1710953733,1710716410,s,100.0,0.0,Suspended until 06 Apr
213999,1712319850,1712319850,a,0.0,100.0,
214048,1690810150,1690810150,a,,,
214225,1690810150,1690810150,a,,,
214225,1692153327,1691750850,u,0.0,0.0,Season long loan to Leeds United
214285,1690810150,1690810150,a,,,
214285,1703505557,1703368809,i,,0.0,Shoulder injury - Unknown return date
214285,1706014880,1706014880,i,0.0,0.0,Shoulder injury - Expected back 04 Feb
214285,1706907193,1706907193,i,0.0,0.0,Shoulder injury - Expected back 10 Feb
214285,1707224524,1707224524,d,0.0,50.0,Shoulder injury - 50% chance of playing
214285,1707907334,1707907334,a,50.0,100.0,
214572,1690810150,1690810150,a,,,
214590,1690810150,1690810150,a,,,
214590,1695201757,1695040207,i,,0.0,Hamstring injury - Unknown return date
214590,1698936236,1698936236,a,25.0,100.0,
214590,1706907193,1706513410,d,75.0,50.0,Leg injury - 50% chance of playing
214590,1708597419,1708597419,i,0.0,0.0,Leg injury - Unknown return date
214590,1710510981,1710510981,i,0.0,0.0,Leg injury - Expected back 30 Mar
214590,1710953733,1710953733,a,75.0,100.0,
215059,1690810150,1690810150,a,,,
215059,1702301755,1702249210,d,,75.0,Knee injury - 75% chance of playing
215059,1703132577,1703132577,i,0.0,0.0,Knee injury - Expected back 03 Feb
215059,1706907193,1706907193,i,0.0,0.0,Knee injury - Expected back 12 Feb
215059,1707224524,1707224524,d,0.0,25.0,Knee injury - 25% chance of playing
215059,1708597419,1708597419,a,100.0,100.0,
215059,1711958921,1711643408,i,0.0,0.0,Knock - Unknown return date
215059,1712319850,1712319850,d,25.0,75.0,Knock - 75% chance of playing
215059,1713255760,1713255760,d,50.0,50.0,Illness - 50% chance of playing
215059,1714205884,1714205884,d,75.0,25.0,Lack of match fitness - 25% chance of playing
215136,1690810150,1690810150,a,,,
215136,1714725260,1714341609,d,,75.0,Muscle injury - 75% chance of playing
215136,1716086163,1716086163,i,75.0,0.0,Muscle injury - Expected back 01 Jun
215379,1690810150,1690810150,a,,,
215379,1693998038,1693992607,d,,75.0,Knock - 75% chance of playing
215379,1695201757,1695201757,a,75.0,100.0,
215379,1698395227,1698273009,i,100.0,0.0,Back injury - Unknown return date
215379,1698936236,1698936236,i,0.0,0.0,Back injury - Expected back 23 Dec
215379,1703132577,1703132577,i,25.0,0.0,Back injury - Expected back 13 Jan
215379,1706014880,1706014880,i,0.0,0.0,Back injury - Unknown return date
215379,1706907193,1706907193,i,0.0,0.0,Back injury - Expected back 17 Feb
215379,1707907334,1707907334,i,0.0,0.0,Back injury - Expected back 24 Feb
215379,1708597419,1708597419,i,0.0,0.0,Back injury - Expected back 02 Mar
215379,1709830677,1709830677,a,100.0,100.0,
215439,1690810150,1690810150,a,,,
215439,1693216941,1693078208,d,,75.0,Head injury - 75% chance of playing
215439,1693998038,1693998038,i,0.0,0.0,Head injury - Expected back 16 Sep
215439,1695201757,1695201757,a,100.0,100.0,
215531,1690810150,1690810150,a,,,
215711,1690810150,1690810150,a,,,
215711,1696516727,1695873607,d,0.0,75.0,Muscle injury - 75% chance of playing
215711,1697747162,1697747162,a,100.0,100.0,
216051,1690810150,1690810150,a,,,
216051,1703132577,1702848609,s,,0.0,Suspended until 26 Dec
216051,1703505557,1703505557,a,0.0,100.0,
216208,1690810150,1690810150,a,,,
216208,1691655056,1691394460,u,,0.0,Permanent transfer to Millwall
216616,1690810150,1690810150,a,,,
216616,1712572268,1712435409,s,,0.0,Suspended until 20 Apr
216616,1713255760,1713255760,a,0.0,100.0,
216646,1690810150,1690810150,a,,,
216646,1704272252,1703975409,i,,0.0,International Duty - Unknown return date
216646,1707224524,1707224524,i,0.0,0.0,International Duty - Expected back 17 Feb
216646,1707907334,1707907334,d,0.0,75.0,International Duty - 75% chance of playing
216646,1708597419,1708597419,a,100.0,100.0,
217331,1690810150,1690371033,u,,0.0,Joined Nashville SC on a permanent transfer
217593,1690810150,1690810150,a,,,
217593,1707224524,1707072899,u,,0.0,Transferred to Real Betis
218430,1693216941,1693216941,a,,,
218430,1697747162,1697666411,d,,50.0,Muscle injury - 50% chance of playing
218430,1698936236,1698936236,d,25.0,25.0,Muscle injury - 25% chance of playing
218430,1700832134,1700832134,a,50.0,100.0,
218430,1707907334,1707496209,i,0.0,0.0,Hamstring injury - Unknown return date
218430,1709830677,1709830677,a,100.0,100.0,
218430,1710510981,1710430211,d,100.0,25.0,Hamstring injury - 25% chance of playing
218430,1711958921,1711958921,a,25.0,100.0,
218997,1690810150,1689064933,u,,0.0,Transferred to Coventry City
219168,1690810150,1690810150,a,,,
219168,1696516727,1696516727,a,75.0,100.0,
219168,1697747162,1696939209,d,100.0,75.0,Groin Injury - 75% chance of playing
219168,1698395227,1698273009,d,50.0,25.0,Groin Injury - 25% chance of playing
219168,1698936236,1698936236,i,25.0,0.0,Groin Injury - Expected back 25 Nov
219168,1700832134,1700832134,d,0.0,50.0,Groin Injury - 50% chance of playing
219168,1701358847,1701358847,a,50.0,100.0,
219168,1703132577,1703059210,d,100.0,75.0,Groin Injury - 75% chance of playing
219168,1703505557,1703505557,a,75.0,100.0,
219168,1706907193,1706664613,d,100.0,75.0,Groin Injury - 75% chance of playing
219168,1707907334,1707907334,i,0.0,0.0,Groin Injury - Unknown return date
219168,1708597419,1708597419,d,50.0,50.0,Groin Injury - 50% chance of playing
219168,1709830677,1709830677,a,100.0,100.0,
219847,1690810150,1690810150,a,,,
219847,1703505557,1703361608,s,,0.0,Suspended until 31 Dec
219847,1703826734,1703826734,a,0.0,100.0,
219924,1690810150,1690810150,a,,,
219924,1697747162,1696712408,d,,25.0,Foot injury - 25% chance of playing
219924,1698395227,1698395227,i,0.0,0.0,Foot injury - Unknown return date
219924,1703132577,1703132577,a,100.0,100.0,
219924,1706907193,1706664613,i,100.0,0.0,Hamstring injury - Unknown return date
219924,1707907334,1707907334,a,0.0,100.0,
219924,1716086163,1715436007,s,100.0,0.0,Suspended until 20 May
219924,1716833102,1716833102,a,0.0,100.0,
220037,1690810150,1690370750,u,,0.0,Joined Aarhus on loan
220237,1690810150,1690810150,a,,,
220237,1693216941,1693177207,d,,75.0,Knock - 75% chance of playing
220237,1693998038,1693998038,d,25.0,25.0,Ankle injury - 25% chance of playing
220237,1695201757,1695201757,a,75.0,100.0,
220237,1696516727,1695871810,d,75.0,25.0,Knee injury - 25% chance of playing
220237,1697747162,1697747162,d,0.0,50.0,Knee injury - 50% chance of playing
220237,1698395227,1698395227,i,50.0,0.0,Knee injury - Expected back 11 Nov
220237,1698936236,1698936236,i,0.0,0.0,Knee injury - Unknown return date
220237,1703132577,1703132577,a,25.0,100.0,
220237,1710953733,1710716409,d,100.0,75.0,Knee injury - 75% chance of playing
220237,1711958921,1711958921,i,0.0,0.0,Knee injury - Expected back 21 Dec
220307,1690810150,1690810150,a,,,
220307,1691655056,1691364606,d,,50.0,Knock - 50% chance of playing
220307,1692153327,1692153327,a,75.0,100.0,
220307,1706907193,1706664614,d,100.0,50.0,Ankle injury - 50% chance of playing
220307,1707224524,1707224524,d,50.0,25.0,Ankle injury - 25% chance of playing
220307,1707907334,1707907334,i,0.0,0.0,Ankle injury - Unknown return date
220307,1709830677,1709830677,i,0.0,0.0,Ankle injury - Expected back 30 Mar
220307,1710953733,1710953733,d,0.0,50.0,Ankle injury - 50% chance of playing
220307,1711958921,1711958921,i,0.0,0.0,Ankle injury - Expected back 06 Apr
220307,1712319850,1712319850,d,25.0,25.0,Lack of match fitness - 25% chance of playing
220307,1713255760,1713255760,a,75.0,100.0,
220362,1691655056,1691655056,a,,,
220362,1697747162,1696939209,d,,75.0,Thigh injury - 75% chance of playing
220362,1698395227,1698395227,a,75.0,100.0,
220362,1713255760,1712935810,d,50.0,50.0,Knock - 50% chance of playing
220362,1714205884,1714205884,a,100.0,100.0,
220362,1714725260,1714582811,d,100.0,25.0,Knock - 25% chance of playing
220362,1715260525,1715260525,a,25.0,100.0,
220394,1690810150,1690810150,a,,,
220394,1693998038,1693803608,d,,75.0,Knock - 75% chance of playing
220394,1695201757,1695201757,a,100.0,100.0,
220394,1695656041,1695504607,n,100.0,0.0,Ineligible to face his parent club on 30/9. - Expected back 08 Oct
220394,1696516727,1696516727,a,0.0,100.0,
220394,1714725260,1714249809,n,100.0,0.0,Ineligible to face his parent club on 4/5. - Expected back 11 May
220394,1715260525,1715260525,a,0.0,100.0,
220566,1690810150,1690810150,a,,,
220566,1695656041,1695504607,s,,0.0,Suspended until 21 Oct
220566,1697747162,1697747162,a,0.0,100.0,
220566,1701695043,1701635409,s,100.0,0.0,Suspended until 10 Dec
220566,1702024280,1702024280,a,0.0,100.0,
220566,1703505557,1703370610,d,100.0,75.0,Ankle injury - 75% chance of playing
220566,1703826734,1703826734,a,75.0,100.0,
220585,1690810150,1690810150,a,,,
220585,1692796125,1692779965,u,,0.0,Season-long loan to Southampton
220598,1690810150,1690810150,a,,,
220598,1691655056,1691364606,i,,0.0,Hamstring injury - Unknown return date
220598,1698395227,1698395227,d,0.0,25.0,Lack of match fitness - 25% chance of playing
220598,1699560201,1699560201,d,25.0,50.0,Lack of match fitness - 50% chance of playing
220598,1700832134,1700832134,a,50.0,100.0,
220598,1706907193,1706516140,u,0.0,0.0,Joined Millwall until the end of the season
221239,1690810150,1690810150,a,,,
221239,1693998038,1693771921,u,,0.0,Transferred to Udinese
221399,1692153327,1692153327,a,,,
221399,1693216941,1692885608,i,0.0,0.0,Lack of match fitness - Expected back 16 Sep
221399,1695201757,1695201757,i,0.0,0.0,Lack of match fitness - Unknown return date
221399,1695656041,1695656041,d,25.0,25.0,Lack of match fitness - 25% chance of playing
221399,1696516727,1696516727,a,100.0,100.0,
221399,1716086163,1715551208,i,100.0,0.0,Hamstring injury - Expected back 01 Jun
221403,1690810150,1690810150,a,,,
221403,1691655056,1691141832,u,,0.0,Loan to the end of the year with a permanent transfer in view
221466,1690810150,1690810150,a,,,
221466,1704272252,1704061810,s,,0.0,Suspended until 01 Feb
221466,1706014880,1706014880,a,0.0,100.0,
221466,1709830677,1709497809,d,100.0,50.0,Hamstring injury - 50% chance of playing
221466,1710510981,1710510981,i,0.0,0.0,Hamstring injury - Expected back 30 Mar
221466,1710953733,1710953733,d,0.0,50.0,Hamstring injury - 50% chance of playing
221466,1711958921,1711958921,i,0.0,0.0,Hamstring injury - Expected back 06 Apr
221466,1712319850,1712319850,d,0.0,50.0,Hamstring injury - 50% chance of playing
221466,1712572268,1712572268,a,75.0,100.0,
221632,1690810150,1690810150,a,,,
221632,1692153327,1691962207,d,,75.0,Head injury - 75% chance of playing
221632,1692796125,1692796125,a,100.0,100.0,
221632,1697747162,1697666410,d,100.0,75.0,Ankle injury - 75% chance of playing
221632,1698395227,1698395227,a,100.0,100.0,
221632,1699560201,1699313410,s,100.0,0.0,Suspended until 07 Dec
221632,1701695043,1701695043,a,0.0,100.0,
221632,1703505557,1703361610,d,100.0,75.0,Hamstring injury - 75% chance of playing
221632,1703826734,1703826734,i,75.0,0.0,Hamstring injury - Expected back 03 Feb
221632,1706014880,1706014880,a,50.0,100.0,
221820,1690810150,1690810150,a,,,
221820,1692796125,1692796125,a,75.0,100.0,
221820,1693998038,1693803608,d,100.0,75.0,Foot injury - 75% chance of playing
221820,1695201757,1695201757,a,100.0,100.0,
221820,1695656041,1695508208,d,100.0,75.0,Knock - 75% chance of playing
221820,1696516727,1696516727,i,0.0,0.0,Foot injury - Unknown return date
221820,1699560201,1699560201,i,0.0,0.0,Foot injury - Expected back 14 Jan
221820,1704272252,1704272252,d,0.0,50.0,Foot injury - 50% chance of playing
221820,1706014880,1706014880,a,100.0,100.0,
221820,1707224524,1707121810,i,100.0,0.0,Knee injury - Expected back 30 Mar
221820,1710953733,1710953733,d,0.0,50.0,Knee injury - 50% chance of playing
221820,1711958921,1711958921,a,75.0,100.0,
221820,1712319850,1712219408,i,100.0,0.0,Calf injury - Expected back 04 May
221820,1714205884,1714205884,i,0.0,0.0,Calf injury - Expected back 12 May
221820,1716086163,1716086163,a,25.0,100.0,
222017,1690810150,1690810150,a,,,
222017,1706014880,1705135427,u,,0.0,Permanent transfer to Charlton Athletic
222018,1690810150,1690810150,a,,,
222018,1696516727,1696494609,d,,75.0,Groin Injury - 75% chance of playing
222018,1698395227,1698395227,a,50.0,100.0,
222531,1690810150,1690810150,a,,,
222531,1706014880,1705885210,d,,75.0,Abdominal injury - 75% chance of playing
222531,1706907193,1706907193,a,100.0,100.0,
222627,1690810150,1690810150,a,,,
222677,1690810150,1690810150,a,,,
222677,1710510981,1710370809,d,,75.0,Arm injury - 75% chance of playing
222677,1710953733,1710953733,a,100.0,100.0,
222677,1711958921,1711828810,d,100.0,75.0,Knock - 75% chance of playing
222677,1712319850,1712319850,a,50.0,100.0,
222683,1690810150,1690810150,a,,,
222690,1690810150,1690810150,a,,,
222690,1691655056,1691364606,d,,25.0,Knock - 25% chance of playing
222690,1692153327,1692153327,i,0.0,0.0,Knock - Unknown return date
222690,1693216941,1693216941,i,0.0,0.0,Knock - Expected back 16 Sep
222690,1695201757,1695201757,i,0.0,0.0,Knock - Unknown return date
222690,1699560201,1699560201,i,0.0,0.0,Knee injury - Unknown return date
222690,1701695043,1701695043,i,0.0,0.0,Knee injury - Expected back 14 Jan
222690,1704272252,1704272252,d,0.0,50.0,Knee injury - 50% chance of playing
222690,1706907193,1706907193,d,25.0,25.0,Knee injury - 25% chance of playing
222690,1707907334,1707907334,i,0.0,0.0,Knee injury - Unknown return date
223094,1690810150,1690810150,a,,,
223094,1699560201,1699560201,a,,100.0,
223094,1700832134,1700330410,d,100.0,75.0,Ankle injury - 75% chance of playing
223094,1701358847,1701358847,a,75.0,100.0,
223094,1702301755,1702231210,d,100.0,50.0,Foot injury - 50% chance of playing
223094,1703826734,1703826734,d,50.0,25.0,Foot injury - 25% chance of playing
223094,1704272252,1704272252,d,0.0,50.0,Foot injury - 50% chance of playing
223094,1706907193,1706907193,a,100.0,100.0,
223094,1714205884,1713396610,d,75.0,75.0,Muscle injury - 75% chance of playing
223094,1714725260,1714725260,a,75.0,100.0,
223333,1690810150,1690810150,a,,,
223333,1693998038,1693604962,u,,0.0,Season-long loan to Charlton
223340,1690810150,1690810150,a,,,
223340,1696516727,1696372207,d,75.0,75.0,Muscle injury - 75% chance of playing
223340,1697747162,1697747162,d,75.0,75.0,Hamstring injury - 75% chance of playing
223340,1698395227,1698395227,a,75.0,100.0,
223340,1699560201,1699518608,d,100.0,75.0,Knock - 75% chance of playing
223340,1700832134,1700832134,a,75.0,100.0,
223340,1709830677,1709821807,d,100.0,75.0,Illness - 75% chance of playing
223340,1710510981,1710510981,a,75.0,100.0,
223340,1712319850,1712217608,d,100.0,75.0,Muscle injury - 75% chance of playing
223340,1712572268,1712572268,a,75.0,100.0,
223340,1716086163,1715349609,d,75.0,75.0,Knock - 75% chance of playing
223434,1690810150,1690810150,a,,,
223434,1697747162,1696840209,d,,75.0,Knock - 75% chance of playing
223434,1698395227,1698395227,a,100.0,100.0,
223434,1701358847,1700857811,d,75.0,75.0,Ankle injury - 75% chance of playing
223434,1701695043,1701695043,a,100.0,100.0,
223434,1703826734,1703808011,d,100.0,75.0,Knock - 75% chance of playing
223434,1706014880,1706014880,d,50.0,50.0,Achilles injury - 50% chance of playing
223434,1706907193,1706907193,a,100.0,100.0,
223723,1690810150,1690810150,a,,,
223723,1692796125,1692662407,s,,0.0,Suspended until 03 Sep
223723,1693216941,1693216941,a,0.0,100.0,
223723,1701695043,1701541808,d,100.0,75.0,Muscle injury - 75% chance of playing
223723,1702024280,1702024280,i,75.0,0.0,Calf injury - Unknown return date
223723,1704272252,1704272252,i,0.0,0.0,International Duty - Unknown return date
223723,1707224524,1707224524,d,0.0,75.0,International Duty - 75% chance of playing
223723,1707907334,1707907334,d,75.0,75.0,Knock - 75% chance of playing
223723,1709830677,1709830677,d,50.0,75.0,Calf injury - 75% chance of playing
223723,1710510981,1710510981,a,75.0,100.0,
223911,1690810150,1690810150,a,,,
223911,1696516727,1695751208,d,25.0,25.0,Knock - 25% chance of playing
223911,1697747162,1697747162,a,25.0,100.0,
223911,1712319850,1712127609,d,100.0,75.0,Illness - 75% chance of playing
223911,1713255760,1713255760,i,0.0,0.0,Illness - Expected back 21 Apr
223911,1714205884,1714205884,i,50.0,0.0,Illness - Unknown return date
223911,1716086163,1716086163,d,0.0,50.0,Illness - 50% chance of playing
224024,1690810150,1690810150,a,,,
224024,1698936236,1698616811,s,,0.0,Suspended until 11 Nov
224024,1699560201,1699560201,a,0.0,100.0,
224024,1703826734,1703808011,d,100.0,75.0,Hamstring injury - 75% chance of playing
224024,1704272252,1704272252,d,50.0,50.0,Calf injury - 50% chance of playing
224024,1706014880,1706014880,d,25.0,25.0,Calf injury - 25% chance of playing
224024,1707907334,1707907334,i,0.0,0.0,Calf injury - Unknown return date
224024,1708597419,1708597419,d,0.0,50.0,Calf injury - 50% chance of playing
224024,1709830677,1709830677,a,100.0,100.0,
224068,1690810150,1690810150,a,,,
224967,1690810150,1690810150,a,,,
224967,1693998038,1693447208,d,25.0,25.0,Knock - 25% chance of playing
224967,1695201757,1695201757,a,100.0,100.0,
224967,1703132577,1702576809,d,75.0,50.0,Muscle injury - 50% chance of playing
224967,1703505557,1703505557,a,100.0,100.0,
224967,1714205884,1713999609,d,100.0,25.0,Ankle injury - 25% chance of playing
224967,1714725260,1714725260,i,25.0,0.0,Ankle injury - Expected back 01 Jun
224995,1693998038,1693998038,a,,,
224995,1711958921,1711198810,i,0.0,0.0,Hamstring injury - Expected back 28 Apr
224995,1713255760,1713255760,d,0.0,50.0,Hamstring injury - 50% chance of playing
224995,1714205884,1714205884,i,0.0,0.0,Hamstring injury - Expected back 19 May
224995,1716086163,1716086163,i,0.0,0.0,Hamstring injury - Expected back 01 Jun
225321,1690810150,1690810150,a,,,
225796,1690810150,1690810150,a,,,
225796,1692796125,1692309607,i,0.0,0.0,Hamstring injury - Expected back 17 Sep
225796,1695201757,1695201757,i,0.0,0.0,Hamstring injury - Expected back 07 Oct
225796,1696516727,1696516727,d,0.0,50.0,Hamstring injury - 50% chance of playing
225796,1697747162,1697747162,a,0.0,100.0,
225796,1701358847,1700938809,s,100.0,0.0,Suspended until 06 Dec
225796,1701695043,1701695043,a,0.0,100.0,
225796,1702301755,1702249210,d,100.0,75.0,Hamstring injury - 75% chance of playing
225796,1703132577,1703132577,i,0.0,0.0,Hamstring injury - Unknown return date
225796,1714205884,1714205884,d,0.0,25.0,Lack of match fitness - 25% chance of playing
225796,1716086163,1715808607,s,75.0,0.0,Suspended until 07 Sep
225897,1693998038,1693998038,a,,,
225897,1704272252,1703975411,i,,0.0,International Duty - Unknown return date
225897,1706907193,1706907193,d,0.0,75.0,International Duty - 75% chance of playing
225897,1707224524,1707224524,a,75.0,100.0,
226182,1690810150,1690810150,a,,,
226182,1691655056,1691146804,d,,25.0,Knee injury - 25% chance of playing
226182,1693216941,1693216941,a,25.0,100.0,
226182,1703505557,1703287811,s,100.0,0.0,Suspended until 30 Dec
226182,1703826734,1703826734,a,0.0,100.0,
226182,1713255760,1713049209,d,100.0,75.0,Knock - 75% chance of playing
226182,1714205884,1713999609,d,50.0,75.0,Calf injury - 75% chance of playing
226182,1714725260,1714725260,a,75.0,100.0,
226473,1690810150,1690810150,a,,,
226473,1692796125,1692606505,u,,0.0,Season long loan to Hull
226597,1690810150,1690810150,a,,,
226597,1696516727,1696516727,a,,100.0,
226597,1706014880,1705764609,d,100.0,75.0,Knock - 75% chance of playing
226597,1706907193,1706907193,a,75.0,100.0,
226597,1710953733,1710799209,d,100.0,75.0,Knock - 75% chance of playing
226597,1711958921,1711958921,a,75.0,100.0,
226944,1690810150,1690810150,a,,,
226944,1696516727,1696114808,d,,75.0,Knock - 75% chance of playing
226944,1697747162,1697747162,a,75.0,100.0,
226944,1701358847,1701036009,s,100.0,0.0,Suspended until 06 Dec
226944,1701695043,1701695043,a,0.0,100.0,
226944,1703132577,1702848608,s,100.0,0.0,Suspended until 14 Jan
226944,1704272252,1704272252,a,0.0,100.0,
226944,1707907334,1707696008,i,100.0,0.0,Knee injury - Unknown return date
226944,1708597419,1708597419,i,0.0,0.0,Knee injury - Expected back 14 Sep
226956,1690810150,1690810150,a,,,
226956,1701358847,1701120609,d,,75.0,Knock - 75% chance of playing
226956,1701695043,1701695043,a,100.0,100.0,
227127,1690810150,1690810150,a,,,
227127,1697747162,1696687210,s,,0.0,Suspended until 27 Oct
227127,1698395227,1698395227,a,0.0,100.0,
227127,1700832134,1699819209,s,100.0,0.0,Suspended until 03 Dec
227127,1701358847,1701358847,a,0.0,100.0,
227127,1703132577,1702713610,s,100.0,0.0,Suspended until 14 Jan
227127,1704272252,1704272252,i,0.0,0.0,International Duty - Unknown return date
227127,1707224524,1707224524,d,0.0,75.0,International Duty - 75% chance of playing
227127,1707907334,1707907334,a,100.0,100.0,
227127,1716086163,1715603409,i,100.0,0.0,Knee injury - Expected back 01 Jun
228044,1690810150,1690810150,a,,,
228044,1693998038,1693604807,u,,0.0,Transferred to Midtjylland
229164,1690810150,1690810150,a,,,
229164,1700832134,1700571610,d,,75.0,Ankle injury - 75% chance of playing
229164,1701358847,1701358847,a,75.0,100.0,
229164,1711958921,1711504810,i,0.0,0.0,Hamstring injury - Unknown return date
229164,1713255760,1713255760,i,0.0,0.0,Hamstring injury - Expected back 27 Apr
229164,1714205884,1714205884,i,0.0,0.0,Hamstring injury - Expected back 11 May
229164,1715260525,1715260525,d,0.0,50.0,Hamstring injury - 50% chance of playing
229164,1716086163,1716086163,a,100.0,100.0,
229600,1690810150,1690532734,u,,0.0,On loan to Stoke City for the season
229600,1703132577,1703132577,a,100.0,100.0,
230046,1690810150,1690810150,a,,,
230046,1702301755,1702152009,s,,0.0,Suspended until 22 Dec
230046,1703132577,1703132577,a,0.0,100.0,
230046,1712572268,1712431809,s,100.0,0.0,Suspended until 27 Apr
230046,1714205884,1714205884,a,0.0,100.0,
230251,1690810150,1690810150,a,,,
230251,1695201757,1695033522,u,,0.0,On loan to Istanbul Basaksehir
231057,1693998038,1693998038,a,,,
231057,1695656041,1695504608,s,,0.0,Suspended until 21 Oct
231057,1697747162,1697747162,a,0.0,100.0,
231057,1698395227,1697911210,d,100.0,75.0,Muscle injury - 75% chance of playing
231057,1699560201,1699560201,a,75.0,100.0,
231057,1703505557,1703451611,d,100.0,75.0,Illness - 75% chance of playing
231057,1703826734,1703826734,a,75.0,100.0,
231057,1710510981,1710012610,d,100.0,75.0,Knee injury - 75% chance of playing
231057,1710953733,1710953733,d,75.0,50.0,Knee injury - 50% chance of playing
231057,1711958921,1711958921,i,0.0,0.0,Knee injury - Unknown return date
231057,1713255760,1713255760,d,25.0,25.0,Knee injury - 25% chance of playing
231057,1714205884,1714205884,i,25.0,0.0,Knee injury - Expected back 04 May
231057,1714725260,1714725260,d,0.0,50.0,Knee injury - 50% chance of playing
231057,1715260525,1715260525,a,100.0,100.0,
231065,1690810150,1690810150,a,,,
231065,1697747162,1697103009,d,,75.0,Achilles injury - 75% chance of playing
231065,1698395227,1698395227,a,75.0,100.0,
231065,1708597419,1708196409,i,100.0,0.0,Ankle injury - Expected back 30 Mar
231065,1710953733,1710953733,d,0.0,50.0,Ankle injury - 50% chance of playing
231065,1711958921,1711958921,i,0.0,0.0,Ankle injury - Expected back 13 Apr
231065,1713255760,1713255760,a,100.0,100.0,
231372,1690810150,1690810150,a,,,
231372,1695201757,1694101800,u,0.0,0.0,On loan to Galatasaray with an option to buy for €15m
231480,1693998038,1693998038,a,,,
231480,1697747162,1697747162,a,75.0,100.0,
231480,1714205884,1713999610,i,100.0,0.0,Hamstring injury - Expected back 11 May
231480,1715260525,1715260525,a,100.0,100.0,
231747,1690810150,1690810150,a,,,
232223,1690810150,1690810150,a,,,
232223,1691655056,1691422205,d,,75.0,Foot injury - 75% chance of playing
232223,1692153327,1692153327,a,100.0,100.0,
232223,1693998038,1693472115,u,0.0,0.0,Transferred to Monaco
232351,1690810150,1690810150,a,,,
232351,1706907193,1706691698,u,,0.0,Joined Hull City on loan until the end of the season
232413,1690810150,1690810150,a,,,
232413,1696516727,1696408209,d,,50.0,Hamstring injury - 50% chance of playing
232413,1697747162,1697747162,i,0.0,0.0,Hamstring injury - Expected back 11 Nov
232413,1698936236,1698936236,d,0.0,25.0,Hamstring injury - 25% chance of playing
232413,1699560201,1699560201,a,100.0,100.0,
232413,1701358847,1700938809,d,100.0,50.0,Ankle injury - 50% chance of playing
232413,1701695043,1701695043,d,25.0,25.0,Ankle injury - 25% chance of playing
232413,1703132577,1703132577,a,50.0,100.0,
232413,1706907193,1706664613,d,100.0,50.0,Hamstring injury - 50% chance of playing
232413,1707224524,1707224524,d,50.0,25.0,Hamstring injury - 25% chance of playing
232413,1707907334,1707907334,i,0.0,0.0,Hamstring injury - Unknown return date
232413,1709830677,1709830677,a,100.0,100.0,
232413,1714205884,1714145409,d,100.0,75.0,Knee injury - 75% chance of playing
232413,1715260525,1715260525,a,100.0,100.0,
232477,1690810150,1689249604,n,,0.0,Joined Shrewsbury Town on a season-long loan - Unknown return date
232477,1692153327,1692153327,u,0.0,0.0,Joined Shrewsbury Town on a season-long loan - Unknown return date
232477,1693998038,1693998038,u,0.0,0.0,Joined Shrewsbury Town on a season-long loan
232653,1690810150,1690286404,i,,0.0,Foot injury - Expected back 16 Sep
232653,1695201757,1695201757,d,0.0,50.0,Foot injury - 50% chance of playing
232653,1695656041,1695656041,a,100.0,100.0,
232653,1696516727,1696433408,d,50.0,75.0,Foot injury - 75% chance of playing
232653,1697747162,1697747162,d,0.0,50.0,Foot injury - 50% chance of playing
232653,1698395227,1698395227,i,0.0,0.0,Foot injury - Unknown return date
232653,1699560201,1699560201,i,0.0,0.0,Foot injury - Expected back 26 Nov
232653,1700832134,1700832134,d,0.0,50.0,Foot injury - 50% chance of playing
232653,1701358847,1701358847,a,50.0,100.0,
232653,1706014880,1705303810,d,100.0,75.0,Hamstring injury - 75% chance of playing
232653,1706907193,1706907193,a,50.0,100.0,
232653,1709830677,1709415009,d,100.0,75.0,Foot injury - 75% chance of playing
232653,1710510981,1710510981,d,75.0,50.0,Foot injury - 50% chance of playing
232653,1712319850,1712319850,i,0.0,0.0,Foot injury - Unknown return date
232653,1712572268,1712572268,i,0.0,0.0,Toe Injury - Expected back 01 Jun
232787,1690810150,1690810150,a,,,
232787,1701695043,1701635409,s,,0.0,Suspended until 10 Dec
232787,1702024280,1702024280,a,0.0,100.0,
232787,1709830677,1709818208,d,100.0,75.0,Illness - 75% chance of playing
232787,1710510981,1710510981,a,75.0,100.0,
232792,1690810150,1690810150,a,,,
232792,1697747162,1697014808,d,,75.0,Knock - 75% chance of playing
232792,1698395227,1698395227,i,0.0,0.0,Knock - Unknown return date
232792,1698936236,1698936236,d,25.0,50.0,Knock - 50% chance of playing
232792,1699560201,1699462809,i,100.0,0.0,Muscle injury - Expected back 25 Nov
232792,1700832134,1700832134,d,0.0,50.0,Muscle injury - 50% chance of playing
232792,1701695043,1701695043,i,0.0,0.0,Muscle injury - Unknown return date
232792,1706014880,1706014880,a,0.0,100.0,
232792,1713255760,1712939410,i,0.0,0.0,Knock - Unknown return date
232792,1716086163,1716086163,a,75.0,100.0,
232826,1690810150,1690810150,a,,,
232826,1696516727,1696098609,s,,0.0,Suspended until 21 Oct
232826,1697747162,1697747162,a,0.0,100.0,
232826,1701695043,1701563409,d,100.0,75.0,Hip injury - 75% chance of playing
232826,1702024280,1702024280,a,75.0,100.0,
232826,1703132577,1703026810,d,75.0,75.0,Knock - 75% chance of playing
232826,1703505557,1703505557,a,75.0,100.0,
232826,1707224524,1706983210,d,100.0,75.0,Ankle injury - 75% chance of playing
232826,1707907334,1707907334,a,25.0,100.0,
232826,1710510981,1710199809,d,100.0,75.0,Knee injury - 75% chance of playing
232826,1710953733,1710953733,a,75.0,100.0,
232826,1711958921,1711812609,s,100.0,0.0,Suspended until 06 Apr
232826,1712319850,1712319850,a,0.0,100.0,
232826,1716086163,1715815807,d,100.0,75.0,Ankle injury - 75% chance of playing
232859,1690810150,1690810150,a,,,
232859,1693998038,1693472037,u,0.0,0.0,Season-long loan to Leeds United
232892,1690810150,1690810150,a,,,
232892,1693216941,1693216941,a,,100.0,
232892,1704272252,1703975411,i,100.0,0.0,International Duty - Unknown return date
232892,1707224524,1707224524,i,0.0,0.0,International Duty - Expected back 17 Feb
232892,1707907334,1707907334,d,0.0,75.0,International Duty - 75% chance of playing
232892,1708597419,1708597419,a,100.0,100.0,
232917,1690810150,1690810150,a,,,
232917,1700832134,1700769610,d,,25.0,Illness - 25% chance of playing
232917,1702024280,1702024280,a,25.0,100.0,
232928,1690810150,1690810150,a,,,
232928,1702024280,1702000809,d,,75.0,Illness - 75% chance of playing
232928,1702301755,1702301755,a,75.0,100.0,
232937,1690810150,1690810150,a,,,
232937,1693216941,1692952685,u,0.0,0.0,Season-long loan to Ipswich Town
232977,1690810150,1690532863,u,,0.0,Season long loan to Wigan Athletic
232980,1692153327,1692153327,a,,,
232980,1700832134,1699754410,i,,0.0,Hamstring injury - Unknown return date
232980,1702301755,1702301755,i,0.0,0.0,Hamstring injury - Expected back 26 Dec
232980,1703132577,1703132577,d,25.0,50.0,Hamstring injury - 50% chance of playing
232980,1703826734,1703826734,a,25.0,100.0,
232980,1706014880,1705885211,d,100.0,75.0,Hamstring injury - 75% chance of playing
232980,1706907193,1706907193,i,0.0,0.0,Hamstring injury - Unknown return date
232980,1711958921,1711958921,a,100.0,100.0,
233425,1690810150,1690810150,a,,,
233425,1691655056,1691141983,u,,0.0,Permanent move to Hull City
233821,1690810150,1690810150,a,,,
233821,1695201757,1695201757,a,100.0,100.0,
233821,1698395227,1698017408,i,100.0,0.0,Hamstring injury - Unknown return date
233821,1699560201,1699560201,i,0.0,0.0,Hamstring injury - Expected back 12 Nov
233821,1700832134,1700832134,a,50.0,100.0,
233821,1703505557,1703287811,d,100.0,75.0,Knock - 75% chance of playing
233821,1703826734,1703826734,s,75.0,0.0,Suspended until 21 Jan
233821,1704272252,1704272252,a,0.0,100.0,
233821,1715260525,1714845609,s,100.0,0.0,Suspended until 19 May
233821,1716086163,1716086163,a,0.0,100.0,
233963,1693216941,1692972010,i,0.0,0.0,Lack of match fitness - Expected back 16 Sep
233963,1695201757,1695201757,a,100.0,100.0,
233963,1713255760,1712935810,d,75.0,75.0,Knock - 75% chance of playing
233963,1716086163,1716086163,d,0.0,25.0,Knock - 25% chance of playing
233963,1716833102,1716833102,a,25.0,100.0,
235382,1690810150,1690810150,a,,,
235382,1695201757,1694161140,u,0.0,0.0,Season long loan to Standard Liège
235448,1690810150,1690810150,a,,,
235530,1690810150,1690385404,d,,50.0,Knock - 50% chance of playing
235530,1692153327,1692153327,i,0.0,0.0,Knock - Unknown return date
235530,1692796125,1692796125,a,75.0,100.0,
235530,1696516727,1695652208,d,25.0,25.0,Calf injury - 25% chance of playing
235530,1697747162,1697747162,d,25.0,50.0,Calf injury - 50% chance of playing
235530,1698395227,1698395227,a,75.0,100.0,
235530,1701358847,1700938809,d,100.0,75.0,Hamstring injury - 75% chance of playing
235530,1701695043,1701695043,i,0.0,0.0,Hamstring injury - Unknown return date
235530,1703826734,1703826734,i,0.0,0.0,Hamstring injury - Expected back 01 Feb
235530,1706014880,1706014880,a,0.0,100.0,
235530,1709830677,1708812009,i,0.0,0.0,Hip injury - Unknown return date
235530,1711958921,1711958921,a,75.0,100.0,
235674,1690810150,1690810150,a,,,
235674,1697747162,1696606209,i,0.0,0.0,Knee injury - Expected back 09 Dec
235674,1701695043,1701695043,i,0.0,0.0,Knee injury - Expected back 14 Jan
235674,1706014880,1706014880,d,0.0,50.0,Knee injury - 50% chance of playing
235674,1706907193,1706907193,i,0.0,0.0,Knee injury - Unknown return date
235674,1707907334,1707907334,i,0.0,0.0,Knee injury - Expected back 02 Mar
235674,1709830677,1709830677,i,0.0,0.0,Knee injury - Unknown return date
235674,1712572268,1712572268,i,0.0,0.0,Knee injury - Expected back 01 Jun
240299,1690810150,1690810150,a,,,
240299,1693998038,1693447209,d,25.0,25.0,Hamstring injury - 25% chance of playing
240299,1695201757,1695201757,d,0.0,50.0,Hamstring injury - 50% chance of playing
240299,1695656041,1695656041,a,100.0,100.0,
240299,1698936236,1698413409,i,0.0,0.0,Shoulder injury - Expected back 22 Jan
240299,1703505557,1703505557,d,25.0,25.0,Lack of match fitness - 25% chance of playing
240299,1704272252,1704272252,a,100.0,100.0,
240299,1707224524,1707072972,u,100.0,0.0,Season-long loan to QPR
240514,1690810150,1688661003,u,,0.0,Joined Sturm Graz on a season-long loan
241157,1690810150,1690810150,a,,,
241231,1690810150,1690810150,a,,,
241231,1693216941,1693177207,d,,25.0,Knock - 25% chance of playing
241231,1693998038,1693998038,a,0.0,100.0,
241231,1697747162,1696712408,i,100.0,0.0,Knock - Unknown return date
241231,1698395227,1698395227,d,0.0,25.0,Knock - 25% chance of playing
241231,1699560201,1699560201,a,75.0,100.0,
241231,1701695043,1701540010,s,100.0,0.0,Suspended until 09 Dec
241231,1702024280,1702024280,a,0.0,100.0,
241231,1704272252,1704184211,d,100.0,75.0,Knock - 75% chance of playing
241231,1706907193,1706907193,d,75.0,50.0,Knock - 50% chance of playing
241231,1707907334,1707907334,d,25.0,25.0,Knock - 25% chance of playing
241231,1714205884,1714205884,i,0.0,0.0,Unknown - Expected back 01 Jun
242453,1692153327,1692153327,a,,,
242453,1706014880,1706014880,a,0.0,100.0,
242453,1708597419,1708473609,i,100.0,0.0,Knee injury - Unknown return date
242453,1714205884,1714205884,i,0.0,0.0,Knee injury - Expected back 01 Jun
242500,1690810150,1690810150,a,,,
242500,1692153327,1691751180,u,0.0,0.0,Season long loan to Colchester United until the end of the season
242500,1693998038,1693998038,u,0.0,0.0,Season long loan to Colchester United
242880,1690810150,1690810150,a,,,
242880,1691655056,1691058605,i,,0.0,Hamstring injury - Unknown return date
242880,1693216941,1693216941,i,0.0,0.0,Lack of match fitness - Expected back 17 Sep
242880,1695201757,1695201757,d,0.0,25.0,Lack of match fitness - 25% chance of playing
242880,1695656041,1695656041,i,0.0,0.0,Muscle injury - Expected back 07 Oct
242880,1696516727,1696516727,d,0.0,50.0,Muscle injury - 50% chance of playing
242880,1697747162,1697747162,d,25.0,75.0,Lack of match fitness - 75% chance of playing
242880,1698395227,1698395227,a,75.0,100.0,
242880,1707907334,1707388208,d,25.0,25.0,Muscle injury - 25% chance of playing
242880,1708597419,1708597419,i,0.0,0.0,Muscle injury - Unknown return date
242880,1709830677,1709830677,i,0.0,0.0,Muscle injury - Expected back 30 Mar
242880,1710953733,1710953733,a,100.0,100.0,
242885,1690810150,1690810150,a,,,
242885,1693998038,1693295253,u,0.0,0.0,Season long to Almere City
242898,1690810150,1690810150,a,,,
242898,1695656041,1695594608,d,,75.0,Hamstring injury - 75% chance of playing
242898,1696516727,1696516727,i,0.0,0.0,Hamstring injury - Expected back 23 Oct
242898,1697747162,1697747162,d,0.0,50.0,Hamstring injury - 50% chance of playing
242898,1698395227,1698395227,a,75.0,100.0,
242898,1703132577,1702713610,d,100.0,75.0,Head injury - 75% chance of playing
242898,1703505557,1703505557,a,75.0,100.0,
242898,1712319850,1712127610,d,100.0,75.0,Knock - 75% chance of playing
242898,1712572268,1712572268,a,100.0,100.0,
243016,1690810150,1690810150,a,,,
243016,1692796125,1692796125,a,,100.0,
243016,1699560201,1699221609,s,100.0,0.0,Suspended until 25 Nov
243016,1700832134,1700832134,a,0.0,100.0,
243016,1702024280,1701905409,d,100.0,75.0,Knock - 75% chance of playing
243016,1702301755,1702301755,d,25.0,50.0,Knock - 50% chance of playing
243016,1703132577,1703132577,d,0.0,50.0,Knee injury - 50% chance of playing
243016,1703505557,1703505557,d,50.0,25.0,Knee injury - 25% chance of playing
243016,1704272252,1704272252,a,50.0,100.0,
243298,1690810150,1690810150,a,,,
243298,1696516727,1696125608,d,,75.0,Knock - 75% chance of playing
243298,1697747162,1697747162,d,0.0,50.0,Knee injury - 50% chance of playing
243298,1698395227,1698395227,a,75.0,100.0,
243345,1690810150,1690810150,a,,,
243345,1693998038,1693553047,u,0.0,0.0,Season-long loan to Middlesbrough
243505,1690810150,1690810150,a,,,
243505,1698395227,1697815808,d,25.0,25.0,Lack of match fitness - 25% chance of playing
243505,1700832134,1700832134,a,25.0,100.0,
243532,1690810150,1690810150,a,,,
243532,1693998038,1693579604,u,0.0,0.0,Season-long loan to Sutton United
243557,1690810150,1690810150,a,,,
243557,1696516727,1696114810,d,,75.0,Back injury - 75% chance of playing
243557,1697747162,1697747162,a,75.0,100.0,
243568,1690810150,1690810150,a,,,
243568,1709830677,1708812009,s,0.0,0.0,Suspended until 31 Mar
243568,1710510981,1710510981,a,0.0,100.0,
243568,1711958921,1711814408,i,100.0,0.0,Knee injury - Expected back 04 May
243568,1713255760,1713255760,i,0.0,0.0,Knee injury - Expected back 25 Apr
243568,1714205884,1714205884,d,50.0,25.0,Knee injury - 25% chance of playing
243568,1714725260,1714725260,a,25.0,100.0,
243571,1690810150,1690810150,a,,,
243571,1713255760,1713225610,d,,75.0,Hamstring injury - 75% chance of playing
243571,1714205884,1714205884,i,0.0,0.0,Hamstring injury - Expected back 01 Jun
244042,1690810150,1690810150,a,,,
244042,1699560201,1699111809,d,,75.0,Knee injury - 75% chance of playing
244042,1700832134,1700832134,i,0.0,0.0,Knee injury - Expected back 03 Dec
244042,1701358847,1701358847,d,0.0,50.0,Knee injury - 50% chance of playing
244042,1701695043,1701695043,i,0.0,0.0,Knee injury - Expected back 10 Dec
244042,1702024280,1702024280,i,0.0,0.0,Knee injury - Expected back 16 Dec
244042,1702301755,1702301755,a,75.0,100.0,
244085,1690810150,1689574836,u,,0.0,Permanent Transfer to Birmingham
244262,1690810150,1690810150,a,,,
244262,1693998038,1693674008,d,,75.0,Knock - 75% chance of playing
244262,1695201757,1695201757,a,100.0,100.0,
244262,1700832134,1699754410,d,100.0,75.0,Knock - 75% chance of playing
244262,1701358847,1701358847,a,100.0,100.0,
244262,1701695043,1701543609,d,100.0,75.0,Hip injury - 75% chance of playing
244262,1702024280,1702024280,a,75.0,100.0,
244262,1710953733,1710716409,d,100.0,75.0,Hamstring injury - 75% chance of playing
244262,1711958921,1711828810,d,100.0,75.0,Knock - 75% chance of playing
244262,1712319850,1712319850,a,50.0,100.0,
244619,1693998038,1693998038,a,,,
244619,1706014880,1705303796,u,,0.0,Loan terminated and has returned to  Leicester City
244723,1690810150,1690810150,a,,,
244723,1691655056,1691364606,d,,75.0,Thigh injury - 75% chance of playing
244723,1692153327,1692153327,a,100.0,100.0,
244723,1698936236,1698481808,d,100.0,75.0,Knock - 75% chance of playing
244723,1699560201,1699560201,a,100.0,100.0,
244723,1702024280,1701905409,d,100.0,75.0,Muscle injury - 75% chance of playing
244723,1702301755,1702301755,d,0.0,25.0,Hip injury - 25% chance of playing
244723,1703132577,1703132577,a,100.0,100.0,
244731,1690810150,1690810150,a,,,
244731,1703505557,1703368809,d,,75.0,Knock - 75% chance of playing
244731,1703826734,1703826734,a,75.0,100.0,
244850,1706907193,1706907193,a,,,
244850,1715260525,1714944611,d,,75.0,Knock - 75% chance of playing
244850,1716086163,1716086163,i,75.0,0.0,Knock - Expected back 01 Jun
244851,1690810150,1690810150,a,,,
244851,1697747162,1696759210,d,,75.0,Dead leg - 75% chance of playing
244851,1698395227,1698395227,a,75.0,100.0,
244851,1703505557,1703431809,s,100.0,0.0,Suspended until 30 Dec
244851,1703826734,1703826734,a,0.0,100.0,
244856,1690810150,1690810150,a,,,
244856,1701695043,1701543609,d,,75.0,Knee injury - 75% chance of playing
244856,1702024280,1702024280,a,75.0,100.0,
244856,1713255760,1712937610,d,50.0,50.0,Knock - 50% chance of playing
244856,1714205884,1714205884,a,75.0,100.0,
244930,1690810150,1690810150,a,,,
244930,1695201757,1694161285,u,0.0,0.0,Season-long loan to KV Kortrijk
244954,1690810150,1690810150,a,,,
244954,1703132577,1702857611,d,,75.0,Knock - 75% chance of playing
244954,1703505557,1703505557,d,0.0,50.0,Ankle sprain - 50% chance of playing
244954,1703826734,1703826734,a,50.0,100.0,
244954,1706014880,1704502811,d,75.0,75.0,Ankle injury - 75% chance of playing
244954,1706907193,1706907193,i,0.0,0.0,Ankle injury - Expected back 11 Feb
244954,1707224524,1707224524,d,0.0,50.0,Ankle injury - 50% chance of playing
244954,1707907334,1707907334,a,100.0,100.0,
245414,1692796125,1692796125,a,,,
245414,1701358847,1700852411,d,75.0,75.0,Knock - 75% chance of playing
245414,1701695043,1701695043,a,100.0,100.0,
245414,1707224524,1707141610,d,100.0,25.0,Knock - 25% chance of playing
245414,1707907334,1707907334,a,100.0,100.0,
245414,1712319850,1712217610,d,100.0,75.0,Knock - 75% chance of playing
245414,1712572268,1712572268,a,75.0,100.0,
245414,1714205884,1714069810,i,100.0,0.0,Knock - Unknown return date
245414,1714725260,1714725260,a,0.0,100.0,
245414,1715260525,1714944611,d,100.0,75.0,Knock - 75% chance of playing
245414,1716086163,1716086163,i,75.0,0.0,Foot injury - Expected back 01 Jul
245824,1690810150,1690810150,a,,,
245824,1707224524,1707071584,u,,0.0,Season-long loan to Galatasaray
245830,1690810150,1690810150,a,,,
245830,1691655056,1691141909,u,,0.0,Season long loan to Cardiff City
245923,1690810150,1690810150,a,,,
245923,1691655056,1691570261,u,,0.0,Season long loan to Plymouth Argyle
247245,1693216941,1693216941,a,,,
247245,1706014880,1705885211,d,,75.0,Knock - 75% chance of playing
247245,1706907193,1706907193,d,75.0,50.0,Knock - 50% chance of playing
247245,1707907334,1707907334,a,75.0,100.0,
247348,1706907193,1706907193,a,,,
247632,1690810150,1690810150,a,,,
247632,1698936236,1698521409,d,,25.0,Hamstring injury - 25% chance of playing
247632,1699560201,1699560201,i,0.0,0.0,Hamstring injury - Expected back 27 Nov
247632,1700832134,1700832134,i,0.0,0.0,Hamstring injury - Expected back 02 Dec
247632,1701358847,1701358847,d,0.0,50.0,Hamstring injury - 50% chance of playing
247632,1701695043,1701695043,i,0.0,0.0,Hamstring injury - Expected back 09 Dec
247632,1702024280,1702024280,i,0.0,0.0,Hamstring injury - Expected back 17 Dec
247632,1702301755,1702301755,i,0.0,0.0,Hamstring injury - Expected back 24 Dec
247632,1703132577,1703132577,d,0.0,50.0,Hamstring injury - 50% chance of playing
247632,1703505557,1703505557,d,75.0,75.0,Lack of match fitness - 75% chance of playing
247632,1703826734,1703826734,a,75.0,100.0,
247632,1709830677,1709406010,d,100.0,75.0,Hamstring injury - 75% chance of playing
247632,1710953733,1710012610,i,75.0,0.0,Hamstring injury - Expected back 11 May
247632,1714205884,1714205884,i,25.0,0.0,Lack of match fitness - Expected back 19 May
247632,1715260525,1715260525,a,100.0,100.0,
248164,1690810150,1689842339,u,,0.0,Joined Exeter City on a season-long loan
248854,1696516727,1696516727,a,,,
248857,1690810150,1690810150,a,,,
248857,1691655056,1691058605,d,,75.0,Hamstring injury - 75% chance of playing
248857,1692153327,1692153327,a,75.0,100.0,
248857,1695201757,1694982607,d,100.0,75.0,Muscle injury - 75% chance of playing
248857,1696516727,1696516727,a,100.0,100.0,
248857,1702024280,1701788410,i,0.0,0.0,Muscle injury - Expected back 16 Dec
248857,1702301755,1702301755,a,100.0,100.0,
248859,1700832134,1700832134,a,,,
248875,1693216941,1693216941,a,,,
248875,1701695043,1701646211,d,,75.0,Knock - 75% chance of playing
248875,1702301755,1702301755,d,75.0,75.0,Muscle injury - 75% chance of playing
248875,1703132577,1703132577,d,50.0,50.0,Muscle injury - 50% chance of playing
248875,1706014880,1706014880,a,100.0,100.0,
248875,1709830677,1709802008,d,100.0,75.0,Muscle injury - 75% chance of playing
248875,1710510981,1710510981,a,75.0,100.0,
249231,1690810150,1690810150,a,,,
249231,1697747162,1696714208,d,,75.0,Calf injury - 75% chance of playing
249231,1698395227,1698395227,i,0.0,0.0,Calf injury - Unknown return date
249231,1699560201,1699560201,i,0.0,0.0,Calf injury - Expected back 25 Nov
249231,1700832134,1700832134,d,0.0,50.0,Calf injury - 50% chance of playing
249231,1701358847,1701358847,a,100.0,100.0,
250199,1693998038,1693998038,a,,,
250199,1696516727,1696188609,d,,75.0,Knock - 75% chance of playing
250199,1697747162,1697747162,a,50.0,100.0,
250199,1709830677,1709411410,d,100.0,75.0,Hamstring injury - 75% chance of playing
250199,1710510981,1710510981,a,75.0,100.0,
250199,1714725260,1714341609,d,100.0,75.0,Knock - 75% chance of playing
250199,1715260525,1715260525,a,75.0,100.0,
250199,1716086163,1715959810,i,100.0,0.0,Hernia - Expected back 01 Jun
250735,1690810150,1690810150,a,,,
250735,1693998038,1693504807,i,0.0,0.0,Illness - Unknown return date
250735,1697747162,1697747162,a,100.0,100.0,
250735,1706907193,1706083185,u,0.0,0.0,On loan to Schalke 04 until the end of the season
422303,1690810150,1690810150,a,,,
422303,1693216941,1693210628,u,,0.0,Season-long loan to Barnsley
424001,1692153327,1692153327,a,75.0,100.0,
424044,1690810150,1690810150,a,,,
424044,1702024280,1701905408,d,,75.0,Illness - 75% chance of playing
424044,1703505557,1703505557,i,0.0,0.0,Illness - Expected back 31 Dec
424044,1703826734,1703826734,d,25.0,25.0,Illness - 25% chance of playing
424044,1704272252,1704272252,i,0.0,0.0,Illness - Unknown return date
424044,1706014880,1706014880,u,0.0,0.0,On loan to Napoli until the end of the season
424876,1690810150,1690810150,a,,,
424876,1704272252,1704184211,d,,75.0,Hamstring injury - 75% chance of playing
424876,1706014880,1706014880,d,75.0,50.0,Hamstring injury - 50% chance of playing
424876,1706907193,1706907193,a,100.0,100.0,
424876,1707224524,1707121810,d,100.0,75.0,Muscle injury - 75% chance of playing
424876,1707907334,1707907334,i,0.0,0.0,Muscle injury - Unknown return date
424876,1708597419,1708597419,i,0.0,0.0,Muscle injury - Expected back 02 Mar
424876,1709830677,1709830677,a,75.0,100.0,
427420,1706907193,1706907193,a,,,
427420,1710510981,1709915411,d,75.0,75.0,Knock - 75% chance of playing
427420,1710953733,1710953733,a,75.0,100.0,
427623,1690810150,1690810150,a,,,
427623,1712319850,1712127609,d,,75.0,Knock - 75% chance of playing
427623,1712572268,1712572268,i,0.0,0.0,Knock - Expected back 27 Apr
427623,1714205884,1714205884,a,75.0,100.0,
428580,1690810150,1690810150,a,,,
428580,1691655056,1691364606,d,,75.0,Dead leg - 75% chance of playing
428580,1692796125,1692796125,a,100.0,100.0,
428580,1703132577,1702848608,s,100.0,0.0,Suspended until 30 Dec
428580,1703826734,1703826734,a,0.0,100.0,
428580,1704272252,1703975409,i,100.0,0.0,International Duty - Unknown return date
428580,1707224524,1707224524,i,0.0,0.0,International Duty - Expected back 17 Feb
428580,1707907334,1707907334,d,0.0,75.0,International Duty - 75% chance of playing
428580,1708597419,1708597419,a,100.0,100.0,
428580,1716086163,1715608809,d,100.0,75.0,Knock - 75% chance of playing
428610,1690810150,1690810150,a,,,
428971,1693998038,1693998038,a,,,
429414,1690810150,1690810150,a,,,
429414,1706014880,1704795769,u,0.0,0.0,On loan to Eintracht Frankfurt until the end of the season
430871,1690810150,1690810150,a,,,
430871,1692153327,1692153327,a,75.0,100.0,
430871,1707907334,1707595209,d,100.0,75.0,Hamstring injury - 75% chance of playing
430871,1708597419,1708597419,i,0.0,0.0,Hamstring injury - Unknown return date
430871,1709830677,1709830677,i,0.0,0.0,Hamstring injury - Expected back 30 Mar
430871,1710953733,1710953733,d,0.0,75.0,Hamstring injury - 75% chance of playing
430871,1711958921,1711958921,a,100.0,100.0,
430992,1706014880,1706014880,a,,,
430992,1706907193,1706691753,u,,0.0,On loan to Dundee until the end of the season
431960,1690810150,1690810150,a,,,
431960,1693216941,1693216941,a,,100.0,
431960,1693998038,1693644300,u,100.0,0.0,Season-long loan to Servette
432160,1690810150,1690810150,a,,,
432160,1693216941,1692975607,i,0.0,0.0,Shoulder injury - Unknown return date
432160,1698395227,1698395227,i,0.0,0.0,Shoulder injury - Expected back 04 Nov
432160,1699560201,1699560201,d,25.0,25.0,Lack of match fitness - 25% chance of playing
432160,1700832134,1700832134,a,50.0,100.0,
432160,1704272252,1703867409,d,75.0,75.0,Foot injury - 75% chance of playing
432160,1706014880,1706014880,a,100.0,100.0,
432422,1690810150,1690810150,a,,,
432422,1695201757,1695201757,a,50.0,100.0,
432422,1698936236,1698514209,s,100.0,0.0,Suspended until 27 Aug
432711,1690810150,1690810150,a,,,
432711,1707224524,1707071425,u,,0.0,Season-long loan to PSV Eindhoven
432712,1703505557,1703505557,a,,,
432712,1706014880,1704706558,u,0.0,0.0,On loan to Kidderminster Harriers until the end of the season
432714,1690810150,1690810150,a,,,
432714,1703826734,1703635211,n,,0.0,Ineligible to face his parent club on 30/12. - Expected back 21 Jan
432714,1704272252,1704272252,a,0.0,100.0,
432714,1714205884,1713999609,d,100.0,50.0,Groin Injury - 50% chance of playing
432714,1715260525,1715260525,a,100.0,100.0,
432720,1690810150,1690810150,a,,,
432830,1690810150,1690810150,a,,,
432830,1700832134,1700568009,d,,25.0,Ankle injury - 25% chance of playing
432830,1701358847,1701358847,i,0.0,0.0,Ankle injury - Expected back 09 Dec
432830,1702024280,1702024280,i,0.0,0.0,Ankle injury - Expected back 17 Dec
432830,1702301755,1702301755,i,0.0,0.0,Ankle injury - Expected back 27 Dec
432830,1703132577,1703132577,a,75.0,100.0,
432830,1716086163,1715608809,d,100.0,75.0,Knock - 75% chance of playing
432931,1690810150,1690810150,a,,,
432931,1701358847,1700863211,i,0.0,0.0,Knock - Unknown return date
432931,1703132577,1703132577,a,100.0,100.0,
432931,1707224524,1707072542,u,100.0,0.0,Season-long loan to Vejle Boldklub
432990,1690810150,1690810150,a,,,
432990,1704272252,1703975410,i,,0.0,International Duty - Unknown return date
432990,1706907193,1706907193,a,100.0,100.0,
433154,1690810150,1690810150,a,,,
433154,1691655056,1691364606,i,,0.0,Ankle injury - Unknown return date
433154,1693998038,1693998038,a,50.0,100.0,
433979,1690810150,1690810150,a,,,
433979,1708597419,1708302608,d,,75.0,Calf injury - 75% chance of playing
433979,1709830677,1709830677,i,0.0,0.0,Calf injury - Expected back 30 Mar
433979,1710953733,1710953733,d,0.0,50.0,Calf injury - 50% chance of playing
433979,1711958921,1711958921,d,75.0,75.0,Calf injury - 75% chance of playing
433979,1712572268,1712572268,a,100.0,100.0,
434662,1690810150,1689756590,u,,0.0,Transfer to Galatasaray on a permanent basis
435973,1690810150,1690810150,a,,,
435973,1695201757,1695072607,s,,0.0,Suspended until 03 Oct
435973,1696516727,1696516727,a,0.0,100.0,
435973,1698936236,1698523207,d,100.0,75.0,Illness - 75% chance of playing
435973,1699560201,1699560201,d,25.0,25.0,Illness - 25% chance of playing
435973,1703132577,1703132577,a,25.0,100.0,
435973,1707907334,1707598808,d,100.0,75.0,Muscle injury - 75% chance of playing
435973,1708597419,1708597419,i,0.0,0.0,Muscle injury - Unknown return date
435973,1710510981,1710510981,d,0.0,25.0,Muscle injury - 25% chance of playing
435973,1710953733,1710953733,a,25.0,100.0,
436234,1690810150,1690810150,a,,,
436234,1691655056,1691146804,i,,0.0,Groin Injury - Unknown return date
436234,1695656041,1695656041,i,0.0,0.0,Groin Injury - Expected back 23 Oct
436234,1697747162,1697747162,a,75.0,100.0,
437468,1690810150,1690810150,a,,,
437468,1699560201,1699131609,d,,75.0,Knock - 75% chance of playing
437468,1700832134,1700832134,d,0.0,50.0,Ankle injury - 50% chance of playing
437468,1701358847,1701358847,a,50.0,100.0,
437476,1690810150,1690810150,a,,,
437476,1691655056,1691141945,u,,0.0,Permanent transfer to Real Salt Lake
437626,1690810150,1690810150,a,,,
437626,1695656041,1695506407,d,,75.0,Muscle injury - 75% chance of playing
437626,1696516727,1696516727,d,50.0,50.0,Groin Injury - 50% chance of playing
437626,1697747162,1697747162,d,25.0,25.0,Groin Injury - 25% chance of playing
437626,1698936236,1698936236,a,25.0,100.0,
437626,1706014880,1705764609,n,100.0,0.0,Ineligible to face his parent club on 30/1. - Expected back 04 Feb
437626,1706907193,1706907193,a,0.0,100.0,
437626,1709830677,1708817409,i,0.0,0.0,Knock - Unknown return date
437626,1710510981,1710510981,i,0.0,0.0,Muscle injury - Unknown return date
437626,1711958921,1711958921,d,25.0,25.0,Muscle injury - 25% chance of playing
437626,1713255760,1713255760,a,25.0,100.0,
437730,1690810150,1690810150,a,,,
437730,1691655056,1691364605,d,,25.0,Shin injury - 25% chance of playing
437730,1692153327,1692153327,a,75.0,100.0,
437730,1704272252,1704114011,i,100.0,0.0,International Duty - Unknown return date
437730,1706907193,1706907193,a,100.0,100.0,
437730,1713255760,1712583008,i,0.0,0.0,Calf injury - Unknown return date
437730,1714205884,1714205884,a,100.0,100.0,
437730,1714725260,1714341609,d,100.0,50.0,Knee injury - 50% chance of playing
437730,1715260525,1715260525,a,100.0,100.0,
437742,1690810150,1690810150,a,,,
437742,1696516727,1695805208,i,0.0,0.0,Hamstring injury - Expected back 25 Nov
437742,1700832134,1700832134,i,0.0,0.0,Hamstring injury - Unknown return date
437742,1701695043,1701695043,i,0.0,0.0,Hamstring injury - Expected back 10 Dec
437742,1702024280,1702024280,a,0.0,100.0,
437742,1709830677,1708596008,i,0.0,0.0,Hamstring injury - Unknown return date
437742,1710510981,1710510981,d,25.0,25.0,Hamstring injury - 25% chance of playing
437742,1710953733,1710953733,d,25.0,50.0,Hamstring injury - 50% chance of playing
437742,1711958921,1711958921,i,0.0,0.0,Hamstring injury - Unknown return date
437742,1713255760,1713255760,i,0.0,0.0,Hamstring injury - Expected back 20 Apr
437742,1714205884,1714205884,a,0.0,100.0,
437748,1693998038,1693998038,a,,,
437753,1690810150,1690810150,a,,,
437753,1695201757,1695033291,u,,0.0,Permanent transfer to Olympiacos
437757,1693998038,1693998038,a,,,
437757,1710510981,1710437409,d,,25.0,Unknown - 25% chance of playing
437757,1714205884,1714205884,a,100.0,100.0,
438098,1690810150,1690810150,a,,,
438098,1696516727,1696516727,a,75.0,100.0,
438098,1700832134,1699754409,s,100.0,0.0,Suspended until 09 Dec
438098,1702024280,1701950408,i,0.0,0.0,Groin Injury - Expected back 20 Jan
438098,1706014880,1706014880,d,50.0,50.0,Lack of match fitness - 50% chance of playing
438098,1708597419,1708597419,d,75.0,75.0,Lack of match fitness - 75% chance of playing
438098,1709830677,1709830677,a,100.0,100.0,
438405,1716833102,1716833102,a,,,
438464,1690810150,1690810150,a,,,
438464,1691655056,1691364606,d,,75.0,Muscle injury - 75% chance of playing
438464,1692153327,1692153327,a,75.0,100.0,
438464,1697747162,1696633209,d,50.0,50.0,Hamstring injury - 50% chance of playing
438464,1698395227,1698395227,a,100.0,100.0,
438464,1701358847,1700938809,i,100.0,0.0,Achilles injury - Unknown return date
438464,1701695043,1701695043,i,0.0,0.0,Achilles injury - Expected back 19 May
440089,1690810150,1690810150,a,,,
440089,1693216941,1693083607,d,,75.0,Knock - 75% chance of playing
440089,1693998038,1693998038,i,0.0,0.0,Muscle injury - Expected back 17 Sep
440089,1695201757,1695201757,d,50.0,50.0,Muscle injury - 50% chance of playing
440089,1696516727,1696516727,i,0.0,0.0,Knee injury - Unknown return date
440089,1698395227,1698395227,i,0.0,0.0,Knee injury - Expected back 25 Nov
440089,1700832134,1700832134,d,0.0,50.0,Knee injury - 50% chance of playing
440089,1701358847,1701358847,d,0.0,75.0,Lack of match fitness - 75% chance of playing
440089,1701695043,1701695043,d,50.0,50.0,Lack of match fitness - 50% chance of playing
440089,1702024280,1702024280,a,100.0,100.0,
440323,1690810150,1690810150,a,,,
440323,1691655056,1691058605,i,,0.0,Knee injury - Unknown return date
440323,1693216941,1693216941,i,0.0,0.0,Lack of match fitness - Expected back 17 Sep
440323,1695201757,1695201757,d,0.0,25.0,Lack of match fitness - 25% chance of playing
440323,1695656041,1695656041,a,50.0,100.0,
440323,1697747162,1697666409,d,100.0,75.0,Knock - 75% chance of playing
440323,1698395227,1698395227,d,0.0,75.0,Knee injury - 75% chance of playing
440323,1698936236,1698936236,i,0.0,0.0,Knee injury - Expected back 06 Nov
440323,1699560201,1699560201,d,75.0,75.0,Knee injury - 75% chance of playing
440323,1700832134,1700832134,a,75.0,100.0,
440323,1707224524,1707141608,d,100.0,75.0,Knock - 75% chance of playing
440323,1707907334,1707907334,a,100.0,100.0,
440854,1690810150,1690810150,a,,,
440993,1690810150,1690810150,a,,,
440993,1691655056,1690961340,u,,0.0,Permanent transfer to Marseille
441024,1690810150,1690810150,a,,,
441024,1691655056,1691394546,u,,0.0,Season long loan to Swansea
441164,1690810150,1690810150,a,,,
441164,1708597419,1708092010,i,0.0,0.0,Muscle injury - Expected back 02 Mar
441164,1709830677,1709830677,d,25.0,50.0,Muscle injury - 50% chance of playing
441164,1710510981,1710510981,a,100.0,100.0,
441164,1713255760,1713049209,d,100.0,75.0,Knock - 75% chance of playing
441164,1714205884,1714205884,a,75.0,100.0,
441191,1692153327,1692153327,a,,,
441191,1710953733,1710716410,d,,75.0,Ankle injury - 75% chance of playing
441191,1712319850,1712319850,i,50.0,0.0,Ankle injury - Expected back 04 May
441191,1713255760,1713255760,a,25.0,100.0,
441191,1716086163,1715808607,i,100.0,0.0,Ankle injury - Expected back 01 Jun
441192,1690810150,1690370925,u,,0.0,Joined West Bromwich Albion on a season-long loan
441240,1706907193,1706907193,a,,,
441240,1708597419,1708090146,d,0.0,75.0,Illness - 75% chance of playing
441240,1709830677,1709830677,a,100.0,100.0,
441240,1714205884,1713769209,i,100.0,0.0,Hamstring injury - Expected back 19 May
441240,1715260525,1715260525,a,100.0,100.0,
441240,1716086163,1715603409,d,100.0,75.0,Ankle injury - 75% chance of playing
441240,1716833102,1716833102,a,75.0,100.0,
441266,1693998038,1693998038,a,,,
441266,1699560201,1699518610,d,,50.0,Knee injury - 50% chance of playing
441266,1700832134,1700832134,d,50.0,75.0,Knee injury - 75% chance of playing
441266,1701358847,1701358847,a,100.0,100.0,
441266,1703132577,1702857611,d,100.0,75.0,Hamstring injury - 75% chance of playing
441266,1703505557,1703505557,a,75.0,100.0,
441266,1709830677,1708907410,i,0.0,0.0,Ankle injury - Unknown return date
441266,1710510981,1710510981,d,0.0,75.0,Ankle injury - 75% chance of playing
441266,1710953733,1710953733,a,100.0,100.0,
441271,1690810150,1690192686,u,,0.0,Season long loan to Stoke Utd
441271,1693216941,1693216941,u,0.0,0.0,Season long loan to Stoke City
441302,1690810150,1690810150,a,,,
441302,1706014880,1705077835,u,0.0,0.0,On loan to Borussia Dortmund until the end of the season
441428,1692153327,1692153327,a,,,
441455,1690810150,1690810150,a,,,
441455,1693998038,1693447208,d,75.0,75.0,Knee injury - 75% chance of playing
441455,1695201757,1695201757,a,100.0,100.0,
442229,1690810150,1690810150,a,,,
442229,1691655056,1691570133,u,,0.0,Permanent transfer to Hertha BSC
443211,1690810150,1690810150,a,,,
443211,1691655056,1691364606,d,,25.0,Lack of match fitness - 25% chance of playing
443211,1692796125,1692796125,i,0.0,0.0,Lack of match fitness - Unknown return date
443211,1702024280,1702024280,d,50.0,50.0,Lack of match fitness - 50% chance of playing
443211,1703826734,1703826734,a,50.0,100.0,
443211,1707907334,1707597008,d,100.0,75.0,Hamstring injury - 75% chance of playing
443211,1708597419,1708597419,i,0.0,0.0,Hamstring injury - Unknown return date
443211,1709830677,1709830677,i,0.0,0.0,Hamstring injury - Expected back 01 Jun
443629,1702024280,1702024280,a,,,
443629,1706014880,1704796013,u,0.0,0.0,On loan to St Patrick’s Athletic until the end of the season
443661,1690810150,1688574604,d,,25.0,Hamstring injury - 25% chance of playing
443661,1692153327,1692153327,i,0.0,0.0,Hamstring injury - Unknown return date
443661,1698936236,1698936236,d,0.0,25.0,Hamstring injury - 25% chance of playing
443661,1699560201,1699560201,i,0.0,0.0,Lack of match fitness - Expected back 11 Nov
443661,1700832134,1700832134,a,100.0,100.0,
443661,1704272252,1703991609,d,100.0,75.0,Hamstring injury - 75% chance of playing
443661,1706014880,1706014880,d,50.0,25.0,Hamstring injury - 25% chance of playing
443661,1706907193,1706664613,d,100.0,75.0,Muscle injury - 75% chance of playing
443661,1707224524,1707224524,d,75.0,25.0,Hamstring injury - 25% chance of playing
443661,1707907334,1707907334,i,0.0,0.0,Hamstring injury - Unknown return date
443661,1711958921,1711958921,i,0.0,0.0,Lack of match fitness - Expected back 06 Apr
443661,1712319850,1712319850,d,0.0,50.0,Lack of match fitness - 50% chance of playing
443661,1712572268,1712572268,a,100.0,100.0,
444145,1690810150,1690810150,a,,,
444145,1695201757,1694982606,d,,75.0,Muscle injury - 75% chance of playing
444145,1695656041,1695656041,d,50.0,50.0,Muscle injury - 50% chance of playing
444145,1697747162,1697747162,a,50.0,100.0,
444145,1709830677,1709629209,d,100.0,75.0,Gashed Leg - 75% chance of playing
444145,1711958921,1711958921,a,75.0,100.0,
444180,1690810150,1690810150,a,,,
444180,1693998038,1693771747,u,,0.0,Season-long loan to Leeds United
444183,1690810150,1690810150,a,,,
444183,1707224524,1707072208,u,,0.0,Season-long loan to Fleetwood Town
444463,1690810150,1689723004,i,,0.0,Knee injury - Unknown return date
444463,1714205884,1714205884,i,0.0,0.0,Knee injury - Expected back 01 Jun
444765,1690810150,1689574895,u,,0.0,Season long loan to Mainz 05
444884,1690810150,1690810150,a,,,
445044,1690810150,1690810150,a,,,
445044,1703826734,1703800811,s,,0.0,Suspended until 14 Jan
445044,1704272252,1704272252,a,0.0,100.0,
445122,1690810150,1690810150,a,,,
445122,1692153327,1691863207,d,,25.0,Knee injury - 25% chance of playing
445122,1692796125,1692796125,i,0.0,0.0,Knee injury - Unknown return date
445122,1714205884,1714205884,d,0.0,75.0,Lack of match fitness - 75% chance of playing
445122,1715260525,1715260525,a,100.0,100.0,
445548,1712319850,1712319850,a,,,
446008,1690810150,1690810150,a,,,
446008,1691655056,1691364606,d,,75.0,Dead leg - 75% chance of playing
446008,1692153327,1692153327,a,100.0,100.0,
446008,1702024280,1701905408,i,100.0,0.0,Ankle injury - Unknown return date
446008,1703132577,1703132577,i,0.0,0.0,Ankle injury - Expected back 09 Mar
446008,1709830677,1709830677,i,0.0,0.0,Ankle injury - Expected back 30 Mar
446008,1710510981,1710510981,d,0.0,75.0,Lack of match fitness - 75% chance of playing
446008,1710953733,1710953733,a,75.0,100.0,
447203,1690810150,1690810150,a,,,
447203,1706907193,1706877009,d,,75.0,Foot injury - 75% chance of playing
447203,1707224524,1707224524,a,75.0,100.0,
447203,1710953733,1710799209,d,100.0,75.0,Hamstring injury - 75% chance of playing
447203,1711958921,1711958921,a,100.0,100.0,
447261,1695656041,1695656041,a,,,
447715,1693216941,1693216941,a,,,
447715,1693998038,1693447209,d,75.0,75.0,Knock - 75% chance of playing
447715,1695201757,1695201757,a,100.0,100.0,
447715,1699560201,1699012810,d,25.0,25.0,Knock - 25% chance of playing
447715,1700832134,1700832134,a,25.0,100.0,
447715,1702301755,1702252811,d,100.0,75.0,Knock - 75% chance of playing
447715,1703132577,1703132577,d,50.0,50.0,Knock - 50% chance of playing
447715,1703826734,1703826734,a,25.0,100.0,
447715,1708597419,1708196410,d,100.0,25.0,Knee injury - 25% chance of playing
447715,1709830677,1709830677,i,0.0,0.0,Knee injury - Expected back 16 Nov
447879,1692153327,1692153327,a,,,
448047,1690810150,1690810150,a,,,
448047,1698936236,1698936236,a,,100.0,
448047,1703132577,1703026810,d,100.0,75.0,Illness - 75% chance of playing
448047,1703505557,1703505557,d,75.0,25.0,Hernia - 25% chance of playing
448047,1704272252,1704272252,a,25.0,100.0,
448047,1713255760,1712935809,d,50.0,50.0,Knock - 50% chance of playing
448047,1714205884,1714132810,i,100.0,0.0,Groin Injury - Expected back 01 Jun
448089,1690810150,1690810150,a,,,
448089,1701358847,1701122410,s,,0.0,Suspended until 05 Dec
448089,1701695043,1701695043,a,0.0,100.0,
448089,1706014880,1704504614,s,0.0,0.0,Suspended until 01 Feb
448089,1706907193,1706907193,a,100.0,100.0,
448089,1709830677,1709406010,d,100.0,75.0,Hamstring injury - 75% chance of playing
448089,1710510981,1710510981,a,100.0,100.0,
448514,1690810150,1690810150,a,,,
448514,1695201757,1694894408,d,,75.0,Fatigue - 75% chance of playing
448514,1695656041,1695656041,a,100.0,100.0,
448514,1697747162,1696840209,d,100.0,75.0,Knock - 75% chance of playing
448514,1698395227,1698395227,a,75.0,100.0,
448514,1701358847,1701133210,d,100.0,75.0,Ankle injury - 75% chance of playing
448514,1701695043,1701695043,i,0.0,0.0,Ankle injury - Expected back 09 Dec
448514,1702301755,1702301755,d,0.0,75.0,Ankle injury - 75% chance of playing
448514,1703132577,1703132577,a,75.0,100.0,
448514,1704272252,1703975410,i,100.0,0.0,International Duty - Unknown return date
448514,1706907193,1706907193,a,100.0,100.0,
448514,1712572268,1712435409,d,100.0,75.0,Calf injury - 75% chance of playing
448514,1714205884,1714205884,a,75.0,100.0,
448514,1714725260,1714249809,d,100.0,75.0,Knock - 75% chance of playing
448514,1715260525,1715260525,a,75.0,100.0,
449133,1706014880,1706014880,a,,,
449434,1690810150,1690810150,a,,,
449434,1695201757,1695201757,a,75.0,100.0,
449434,1700832134,1700146810,d,100.0,75.0,Knee injury - 75% chance of playing
449434,1701358847,1701358847,a,75.0,100.0,
449434,1706014880,1704502810,d,75.0,50.0,Knock - 50% chance of playing
449434,1706907193,1706907193,a,50.0,100.0,
449871,1690810150,1690810150,a,,,
449871,1699560201,1699126208,d,,75.0,Calf injury - 75% chance of playing
449871,1701695043,1700227809,d,25.0,25.0,Calf injury - 25% chance of playing
449871,1702024280,1702024280,d,25.0,50.0,Calf injury - 50% chance of playing
449871,1702301755,1702301755,a,75.0,100.0,
449871,1706907193,1706664613,d,100.0,50.0,Knee injury - 50% chance of playing
449871,1707907334,1707907334,a,75.0,100.0,
449871,1712572268,1712320208,d,75.0,75.0,Knock - 75% chance of playing
449871,1713255760,1713255760,a,75.0,100.0,
449988,1690810150,1690810150,a,,,
449988,1703826734,1703548810,d,75.0,75.0,Illness - 75% chance of playing
449988,1704272252,1704189940,u,100.0,0.0,On loan to Rangers until the end of the season
450197,1692153327,1692153327,a,,,
450197,1708597419,1708198651,u,,0.0,Permanent transfer to Dundalk
450434,1690810150,1690810150,a,,,
450434,1691655056,1691142057,u,,0.0,Season long loan to Stuttgart
450535,1690810150,1690810150,a,,,
450535,1692796125,1692280807,i,0.0,0.0,Lack of match fitness - Expected back 03 Sep
450535,1693216941,1693216941,d,25.0,25.0,Lack of match fitness - 25% chance of playing
450535,1695201757,1695201757,a,25.0,100.0,
450535,1707224524,1707072478,u,100.0,0.0,Season-long loan to RWD Molenbeek
450539,1700832134,1700832134,a,,,
450539,1706907193,1706083231,u,0.0,0.0,On loan to Portsmouth until the end of the season
450541,1690810150,1690810150,a,,,
450541,1691655056,1690961453,u,,0.0,"Half season loan to Carlisle United, expected back in January"
450542,1692153327,1692153327,a,,,
450542,1699560201,1699126210,i,,0.0,Hamstring injury - Unknown return date
450542,1706014880,1706014880,a,0.0,100.0,
450542,1707224524,1707175810,d,100.0,75.0,Knock - 75% chance of playing
450542,1707907334,1707907334,i,0.0,0.0,Hamstring injury - Unknown return date
450542,1711958921,1711958921,i,0.0,0.0,Hamstring injury - Expected back 06 Apr
450542,1712319850,1712319850,d,0.0,50.0,Hamstring injury - 50% chance of playing
450542,1714205884,1714205884,d,75.0,75.0,Lack of match fitness - 75% chance of playing
450542,1714725260,1714725260,a,75.0,100.0,
451302,1693998038,1693998038,a,,,
451302,1711958921,1711728011,d,75.0,75.0,Muscle injury - 75% chance of playing
451302,1712572268,1712572268,a,75.0,100.0,
451340,1690810150,1690810150,a,,,
451340,1697747162,1697014808,d,,75.0,Fatigue - 75% chance of playing
451340,1698395227,1698395227,a,100.0,100.0,
451340,1700832134,1700146809,d,100.0,50.0,Knock - 50% chance of playing
451340,1701695043,1701695043,a,100.0,100.0,
451340,1703505557,1703210410,d,100.0,75.0,Ankle injury - 75% chance of playing
451340,1703826734,1703826734,i,50.0,0.0,Ankle injury - Expected back 10 Feb
451340,1704272252,1704272252,i,0.0,0.0,International Duty - Unknown return date
451340,1707224524,1707224524,d,0.0,75.0,International Duty - 75% chance of playing
451340,1707907334,1707907334,a,100.0,100.0,
451340,1709830677,1708702209,i,0.0,0.0,Back injury - Expected back 19 May
451340,1714205884,1714205884,i,0.0,0.0,Back injury - Expected back 01 Jun
453537,1690810150,1690370980,u,,0.0,Permanent transfer to Bolton Wanderers
457569,1693998038,1693998038,a,,,
460028,1690810150,1690810150,a,,,
460028,1700832134,1699837209,d,,75.0,Shoulder injury - 75% chance of playing
460028,1701358847,1701358847,a,100.0,100.0,
460028,1706907193,1706625009,d,0.0,25.0,Tendon Injury - 25% chance of playing
460028,1707907334,1707907334,a,50.0,100.0,
460028,1709830677,1709818208,i,100.0,0.0,Toe Injury - Unknown return date
460028,1714205884,1714205884,d,0.0,25.0,Lack of match fitness - 25% chance of playing
460028,1714725260,1714725260,d,25.0,75.0,Lack of match fitness - 75% chance of playing
460028,1715260525,1715260525,a,75.0,100.0,
460842,1693998038,1693998038,a,,,
460842,1701695043,1701695043,a,75.0,100.0,
460842,1704272252,1704114013,i,100.0,0.0,International Duty - Unknown return date
460842,1706907193,1706907193,a,75.0,100.0,
461102,1690810150,1690192544,u,,0.0,Permanent transfer to Coventry
461188,1692796125,1692796125,a,,,
461188,1693998038,1693771606,u,,0.0,Season-long loan to Swansea City
461358,1690810150,1690810150,a,,,
461382,1692153327,1692153327,a,,,
461382,1693998038,1693579700,u,0.0,0.0,Season-long loan to Cambridge United
461416,1692153327,1692153327,a,,,
461416,1693998038,1693644819,u,,0.0,Transferred to Leicester City
461421,1692153327,1692153327,a,,,
461421,1709830677,1709830677,a,50.0,100.0,
461421,1711958921,1711645210,i,0.0,0.0,Ankle injury - Unknown return date
461421,1714725260,1714725260,d,0.0,50.0,Lack of match fitness - 50% chance of playing
461421,1715260525,1715260525,a,50.0,100.0,
461446,1692153327,1692153327,a,,,
461453,1711958921,1711958921,a,,,
461484,1706907193,1706907193,a,,,
461537,1710510981,1710510981,a,,,
461567,1692153327,1692153327,a,,,
461567,1693998038,1693604903,u,,0.0,Season-long loan to Barnsley
461682,1690810150,1690810150,a,,,
461682,1692153327,1691675423,u,0.0,0.0,Season long loan to Estoril
461682,1707224524,1707224524,u,0.0,0.0,Season long loan to Bristol Rovers
462381,1692796125,1692796125,a,,,
462381,1706014880,1705923848,u,,0.0,Joined Milton Keynes Dons on a season-long loan
462424,1690810150,1690810150,a,,,
462424,1696516727,1696516727,a,75.0,100.0,
462424,1697747162,1696840208,d,100.0,75.0,Toe Injury - 75% chance of playing
462424,1698395227,1698395227,a,75.0,100.0,
462438,1703826734,1703826734,a,,,
462491,1697747162,1697747162,a,,,
462491,1706014880,1705303851,u,,0.0,Has Joined Wigan Athletic on loan until the end of the season
462492,1708597419,1708597419,a,,,
463210,1690810150,1689066010,u,,0.0,Permanent Transfer to Southampton
463748,1692153327,1692153327,a,,,
463981,1690810150,1690810150,a,,,
463981,1693998038,1693579450,u,0.0,0.0,Season-long loan to Blackburn Rovers
463981,1706907193,1706234410,i,25.0,0.0,Ankle injury - Expected back 16 Mar
463981,1709830677,1709830677,i,0.0,0.0,Ankle injury - Expected back 30 Mar
463981,1710953733,1710953733,d,0.0,50.0,Ankle injury - 50% chance of playing
463981,1711958921,1711958921,a,100.0,100.0,
465351,1690810150,1690810150,a,,,
465351,1692796125,1692468008,s,,0.0,Suspended until 03 Sep
465351,1693216941,1693216941,a,0.0,100.0,
465351,1700832134,1700146810,d,100.0,75.0,Muscle injury - 75% chance of playing
465351,1701695043,1701695043,d,25.0,25.0,Muscle injury - 25% chance of playing
465351,1702024280,1702024280,a,25.0,100.0,
465351,1709830677,1709802008,d,100.0,75.0,Hand injury - 75% chance of playing
465351,1710510981,1710510981,a,75.0,100.0,
465390,1706907193,1706907193,a,,,
465527,1690810150,1690810150,a,,,
465527,1706014880,1705485527,u,,0.0,On loan to Sevilla until the end of the season
465607,1693998038,1693998038,a,,,
465607,1701358847,1700938811,d,,50.0,Muscle injury - 50% chance of playing
465607,1701695043,1701695043,i,0.0,0.0,Muscle injury - Unknown return date
465607,1702301755,1702301755,i,0.0,0.0,Muscle injury - Expected back 24 Feb
465607,1706907193,1706907193,d,0.0,75.0,Lack of match fitness - 75% chance of playing
465607,1707224524,1707224524,a,75.0,100.0,
465920,1690810150,1690810150,a,,,
465920,1693216941,1692885607,d,0.0,50.0,Knock - 50% chance of playing
465920,1693998038,1693998038,a,100.0,100.0,
465920,1696516727,1696372208,d,100.0,75.0,Thigh injury - 75% chance of playing
465920,1697747162,1697747162,a,100.0,100.0,
465920,1698936236,1698516008,d,100.0,75.0,Muscle injury - 75% chance of playing
465920,1699560201,1699560201,a,75.0,100.0,
465920,1716086163,1715814007,i,100.0,0.0,Concussion - Expected back 22 May
466117,1690810150,1690810150,a,,,
466117,1695656041,1695389408,i,0.0,0.0,Ankle injury - Unknown return date
466117,1697747162,1697747162,d,0.0,50.0,Ankle injury - 50% chance of playing
466117,1698395227,1698395227,a,100.0,100.0,
466117,1716086163,1715459408,s,100.0,0.0,Suspended until 20 May
466117,1716833102,1716833102,a,0.0,100.0,
466404,1693998038,1693998038,a,,,
467169,1690810150,1690810150,a,,,
467169,1695201757,1694422809,n,0.0,0.0,Not training with his club until further notice - Unknown return date
467169,1696516727,1696516727,a,0.0,100.0,
467169,1713255760,1713049209,d,100.0,75.0,Knock - 75% chance of playing
467169,1714205884,1714205884,a,75.0,100.0,
469142,1690810150,1690810150,a,,,
469142,1714725260,1714341609,d,,75.0,Hamstring injury - 75% chance of playing
469142,1715260525,1715260525,i,0.0,0.0,Hamstring injury - Unknown return date
469142,1716086163,1716086163,i,0.0,0.0,Hamstring injury - Expected back 01 Jun
471798,1690810150,1690810150,a,,,
471798,1692153327,1691750699,u,0.0,0.0,Season long loan to KAS Eupen
471848,1692153327,1692153327,a,,,
471848,1707224524,1707071732,u,,0.0,Season-long loan to Rotherham United
472464,1690810150,1690810150,a,,,
472713,1690810150,1690810150,a,,,
472713,1697747162,1696707009,d,,75.0,Knock - 75% chance of playing
472713,1698395227,1698395227,a,0.0,100.0,
472713,1699560201,1699126208,i,100.0,0.0,Hamstring injury - Expected back 20 Jan
472713,1704272252,1704272252,i,0.0,0.0,Hamstring injury - Unknown return date
472713,1714205884,1714205884,i,0.0,0.0,Hamstring injury - Expected back 01 Jun
474120,1690810150,1690810150,a,,,
474120,1693216941,1692824406,i,0.0,0.0,Knee injury - Unknown return date
474120,1703132577,1703132577,i,0.0,0.0,Knee injury - Expected back 24 Feb
474120,1709830677,1709830677,a,100.0,100.0,
474120,1711958921,1711814408,i,100.0,0.0,Muscle injury - Expected back 13 Apr
474120,1712319850,1712319850,a,100.0,100.0,
474120,1713255760,1712939409,i,0.0,0.0,Knock - Unknown return date
474120,1714205884,1714205884,a,0.0,100.0,
474772,1692153327,1692153327,a,,,
474772,1707224524,1707071641,u,,0.0,Season-long loan to Eastleigh
474803,1693216941,1693216941,a,,,
474803,1706014880,1705057459,u,0.0,0.0,On loan to National League side Gateshead until the end of the season
474908,1697747162,1697747162,a,,,
475168,1690810150,1690810150,a,,,
475168,1706907193,1706666410,d,,75.0,Knock - 75% chance of playing
475168,1707224524,1707224524,a,75.0,100.0,
475168,1707907334,1707498008,i,0.0,0.0,Hamstring injury - Unknown return date
475168,1709830677,1709830677,i,0.0,0.0,Hamstring injury - Expected back 31 Mar
475168,1710953733,1710953733,d,0.0,50.0,Hamstring injury - 50% chance of playing
475168,1711958921,1711958921,d,50.0,25.0,Hamstring injury - 25% chance of playing
475168,1712319850,1712319850,a,100.0,100.0,
475480,1700832134,1700832134,a,,,
476344,1690810150,1690810150,a,,,
476344,1692153327,1691679605,i,0.0,0.0,Muscle injury - Expected back 03 Sep
476344,1692796125,1692796125,a,25.0,100.0,
476344,1698936236,1698616810,d,100.0,75.0,Toe Injury - 75% chance of playing
476344,1699560201,1699560201,a,50.0,100.0,
476344,1706907193,1706203809,i,0.0,0.0,Hamstring injury - Unknown return date
476344,1709830677,1709830677,d,0.0,50.0,Hamstring injury - 50% chance of playing
476344,1710510981,1710510981,a,75.0,100.0,
476369,1690810150,1690810150,a,,,
476369,1700832134,1700694011,d,,75.0,Head injury - 75% chance of playing
476369,1701358847,1701358847,d,0.0,50.0,Head injury - 50% chance of playing
476369,1701695043,1701695043,a,100.0,100.0,
476369,1702024280,1701896412,n,100.0,0.0,Ineligible to face his parent club on 10/12. - Expected back 16 Dec
476369,1702301755,1702301755,a,0.0,100.0,
476369,1703826734,1703584811,d,75.0,75.0,Muscle injury - 75% chance of playing
476369,1704272252,1703975410,i,100.0,0.0,International Duty - Unknown return date
476369,1706907193,1706907193,a,0.0,100.0,
476369,1712572268,1712415609,n,100.0,0.0,Ineligible to face his parent club on 13/4. - Expected back 20 Apr
476369,1713255760,1713255760,a,0.0,100.0,
476369,1714205884,1713641410,i,100.0,0.0,Ankle injury - Expected back 01 Jun
476502,1690810150,1690810150,a,,,
476502,1703826734,1703548810,d,75.0,75.0,Illness - 75% chance of playing
476502,1704272252,1704243613,i,75.0,0.0,International Duty - Unknown return date
476502,1707224524,1707224524,d,0.0,75.0,International Duty - 75% chance of playing
476502,1707907334,1707907334,a,100.0,100.0,
476938,1690810150,1690810150,a,,,
476938,1691655056,1691146804,d,,25.0,Knee injury - 25% chance of playing
476938,1693216941,1693216941,a,25.0,100.0,
476938,1707224524,1707072696,u,100.0,0.0,Season-long loan to AIK
477064,1690810150,1690810150,a,,,
477424,1691655056,1691655056,a,,,
477424,1707907334,1707874211,i,,0.0,Ankle injury - Expected back 03 Mar
477424,1709830677,1709830677,a,50.0,100.0,
477555,1690810150,1690810150,a,,,
477580,1690810150,1690810150,a,,,
477717,1706907193,1706907193,a,,,
477717,1715260525,1714946409,d,,75.0,Knock - 75% chance of playing
477717,1716086163,1716086163,a,100.0,100.0,
477733,1692796125,1692796125,a,,,
477733,1706907193,1706515872,u,0.0,0.0,Joined Accrington Stanley on loan for the rest of the season
478912,1690810150,1690810150,a,,,
478912,1692796125,1692568806,i,,0.0,Knee injury - Unknown return date
478912,1693216941,1693216941,i,0.0,0.0,Knee injury - Expected back 23 Sep
478912,1695201757,1695201757,i,0.0,0.0,Knee injury - Unknown return date
478912,1695656041,1695656041,i,0.0,0.0,Knee injury - Expected back 07 Oct
478912,1696516727,1696516727,d,75.0,75.0,Lack of match fitness - 75% chance of playing
478912,1697747162,1697666409,d,75.0,25.0,Knee injury - 25% chance of playing
478912,1698395227,1698395227,i,0.0,0.0,Knee injury - Unknown return date
478912,1706014880,1706014880,a,75.0,100.0,
478912,1708597419,1708092009,i,0.0,0.0,Ankle injury - Unknown return date
478912,1709830677,1709830677,d,0.0,25.0,Ankle injury - 25% chance of playing
478912,1710510981,1710510981,a,25.0,100.0,
478912,1711958921,1711643408,i,0.0,0.0,Knock - Unknown return date
478912,1712319850,1712319850,a,25.0,100.0,
478912,1714205884,1714143610,d,100.0,25.0,Knee injury - 25% chance of playing
478912,1716086163,1716086163,d,25.0,50.0,Lack of match fitness - 50% chance of playing
478912,1716833102,1716833102,a,50.0,100.0,
478969,1690810150,1690810150,a,,,
478969,1693998038,1693447207,i,0.0,0.0,Knee injury - Unknown return date
478969,1698395227,1698395227,d,0.0,25.0,Knee injury - 25% chance of playing
478969,1699560201,1699560201,d,0.0,50.0,Lack of match fitness - 50% chance of playing
478969,1700832134,1700832134,d,50.0,75.0,Lack of match fitness - 75% chance of playing
478969,1701358847,1701358847,a,75.0,100.0,
478969,1703826734,1703548809,d,50.0,50.0,Knock - 50% chance of playing
478969,1704272252,1704272252,i,0.0,0.0,Knock - Unknown return date
478969,1706014880,1706014880,a,25.0,100.0,
478969,1713255760,1713049209,d,100.0,75.0,Knock - 75% chance of playing
478969,1714205884,1714205884,a,100.0,100.0,
479683,1690810150,1690810150,a,,,
479683,1692153327,1691985432,u,,0.0,Season long loan to FC Nantes
480455,1690810150,1690810150,a,,,
480455,1695201757,1695201757,a,100.0,100.0,
480455,1699560201,1699547410,d,100.0,75.0,Knock - 75% chance of playing
480455,1700832134,1700832134,a,75.0,100.0,
480455,1702301755,1702236610,s,100.0,0.0,Suspended until 23 Dec
480455,1703132577,1703132577,a,0.0,100.0,
480455,1713255760,1713225610,d,100.0,75.0,Knock - 75% chance of playing
480455,1714205884,1714205884,a,75.0,100.0,
481283,1706014880,1706014880,a,,,
481405,1690810150,1689756636,u,,0.0,Transfer to Red Bull Salzburg on a permanent basis
481624,1690810150,1690810150,a,,,
481624,1693998038,1693644493,u,,0.0,Transferred to Hull City
482158,1692153327,1692153327,a,,,
482158,1709830677,1709539613,u,,0.0,On loan to Brommapojkarna for the rest of the season
482442,1690810150,1690810150,a,,,
482442,1701358847,1700838011,d,75.0,75.0,Knock - 75% chance of playing
482442,1701695043,1701695043,i,0.0,0.0,Knock - Expected back 15 Dec
482442,1702024280,1702024280,a,25.0,100.0,
482442,1704272252,1703975410,i,100.0,0.0,International Duty - Unknown return date
482442,1706907193,1706907193,d,0.0,75.0,International Duty - 75% chance of playing
482442,1707224524,1707224524,a,75.0,100.0,
482609,1690810150,1690810150,a,,,
482609,1695656041,1695573007,s,,0.0,Suspended until 21 Oct
482609,1697747162,1697747162,a,0.0,100.0,
482609,1700832134,1699961409,d,100.0,75.0,Knee injury - 75% chance of playing
482609,1701695043,1701695043,i,0.0,0.0,Knee injury - Unknown return date
482609,1702301755,1702301755,d,50.0,50.0,Lack of match fitness - 50% chance of playing
482609,1703132577,1703132577,a,75.0,100.0,
482609,1706014880,1705942810,d,100.0,75.0,Muscle injury - 75% chance of playing
482609,1706907193,1706907193,a,100.0,100.0,
482609,1711958921,1711828809,d,100.0,75.0,Hamstring injury - 75% chance of playing
482609,1712319850,1712319850,a,75.0,100.0,
482609,1714205884,1713942009,d,100.0,25.0,Knee injury - 25% chance of playing
482609,1715260525,1715260525,a,25.0,100.0,
482769,1690810150,1690810150,a,,,
482769,1693216941,1692952782,u,0.0,0.0,Season-long loan to UD Las Palmas
483391,1690810150,1690810150,a,,,
483391,1691655056,1691141752,u,,0.0,Season long loan to Stoke City
483398,1701695043,1701695043,a,,,
484658,1690810150,1689842423,u,,0.0,Joined vitesse on a season long loan
486385,1693998038,1693998038,a,,,
486385,1701695043,1701695043,a,75.0,100.0,
486385,1714205884,1713769209,i,100.0,0.0,Head injury - Expected back 03 May
486385,1714725260,1714725260,a,0.0,100.0,
486672,1690810150,1690810150,a,,,
486672,1695201757,1694982606,d,,75.0,Knee injury - 75% chance of playing
486672,1695656041,1695656041,a,75.0,100.0,
486672,1696516727,1696372208,d,100.0,75.0,Knock - 75% chance of playing
486672,1697747162,1697747162,a,100.0,100.0,
486672,1703505557,1703451609,d,100.0,75.0,Illness - 75% chance of playing
486672,1703826734,1703826734,a,75.0,100.0,
487053,1690810150,1690810150,a,,,
487053,1698395227,1698323409,d,,75.0,Muscle injury - 75% chance of playing
487053,1699560201,1699560201,s,50.0,0.0,Suspended until 26 Nov
487053,1700832134,1699961410,d,0.0,75.0,Muscle injury - 75% chance of playing
487053,1701358847,1701358847,a,100.0,100.0,
487053,1703132577,1702713610,s,100.0,0.0,Suspended until 28 Dec
487053,1703505557,1703505557,a,0.0,100.0,
487053,1708597419,1708092010,i,0.0,0.0,Knee injury - Expected back 02 Mar
487053,1709830677,1709830677,a,75.0,100.0,
487053,1714205884,1713652209,i,100.0,0.0,Thigh injury - Expected back 01 Jun
487117,1690810150,1690810150,a,,,
487117,1693998038,1693992607,d,,75.0,Knee injury - 75% chance of playing
487117,1695201757,1695201757,a,75.0,100.0,
487117,1712572268,1712332809,i,0.0,0.0,Ankle injury - Unknown return date
487117,1714205884,1714205884,i,0.0,0.0,Ankle injury - Expected back 01 Jun
487117,1716086163,1716086163,i,0.0,0.0,Ankle injury - Expected back 05 Oct
487693,1698936236,1698936236,a,,,
487702,1690810150,1690810150,a,,,
487702,1702024280,1701847811,i,,0.0,Knee injury - Expected back 19 May
487702,1716086163,1716086163,d,0.0,25.0,Knee injury - 25% chance of playing
487818,1690810150,1690810150,a,,,
487828,1692153327,1692153327,a,,,
487828,1710510981,1709913610,i,0.0,0.0,Knock - Unknown return date
487828,1710953733,1710953733,a,0.0,100.0,
487836,1692153327,1692153327,a,,,
487836,1706907193,1706887893,u,,0.0,On loan to Burton Albion until the end of the season
487837,1690810150,1690810150,a,,,
487838,1690810150,1690810150,a,,,
487838,1700832134,1699837209,n,,0.0,Ineligible to face his parent club club on 25/11. - Expected back 02 Dec
487838,1701358847,1701358847,a,0.0,100.0,
487838,1709830677,1709514009,n,100.0,0.0,Ineligible to face his parent club on 11/3. - Expected back 30 Mar
487838,1710510981,1710510981,a,0.0,100.0,
487968,1690810150,1690810150,a,,,
487968,1697747162,1697666409,d,,75.0,Knock - 75% chance of playing
487968,1698395227,1698395227,a,75.0,100.0,
487968,1710510981,1710437408,i,100.0,0.0,Unknown - Unknown return date
487968,1711958921,1711958921,d,25.0,25.0,Unknown - 25% chance of playing
487968,1714205884,1714205884,i,0.0,0.0,Unknown - Expected back 01 Jun
488404,1690810150,1690810150,a,,,
488404,1706907193,1706887767,u,,0.0,On loan to Granada until the end of the season
489639,1690810150,1690810150,a,,,
490094,1690810150,1690810150,a,,,
490094,1692153327,1691679605,i,0.0,0.0,Muscle injury - Unknown return date
490094,1697747162,1697747162,d,75.0,75.0,Lack of match fitness - 75% chance of playing
490094,1698395227,1698395227,a,100.0,100.0,
490095,1703505557,1703505557,a,,,
490145,1692153327,1692153327,a,,,
490145,1693998038,1693553143,u,0.0,0.0,Season-long loan to  Ipswich Town
490145,1706014880,1705071613,i,0.0,0.0,Knock - Unknown return date
490145,1706907193,1706907193,a,100.0,100.0,
490146,1692153327,1692153327,a,,,
490146,1693216941,1693209629,u,,0.0,Season-long loan to Birmingham City
490150,1701358847,1701358847,a,,,
490150,1707224524,1707073271,u,,0.0,Season-long loan to Annan Athletic
490180,1690810150,1690810150,a,,,
490180,1692796125,1692606831,u,,0.0,Season long loan to Bromley
490721,1690810150,1690810150,a,,,
490721,1697747162,1696608011,d,25.0,25.0,Knee injury - 25% chance of playing
490721,1699560201,1699560201,i,0.0,0.0,Knee injury - Expected back 27 Nov
490721,1700832134,1700832134,a,100.0,100.0,
490881,1709830677,1709830677,a,,,
490885,1709830677,1709830677,a,,,
490885,1713255760,1713169809,d,,25.0,Head injury - 25% chance of playing
490885,1714205884,1714205884,d,0.0,75.0,Head injury - 75% chance of playing
490885,1715260525,1715260525,a,75.0,100.0,
491011,1693216941,1693216941,a,,,
491011,1693998038,1693771882,u,,0.0,Season-long loan to Lyon
491011,1707224524,1707224524,a,0.0,100.0,
491012,1692153327,1692153327,a,,,
491012,1695201757,1695201757,a,100.0,100.0,
491279,1692153327,1692153327,a,,,
491279,1699560201,1699313410,d,,25.0,Hamstring injury - 25% chance of playing
491279,1700832134,1700832134,i,0.0,0.0,Hamstring injury - Expected back 14 Jan
491279,1706014880,1706014880,a,100.0,100.0,
491279,1710510981,1710111609,d,100.0,25.0,Hamstring injury - 25% chance of playing
491279,1710953733,1710953733,d,0.0,50.0,Hamstring injury - 50% chance of playing
491279,1711958921,1711958921,a,100.0,100.0,
491501,1692153327,1692153327,a,,,
491557,1703132577,1703132577,a,,,
491598,1706014880,1706014880,a,,,
491745,1703132577,1703132577,a,,,
491745,1707224524,1707072026,u,,0.0,Season-long loan to Fleetwood Town
491970,1692153327,1692153327,a,,,
492777,1702024280,1702024280,a,,,
492777,1707907334,1707494410,d,0.0,75.0,Personal Reasons - 75% chance of playing
492777,1708597419,1708597419,a,100.0,100.0,
492777,1713255760,1713169809,d,100.0,75.0,Ankle injury - 75% chance of playing
492777,1714205884,1714205884,i,0.0,0.0,Ankle injury - Expected back 05 May
492777,1714725260,1714725260,d,0.0,50.0,Ankle injury - 50% chance of playing
492777,1715260525,1715260525,a,75.0,100.0,
492779,1701695043,1701695043,a,,,
492831,1690810150,1690810150,a,,,
493105,1690810150,1690810150,a,,,
493121,1711958921,1711958921,a,,,
493125,1706014880,1706014880,a,,,
493250,1690810150,1690810150,a,,,
493250,1691655056,1691429406,i,,0.0,Knee injury - Unknown return date
493250,1692153327,1692153327,i,0.0,0.0,Knee injury - Expected back 25 Aug
493250,1693216941,1693216941,i,0.0,0.0,Knee injury - Expected back 16 Sep
493250,1695201757,1695201757,i,0.0,0.0,Knee injury - Unknown return date
493250,1702024280,1702024280,i,0.0,0.0,Knee injury - Expected back 17 Dec
493250,1702301755,1702301755,d,25.0,25.0,Knee injury - 25% chance of playing
493250,1703132577,1703132577,d,25.0,25.0,Lack of match fitness - 25% chance of playing
493250,1703505557,1703505557,d,25.0,75.0,Lack of match fitness - 75% chance of playing
493250,1704272252,1704272252,a,75.0,100.0,
493250,1710953733,1710716409,s,100.0,0.0,Suspended until 04 Apr
493250,1711958921,1711958921,a,0.0,100.0,
493347,1690810150,1690810150,a,,,
493347,1706907193,1706887677,u,,0.0,Permanent transfer to Ternana
494041,1693216941,1693216941,a,,,
496185,1706014880,1706014880,a,,,
496208,1692153327,1692153327,a,,,
496208,1697747162,1697666410,d,,75.0,Knock - 75% chance of playing
496208,1698395227,1698395227,i,0.0,0.0,Muscle injury - Unknown return date
496208,1699560201,1699560201,a,0.0,100.0,
496208,1703132577,1702996211,i,100.0,0.0,Knee injury - Unknown return date
496221,1706907193,1706907193,a,,,
496222,1714725260,1714725260,a,,,
496283,1703132577,1703132577,a,,,
496683,1706907193,1706907193,a,,,
497606,1701695043,1701695043,a,,,
497894,1691655056,1691420408,d,,25.0,Back injury - 25% chance of playing
497894,1692153327,1692153327,i,0.0,0.0,Back injury - Unknown return date
497894,1693216941,1693216941,d,0.0,75.0,Back injury - 75% chance of playing
497894,1693998038,1693998038,a,100.0,100.0,
497894,1700832134,1699754410,d,100.0,50.0,Muscle injury - 50% chance of playing
497894,1701358847,1701358847,a,50.0,100.0,
497894,1709830677,1708695009,i,0.0,0.0,Muscle injury - Expected back 30 Mar
497894,1710953733,1710953733,a,75.0,100.0,
499169,1703132577,1703132577,a,,,
499175,1703826734,1703826734,a,,,
499721,1714725260,1714725260,a,,,
499857,1712572268,1712572268,a,,,
500052,1702024280,1702024280,a,,,
500058,1708597419,1708597419,a,,,
501284,1692153327,1692153327,a,,,
501284,1706907193,1706771928,u,,0.0,Joins Peterborough United on loan until the end of the season
501468,1703132577,1703132577,a,,,
501468,1706907193,1706515992,u,0.0,0.0,Joined Belgian club RWD Molenbeek on loan until the end of the season
501837,1706014880,1706014880,a,,,
501837,1706907193,1706173661,u,0.0,0.0,On loan to Villarreal until the end of the season
503139,1692153327,1691769609,i,0.0,0.0,Knee injury - Unknown return date
503139,1698395227,1698395227,a,75.0,100.0,
503139,1699560201,1699126209,d,100.0,75.0,Knee injury - 75% chance of playing
503139,1700832134,1700832134,i,0.0,0.0,Knee injury - Expected back 21 Jan
503139,1703132577,1703132577,a,25.0,100.0,
503300,1690810150,1690370654,u,,0.0,On loan to Bristol Rovers for the season
503308,1708597419,1708597419,a,,,
503714,1691655056,1691655056,a,,,
503714,1702024280,1701788411,i,0.0,0.0,Muscle injury - Expected back 16 Dec
503714,1702301755,1702301755,d,0.0,25.0,Muscle injury - 25% chance of playing
503714,1703132577,1703132577,i,0.0,0.0,Muscle injury - Unknown return date
503714,1703505557,1703505557,d,0.0,75.0,Knock - 75% chance of playing
503714,1703826734,1703826734,d,75.0,25.0,Hamstring injury - 25% chance of playing
503714,1706014880,1706014880,i,0.0,0.0,Hamstring injury - Unknown return date
503714,1713255760,1713255760,i,0.0,0.0,Hamstring injury - Expected back 19 May
503714,1714205884,1714205884,d,0.0,25.0,Lack of match fitness - 25% chance of playing
503714,1716086163,1716086163,a,75.0,100.0,
503724,1706907193,1706907193,a,,,
503724,1711958921,1711828811,s,,0.0,Suspended until 06 Apr
503724,1712319850,1712319850,a,0.0,100.0,
504198,1690810150,1690810150,a,,,
504198,1692796125,1692401406,d,,75.0,Hamstring injury - 75% chance of playing
504198,1693216941,1693216941,d,25.0,25.0,Hamstring injury - 25% chance of playing
504198,1693998038,1693998038,a,100.0,100.0,
504198,1704272252,1703975410,i,100.0,0.0,International Duty - Unknown return date
504198,1706907193,1706907193,a,100.0,100.0,
504198,1709830677,1709217010,i,0.0,0.0,Unknown - Expected back 30 Mar
504198,1710953733,1710953733,d,0.0,50.0,Unknown - 50% chance of playing
504198,1711958921,1711958921,a,75.0,100.0,
504598,1693216941,1693216941,a,,,
504598,1706907193,1706516094,u,0.0,0.0,Joined Port Vale on loan until the end of the season
504750,1701695043,1701695043,a,,,
504750,1704272252,1704243613,i,,0.0,International Duty - Unknown return date
504750,1706907193,1706907193,d,75.0,75.0,International Duty - 75% chance of playing
504750,1707224524,1707224524,a,75.0,100.0,
504751,1707907334,1707907334,a,,,
505187,1706907193,1706907193,a,,,
507433,1706907193,1706907193,a,,,
508395,1690810150,1690810150,a,,,
509416,1690810150,1690810150,a,,,
509416,1692796125,1692779868,u,,0.0,Season-long loan to Coventry City
510362,1690810150,1690810150,a,,,
510362,1714205884,1714145409,d,,75.0,Hamstring injury - 75% chance of playing
510362,1714725260,1714725260,a,75.0,100.0,
510363,1690810150,1690192819,u,,0.0,Season long loan to Stoke Utd
510363,1693216941,1693216941,u,0.0,0.0,Season long loan to Stoke City
511504,1706907193,1706907193,a,,,
511783,1690810150,1690810150,a,,,
511783,1692153327,1691827206,s,,0.0,Suspended until 18 Sep
511783,1693998038,1693998038,a,0.0,100.0,
511783,1707224524,1707072323,u,100.0,0.0,Season-long loan to Hull City
512462,1690810150,1690810150,a,,,
512462,1692796125,1692252863,u,0.0,0.0,Permanent transfer to Lyon
513046,1690810150,1690810150,a,,,
513046,1693998038,1693503008,d,25.0,25.0,Hamstring injury - 25% chance of playing
513046,1695656041,1695656041,i,0.0,0.0,Hamstring injury - Expected back 21 Oct
513046,1697747162,1697747162,d,0.0,25.0,Hamstring injury - 25% chance of playing
513046,1699560201,1699560201,a,25.0,100.0,
513046,1700832134,1700769611,d,100.0,50.0,Ankle sprain - 50% chance of playing
513046,1701358847,1701358847,a,50.0,100.0,
513418,1690810150,1690810150,a,,,
513418,1695656041,1695506407,d,,75.0,Muscle injury - 75% chance of playing
513418,1696516727,1696516727,i,0.0,0.0,Muscle injury - Unknown return date
513418,1700832134,1700832134,i,0.0,0.0,Muscle injury - Expected back 20 Jan
513418,1704272252,1704272252,i,0.0,0.0,Muscle injury - Unknown return date
513418,1711958921,1711958921,i,0.0,0.0,Lack of match fitness - Expected back 13 Apr
513418,1712319850,1712319850,d,0.0,50.0,Lack of match fitness - 50% chance of playing
513418,1712572268,1712572268,d,75.0,75.0,Lack of match fitness - 75% chance of playing
513418,1713255760,1713255760,a,100.0,100.0,
513588,1696516727,1696516727,a,,,
513836,1701695043,1701695043,a,,,
513840,1711958921,1711958921,a,,,
514154,1701358847,1701358847,a,,,
514277,1709830677,1709830677,a,,,
514280,1695201757,1695201757,a,,,
514356,1692796125,1692796125,a,,,
514356,1693216941,1692885608,i,0.0,0.0,Lack of match fitness - Expected back 17 Sep
514356,1695201757,1695201757,i,0.0,0.0,Ankle injury - Unknown return date
514356,1701695043,1701695043,d,25.0,25.0,Lack of match fitness - 25% chance of playing
514356,1702024280,1702024280,i,0.0,0.0,Lack of match fitness - Expected back 16 Dec
514356,1702301755,1702301755,d,0.0,25.0,Lack of match fitness - 25% chance of playing
514356,1703505557,1703505557,a,25.0,100.0,
514356,1704272252,1703867410,d,50.0,50.0,Thigh injury - 50% chance of playing
514356,1706014880,1706014880,i,0.0,0.0,Thigh injury - Unknown return date
514356,1711958921,1711958921,i,0.0,0.0,Thigh injury - Expected back 01 Jun
514362,1714205884,1714205884,a,,,
514514,1707907334,1707907334,a,,,
515023,1692153327,1692153327,a,,,
515023,1697747162,1697189410,d,,75.0,Hamstring injury - 75% chance of playing
515023,1700832134,1700832134,d,50.0,50.0,Hamstring injury - 50% chance of playing
515023,1702301755,1702301755,d,25.0,25.0,Hamstring injury - 25% chance of playing
515023,1708597419,1708597419,a,100.0,100.0,
515024,1693216941,1693216941,a,,,
515024,1706014880,1704449987,u,0.0,0.0,Moved to Exeter City on loan until the end of the season
515500,1703505557,1703505557,a,,,
515500,1708597419,1708198714,u,,0.0,On loan to Stockport County
515501,1690810150,1690810150,a,,,
515501,1693998038,1693645064,u,,0.0,Season-long loan to Granada CF
515504,1701358847,1701358847,a,,,
515504,1706014880,1705303956,u,,0.0,On loan to Burton Albion for the rest of the season
515599,1703505557,1703505557,a,,,
515599,1708597419,1708198767,u,,0.0,On loan to Real Unión until the end of the season
516159,1693216941,1693216941,a,,,
516159,1695201757,1694441540,u,0.0,0.0,On loan to Puszcza Niepolomice
516250,1707907334,1707907334,a,,,
516432,1699560201,1699560201,a,,,
516874,1700832134,1700832134,a,,,
516874,1707224524,1707073061,u,,0.0,Season-long loan to Swansea City
516895,1690810150,1690810150,a,,,
516895,1691655056,1691364606,i,,0.0,Ankle injury - Unknown return date
516895,1697747162,1697747162,d,25.0,50.0,Lack of match fitness - 50% chance of playing
516895,1698395227,1698395227,d,75.0,75.0,Lack of match fitness - 75% chance of playing
516895,1698936236,1698936236,a,75.0,100.0,
517052,1690810150,1690810150,a,,,
517052,1695656041,1695573007,s,,0.0,Suspended until 07 Oct
517052,1696516727,1696516727,a,0.0,100.0,
517052,1697747162,1697020209,d,100.0,75.0,Wrist Injury - 75% chance of playing
517052,1698395227,1698395227,a,75.0,100.0,
517052,1704272252,1703975410,i,100.0,0.0,International Duty - Unknown return date
517052,1706907193,1706907193,a,50.0,100.0,
517995,1702024280,1702024280,a,,,
517996,1695201757,1695201757,a,,,
518199,1707907334,1707907334,a,,,
518438,1704272252,1704272252,a,,,
518442,1704272252,1704272252,a,,,
518466,1703132577,1703132577,a,,,
518466,1714205884,1714069810,d,,25.0,Knock - 25% chance of playing
518466,1716086163,1716086163,a,25.0,100.0,
518620,1690810150,1690810150,a,,,
518620,1692153327,1691675498,u,0.0,0.0,Season long loan to Strasbourg until the end of the season
518892,1714725260,1714725260,a,,,
519198,1695201757,1695201757,a,,,
519198,1706014880,1704635072,u,0.0,0.0,On loan to Huddersfield Town until the end of the season
519321,1700832134,1700832134,a,,,
519325,1709830677,1709830677,a,,,
519328,1698395227,1698395227,a,,,
520295,1690810150,1689067804,u,,0.0,Joined Union Berlin on a season-long loan - Expected back 01 Jul
520295,1706014880,1706014880,a,0.0,100.0,
520295,1710953733,1710613809,n,100.0,0.0,Ineligible to face his parent club on 30/3. - Expected back 02 Apr
520295,1711958921,1711958921,a,0.0,100.0,
521966,1714205884,1714205884,a,,,
523700,1690810150,1690810150,a,,,
523700,1691655056,1691364606,d,,75.0,Groin Injury - 75% chance of playing
523700,1692796125,1692796125,d,50.0,50.0,Groin Injury - 50% chance of playing
523700,1693216941,1693216941,d,25.0,25.0,Groin Injury - 25% chance of playing
523700,1693998038,1693998038,d,25.0,25.0,Illness - 25% chance of playing
523700,1698395227,1698395227,i,25.0,0.0,Illness - Unknown return date
523700,1706907193,1706907193,d,25.0,25.0,Illness - 25% chance of playing
523700,1708597419,1708597419,i,0.0,0.0,Illness - Unknown return date
523700,1709830677,1709830677,i,0.0,0.0,Illness - Expected back 09 Mar
523700,1710953733,1710953733,i,0.0,0.0,Illness - Unknown return date
523700,1714205884,1714205884,d,25.0,25.0,Lack of match fitness - 25% chance of playing
523700,1716086163,1716086163,d,75.0,75.0,Lack of match fitness - 75% chance of playing
523700,1716833102,1716833102,a,100.0,100.0,
523957,1690810150,1690810150,a,,,
523957,1706014880,1704635017,u,0.0,0.0,On loan to Nantes until the end of the season
524070,1706014880,1706014880,a,,,
530117,1714205884,1714205884,a,,,
530318,1709830677,1709830677,a,,,
530873,1690810150,1690810150,a,,,
530873,1692796125,1692252768,u,0.0,0.0,Season long loan to St Johnstone
531363,1693998038,1693998038,a,,,
531363,1700832134,1699637410,i,0.0,0.0,Muscle injury - Unknown return date
531363,1701695043,1701695043,d,25.0,25.0,Muscle injury - 25% chance of playing
531363,1702301755,1702301755,a,100.0,100.0,
531989,1696516727,1696516727,a,,,
531993,1696516727,1696516727,a,,,
531993,1706907193,1706516199,u,0.0,0.0,Joined Burton Albion until the end of the season
532372,1708597419,1708597419,a,,,
532377,1692153327,1692153327,a,,,
532377,1693998038,1693605016,u,,0.0,Season-long loan to Doncaster Rovers
532528,1701358847,1701358847,a,,,
532529,1692153327,1692153327,a,,,
532529,1707907334,1707559210,d,25.0,25.0,Foot injury - 25% chance of playing
532529,1708597419,1708597419,i,25.0,0.0,Foot injury - Unknown return date
532529,1714205884,1714205884,i,0.0,0.0,Foot injury - Expected back 01 Jun
532605,1690810150,1690810150,a,,,
532605,1693216941,1693060206,n,,0.0,Ineligible to face his parent club on 2/9. - Expected back 18 Sep
532605,1693998038,1693998038,a,0.0,100.0,
532605,1707224524,1707072383,u,100.0,0.0,Season-long loan to Strasbourg
533463,1690810150,1690810150,a,,,
533463,1692153327,1691875806,i,,0.0,Ankle injury - Expected back 17 Sep
533463,1695201757,1695201757,a,100.0,100.0,
533463,1704272252,1703975409,i,100.0,0.0,International Duty - Unknown return date
533463,1706907193,1706907193,d,0.0,75.0,International Duty - 75% chance of playing
533463,1707224524,1707224524,a,75.0,100.0,
534392,1692153327,1692153327,a,,,
534392,1693998038,1693605053,u,,0.0,Season-long loan to Sunderland
535262,1700832134,1700832134,a,,,
535264,1700832134,1700832134,a,,,
535264,1706907193,1706887846,u,,0.0,Permanent transfer to Hertha Berlin
535301,1693998038,1693998038,a,,,
535818,1690810150,1690810150,a,,,
535818,1703826734,1703709009,i,,0.0,Hamstring injury - Expected back 30 Jan
535818,1704272252,1703977212,i,0.0,0.0,International Duty - Unknown return date
535818,1707224524,1707224524,i,0.0,0.0,International Duty - Expected back 18 Feb
535818,1707907334,1707907334,d,0.0,75.0,International Duty - 75% chance of playing
535818,1708597419,1708597419,a,75.0,100.0,
535928,1690810150,1690810150,a,,,
535928,1696516727,1695983409,i,0.0,0.0,Calf injury - Unknown return date
535928,1704272252,1704272252,i,0.0,0.0,Calf injury - Expected back 31 Jan
535928,1706014880,1706014880,i,0.0,0.0,Calf injury - Expected back 24 Feb
535928,1707907334,1707907334,i,0.0,0.0,Calf injury - Unknown return date
535928,1712319850,1712319850,i,0.0,0.0,Calf injury - Expected back 21 Apr
535928,1713255760,1713255760,a,100.0,100.0,
536109,1706014880,1706014880,a,,,
536238,1708597419,1708597419,a,,,
536677,1706014880,1706014880,a,,,
536681,1706014880,1706014880,a,,,
536694,1691655056,1691492407,i,,0.0,Knock - Unknown return date
536694,1692796125,1692796125,i,0.0,0.0,Back injury - Unknown return date
536694,1697747162,1697747162,d,0.0,50.0,Back injury - 50% chance of playing
536694,1698395227,1698395227,a,100.0,100.0,
536694,1710510981,1709915411,i,0.0,0.0,Groin Injury - Unknown return date
536908,1692153327,1692153327,a,,,
536908,1706014880,1704380412,i,0.0,0.0,Knee injury - Expected back 02 Mar
536908,1707224524,1707224524,u,0.0,0.0,Season-long loan to Sevilla
536916,1690810150,1690810150,a,,,
536916,1703826734,1703808010,d,,75.0,Knock - 75% chance of playing
536916,1704272252,1704272252,a,75.0,100.0,
537403,1716833102,1716833102,a,,,
538206,1690810150,1690810150,a,,,
538207,1690810150,1690810150,a,,,
538207,1695201757,1694566808,d,50.0,50.0,Knock - 50% chance of playing
538207,1695656041,1695656041,d,25.0,25.0,Knock - 25% chance of playing
538207,1698395227,1698395227,i,25.0,0.0,Knock - Unknown return date
538207,1699560201,1699560201,a,0.0,100.0,
538210,1692153327,1692153327,a,,,
543158,1708597419,1708597419,a,,,
544877,1690810150,1690810150,a,,,
544877,1703505557,1703170811,d,75.0,75.0,Knock - 75% chance of playing
544877,1703826734,1703826734,i,0.0,0.0,Foot injury - Expected back 01 Feb
544877,1706907193,1706907193,a,100.0,100.0,
544877,1714205884,1713997810,s,100.0,0.0,Suspended until 19 May
544877,1716086163,1716086163,a,0.0,100.0,
545477,1692153327,1692153327,a,,,
545477,1695201757,1694030407,d,75.0,75.0,Knock - 75% chance of playing
545477,1698395227,1698395227,d,50.0,50.0,Knock - 50% chance of playing
545477,1699560201,1699560201,d,25.0,25.0,Knock - 25% chance of playing
545477,1700832134,1700832134,a,25.0,100.0,
547659,1692153327,1692153327,a,,,
547668,1709830677,1709830677,a,,,
547686,1692153327,1692153327,a,,,
547716,1700832134,1700832134,a,,,
547719,1692153327,1692153327,a,,,
547719,1698395227,1697799610,i,0.0,0.0,Illness - Expected back 11 Nov
547719,1699560201,1699560201,a,0.0,100.0,
547719,1711958921,1711504810,d,25.0,25.0,Back injury - 25% chance of playing
547719,1712572268,1712572268,i,0.0,0.0,Back injury - Unknown return date
547719,1714205884,1714205884,i,0.0,0.0,Back injury - Expected back 01 Jun
548308,1693998038,1693998038,a,,,
548308,1701358847,1700838012,i,0.0,0.0,Ankle injury - Expected back 28 Dec
548308,1701695043,1701695043,i,0.0,0.0,Ankle injury - Expected back 14 Jan
548308,1703505557,1703505557,a,0.0,100.0,
548308,1706014880,1704795890,u,0.0,0.0,On loan to Plymouth until the end of the season
549014,1716086163,1716086163,a,,,
549068,1692153327,1692153327,a,,,
549344,1709830677,1709830677,a,,,
550596,1707907334,1707907334,a,,,
550615,1713255760,1713255760,a,,,
550833,1706907193,1706907193,a,,,
550839,1692153327,1692153327,a,,,
551232,1706907193,1706907193,a,,,
551995,1713255760,1713255760,a,,,
552030,1692153327,1692153327,a,,,
552030,1695201757,1694441594,u,0.0,0.0,Season long loan to Dagenham and Redbridge
552425,1702301755,1702301755,a,,,
559963,1713255760,1713255760,a,,,
563883,1701695043,1701695043,a,,,
563934,1716086163,1716086163,a,,,
564505,1703132577,1703132577,a,,,
564510,1690810150,1690810150,a,,,
564510,1691655056,1691570223,u,,0.0,On loan to FC Volendam
565431,1706014880,1706014880,a,,,
565431,1706907193,1706516248,u,0.0,0.0,On loan to West Bromwich Albion until the end of the season
568791,1714205884,1714205884,a,,,
570241,1697747162,1697747162,a,,,
570241,1704272252,1704243613,i,,0.0,International Duty - Unknown return date
570241,1707907334,1707907334,a,75.0,100.0,
574398,1708597419,1708597419,a,,,
574402,1700832134,1700832134,a,,,
575034,1713255760,1713255760,a,,,
575476,1693998038,1693998038,a,,,
575476,1700832134,1699837210,d,,50.0,Hamstring injury - 50% chance of playing
575476,1701358847,1701358847,a,50.0,100.0,
575476,1702301755,1702252811,d,100.0,75.0,Muscle injury - 75% chance of playing
575476,1703132577,1703132577,a,50.0,100.0,
577016,1710510981,1710510981,a,,,
577725,1707224524,1707224524,a,,,
577974,1712572268,1712572268,a,,,
578614,1690810150,1690810150,a,,,
585472,1698395227,1698395227,a,,,
589114,1699560201,1699560201,a,,,
589507,1710510981,1710510981,a,,,
589507,1714205884,1713366012,i,0.0,0.0,Ankle injury - Expected back 01 Jun
591357,1690810150,1689710404,n,,0.0,Joined Exeter City on a season-long loan - Expected back 01 Jul
591357,1692153327,1691985494,u,100.0,0.0,Season long loan to Exeter
591386,1700832134,1700832134,a,,,
591538,1714205884,1714205884,a,,,
591539,1708597419,1708597419,a,,,
592436,1706907193,1706907193,a,,,
593001,1693998038,1693998038,a,,,
596572,1713255760,1713255760,a,,,
597983,1708597419,1708597419,a,,,
601496,1698395227,1698395227,a,,,
601496,1707224524,1707071966,u,,0.0,Season-long loan to Motherwell
602934,1711958921,1711958921,a,,,
608060,1698395227,1698395227,a,,,
608060,1706907193,1706173713,u,0.0,0.0,On loan to Woking until the end of the season
611011,1693216941,1693216941,a,,,
611011,1709830677,1709310610,d,75.0,75.0,Illness - 75% chance of playing
611011,1710510981,1710510981,i,0.0,0.0,Illness - Expected back 30 Mar
611011,1710953733,1710953733,d,0.0,50.0,Illness - 50% chance of playing
611011,1711958921,1711958921,a,75.0,100.0,
611926,1710510981,1710510981,a,,,
612534,1706907193,1706907193,a,,,
613467,1709830677,1709830677,a,,,
616094,1709830677,1709830677,a,,,
617054,1693216941,1693216941,a,,,
622536,1710510981,1710510981,a,,,
628204,1716833102,1716833102,a,,,
634640,1712319850,1712319850,a,,,
646754,1716833102,1716833102,a,,,
647597,1710510981,1710510981,a,,,
