code,observed_at,start_at,status,chance_this,chance_next,news
15157,1753156525,1753156525,a,,,
15157,1761955906,1761685208,d,,25.0,Muscle injury - 25% chance of playing
15157,1763417222,1763417222,d,25.0,50.0,Muscle injury - 50% chance of playing
15157,1763743589,1763743589,i,25.0,0.0,Muscle injury - Expected back 13 Dec
15157,1765005920,1765005920,i,0.0,0.0,Muscle injury - Unknown return date
15157,1765614340,1765614340,a,0.0,100.0,
15157,1775945454,1775945454,d,100.0,75.0,Knock - 75% chance of playing
15157,1776501074,1776501074,d,100.0,25.0,Knock - 25% chance of playing
15157,1777711559,1777711559,i,0.0,0.0,Knock - Expected back 09 May
15157,1777760246,1777760246,d,0.0,50.0,Knock - 50% chance of playing
15157,1778316628,1778316628,a,0.0,100.0,
17761,1753156525,1753156525,a,,,
17761,1763591261,1763591261,a,0.0,0.0,
17761,1763593538,1763593538,a,,,
17761,1773822704,1773822704,d,,75.0,Knock - 75% chance of playing
17761,1774130880,1774130880,a,75.0,100.0,
19236,1763849178,1763849178,a,,,
21205,1753156525,1753156525,a,,,
21205,1763591261,1763591261,a,0.0,0.0,
21205,1763593538,1763593538,a,,,
37096,1757610260,1757610260,a,,,
37096,1762503944,1762502409,d,,25.0,Back injury - 25% chance of playing
37096,1766219148,1766219148,a,25.0,100.0,
37096,1767687979,1767687979,d,100.0,25.0,Back injury - 25% chance of playing
37096,1776501074,1776501074,a,25.0,100.0,
40383,1767478018,1767478018,a,,,
44699,1753156525,1753156525,a,,,
44699,1763591261,1763591261,a,0.0,0.0,
44699,1763593538,1763593538,a,,,
49262,1753156525,1753156525,a,,,
49262,1763591261,1763591261,a,0.0,0.0,
49262,1763593538,1763593538,a,,,
50175,1753156525,1753156525,a,,,
50175,1763591261,1763591261,a,0.0,0.0,
50175,1763593538,1763593538,a,,,
50175,1766219148,1766219148,d,,75.0,Back injury - 75% chance of playing
50175,1766873233,1766873233,a,75.0,100.0,
51943,1753156525,1753156525,a,,,
51943,1763591261,1763591261,a,0.0,0.0,
51943,1763593538,1763593538,a,,,
54469,1753156525,1753156525,a,,,
54469,1756628683,1756602008,d,,50.0,Hamstring injury - 50% chance of playing
54469,1757696658,1757696658,i,,0.0,Hamstring injury - Unknown return date
54469,1758301479,1758301479,i,0.0,0.0,Hamstring injury - Expected back 18 Oct
54469,1759597454,1759597454,d,0.0,50.0,Hamstring injury - 50% chance of playing
54469,1760720663,1760720663,d,0.0,75.0,Lack of match fitness - 75% chance of playing
54469,1760948747,1760948747,a,75.0,100.0,
56979,1753156525,1753156525,a,,,
56979,1763591261,1763591261,a,0.0,0.0,
56979,1763593538,1763593538,a,,,
56979,1766077634,1766077634,d,,75.0,Knock - 75% chance of playing
56979,1766305538,1766305538,a,75.0,100.0,
56979,1768169236,1768169236,d,100.0,75.0,Ankle injury - 75% chance of playing
56979,1769502399,1769502399,a,75.0,100.0,
56979,1775945454,1775945454,d,100.0,25.0,Knock - 25% chance of playing
56979,1776501074,1776501074,i,100.0,0.0,Knock - Expected back 02 May
56979,1777106067,1777106067,d,0.0,50.0,Knock - 50% chance of playing
56979,1777711559,1777711559,d,75.0,75.0,Knock - 75% chance of playing
56979,1778316628,1778316628,a,75.0,100.0,
57328,1753156525,1753156525,a,,,
57328,1763591261,1763591261,a,0.0,0.0,
57328,1763593538,1763593538,a,,,
57328,1767564440,1767564440,d,,75.0,Knock - 75% chance of playing
57328,1767737264,1767737264,i,0.0,0.0,Knock - Expected back 17 Jan
57328,1768206409,1768206409,d,0.0,50.0,Knock - 50% chance of playing
57328,1768638346,1768638346,d,0.0,25.0,Knock - 25% chance of playing
57328,1768811210,1768811210,a,25.0,100.0,
57328,1777106067,1777106067,d,75.0,75.0,Illness - 75% chance of playing
57328,1777192925,1777192925,a,75.0,100.0,
58621,1753156525,1753156525,a,,,
58621,1763591261,1763591261,a,0.0,0.0,
58621,1763593538,1763593538,a,,,
58621,1765058794,1765058794,s,,0.0,Suspended until 20 Dec
58621,1765663597,1765663597,a,0.0,100.0,
59735,1753156525,1753156525,a,,,
59735,1763591261,1763591261,a,0.0,0.0,
59735,1763593538,1763593538,a,,,
59859,1753156525,1753156525,a,,,
59859,1757091850,1757062542,u,,0.0,has joined Galatasaray permanently.
59949,1753156525,1753156525,a,,,
59949,1763591261,1763591261,a,0.0,0.0,
59949,1763593538,1763593538,a,,,
59949,1764059165,1764059165,d,,75.0,Hamstring injury - 75% chance of playing
59949,1764663971,1764663971,i,75.0,0.0,Hamstring injury - Unknown return date
59949,1767083176,1767083176,d,0.0,25.0,Hamstring injury - 25% chance of playing
59949,1767428749,1767428749,i,25.0,0.0,Hamstring injury - Unknown return date
59949,1768638346,1768638346,d,0.0,25.0,Lack of match fitness - 25% chance of playing
59949,1768811210,1768811210,a,25.0,100.0,
59949,1772526475,1772526475,i,100.0,0.0,Knock - Expected back 14 Mar
59949,1772662268,1772662268,d,0.0,50.0,Knock - 50% chance of playing
59949,1773476815,1773476815,d,0.0,25.0,Knock - 25% chance of playing
59949,1773526163,1773526163,a,25.0,100.0,
60307,1767478018,1767478018,a,,,
60689,1753156525,1753156525,a,,,
60689,1760634280,1760617810,d,,75.0,Knee injury - 75% chance of playing
60689,1760825156,1760825156,a,75.0,100.0,
60689,1761325489,1761296408,d,75.0,50.0,Knee injury - 50% chance of playing
60689,1761343604,1761343604,a,75.0,100.0,
60689,1761344648,1761344648,d,50.0,50.0,Knee injury - 50% chance of playing
60689,1761955906,1761955906,i,50.0,0.0,Knee injury - Expected back 09 Nov
60689,1762189480,1762189480,d,0.0,50.0,Knee injury - 50% chance of playing
60689,1762553215,1762553215,d,0.0,25.0,Knee injury - 25% chance of playing
60689,1763417222,1763417222,d,25.0,50.0,Knee injury - 50% chance of playing
60689,1763676419,1763676419,i,25.0,0.0,Knee injury - Unknown return date
60689,1773908891,1773908891,i,0.0,0.0,Knee injury - Expected back 11 Apr
60689,1774130880,1774130880,a,0.0,100.0,
60689,1774341169,1774341169,d,0.0,75.0,Lack of match fitness - 75% chance of playing
60689,1775810893,1775810893,a,0.0,100.0,
60689,1776501074,1776501074,d,100.0,75.0,Knock - 75% chance of playing
60689,1776675755,1776675755,a,75.0,100.0,
61256,1753156525,1753156525,a,,,
61256,1758443078,1758411007,s,,0.0,Suspended until 04 Oct
61256,1758992651,1758992651,a,0.0,100.0,
61256,1762756419,1762626609,d,100.0,75.0,Knock - 75% chance of playing
61256,1763399081,1763399081,a,100.0,100.0,
61256,1765873588,1765873588,s,100.0,0.0,Suspended until 26 Dec
61256,1766305538,1766305538,a,0.0,100.0,
61256,1779526653,1779526653,n,100.0,0.0,Not available for the match against Brighton on 24/5. - Expected back 01 Jun
61256,1779661457,1779661457,a,0.0,100.0,
67089,1753156525,1753156525,a,,,
67089,1754931789,1754931789,d,,75.0,
67089,1755190918,1755190918,a,,100.0,
69752,1753156525,1753156525,a,,,
69752,1754889107,1754889107,u,,0.0,
69752,1755193299,1755193299,u,,0.0,Has joined Botafogo permanently.
72147,1753156525,1753156525,a,,,
72147,1763591261,1763591261,a,0.0,0.0,
72147,1763593538,1763593538,a,,,
72147,1771144008,1771144008,s,,0.0,Suspended until 27 Feb
72147,1771835504,1771835504,a,0.0,100.0,
74854,1753156525,1753156525,a,,,
74854,1763591261,1763591261,a,0.0,0.0,
74854,1763593538,1763593538,a,,,
74854,1775896112,1775896112,i,0.0,0.0,Hand injury - Unknown return date
74854,1778230149,1778230149,a,0.0,100.0,
75115,1754327082,1754327082,a,,,
75115,1763591261,1763591261,a,0.0,0.0,
75115,1763593538,1763593538,a,,,
75115,1775686702,1775686702,d,,75.0,Knock - 75% chance of playing
75115,1775896112,1775896112,a,75.0,100.0,
76357,1753156525,1753156525,a,,,
76357,1760825156,1760817610,d,,50.0,Back injury - 50% chance of playing
76357,1760862290,1760862290,d,,75.0,Back injury - 75% chance of playing
76357,1761467118,1761467118,a,75.0,100.0,
76357,1770712309,1770712309,i,100.0,0.0,Calf injury - Expected back 22 Feb
76357,1771106860,1771106860,d,0.0,50.0,Calf injury - 50% chance of playing
76357,1771835504,1771835504,a,50.0,100.0,
77794,1753156525,1753156525,a,,,
77794,1758301479,1758281408,d,,75.0,Knock - 75% chance of playing
77794,1758529539,1758529539,a,75.0,100.0,
77794,1764404721,1764404721,i,100.0,0.0,Hamstring injury - Expected back 26 Dec
77794,1765614340,1765614340,d,0.0,25.0,Hamstring injury - 25% chance of playing
77794,1766077634,1766077634,i,25.0,0.0,Hamstring injury - Expected back 04 Jan
77794,1767083176,1767083176,d,0.0,25.0,Hamstring injury - 25% chance of playing
77794,1767428749,1767428749,d,25.0,50.0,Hamstring injury - 50% chance of playing
77794,1767564440,1767564440,a,50.0,100.0,
78916,1753156525,1753156525,a,,,
78916,1762812458,1762768809,s,,0.0,Suspended until 29 Nov
78916,1763849178,1763849178,a,0.0,100.0,
78916,1765787186,1765787186,d,100.0,50.0,Rib Injury - 50% chance of playing
78916,1765922843,1765922843,i,100.0,0.0,Rib Injury - Expected back 18 Jan
78916,1768206409,1768206409,d,0.0,50.0,Rib Injury - 50% chance of playing
78916,1768292788,1768292788,i,0.0,0.0,Rib Injury - Expected back 25 Jan
78916,1769033329,1769033329,d,0.0,50.0,Lack of match fitness - 50% chance of playing
78916,1769243165,1769243165,d,0.0,75.0,Lack of match fitness - 75% chance of playing
78916,1769502399,1769502399,a,75.0,100.0,
79602,1753156525,1753156525,a,,,
79602,1763591261,1763591261,a,0.0,0.0,
79602,1763593538,1763593538,a,,,
79602,1763743589,1763743589,i,,0.0,Ankle injury - Expected back 08 Dec
79602,1765614340,1765614340,i,0.0,0.0,Ankle injury - Unknown return date
79602,1767083176,1767083176,d,0.0,25.0,Ankle injury - 25% chance of playing
79602,1768206409,1768206409,a,25.0,100.0,
79602,1768551991,1768551991,d,25.0,25.0,Ankle injury - 25% chance of playing
79602,1768638346,1768638346,a,25.0,100.0,
80201,1753156525,1753156525,a,,,
80201,1763591261,1763591261,a,0.0,0.0,
80201,1763593538,1763593538,a,,,
80801,1753156525,1753156525,a,,,
80801,1763591261,1763591261,a,0.0,0.0,
80801,1763593538,1763593538,a,,,
80801,1764059165,1764059165,s,,0.0,Suspended until 13 Dec
80801,1765058794,1765058794,a,0.0,100.0,
80801,1765663597,1765663597,n,100.0,0.0,On international duty at the Africa Cup of Nations from Gameweek 17 onwards. - Unknown return date
80801,1768638346,1768638346,n,0.0,0.0,On international duty at the Africa Cup of Nations from Gameweek 17 onwards. - Expected back 26 Jan
80801,1768669464,1768669464,a,0.0,100.0,
80801,1778019911,1778019911,d,100.0,75.0,Knock - 75% chance of playing
80801,1778316628,1778316628,d,100.0,50.0,Knock - 50% chance of playing
80801,1779526653,1779526653,d,0.0,50.0,Lack of match fitness - 50% chance of playing
81441,1753156525,1753156525,a,,,
81441,1763591261,1763591261,a,0.0,0.0,
81441,1763593538,1763593538,a,,,
82143,1753156525,1753156525,a,,,
82143,1757610260,1757598217,u,,0.0,has joined Aris Limassol permanently.
83299,1753156525,1753156525,a,,,
83299,1763591261,1763591261,a,0.0,0.0,
83299,1763593538,1763593538,a,,,
83299,1765663597,1765663597,s,,0.0,Suspended until 27 Dec
83299,1766305538,1766305538,a,0.0,100.0,
83299,1774130880,1774130880,s,100.0,0.0,Suspended until 26 Apr
83299,1776532420,1776532420,a,0.0,100.0,
84182,1753156525,1753156525,a,,,
84182,1763591261,1763591261,a,0.0,0.0,
84182,1763593538,1763593538,a,,,
84182,1775465293,1775465293,d,,75.0,Calf injury - 75% chance of playing
84182,1775686702,1775686702,a,,100.0,
84450,1753894995,1753894995,a,,,
84450,1763591261,1763591261,a,0.0,0.0,
84450,1763593538,1763593538,a,,,
84450,1769292426,1769292426,d,,25.0,Ankle injury - 25% chance of playing
84450,1769847982,1769847982,i,,0.0,Ankle injury - Expected back 22 Feb
84450,1771106860,1771106860,d,0.0,50.0,Ankle injury - 50% chance of playing
84450,1771662375,1771662375,a,0.0,100.0,
85633,1753156525,1753156525,a,,,
85633,1763591261,1763591261,a,0.0,0.0,
85633,1763593538,1763593538,a,,,
85633,1765404449,1765404449,d,,75.0,Groin Injury - 75% chance of playing
85633,1766478386,1766478386,a,75.0,100.0,
85633,1770020907,1770020907,d,100.0,75.0,Groin Injury - 75% chance of playing
85633,1770712309,1770712309,i,75.0,0.0,Groin Injury - Unknown return date
85633,1772094633,1772094633,i,0.0,0.0,Groin Injury - Expected back 04 Mar
85633,1772402861,1772402861,a,0.0,100.0,
85971,1753156525,1753156525,a,,,
85971,1754889107,1754889107,u,,0.0,
85971,1755193299,1755193299,u,,0.0,Has joined Los Angeles FC permanently.
85971,1770107241,1770107241,u,0.0,0.0,has joined Los Angeles FC permanently.
86873,1753722233,1753722233,a,,,
86873,1763591261,1763591261,a,0.0,0.0,
86873,1763593538,1763593538,a,,,
87835,1753156525,1753156525,a,,,
87835,1759511057,1759500009,d,,25.0,Wrist Injury - 25% chance of playing
87835,1760720663,1760720663,a,25.0,100.0,
87835,1761955906,1761901210,i,100.0,0.0,Knee injury - Unknown return date
87835,1762448729,1762448729,i,0.0,0.0,Knee injury - Expected back 22 Nov
87835,1763139876,1763139876,d,0.0,50.0,Knee injury - 50% chance of playing
87835,1763743589,1763743589,i,0.0,0.0,Knee injury - Expected back 30 Nov
87835,1764404721,1764404721,d,0.0,50.0,Knee injury - 50% chance of playing
87835,1764923156,1764923156,a,50.0,100.0,
87835,1775810893,1775810893,i,100.0,0.0,Muscle injury - Expected back 18 Apr
87835,1775945454,1775945454,d,0.0,50.0,Muscle injury - 50% chance of playing
87835,1776501074,1776501074,d,0.0,75.0,Muscle injury - 75% chance of playing
87835,1777106067,1777106067,a,100.0,100.0,
87835,1779526653,1779526653,i,100.0,0.0,Knock - Expected back 01 Jun
88248,1753156525,1753156525,a,,,
88248,1763591261,1763591261,a,0.0,0.0,
88248,1763593538,1763593538,a,,,
88248,1772402861,1772402861,d,,75.0,Calf injury - 75% chance of playing
88248,1772526475,1772526475,d,,25.0,Calf injury - 25% chance of playing
88248,1772662268,1772662268,d,25.0,50.0,Calf injury - 50% chance of playing
88248,1773267016,1773267016,d,25.0,25.0,Calf injury - 25% chance of playing
88248,1773822704,1773822704,d,25.0,50.0,Calf injury - 50% chance of playing
88248,1773908891,1773908891,a,25.0,100.0,
88894,1753156525,1753156525,a,,,
88894,1754889107,1754889107,d,,75.0,
88894,1755193299,1755193299,d,,75.0,Knock - 75% chance of playing
88894,1755277274,1755277274,d,,25.0,Knock - 25% chance of playing
88894,1757714774,1757714774,i,25.0,0.0,Personal Reasons - Unknown return date
88894,1759739129,1759739129,a,0.0,100.0,
88894,1764577584,1764577584,d,100.0,75.0,Knock - 75% chance of playing
88894,1764713227,1764713227,i,0.0,0.0,Knee injury - Expected back 07 Feb
88894,1769292426,1769292426,d,0.0,50.0,Knee injury - 50% chance of playing
88894,1769761644,1769761644,d,0.0,25.0,Lack of match fitness - 25% chance of playing
88894,1769847982,1769847982,d,0.0,75.0,Lack of match fitness - 75% chance of playing
88894,1770020907,1770020907,a,75.0,100.0,
90585,1753156525,1753156525,a,,,
90585,1763591261,1763591261,a,0.0,0.0,
90585,1763593538,1763593538,a,,,
90585,1765663597,1765663597,n,,0.0,On international duty at the Africa Cup of Nations from Gameweek 17 onwards. - Unknown return date
90585,1768119950,1768119950,a,0.0,100.0,
90585,1770971356,1770971356,i,100.0,0.0,Knee injury - Unknown return date
91651,1753156525,1753156525,i,,0.0,
91651,1754038182,1754038182,i,,0.0,Achilles injury - Expected back 13 Sep
91651,1754067802,1754067802,i,,0.0,
91651,1755193299,1755193299,i,,0.0,Achilles injury - Expected back 13 Sep
91651,1757801133,1757801133,i,0.0,0.0,Achilles injury - Unknown return date
91651,1758702327,1758702327,d,0.0,25.0,Achilles injury - 25% chance of playing
91651,1758906256,1758906256,d,0.0,50.0,Lack of match fitness - 50% chance of playing
91651,1759047887,1759047887,a,50.0,100.0,
91651,1762189480,1762162209,i,100.0,0.0,Ankle injury - Unknown return date
91651,1773476815,1773476815,d,0.0,25.0,Lack of match fitness - 25% chance of playing
91651,1773526163,1773526163,a,25.0,100.0,
91889,1753156525,1753156525,a,,,
91889,1757628364,1757611807,d,,75.0,Calf injury - 75% chance of playing
91889,1757801133,1757801133,a,75.0,100.0,
91889,1760461466,1760446807,d,100.0,50.0,Muscle injury - 50% chance of playing
91889,1760720663,1760720663,d,100.0,25.0,Muscle injury - 25% chance of playing
91889,1761955906,1761955906,i,25.0,0.0,Muscle injury - Expected back 22 Nov
91889,1763139876,1763139876,d,0.0,50.0,Muscle injury - 50% chance of playing
91889,1763849178,1763849178,a,50.0,100.0,
91889,1767428749,1767428749,u,100.0,0.0,has joined AC Milan on loan for the rest of the season.
95658,1753156525,1753156525,a,,,
95658,1761325489,1761314408,d,,75.0,Knock - 75% chance of playing
95658,1761343604,1761343604,a,,,
95658,1761344648,1761344648,d,75.0,75.0,Knock - 75% chance of playing
95658,1761955906,1761955906,d,75.0,50.0,Knock - 50% chance of playing
95658,1762034754,1762034754,a,50.0,100.0,
95658,1762756419,1762626609,d,100.0,75.0,Hamstring injury - 75% chance of playing
95658,1763799922,1763799922,i,100.0,0.0,Hamstring injury - Unknown return date
95658,1767428749,1767428749,d,0.0,25.0,Hamstring injury - 25% chance of playing
95658,1767947179,1767947179,a,25.0,100.0,
95658,1768551991,1768551991,d,25.0,25.0,Hamstring injury - 25% chance of playing
95658,1768638346,1768638346,a,25.0,100.0,
95658,1772402861,1772402861,d,100.0,75.0,Illness - 75% chance of playing
95658,1772699268,1772699268,a,75.0,100.0,
95658,1774081598,1774081598,s,100.0,0.0,Suspended until 18 Apr
95658,1775945454,1775945454,a,0.0,100.0,
95658,1776415909,1776415909,s,0.0,0.0,Suspended until 27 Apr
95658,1776532420,1776532420,a,0.0,100.0,
97032,1753156525,1753156525,a,,,
97032,1763591261,1763591261,a,0.0,0.0,
97032,1763593538,1763593538,a,,,
97299,1753156525,1753156525,a,,,
97299,1757696658,1757682010,d,,50.0,Muscle injury - 50% chance of playing
97299,1758529539,1758529539,a,50.0,100.0,
97299,1765255061,1765255061,d,100.0,75.0,Knock - 75% chance of playing
97299,1765355185,1765355185,d,100.0,50.0,Leg injury - 50% chance of playing
97299,1765614340,1765614340,d,100.0,25.0,Thigh injury - 25% chance of playing
97299,1766219148,1766219148,i,25.0,0.0,Thigh injury - Expected back 27 Dec
97299,1766478386,1766478386,i,0.0,0.0,Thigh injury - Unknown return date
97299,1767132422,1767132422,d,25.0,25.0,Thigh injury - 25% chance of playing
97299,1767737264,1767737264,i,0.0,0.0,Thigh injury - Unknown return date
97299,1770452782,1770452782,d,25.0,25.0,Lack of match fitness - 25% chance of playing
97299,1770761898,1770761898,a,100.0,100.0,
97299,1774946377,1774946377,d,100.0,75.0,Calf injury - 75% chance of playing
97299,1776675755,1776675755,a,75.0,100.0,
97846,1753156525,1753156525,a,,,
97846,1763591261,1763591261,a,0.0,0.0,
97846,1763593538,1763593538,a,,,
98747,1753156525,1753156525,a,,,
98747,1763591261,1763591261,a,0.0,0.0,
98747,1763593538,1763593538,a,,,
98747,1764540409,1764540409,d,,75.0,Groin Injury - 75% chance of playing
98747,1764663971,1764663971,d,,25.0,Groin Injury - 25% chance of playing
98747,1765005920,1765005920,i,25.0,0.0,Groin Injury - Expected back 26 Dec
98747,1765614340,1765614340,d,0.0,25.0,Groin Injury - 25% chance of playing
98747,1766009243,1766009243,d,25.0,75.0,Groin Injury - 75% chance of playing
98747,1766873233,1766873233,a,75.0,100.0,
98980,1753156525,1753156525,s,,0.0,
98980,1754038182,1754038182,s,,0.0,Suspended until 23 Aug
98980,1754067802,1754067802,s,,0.0,
98980,1755193299,1755193299,s,,0.0,Suspended until 23 Aug
98980,1755407187,1755407187,a,0.0,100.0,
98980,1758906256,1758898808,d,100.0,75.0,Knock - 75% chance of playing
98980,1759134347,1759134347,a,75.0,100.0,
98980,1759511057,1759500009,d,75.0,75.0,Calf injury - 75% chance of playing
98980,1759739129,1759739129,a,75.0,100.0,
98980,1764923156,1764923156,d,100.0,75.0,Back injury - 75% chance of playing
98980,1765058794,1765058794,a,75.0,100.0,
98980,1765527972,1765527972,d,75.0,75.0,Back injury - 75% chance of playing
98980,1766391982,1766391982,a,75.0,100.0,
98980,1768033551,1768033551,d,100.0,75.0,Calf injury - 75% chance of playing
98980,1768811210,1768811210,a,75.0,100.0,
98980,1769070383,1769070383,d,75.0,75.0,Calf injury - 75% chance of playing
98980,1769502399,1769502399,a,75.0,100.0,
98980,1776031950,1776031950,d,100.0,75.0,Calf injury - 75% chance of playing
98980,1776501074,1776501074,a,100.0,100.0,
101148,1753156525,1753156525,a,,,
101148,1763591261,1763591261,a,0.0,0.0,
101148,1763593538,1763593538,a,,,
101148,1766219148,1766219148,i,,0.0,Lack of match fitness - Expected back 26 Dec
101148,1766527649,1766527649,d,0.0,25.0,Lack of match fitness - 25% chance of playing
101148,1770242911,1770242911,u,25.0,0.0,has joined Leicester City permanently.
101178,1753156525,1753156525,a,,,
101178,1763591261,1763591261,a,0.0,0.0,
101178,1763593538,1763593538,a,,,
101178,1770452782,1770452782,a,0.0,100.0,
101188,1753156525,1753156525,a,,,
101188,1761239091,1761226208,d,,50.0,Ankle injury - 50% chance of playing
101188,1761516371,1761516371,a,50.0,100.0,
101982,1753156525,1753156525,a,,,
101982,1763591261,1763591261,a,0.0,0.0,
101982,1763593538,1763593538,a,,,
101982,1775810893,1775810893,i,,0.0,Shoulder injury - Expected back 24 May
101982,1778316628,1778316628,i,0.0,0.0,Shoulder injury - Expected back 25 May
102057,1753156525,1753156525,a,,,
102057,1759134347,1759105806,d,,75.0,Knock - 75% chance of playing
102057,1759424626,1759424626,d,,75.0,Hip injury - 75% chance of playing
102057,1760720663,1760720663,d,75.0,50.0,Hip injury - 50% chance of playing
102057,1760825156,1760825156,a,50.0,100.0,
102057,1761955906,1761760809,d,100.0,75.0,Hip injury - 75% chance of playing
102057,1762034754,1762034754,a,75.0,100.0,
105717,1754931789,1754931789,d,,75.0,
105717,1755190918,1755190918,a,,100.0,
105717,1765663597,1765663597,n,100.0,0.0,On international duty at the Africa Cup of Nations from Gameweek 17 onwards. - Unknown return date
105717,1768033551,1768033551,a,0.0,100.0,
105717,1768551991,1768551991,i,0.0,0.0,Ankle injury - Expected back 22 Feb
105717,1769761644,1769761644,u,0.0,0.0,has joined RC Lens on loan for the rest of the season.
106468,1753156525,1753156525,a,,,
106468,1756227857,1756215903,u,,0.0,Has joined Girona permanently.
106611,1753156525,1753156525,a,,,
106611,1759739129,1759735808,d,,75.0,Knock - 75% chance of playing
106611,1760825156,1760825156,a,75.0,100.0,
106611,1764750360,1764750360,d,100.0,75.0,Knock - 75% chance of playing
106611,1765005920,1765005920,d,100.0,50.0,Knock - 50% chance of playing
106611,1765058794,1765058794,a,50.0,100.0,
106611,1767169581,1767169581,d,100.0,75.0,Knock - 75% chance of playing
106611,1767564440,1767564440,a,75.0,100.0,
106611,1767860790,1767860790,s,100.0,0.0,Suspended until 31 Jan
106611,1769274270,1769274270,a,0.0,100.0,
106617,1753156525,1753156525,a,,,
106617,1756832655,1756814432,u,,0.0,has departed the club as a free agent.
106760,1753156525,1753156525,a,,,
106760,1763591261,1763591261,a,0.0,0.0,
106760,1763593538,1763593538,a,,,
106760,1772402861,1772402861,d,,75.0,Illness - 75% chance of playing
106760,1772699268,1772699268,a,75.0,100.0,
106760,1777367205,1777367205,d,100.0,75.0,Knock - 75% chance of playing
106760,1777885571,1777885571,a,75.0,100.0,
107265,1754586232,1754586232,a,,,
107265,1761955906,1761868809,i,,0.0,Knee injury - Unknown return date
107265,1765787186,1765787186,a,0.0,100.0,
108413,1753156525,1753156525,a,,,
108413,1756418748,1756400408,d,,75.0,Knock - 75% chance of playing
108413,1756746230,1756746230,a,75.0,100.0,
108413,1759511057,1759500009,d,100.0,75.0,Dead leg - 75% chance of playing
108413,1759739129,1759739129,a,75.0,100.0,
108413,1764404721,1764404721,d,100.0,75.0,Knock - 75% chance of playing
108413,1764577584,1764577584,a,75.0,100.0,
108413,1767342382,1767342382,d,100.0,75.0,Muscle injury - 75% chance of playing
108413,1767564440,1767564440,a,75.0,100.0,
109345,1753156525,1753156525,a,,,
109345,1754889107,1754889107,d,,25.0,
109345,1755193299,1755193299,d,,25.0,Knee injury - 25% chance of playing
109345,1755277274,1755277274,i,,0.0,Knee injury - Unknown return date
109345,1763743589,1763743589,i,0.0,0.0,Knee injury - Expected back 13 Dec
109345,1765005920,1765005920,i,0.0,0.0,Knee injury - Unknown return date
109345,1765614340,1765614340,i,0.0,0.0,Knee injury - Expected back 03 Jan
109345,1767083176,1767083176,i,0.0,0.0,Knee injury - Expected back 07 Jan
109345,1767428749,1767428749,d,0.0,25.0,Knee injury - 25% chance of playing
109345,1769243165,1769243165,d,25.0,25.0,Lack of match fitness - 25% chance of playing
109345,1769847982,1769847982,i,25.0,0.0,Lack of match fitness - Unknown return date
109345,1770366511,1770366511,d,0.0,25.0,Lack of match fitness - 25% chance of playing
109345,1771662375,1771662375,d,25.0,75.0,Lack of match fitness - 75% chance of playing
109345,1772402861,1772402861,a,75.0,100.0,
109345,1776761683,1776761683,d,100.0,75.0,Muscle injury - 75% chance of playing
109345,1777711559,1777711559,i,0.0,0.0,Muscle injury - Expected back 09 May
109345,1777760246,1777760246,d,0.0,50.0,Muscle injury - 50% chance of playing
109345,1778316628,1778316628,a,0.0,100.0,
109533,1753156525,1753156525,a,,,
109533,1756832655,1756819806,u,,0.0,has joined Marseille permanently.
109646,1753156525,1753156525,a,,,
109646,1755505538,1755504006,d,,75.0,Knock - 75% chance of playing
109646,1755796138,1755796138,a,,100.0,
109646,1758906256,1758886207,i,100.0,0.0,Calf injury - Expected back 18 Oct
109646,1759597454,1759597454,d,0.0,50.0,Calf injury - 50% chance of playing
109646,1760720663,1760720663,a,0.0,100.0,
109646,1768687620,1768687620,d,100.0,75.0,Hamstring injury - 75% chance of playing
109646,1769033329,1769033329,i,100.0,0.0,Hamstring injury - Unknown return date
109646,1770712309,1770712309,d,0.0,75.0,Lack of match fitness - 75% chance of playing
109646,1771106860,1771106860,a,75.0,100.0,
109745,1753156525,1753156525,a,,,
109745,1763591261,1763591261,a,0.0,0.0,
109745,1763593538,1763593538,a,,,
110504,1756832655,1756832655,a,,,
110504,1763591261,1763591261,a,0.0,0.0,
110504,1763593538,1763593538,a,,,
110504,1765663597,1765663597,n,,0.0,On international duty at the Africa Cup of Nations from Gameweek 17 onwards. - Unknown return date
110504,1768033551,1768033551,a,0.0,100.0,
110504,1768206409,1768206409,d,0.0,75.0,Knock - 75% chance of playing
110504,1768551991,1768551991,i,0.0,0.0,Knee injury - Expected back 11 Feb
110504,1769847982,1769847982,i,0.0,0.0,Knee injury - Expected back 22 Feb
110504,1771106860,1771106860,d,0.0,50.0,Knee injury - 50% chance of playing
110504,1771662375,1771662375,i,0.0,0.0,Knee injury - Expected back 28 Feb
110504,1771835504,1771835504,d,0.0,50.0,Knee injury - 50% chance of playing
110504,1772180882,1772180882,a,0.0,100.0,
110504,1772662268,1772662268,d,100.0,75.0,Knee injury - 75% chance of playing
110504,1772871978,1772871978,d,100.0,25.0,Knee injury - 25% chance of playing
110504,1773363859,1773363859,i,100.0,0.0,Knee injury - Expected back 02 May
110504,1776501074,1776501074,i,0.0,0.0,Knee injury - Expected back 24 Apr
110504,1776532420,1776532420,d,0.0,50.0,Knee injury - 50% chance of playing
110504,1777021030,1777021030,i,0.0,0.0,Knee injury - Expected back 02 May
110504,1777106067,1777106067,d,0.0,50.0,Knee injury - 50% chance of playing
110504,1777625797,1777625797,d,0.0,50.0,Lack of match fitness - 50% chance of playing
110504,1778230149,1778230149,a,50.0,100.0,
110735,1753156525,1753156525,a,,,
110735,1754672469,1754672469,i,,0.0,
110735,1755193299,1755193299,i,,0.0,Knee injury - Unknown return date
111234,1753156525,1753156525,a,,,
111234,1763591261,1763591261,a,0.0,0.0,
111234,1763593538,1763593538,a,,,
111317,1753156525,1753156525,a,,,
111317,1760720663,1760706010,i,,0.0,Hamstring injury - Unknown return date
111317,1761325489,1761325489,d,0.0,75.0,Hamstring injury - 75% chance of playing
111317,1761343604,1761343604,i,0.0,0.0,Hamstring injury - Unknown return date
111317,1761344648,1761344648,d,75.0,75.0,Hamstring injury - 75% chance of playing
111317,1761516371,1761516371,a,75.0,100.0,
111317,1764453978,1764453978,s,100.0,0.0,Suspended until 06 Dec
111317,1764750360,1764750360,a,0.0,100.0,
111317,1768551991,1768551991,d,100.0,75.0,Ankle injury - 75% chance of playing
111317,1768897593,1768897593,d,75.0,25.0,Ankle injury - 25% chance of playing
111317,1769243165,1769243165,i,75.0,0.0,Ankle injury - Unknown return date
111317,1769847982,1769847982,d,0.0,25.0,Ankle injury - 25% chance of playing
111317,1769897261,1769897261,d,25.0,50.0,Ankle injury - 50% chance of playing
111317,1770452782,1770452782,d,75.0,75.0,Lack of match fitness - 75% chance of playing
111317,1770502124,1770502124,a,75.0,100.0,
111452,1753156525,1753156525,a,,,
111452,1755104483,1755104483,u,,0.0,
111452,1755193299,1755193299,u,,0.0,Has joined Sevilla on loan for the rest of the season.
111478,1753156525,1753156525,a,,,
111478,1759424626,1759410008,i,,0.0,Calf injury - Expected back 18 Oct
111478,1759597454,1759597454,d,0.0,75.0,Calf injury - 75% chance of playing
111478,1761955906,1761955906,d,75.0,25.0,Calf injury - 25% chance of playing
111478,1762812458,1762812458,a,25.0,100.0,
111773,1753156525,1753156525,a,,,
111773,1763591261,1763591261,a,0.0,0.0,
111773,1763593538,1763593538,a,,,
111773,1764404721,1764404721,d,,25.0,Knee injury - 25% chance of playing
111773,1765005920,1765005920,i,25.0,0.0,Knee injury - Expected back 26 Dec
111773,1765614340,1765614340,d,0.0,25.0,Knee injury - 25% chance of playing
111773,1766077634,1766077634,i,25.0,0.0,Knee injury - Expected back 04 Jan
111773,1767083176,1767083176,d,0.0,25.0,Knee injury - 25% chance of playing
111773,1767428749,1767428749,i,25.0,0.0,Knee injury - Unknown return date
113564,1753156525,1753156525,a,,,
113564,1763591261,1763591261,a,0.0,0.0,
113564,1763593538,1763593538,a,,,
114243,1753156525,1753156525,a,,,
114243,1763591261,1763591261,a,0.0,0.0,
114243,1763593538,1763593538,a,,,
114243,1767601597,1767601597,d,,75.0,Hamstring injury - 75% chance of playing
114243,1767947179,1767947179,a,75.0,100.0,
114243,1768379187,1768379187,d,75.0,75.0,Hamstring injury - 75% chance of playing
114243,1768638346,1768638346,d,75.0,25.0,Hamstring injury - 25% chance of playing
114243,1769638214,1769638214,d,25.0,75.0,Hamstring injury - 75% chance of playing
114243,1769675256,1769675256,a,25.0,100.0,
114283,1753156525,1753156525,a,,,
114283,1759566278,1759546809,n,,0.0,Ineligible to face his parent club on 18/10. - Expected back 26 Oct
114283,1760807044,1760807044,a,0.0,100.0,
114283,1765750010,1765750010,d,100.0,75.0,Hamstring injury - 75% chance of playing
114283,1766219148,1766219148,a,100.0,100.0,
114283,1766873233,1766873233,d,100.0,75.0,Illness - 75% chance of playing
114283,1767169581,1767169581,a,75.0,100.0,
114283,1769033329,1769033329,d,100.0,25.0,Foot injury - 25% chance of playing
114283,1769243165,1769243165,i,100.0,0.0,Foot injury - Unknown return date
114283,1769847982,1769847982,i,0.0,0.0,Foot injury - Expected back 01 Jun
115556,1753156525,1753156525,a,,,
115556,1758702327,1758693606,d,,75.0,Knee injury - 75% chance of playing
115556,1759307128,1759307128,a,75.0,100.0,
115556,1760461466,1760446807,d,100.0,75.0,Muscle injury - 75% chance of playing
115556,1761084417,1761084417,i,75.0,0.0,Hamstring injury - Unknown return date
115556,1763831043,1763831043,d,50.0,50.0,Lack of match fitness - 50% chance of playing
115556,1764263058,1764263058,a,50.0,100.0,
115556,1768687620,1768687620,d,100.0,25.0,Leg injury - 25% chance of playing
115556,1768897593,1768897593,i,100.0,0.0,Ankle injury - Unknown return date
116216,1753156525,1753156525,a,,,
116216,1754889107,1754889107,d,,75.0,
116216,1755193299,1755193299,d,,75.0,Groin Injury - 75% chance of playing
116216,1755505538,1755505538,a,75.0,100.0,
116216,1756505162,1756492208,d,100.0,75.0,Knock - 75% chance of playing
116216,1756746230,1756746230,a,75.0,100.0,
116216,1764263058,1764263058,d,100.0,75.0,Knock - 75% chance of playing
116216,1765614340,1765614340,d,75.0,75.0,Calf injury - 75% chance of playing
116216,1765700737,1765700737,a,75.0,100.0,
116216,1770502124,1770502124,d,100.0,75.0,Muscle injury - 75% chance of playing
116216,1770971356,1770971356,a,75.0,100.0,
116216,1771575781,1771575781,d,75.0,75.0,Facial Injury - 75% chance of playing
116216,1771662375,1771662375,a,75.0,100.0,
116216,1772958398,1772958398,d,100.0,75.0,Knock - 75% chance of playing
116216,1773785625,1773785625,a,75.0,100.0,
116216,1774341169,1774341169,d,100.0,75.0,Hip injury - 75% chance of playing
116216,1775551334,1775551334,a,100.0,100.0,
116535,1753156525,1753156525,a,,,
116535,1759307128,1759278606,d,,25.0,Muscle injury - 25% chance of playing
116535,1759511057,1759511057,i,,0.0,Muscle injury - Unknown return date
116535,1762535068,1762535068,i,0.0,0.0,Muscle injury - Expected back 22 Nov
116535,1763139876,1763139876,d,0.0,75.0,Muscle injury - 75% chance of playing
116535,1763743589,1763743589,d,0.0,75.0,Lack of match fitness - 75% chance of playing
116535,1763849178,1763849178,a,75.0,100.0,
116535,1764263058,1764263058,d,75.0,75.0,Illness - 75% chance of playing
116535,1764577584,1764577584,a,75.0,100.0,
116535,1773131274,1773131274,d,100.0,75.0,Knock - 75% chance of playing
116535,1773476815,1773476815,d,100.0,75.0,Muscle injury - 75% chance of playing
116535,1773650293,1773650293,a,75.0,100.0,
116535,1774081598,1774081598,d,50.0,50.0,Knock - 50% chance of playing
116535,1774130880,1774130880,d,50.0,50.0,Muscle injury - 50% chance of playing
116535,1775322603,1775322603,i,50.0,0.0,Muscle injury - Unknown return date
116535,1777106067,1777106067,d,50.0,50.0,Muscle injury - 50% chance of playing
116535,1778316628,1778316628,d,50.0,25.0,Muscle injury - 25% chance of playing
116535,1778365174,1778365174,d,25.0,50.0,Muscle injury - 50% chance of playing
116535,1778836972,1778836972,d,25.0,75.0,Lack of match fitness - 75% chance of playing
116535,1779661457,1779661457,a,75.0,100.0,
118748,1753156525,1753156525,a,,,
118748,1763591261,1763591261,a,0.0,0.0,
118748,1763593538,1763593538,a,,,
118748,1765663597,1765663597,n,,0.0,On international duty at the Africa Cup of Nations from Gameweek 17 onwards. - Unknown return date
118748,1768638346,1768638346,n,0.0,0.0,On international duty at the Africa Cup of Nations from Gameweek 17 onwards. - Expected back 24 Jan
118748,1768669464,1768669464,a,0.0,100.0,
118748,1773908891,1773908891,d,100.0,75.0,Muscle injury - 75% chance of playing
118748,1774081598,1774081598,i,0.0,0.0,Muscle injury - Expected back 11 Apr
118748,1774130880,1774130880,d,0.0,50.0,Muscle injury - 50% chance of playing
118748,1775322603,1775322603,a,0.0,100.0,
118748,1777192925,1777192925,d,100.0,75.0,Muscle injury - 75% chance of playing
118748,1777501490,1777501490,d,100.0,25.0,Muscle injury - 25% chance of playing
118748,1777711559,1777711559,i,0.0,0.0,Muscle injury - Expected back 24 May
118748,1778316628,1778316628,d,0.0,25.0,Muscle injury - 25% chance of playing
118748,1778365174,1778365174,d,25.0,50.0,Muscle injury - 50% chance of playing
118748,1778836972,1778836972,a,25.0,100.0,
119471,1753156525,1753156525,a,,,
119471,1756196727,1756162808,d,,25.0,Head injury - 25% chance of playing
119471,1756487023,1756487023,a,,100.0,
119471,1758301479,1758281408,d,100.0,25.0,Head injury - 25% chance of playing
119471,1759307128,1759307128,a,25.0,100.0,
119471,1768033551,1768033551,i,100.0,0.0,Ankle injury - Unknown return date
119471,1768638346,1768638346,i,100.0,0.0,Ankle injury - Expected back 18 Apr
119471,1774130880,1774130880,d,0.0,50.0,Ankle injury - 50% chance of playing
119471,1775896112,1775896112,i,0.0,0.0,Ankle injury - Expected back 10 May
119471,1777760246,1777760246,d,0.0,50.0,Ankle injury - 50% chance of playing
119471,1778316628,1778316628,i,0.0,0.0,Ankle injury - Expected back 24 May
119471,1778921668,1778921668,i,0.0,0.0,Ankle injury - Expected back 01 Jun
121160,1753156525,1753156525,a,,,
121160,1756832655,1756819956,u,,0.0,has joined Fenerbache permanently.
121709,1753156525,1753156525,a,,,
121709,1758301479,1758293352,i,,0.0,Hand injury - Expected back 05 Oct
121709,1759356375,1759356375,a,0.0,100.0,
122074,1753156525,1753156525,a,,,
122074,1755882217,1755864007,i,,0.0,Knock - Unknown return date
122074,1757696658,1757696658,a,0.0,100.0,
122798,1753156525,1753156525,a,,,
122798,1763591261,1763591261,a,0.0,0.0,
122798,1763593538,1763593538,a,,,
122806,1753156525,1753156525,a,,,
122806,1763591261,1763591261,a,0.0,0.0,
122806,1763593538,1763593538,a,,,
122806,1768811210,1768811210,d,,75.0,Knee injury - 75% chance of playing
122806,1769070383,1769070383,d,,25.0,Knee injury - 25% chance of playing
122806,1769243165,1769243165,i,,0.0,Knee injury - Unknown return date
122806,1769761644,1769761644,i,0.0,0.0,Knee injury - Expected back 21 Mar
122806,1773267016,1773267016,a,0.0,100.0,
122806,1777885571,1777885571,d,100.0,75.0,Hamstring injury - 75% chance of playing
122806,1778230149,1778230149,a,100.0,100.0,
124165,1753156525,1753156525,a,,,
124165,1756832655,1756820012,u,,0.0,has joined Birmingham City on loan for the rest of the season.
124165,1770107241,1770107241,u,0.0,0.0,has joined Birmingham City permanently.
126184,1753156525,1753156525,a,,,
126184,1763591261,1763591261,a,0.0,0.0,
126184,1763593538,1763593538,a,,,
128295,1753156525,1753156525,a,,,
128295,1755505538,1755504005,d,,75.0,Knock - 75% chance of playing
128295,1755882217,1755882217,i,,0.0,Knock - Expected back 13 Sep
128295,1756487023,1756487023,d,0.0,50.0,Knock - 50% chance of playing
128295,1757696658,1757696658,a,50.0,100.0,
135720,1753156525,1753156525,a,,,
135720,1763591261,1763591261,a,0.0,0.0,
135720,1763593538,1763593538,a,,,
135720,1770020907,1770020907,d,,75.0,Toe Injury - 75% chance of playing
135720,1770366511,1770366511,i,,0.0,Toe Injury - Unknown return date
135720,1772180882,1772180882,a,0.0,100.0,
138001,1753156525,1753156525,a,,,
138001,1763591261,1763591261,a,0.0,0.0,
138001,1763593538,1763593538,a,,,
141746,1753156525,1753156525,a,,,
141746,1763591261,1763591261,a,0.0,0.0,
141746,1763593538,1763593538,a,,,
141746,1766354823,1766354823,d,,25.0,Hamstring injury - 25% chance of playing
141746,1766614042,1766614042,i,,0.0,Hamstring injury - Unknown return date
141746,1766823958,1766823958,i,0.0,0.0,Hamstring injury - Expected back 17 Jan
141746,1767428749,1767428749,d,0.0,25.0,Hamstring injury - 25% chance of playing
141746,1767601597,1767601597,d,25.0,50.0,Hamstring injury - 50% chance of playing
141746,1767737264,1767737264,d,75.0,75.0,Hamstring injury - 75% chance of playing
141746,1767947179,1767947179,a,75.0,100.0,
149065,1753156525,1753156525,a,,,
149065,1763591261,1763591261,a,0.0,0.0,
149065,1763593538,1763593538,a,,,
149065,1773363859,1773333010,d,,75.0,Ankle injury - 75% chance of playing
149065,1773785625,1773785625,a,75.0,100.0,
149065,1776550371,1776550371,d,100.0,75.0,Shoulder injury - 75% chance of playing
149065,1777192925,1777192925,a,75.0,100.0,
149065,1777711559,1777711559,d,25.0,25.0,Ankle injury - 25% chance of playing
149065,1778316628,1778316628,i,25.0,0.0,Ankle injury - Expected back 17 May
149065,1778365174,1778365174,d,0.0,50.0,Ankle injury - 50% chance of playing
149065,1778921668,1778921668,a,100.0,100.0,
149484,1753156525,1753156525,a,,,
149484,1759134347,1759105806,d,,75.0,Knock - 75% chance of playing
149484,1759356375,1759356375,d,,25.0,Ankle injury - 25% chance of playing
149484,1760720663,1760720663,d,25.0,75.0,Lack of match fitness - 75% chance of playing
149484,1761239091,1761239091,a,75.0,100.0,
149484,1762071908,1762041610,d,100.0,25.0,Hamstring injury - 25% chance of playing
149484,1763799922,1763799922,i,25.0,0.0,Hamstring injury - Expected back 23 Nov
149484,1764923156,1764923156,i,0.0,0.0,Hamstring injury - Expected back 03 Jan
149484,1765873588,1765873588,i,0.0,0.0,Hamstring injury - Expected back 30 Dec
149484,1767083176,1767083176,d,0.0,25.0,Hamstring injury - 25% chance of playing
149484,1767737264,1767737264,d,50.0,50.0,Hamstring injury - 50% chance of playing
149484,1768169236,1768169236,a,50.0,100.0,
149484,1776031950,1776031950,d,100.0,75.0,Knock - 75% chance of playing
149484,1776415909,1776415909,d,100.0,75.0,Heel Injury - 75% chance of playing
149484,1776501074,1776501074,a,100.0,100.0,
149519,1753156525,1753156525,a,,,
149519,1756832655,1756815678,u,,0.0,has joined Genoa on loan for the rest of the season.
151589,1753156525,1753156525,a,,,
151589,1755709442,1755696717,u,,0.0,Has joined Real Oviedo permanently.
151589,1755718428,1755718428,a,,,
151589,1755720509,1755720509,u,,0.0,Has joined Real Oviedo permanently.
152551,1753156525,1753156525,a,,,
152551,1763591261,1763591261,a,0.0,0.0,
152551,1763593538,1763593538,a,,,
152551,1767564440,1767564440,d,,75.0,Head injury - 75% chance of playing
152551,1767737264,1767737264,i,0.0,0.0,Head injury - Expected back 17 Jan
152551,1768206409,1768206409,d,0.0,50.0,Head injury - 50% chance of playing
152551,1768638346,1768638346,a,0.0,100.0,
152551,1771489733,1771489733,i,100.0,0.0,Hamstring injury - Expected back 14 Mar
152551,1772662268,1772662268,a,0.0,100.0,
153127,1753156525,1753156525,a,,,
153127,1754889107,1754889107,u,,0.0,
153127,1755193299,1755193299,u,,0.0,Has departed the club as a free agent.
153133,1753156525,1753156525,a,,,
153133,1763591261,1763591261,a,0.0,0.0,
153133,1763593538,1763593538,a,,,
153133,1765663597,1765663597,n,,0.0,On international duty at the Africa Cup of Nations from Gameweek 17 onwards. - Unknown return date
153133,1768638346,1768638346,n,0.0,0.0,On international duty at the Africa Cup of Nations from Gameweek 17 onwards. - Expected back 24 Jan
153133,1768669464,1768669464,a,0.0,100.0,
153133,1776550371,1776550371,d,100.0,75.0,Hamstring injury - 75% chance of playing
153133,1777106067,1777106067,i,0.0,0.0,Hamstring injury - Unknown return date
153133,1778921668,1778921668,a,100.0,100.0,
153366,1753156525,1753156525,a,,,
153366,1763591261,1763591261,a,0.0,0.0,
153366,1763593538,1763593538,a,,,
153366,1775810893,1775810893,i,,0.0,Knock - Unknown return date
153366,1776501074,1776501074,a,0.0,100.0,
153682,1753156525,1753156525,a,,,
153682,1756418748,1756402208,d,,75.0,Foot injury - 75% chance of playing
153682,1756591533,1756591533,a,75.0,100.0,
153682,1761955906,1761685209,d,100.0,75.0,Knock - 75% chance of playing
153682,1762034754,1762034754,a,75.0,100.0,
153682,1764663971,1764663971,d,100.0,75.0,Hamstring injury - 75% chance of playing
153682,1764750360,1764750360,a,75.0,100.0,
153682,1766478386,1766478386,d,100.0,75.0,Knock - 75% chance of playing
153682,1766873233,1766873233,a,75.0,100.0,
153682,1772402861,1772402861,d,100.0,75.0,Ankle injury - 75% chance of playing
153682,1773650293,1773650293,a,75.0,100.0,
154296,1754413307,1754413307,a,,,
154296,1763591261,1763591261,a,0.0,0.0,
154296,1763593538,1763593538,a,,,
154296,1768897593,1768897593,d,,75.0,Knock - 75% chance of playing
154296,1769675256,1769675256,a,75.0,100.0,
154296,1773217664,1773217664,d,100.0,75.0,Head injury - 75% chance of playing
154296,1773476815,1773476815,i,100.0,0.0,Head injury - Expected back 22 Mar
154296,1773526163,1773526163,d,0.0,50.0,Head injury - 50% chance of playing
154296,1773822704,1773822704,d,0.0,75.0,Head injury - 75% chance of playing
154296,1774081598,1774081598,a,100.0,100.0,
154561,1753156525,1753156525,a,,,
154561,1763591261,1763591261,a,0.0,0.0,
154561,1763593538,1763593538,a,,,
154566,1753156525,1753156525,a,,,
154566,1754889107,1754889107,d,,75.0,
154566,1755061642,1755061642,a,,100.0,
154566,1757714774,1757694609,i,100.0,0.0,Ankle injury - Unknown return date
154566,1758301479,1758301479,i,0.0,0.0,Ankle injury - Expected back 27 Sep
154566,1758474266,1758474266,d,0.0,50.0,Ankle injury - 50% chance of playing
154566,1758906256,1758906256,i,0.0,0.0,Ankle injury - Expected back 19 Oct
154566,1759511057,1759511057,i,0.0,0.0,Ankle injury - Unknown return date
154566,1760720663,1760720663,d,0.0,25.0,Ankle injury - 25% chance of playing
154566,1761325489,1761325489,i,25.0,0.0,Ankle injury - Unknown return date
154566,1761343604,1761343604,d,25.0,25.0,Ankle injury - 25% chance of playing
154566,1761344648,1761344648,i,0.0,0.0,Ankle injury - Unknown return date
154566,1761955906,1761955906,i,0.0,0.0,Ankle injury - Expected back 23 Nov
154566,1763139876,1763139876,d,0.0,50.0,Ankle injury - 50% chance of playing
154566,1763799922,1763799922,i,0.0,0.0,Ankle injury - Unknown return date
154566,1767428749,1767428749,i,0.0,0.0,Ankle injury - Expected back 17 Jan
154566,1767687979,1767687979,i,0.0,0.0,Lack of match fitness - Expected back 01 Jan
154566,1768169236,1768169236,a,0.0,100.0,
154566,1773908891,1773908891,d,100.0,75.0,Hip injury - 75% chance of playing
154566,1774341169,1774341169,a,75.0,100.0,
154566,1777192925,1777192925,d,100.0,75.0,Muscle injury - 75% chance of playing
154566,1777501490,1777501490,d,100.0,50.0,Muscle injury - 50% chance of playing
154566,1777711559,1777711559,i,0.0,0.0,Muscle injury - Unknown return date
154566,1778230149,1778230149,d,0.0,25.0,Muscle injury - 25% chance of playing
154566,1778836972,1778836972,d,25.0,50.0,Muscle injury - 50% chance of playing
154566,1779526653,1779526653,a,50.0,100.0,
155405,1753156525,1753156525,a,,,
155405,1763591261,1763591261,a,0.0,0.0,
155405,1763593538,1763593538,a,,,
155405,1770107241,1770107241,u,,0.0,has joined Sheffield United on loan for the rest of the season.
155408,1753156525,1753156525,s,,0.0,
155408,1754038182,1754038182,s,,0.0,Suspended until 30 Aug
155408,1754067802,1754067802,s,,0.0,
155408,1755193299,1755193299,s,,0.0,Suspended until 30 Aug
155408,1755986743,1755986743,i,0.0,0.0,Knee injury - Expected back 13 Sep
155408,1757579121,1757579121,d,0.0,50.0,Knee injury - 50% chance of playing
155408,1757696658,1757696658,d,0.0,75.0,Lack of match fitness - 75% chance of playing
155408,1757801133,1757801133,a,75.0,100.0,
155408,1758702327,1758693606,d,100.0,50.0,Shoulder injury - 50% chance of playing
155408,1759424626,1759424626,d,50.0,75.0,Shoulder injury - 75% chance of playing
155408,1759566278,1759566278,a,75.0,100.0,
155408,1764453978,1764453978,s,100.0,0.0,Suspended until 20 Dec
155408,1765663597,1765663597,a,0.0,100.0,
155408,1767169581,1767169581,d,100.0,75.0,Neck - 75% chance of playing
155408,1767478018,1767478018,a,75.0,100.0,
155408,1771921852,1771921852,d,100.0,25.0,Hamstring injury - 25% chance of playing
155408,1772267168,1772267168,i,0.0,0.0,Hamstring injury - Expected back 11 Apr
155408,1774130880,1774130880,d,0.0,50.0,Hamstring injury - 50% chance of playing
155408,1775896112,1775896112,i,0.0,0.0,Hamstring injury - Unknown return date
155408,1776501074,1776501074,d,0.0,25.0,Lack of match fitness - 25% chance of playing
155408,1777106067,1777106067,d,25.0,50.0,Lack of match fitness - 50% chance of playing
155408,1777711559,1777711559,i,0.0,0.0,Lack of match fitness - Expected back 09 May
155408,1777760246,1777760246,d,0.0,50.0,Lack of match fitness - 50% chance of playing
155408,1778316628,1778316628,d,0.0,25.0,Lack of match fitness - 25% chance of playing
155408,1778365174,1778365174,d,25.0,50.0,Lack of match fitness - 50% chance of playing
155408,1779182898,1779182898,a,50.0,100.0,
155503,1753156525,1753156525,a,,,
155503,1763591261,1763591261,a,0.0,0.0,
155503,1763593538,1763593538,a,,,
155511,1770156714,1770156714,a,,,
156074,1753156525,1753156525,a,,,
156074,1754889107,1754889107,u,,0.0,
156074,1755193299,1755193299,u,,0.0,Has joined Colorado Rapids permanently.
156689,1753156525,1753156525,a,,,
156689,1756832655,1756819451,u,,0.0,has joined Palmeiras permanently.
158499,1753156525,1753156525,a,,,
158499,1754889107,1754889107,d,,75.0,
158499,1755190918,1755190918,i,,0.0,
158499,1755193299,1755193299,i,,0.0,Lack of match fitness - Expected back 23 Aug
158499,1755882217,1755882217,d,0.0,75.0,Lack of match fitness - 75% chance of playing
158499,1755986743,1755986743,a,75.0,100.0,
158499,1757801133,1757799008,d,100.0,75.0,Knock - 75% chance of playing
158499,1758301479,1758301479,a,100.0,100.0,
158499,1764404721,1764404721,i,100.0,0.0,Knee injury - Expected back 26 Dec
158499,1766219148,1766219148,d,0.0,50.0,Knee injury - 50% chance of playing
158499,1766305538,1766305538,a,50.0,100.0,
158499,1767428749,1767428749,i,100.0,0.0,Knee injury - Unknown return date
158499,1768169236,1768169236,i,0.0,0.0,Knee injury - Expected back 19 Jan
158499,1768206409,1768206409,d,0.0,50.0,Knee injury - 50% chance of playing
158499,1768551991,1768551991,d,0.0,75.0,Knee injury - 75% chance of playing
158499,1768897593,1768897593,a,75.0,100.0,
158499,1778365174,1778365174,s,100.0,0.0,Suspended until 29 Aug
158534,1753290200,1753290200,a,,,
158534,1763591261,1763591261,a,0.0,0.0,
158534,1763593538,1763593538,a,,,
158983,1753156525,1753156525,a,,,
158983,1760375075,1760347808,d,,75.0,Knock - 75% chance of playing
158983,1760720663,1760720663,d,,25.0,Knock - 25% chance of playing
158983,1761084417,1761084417,a,25.0,100.0,
158983,1765614340,1765614340,i,100.0,0.0,Ankle injury - Unknown return date
158983,1767132422,1767132422,d,25.0,25.0,Ankle injury - 25% chance of playing
158983,1767428749,1767428749,i,25.0,0.0,Ankle injury - Unknown return date
158983,1768206409,1768206409,d,0.0,50.0,Ankle injury - 50% chance of playing
158983,1768292788,1768292788,a,0.0,100.0,
158983,1770971356,1770971356,d,100.0,25.0,Ankle injury - 25% chance of playing
158983,1771106860,1771106860,i,100.0,0.0,Foot injury - Unknown return date
158983,1777106067,1777106067,i,0.0,0.0,Foot injury - Expected back 24 May
158983,1778921668,1778921668,d,0.0,50.0,Foot injury - 50% chance of playing
159506,1753156525,1753156525,a,,,
159506,1757579121,1757572208,d,,75.0,Hamstring injury - 75% chance of playing
159506,1757628364,1757628364,d,,25.0,Hamstring injury - 25% chance of playing
159506,1758183928,1758183928,i,25.0,0.0,Hamstring injury - Expected back 13 Dec
159506,1758197247,1758197247,d,25.0,25.0,Hamstring injury - 25% chance of playing
159506,1758215074,1758215074,i,25.0,0.0,Hamstring injury - Expected back 13 Dec
159506,1764923156,1764923156,i,0.0,0.0,Hamstring injury - Expected back 22 Dec
159506,1765433336,1765433336,i,0.0,0.0,Hamstring injury - Expected back 07 Feb
159506,1766527649,1766527649,d,0.0,25.0,Lack of match fitness - 25% chance of playing
159506,1767083176,1767083176,i,25.0,0.0,Lack of match fitness - Expected back 17 Jan
159506,1767428749,1767428749,a,0.0,100.0,
159506,1777711559,1777711559,d,75.0,75.0,Knock - 75% chance of playing
159506,1778230149,1778230149,d,75.0,50.0,Knock - 50% chance of playing
159506,1778836972,1778836972,i,50.0,0.0,Knock - Unknown return date
159506,1779441967,1779441967,d,0.0,75.0,Lack of match fitness - 75% chance of playing
159533,1753156525,1753156525,a,,,
159533,1763591261,1763591261,a,0.0,0.0,
159533,1763593538,1763593538,a,,,
159533,1773131274,1773131274,d,,75.0,Knock - 75% chance of playing
159533,1773526163,1773526163,a,75.0,100.0,
159533,1778491645,1778491645,d,100.0,75.0,Knock - 75% chance of playing
159533,1778921668,1778921668,d,0.0,50.0,Knock - 50% chance of playing
159533,1779526653,1779526653,d,0.0,25.0,Muscle injury - 25% chance of playing
165809,1753156525,1753156525,a,,,
165809,1763591261,1763591261,a,0.0,0.0,
165809,1763593538,1763593538,a,,,
165809,1770278425,1770256810,d,,75.0,Hamstring injury - 75% chance of playing
165809,1770588576,1770588576,a,75.0,100.0,
166477,1753156525,1753156525,a,,,
166477,1763591261,1763591261,a,0.0,0.0,
166477,1763593538,1763593538,a,,,
166989,1753156525,1753156525,a,,,
166989,1757924739,1757887208,d,,50.0,Calf injury - 50% chance of playing
166989,1758183928,1758183928,i,,0.0,Calf injury - Expected back 28 Sep
166989,1758197247,1758197247,d,,50.0,Calf injury - 50% chance of playing
166989,1758215074,1758215074,i,,0.0,Calf injury - Expected back 28 Sep
166989,1758474266,1758474266,d,0.0,50.0,Calf injury - 50% chance of playing
166989,1758906256,1758906256,i,0.0,0.0,Calf injury - Expected back 05 Oct
166989,1759356375,1759356375,i,0.0,0.0,Calf injury - Expected back 19 Oct
166989,1759597454,1759597454,d,0.0,50.0,Calf injury - 50% chance of playing
166989,1760720663,1760720663,d,0.0,25.0,Calf injury - 25% chance of playing
166989,1761955906,1761955906,i,25.0,0.0,Calf injury - Expected back 09 Nov
166989,1762189480,1762189480,d,0.0,50.0,Calf injury - 50% chance of playing
166989,1762503944,1762503944,a,0.0,100.0,
166989,1769502399,1769502399,d,100.0,75.0,Ankle injury - 75% chance of playing
166989,1769638214,1769638214,d,100.0,50.0,Ankle injury - 50% chance of playing
166989,1769761644,1769761644,i,100.0,0.0,Ankle injury - Expected back 11 Apr
166989,1774081598,1774081598,d,50.0,50.0,Lack of match fitness - 50% chance of playing
166989,1774341169,1774341169,a,50.0,100.0,
167074,1753156525,1753156525,a,,,
167074,1759134347,1759105806,d,,75.0,Knee injury - 75% chance of playing
167074,1759424626,1759424626,i,,0.0,Knee injury - Unknown return date
167074,1760720663,1760720663,d,0.0,50.0,Knee injury - 50% chance of playing
167074,1760825156,1760825156,a,50.0,100.0,
167074,1767342382,1767342382,d,100.0,25.0,Hamstring injury - 25% chance of playing
167074,1767737264,1767737264,i,0.0,0.0,Hamstring injury - Expected back 17 Jan
167074,1768206409,1768206409,i,0.0,0.0,Hamstring injury - Unknown return date
167074,1769243165,1769243165,d,0.0,75.0,Lack of match fitness - 75% chance of playing
167074,1770020907,1770020907,a,75.0,100.0,
167074,1774081598,1774081598,d,75.0,75.0,Knock - 75% chance of playing
167074,1775810893,1775810893,i,75.0,0.0,Foot injury - Unknown return date
167074,1777625797,1777625797,d,0.0,75.0,Lack of match fitness - 75% chance of playing
167074,1778316628,1778316628,a,75.0,100.0,
167512,1753156525,1753156525,i,,0.0,
167512,1754038182,1754038182,i,,0.0,Shoulder injury - Expected back 13 Sep
167512,1754067802,1754067802,i,,0.0,
167512,1755193299,1755193299,i,,0.0,Shoulder injury - Expected back 13 Sep
167512,1757579121,1757579121,d,0.0,50.0,Shoulder injury - 50% chance of playing
167512,1757628364,1757628364,i,0.0,0.0,Shoulder injury - Expected back 21 Sep
167512,1757801133,1757801133,d,0.0,75.0,Shoulder injury - 75% chance of playing
167512,1758301479,1758301479,i,0.0,0.0,Shoulder injury - Expected back 04 Oct
167512,1758906256,1758906256,a,0.0,100.0,
167512,1765058794,1765058794,s,100.0,0.0,Suspended until 01 Jan
167512,1766873233,1766873233,a,0.0,100.0,
167887,1753156525,1753156525,a,,,
167887,1763591261,1763591261,a,0.0,0.0,
167887,1763593538,1763593538,a,,,
167887,1774130880,1774130880,s,,0.0,Suspended until 19 Apr
167887,1775945454,1775945454,a,0.0,100.0,
168636,1753156525,1753156525,i,,0.0,
168636,1754038182,1754038182,i,,0.0,Knee injury - Unknown return date
168636,1754067802,1754067802,i,,0.0,
168636,1755193299,1755193299,i,,0.0,Knee injury - Unknown return date
168636,1761325489,1761325489,d,0.0,75.0,Lack of match fitness - 75% chance of playing
168636,1761343604,1761343604,i,0.0,0.0,Knee injury - Unknown return date
168636,1761344648,1761344648,d,75.0,75.0,Lack of match fitness - 75% chance of playing
168636,1761516371,1761516371,a,75.0,100.0,
168636,1768169236,1768169236,i,100.0,0.0,Muscle injury - Expected back 31 Jan
168636,1769243165,1769243165,d,0.0,75.0,Muscle injury - 75% chance of playing
168636,1769329562,1769329562,a,75.0,100.0,
168991,1753156525,1753156525,a,,,
168991,1756314227,1756298997,u,,0.0,Has joined Midtjylland permanently.
168991,1770452782,1770452782,u,0.0,0.0,has joined Midtjylland permanently.
169359,1753156525,1753156525,a,,,
169359,1756832655,1756817353,u,,0.0,has joined Middlesbrough on loan for the rest of the season.
169528,1753156525,1753156525,a,,,
169528,1754889107,1754889107,i,,0.0,
169528,1755193299,1755193299,i,,0.0,Knee injury - Unknown return date
169528,1755882217,1755871208,d,0.0,75.0,Lack of match fitness - 75% chance of playing
169528,1756110338,1756110338,a,75.0,100.0,
169528,1760689551,1760662810,d,100.0,75.0,Knee injury - 75% chance of playing
169528,1760720663,1760720663,i,100.0,0.0,Knee injury - Unknown return date
169528,1765527972,1765527972,d,0.0,75.0,Lack of match fitness - 75% chance of playing
169528,1765663597,1765663597,a,75.0,100.0,
169528,1771835504,1771835504,d,100.0,75.0,Ankle injury - 75% chance of playing
169528,1772267168,1772267168,a,100.0,100.0,
169593,1753156525,1753156525,a,,,
169593,1763591261,1763591261,a,0.0,0.0,
169593,1763593538,1763593538,a,,,
171287,1753156525,1753156525,a,,,
171287,1754889107,1754889107,d,,75.0,
171287,1755193299,1755193299,d,,75.0,Lack of match fitness - 75% chance of playing
171287,1755450072,1755450072,a,75.0,100.0,
171287,1755720768,1755720768,d,,75.0,Lack of match fitness - 75% chance of playing
171287,1755720919,1755720919,a,75.0,100.0,
171287,1765663597,1765663597,d,100.0,25.0,Muscle injury - 25% chance of playing
171287,1766219148,1766219148,i,100.0,0.0,Muscle injury - Expected back 27 Dec
171287,1766478386,1766478386,i,0.0,0.0,Muscle injury - Unknown return date
171287,1767132422,1767132422,d,25.0,25.0,Muscle injury - 25% chance of playing
171287,1767428749,1767428749,d,25.0,50.0,Lack of match fitness - 50% chance of playing
171287,1767564440,1767564440,a,50.0,100.0,
171287,1769329562,1769329562,d,100.0,75.0,Knock - 75% chance of playing
171287,1769847982,1769847982,i,100.0,0.0,Knock - Expected back 08 Feb
171287,1769897261,1769897261,d,0.0,50.0,Knock - 50% chance of playing
171287,1770366511,1770366511,d,0.0,75.0,Knock - 75% chance of playing
171287,1770971356,1770971356,a,75.0,100.0,
171287,1774081598,1774081598,d,75.0,75.0,Knock - 75% chance of playing
171287,1774130880,1774130880,a,75.0,100.0,
171287,1776501074,1776501074,i,100.0,0.0,Muscle injury - Unknown return date
171287,1777106067,1777106067,a,100.0,100.0,
171314,1753156525,1753156525,a,,,
171314,1763591261,1763591261,a,0.0,0.0,
171314,1763593538,1763593538,a,,,
171314,1767564440,1767564440,d,,50.0,Muscle injury - 50% chance of playing
171314,1767737264,1767737264,i,0.0,0.0,Hamstring injury - Expected back 11 Feb
171314,1769847982,1769847982,i,0.0,0.0,Hamstring injury - Expected back 08 Feb
171314,1769897261,1769897261,d,0.0,50.0,Hamstring injury - 50% chance of playing
171314,1770452782,1770452782,a,100.0,100.0,
171314,1774686465,1774686465,d,100.0,75.0,Hamstring injury - 75% chance of playing
171314,1775896112,1775896112,i,0.0,0.0,Hamstring injury - Unknown return date
171314,1777711559,1777711559,i,0.0,0.0,Thigh injury - Unknown return date
171314,1778316628,1778316628,d,0.0,75.0,Lack of match fitness - 75% chance of playing
171314,1778365174,1778365174,a,75.0,100.0,
171422,1753156525,1753156525,a,,,
171422,1756832655,1756819901,u,,0.0,has joined Middlesbrough on loan for the rest of the season.
172567,1753156525,1753156525,a,,,
172567,1763591261,1763591261,a,0.0,0.0,
172567,1763593538,1763593538,a,,,
172567,1766873233,1766873233,d,,50.0,Knee injury - 50% chance of playing
172567,1767218850,1767218850,i,50.0,0.0,Knee injury - Expected back 30 Sep
172649,1753156525,1753156525,a,,,
172649,1763591261,1763591261,a,0.0,0.0,
172649,1763593538,1763593538,a,,,
172780,1753156525,1753156525,a,,,
172780,1754672469,1754672469,i,,0.0,
172780,1755193299,1755193299,i,,0.0,Anterior cruciate ligament - Unknown return date
172780,1774081598,1774081598,i,0.0,0.0,Anterior cruciate ligament - Expected back 24 May
172780,1776587723,1776587723,a,0.0,100.0,
173879,1769638214,1769638214,a,,,
174592,1753156525,1753156525,a,,,
174592,1763591261,1763591261,a,0.0,0.0,
174592,1763593538,1763593538,a,,,
174592,1772526475,1772526475,d,,75.0,Knock - 75% chance of playing
174592,1773363859,1773333010,d,75.0,75.0,Lack of match fitness - 75% chance of playing
174592,1773526163,1773526163,a,75.0,100.0,
174594,1753156525,1753156525,a,,,
174594,1757628364,1757611807,d,,75.0,Foot injury - 75% chance of playing
174594,1757801133,1757801133,a,75.0,100.0,
174594,1764923156,1764923156,d,100.0,50.0,Hamstring injury - 50% chance of playing
174594,1765614340,1765614340,i,50.0,0.0,Hamstring injury - Expected back 20 Dec
174594,1766077634,1766077634,d,0.0,50.0,Hamstring injury - 50% chance of playing
174594,1766219148,1766219148,i,0.0,0.0,Hamstring injury - Expected back 28 Dec
174594,1766478386,1766478386,d,0.0,50.0,Hamstring injury - 50% chance of playing
174594,1766527649,1766527649,d,0.0,25.0,Hamstring injury - 25% chance of playing
174594,1766959629,1766959629,a,25.0,100.0,
174594,1769761644,1769761644,i,100.0,0.0,Hamstring injury - Expected back 06 Feb
174594,1769897261,1769897261,d,0.0,50.0,Hamstring injury - 50% chance of playing
174594,1770242911,1770242911,d,0.0,25.0,Hamstring injury - 25% chance of playing
174594,1770452782,1770452782,a,25.0,100.0,
174874,1753156525,1753156525,a,,,
174874,1760825156,1760817610,d,,50.0,Hamstring injury - grade one - 50% chance of playing
174874,1761257183,1761257183,i,,0.0,Hamstring injury - Unknown return date
174874,1761955906,1761955906,a,0.0,100.0,
174874,1772402861,1772402861,d,100.0,75.0,Illness - 75% chance of playing
174874,1772575854,1772575854,a,100.0,100.0,
174874,1778365174,1778365174,s,100.0,0.0,Suspended until 29 Aug
176297,1753156525,1753156525,a,,,
176297,1753376570,1753376570,u,,0.0,
176297,1754038182,1754038182,u,,0.0,Has joined Barcelona on loan for the rest of the season
176297,1754067802,1754067802,u,,0.0,
176297,1755193299,1755193299,u,,0.0,Has joined Barcelona on loan for the rest of the season
177815,1755536707,1755536707,a,,,
177815,1755882217,1755865807,d,,75.0,Lack of match fitness - 75% chance of playing
177815,1756418748,1756418748,a,75.0,100.0,
177815,1762189480,1762162209,d,100.0,75.0,Thigh injury - 75% chance of playing
177815,1762812458,1762812458,a,75.0,100.0,
177815,1764923156,1764923156,d,100.0,50.0,Calf injury - 50% chance of playing
177815,1765058794,1765058794,a,50.0,100.0,
177815,1773476815,1773476815,d,100.0,75.0,Knee injury - 75% chance of playing
177815,1773650293,1773650293,a,75.0,100.0,
178186,1753156525,1753156525,a,,,
178186,1763591261,1763591261,a,0.0,0.0,
178186,1763593538,1763593538,a,,,
178301,1753156525,1753156525,a,,,
178301,1760375075,1760353208,d,,75.0,Knock - 75% chance of playing
178301,1760720663,1760720663,a,,100.0,
178301,1769761644,1769761644,d,100.0,75.0,Hamstring injury - 75% chance of playing
178301,1770452782,1770452782,a,100.0,100.0,
179268,1753156525,1753156525,a,,,
179268,1763591261,1763591261,a,0.0,0.0,
179268,1763593538,1763593538,a,,,
179268,1766959629,1766959629,d,,75.0,Hamstring injury - 75% chance of playing
179268,1767860790,1767860790,a,75.0,100.0,
179268,1770847892,1770847892,d,100.0,75.0,Hamstring injury - 75% chance of playing
179268,1771144008,1771144008,d,100.0,50.0,Hamstring injury - 50% chance of playing
179268,1771575781,1771575781,i,100.0,0.0,Hamstring injury - Unknown return date
179268,1772526475,1772526475,d,0.0,50.0,Hamstring injury - 50% chance of playing
179268,1772662268,1772662268,a,50.0,100.0,
179458,1753156525,1753156525,a,,,
179458,1757924739,1757887208,d,,75.0,Knock - 75% chance of playing
179458,1759047887,1759047887,a,75.0,100.0,
180135,1753156525,1753156525,a,,,
180135,1763591261,1763591261,a,0.0,0.0,
180135,1763593538,1763593538,a,,,
180135,1764281215,1764281215,i,,0.0,Calf injury - Expected back 28 Dec
180135,1766527649,1766527649,i,0.0,0.0,Calf injury - Expected back 07 Jan
180135,1767428749,1767428749,i,0.0,0.0,Calf injury - Expected back 17 Jan
180135,1767564440,1767564440,a,0.0,100.0,
180736,1753156525,1753156525,a,,,
180736,1759047887,1759017608,s,,0.0,Suspended until 18 Oct
180736,1759566278,1759566278,a,0.0,100.0,
180736,1773822704,1773822704,d,100.0,75.0,Ankle injury - 75% chance of playing
180736,1773995278,1773995278,i,100.0,0.0,Ankle injury - Expected back 02 May
180736,1775322603,1775322603,i,0.0,0.0,Ankle injury - Expected back 04 May
180736,1776415909,1776415909,d,0.0,75.0,Lack of match fitness - 75% chance of playing
180736,1776587723,1776587723,a,75.0,100.0,
180804,1753156525,1753156525,a,,,
180804,1755882217,1755865807,d,,75.0,Lack of match fitness - 75% chance of playing
180804,1756418748,1756418748,a,75.0,100.0,
180804,1764923156,1764923156,i,100.0,0.0,Knock - Expected back 13 Dec
180804,1765404449,1765404449,d,0.0,50.0,Knock - 50% chance of playing
180804,1765663597,1765663597,n,50.0,0.0,On international duty at the Africa Cup of Nations from Gameweek 17 onwards. - Unknown return date
180804,1768033551,1768033551,a,0.0,100.0,
180804,1770761898,1770761898,d,25.0,25.0,Achilles injury - 25% chance of playing
180804,1771575781,1771575781,i,25.0,0.0,Achilles injury - Expected back 14 Mar
180804,1772662268,1772662268,d,0.0,50.0,Achilles injury - 50% chance of playing
180804,1773363859,1773363859,i,0.0,0.0,Achilles injury - Expected back 11 Apr
180804,1774130880,1774130880,d,0.0,50.0,Achilles injury - 50% chance of playing
180804,1774686465,1774686465,a,0.0,100.0,
180974,1753156525,1753156525,a,,,
180974,1756196727,1756162808,d,,50.0,Thigh injury - 50% chance of playing
180974,1756487023,1756487023,i,,0.0,Thigh injury - Expected back 13 Sep
180974,1757579121,1757579121,d,0.0,50.0,Thigh injury - 50% chance of playing
180974,1757696658,1757696658,a,0.0,100.0,
180974,1760720663,1760706011,d,100.0,75.0,Groin Injury - 75% chance of playing
180974,1760825156,1760825156,a,75.0,100.0,
180974,1762812458,1762768809,d,100.0,75.0,Leg injury - 75% chance of playing
180974,1763743589,1763743589,a,100.0,100.0,
180974,1765433336,1765433336,d,100.0,75.0,Groin Injury - 75% chance of playing
180974,1765787186,1765787186,a,75.0,100.0,
180974,1769502399,1769502399,d,100.0,75.0,Groin Injury - 75% chance of playing
180974,1769638214,1769638214,i,100.0,0.0,Groin Injury - Unknown return date
180974,1771106860,1771106860,d,0.0,50.0,Groin Injury - 50% chance of playing
180974,1771366268,1771366268,a,0.0,100.0,
180974,1776031950,1776031950,s,100.0,0.0,Suspended until 02 May
180974,1777106067,1777106067,a,0.0,100.0,
180974,1778921668,1778921668,d,75.0,75.0,Thigh injury - 75% chance of playing
180974,1779182898,1779182898,i,75.0,0.0,Thigh injury - Expected back 01 Jun
181284,1753156525,1753156525,a,,,
181284,1754889107,1754889107,u,,0.0,
181284,1755193299,1755193299,u,,0.0,Has joined Real Sociedad permanently.
183656,1762244747,1762244747,a,,,
183656,1763591261,1763591261,a,0.0,0.0,
183656,1763593538,1763593538,a,,,
183656,1763658284,1763658284,i,,0.0,Knee injury - Expected back 01 Jan
183656,1768206409,1768206409,i,0.0,0.0,Knee injury - Expected back 01 Feb
183656,1769292426,1769292426,i,0.0,0.0,Knee injury - Unknown return date
183656,1772267168,1772267168,d,25.0,25.0,Lack of match fitness - 25% chance of playing
183656,1772526475,1772526475,i,25.0,0.0,Lack of match fitness - Expected back 24 May
183656,1776501074,1776501074,d,0.0,25.0,Lack of match fitness - 25% chance of playing
183656,1777367205,1777367205,a,25.0,100.0,
183751,1753156525,1753156525,a,,,
183751,1758578786,1758577535,u,,0.0,has joined Swansea City on loan for the rest of the season.
183751,1769847982,1769847982,u,0.0,0.0,has joined Maccabi Haifa permanently.
184029,1753156525,1753156525,a,,,
184029,1756023873,1755990008,d,,75.0,Shoulder injury - 75% chance of playing
184029,1756487023,1756487023,d,,50.0,Shoulder injury - 50% chance of playing
184029,1756746230,1756746230,a,50.0,100.0,
184029,1757801133,1757799008,d,100.0,75.0,Shoulder injury - 75% chance of playing
184029,1758301479,1758301479,d,100.0,50.0,Shoulder injury - 50% chance of playing
184029,1758702327,1758702327,d,50.0,75.0,Shoulder injury - 75% chance of playing
184029,1759134347,1759134347,a,75.0,100.0,
184029,1759615543,1759608008,d,100.0,75.0,Knee injury - 75% chance of playing
184029,1760461466,1760461466,d,100.0,50.0,Knee injury - 50% chance of playing
184029,1760720663,1760720663,i,100.0,0.0,Knee injury - Unknown return date
184029,1761955906,1761955906,i,0.0,0.0,Knee injury - Expected back 23 Nov
184029,1763139876,1763139876,d,0.0,50.0,Knee injury - 50% chance of playing
184029,1764263058,1764263058,a,50.0,100.0,
184029,1770242911,1770242911,d,100.0,75.0,Muscle injury - 75% chance of playing
184029,1770452782,1770452782,d,50.0,50.0,Muscle injury - 50% chance of playing
184029,1770971356,1770971356,a,50.0,100.0,
184029,1771366268,1771366268,d,50.0,75.0,Knock - 75% chance of playing
184029,1771835504,1771835504,a,75.0,100.0,
184029,1772402861,1772402861,d,100.0,75.0,Knee injury - 75% chance of playing
184029,1773217664,1773217664,d,75.0,50.0,Knee injury - 50% chance of playing
184029,1773526163,1773526163,d,50.0,75.0,Knee injury - 75% chance of playing
184029,1775340621,1775340621,a,75.0,100.0,
184029,1775896112,1775896112,d,75.0,75.0,Knock - 75% chance of playing
184029,1776675755,1776675755,a,75.0,100.0,
184029,1777711559,1777711559,d,75.0,75.0,Knock - 75% chance of playing
184029,1777971736,1777971736,a,75.0,100.0,
184254,1753156525,1753156525,a,,,
184254,1763591261,1763591261,a,0.0,0.0,
184254,1763593538,1763593538,a,,,
184254,1774341169,1774341169,d,,25.0,Hernia - 25% chance of playing
184254,1775896112,1775896112,i,0.0,0.0,Hernia - Expected back 18 Apr
184254,1775945454,1775945454,d,0.0,50.0,Hernia - 50% chance of playing
184254,1776501074,1776501074,i,0.0,0.0,Hernia - Expected back 25 Apr
184254,1776532420,1776532420,d,0.0,50.0,Hernia - 50% chance of playing
184254,1777711559,1777711559,i,0.0,0.0,Hernia - Expected back 11 May
184254,1777760246,1777760246,d,0.0,50.0,Hernia - 50% chance of playing
184254,1778230149,1778230149,i,0.0,0.0,Hernia - Unknown return date
184254,1778836972,1778836972,d,0.0,25.0,Hernia - 25% chance of playing
184254,1779182898,1779182898,a,25.0,100.0,
184341,1753156525,1753156525,a,,,
184341,1756628683,1756602008,d,,75.0,Knock - 75% chance of playing
184341,1757696658,1757696658,i,,0.0,Knock - Unknown return date
184341,1758301479,1758301479,a,0.0,100.0,
184341,1761325489,1761314408,d,100.0,75.0,Knock - 75% chance of playing
184341,1761343604,1761343604,a,100.0,100.0,
184341,1761344648,1761344648,d,75.0,75.0,Knock - 75% chance of playing
184341,1761955906,1761955906,a,75.0,100.0,
184341,1766873233,1766873233,d,100.0,75.0,Muscle injury - 75% chance of playing
184341,1767083176,1767083176,d,100.0,50.0,Muscle injury - 50% chance of playing
184341,1767428749,1767428749,d,50.0,25.0,Muscle injury - 25% chance of playing
184341,1767601597,1767601597,d,25.0,50.0,Muscle injury - 50% chance of playing
184341,1767737264,1767737264,d,75.0,75.0,Muscle injury - 75% chance of playing
184341,1767947179,1767947179,a,75.0,100.0,
184341,1770020907,1770020907,d,100.0,75.0,Knock - 75% chance of playing
184341,1770366511,1770366511,d,100.0,25.0,Knock - 25% chance of playing
184341,1771575781,1771575781,d,25.0,50.0,Knock - 50% chance of playing
184341,1772267168,1772267168,d,25.0,25.0,Knock - 25% chance of playing
184341,1772575854,1772575854,i,0.0,0.0,Knock - Expected back 15 Mar
184341,1772662268,1772662268,d,0.0,50.0,Knock - 50% chance of playing
184341,1773476815,1773476815,a,0.0,100.0,
184341,1773508063,1773508063,d,0.0,75.0,Lack of match fitness - 75% chance of playing
184341,1773650293,1773650293,a,75.0,100.0,
184349,1753156525,1753156525,a,,,
184349,1754889107,1754889107,d,,75.0,
184349,1755193299,1755193299,d,,75.0,Muscle injury - 75% chance of playing
184349,1756110338,1756110338,a,75.0,100.0,
184349,1765255061,1765255061,d,100.0,75.0,Hamstring injury - 75% chance of playing
184349,1765527972,1765527972,i,100.0,0.0,Hamstring injury - Unknown return date
184349,1767428749,1767428749,i,0.0,0.0,Hamstring injury - Expected back 07 Jan
184349,1767737264,1767737264,a,100.0,100.0,
184349,1777367205,1777367205,d,100.0,75.0,Muscle injury - 75% chance of playing
184349,1777625797,1777625797,i,100.0,0.0,Muscle injury - Expected back 17 May
184349,1778365174,1778365174,d,0.0,50.0,Muscle injury - 50% chance of playing
184349,1778921668,1778921668,i,0.0,0.0,Muscle injury - Unknown return date
184349,1779526653,1779526653,d,0.0,75.0,Lack of match fitness - 75% chance of playing
184349,1779661457,1779661457,a,75.0,100.0,
184667,1756746230,1756746230,a,,,
184667,1758183928,1758168008,d,,75.0,Knock - 75% chance of playing
184667,1758197247,1758197247,a,,,
184667,1758215074,1758215074,d,,75.0,Knock - 75% chance of playing
184667,1758529539,1758529539,a,75.0,100.0,
184754,1753156525,1753156525,a,,,
184754,1760720663,1760716811,d,,75.0,Knock - 75% chance of playing
184754,1761325489,1761325489,a,75.0,100.0,
184754,1761343604,1761343604,d,75.0,75.0,Knock - 75% chance of playing
184754,1761344648,1761344648,a,100.0,100.0,
184754,1767687979,1767687979,d,100.0,75.0,Calf injury - 75% chance of playing
184754,1767947179,1767947179,a,75.0,100.0,
184754,1770502124,1770502124,d,100.0,75.0,Knock - 75% chance of playing
184754,1770761898,1770761898,i,0.0,0.0,Calf injury - Unknown return date
184754,1772180882,1772180882,d,0.0,25.0,Calf injury - 25% chance of playing
184754,1772526475,1772526475,a,25.0,100.0,
191866,1753156525,1753156525,a,,,
191866,1762812458,1762768809,d,,75.0,Back injury - 75% chance of playing
191866,1763399081,1763399081,a,,100.0,
191866,1769502399,1769502399,d,100.0,75.0,Ankle injury - 75% chance of playing
191866,1770020907,1770020907,a,75.0,100.0,
192290,1753156525,1753156525,a,,,
192290,1755882217,1755865807,i,,0.0,Knock - Expected back 14 Sep
192290,1757579121,1757579121,d,0.0,50.0,Knock - 50% chance of playing
192290,1757714774,1757714774,i,0.0,0.0,Knock - Expected back 05 Oct
192290,1758215074,1758215074,d,0.0,25.0,Knock - 25% chance of playing
192290,1758906256,1758906256,i,25.0,0.0,Knee injury - Expected back 18 Oct
192290,1759597454,1759597454,d,0.0,50.0,Knee injury - 50% chance of playing
192290,1760689551,1760689551,i,0.0,0.0,Achilles injury - Unknown return date
192290,1773363859,1773363859,i,0.0,0.0,Achilles injury - Expected back 11 Apr
192290,1774130880,1774130880,d,0.0,25.0,Achilles injury - 25% chance of playing
192290,1775810893,1775810893,i,0.0,0.0,Achilles injury - Unknown return date
192290,1779441967,1779441967,d,0.0,75.0,Lack of match fitness - 75% chance of playing
192290,1779661457,1779661457,a,75.0,100.0,
194010,1753156525,1753156525,a,,,
194010,1763591261,1763591261,a,0.0,0.0,
194010,1763593538,1763593538,a,,,
194010,1772662268,1772662268,d,,75.0,Hamstring injury - 75% chance of playing
194010,1772871978,1772871978,d,,25.0,Hamstring injury - 25% chance of playing
194010,1773390482,1773390482,i,,0.0,Hamstring injury - Unknown return date
194010,1779441967,1779441967,i,0.0,0.0,Hamstring injury - Expected back 01 Jun
195384,1753156525,1753156525,a,,,
195384,1763591261,1763591261,a,0.0,0.0,
195384,1763593538,1763593538,a,,,
195384,1770107241,1770107241,i,,0.0,Foot injury - Unknown return date
195384,1779441967,1779441967,d,0.0,50.0,Lack of match fitness - 50% chance of playing
195384,1779613667,1779613667,d,0.0,75.0,Lack of match fitness - 75% chance of playing
195384,1779661457,1779661457,a,75.0,100.0,
195546,1753156525,1753156525,a,,,
195546,1761955906,1761868809,i,,0.0,Foot injury - Expected back 09 Nov
195546,1762189480,1762189480,d,0.0,75.0,Foot injury - 75% chance of playing
195546,1762503944,1762503944,a,0.0,100.0,
195546,1773650293,1773650293,d,100.0,75.0,Knock - 75% chance of playing
195546,1773995278,1773995278,a,100.0,100.0,
197024,1753156525,1753156525,a,,,
197024,1763591261,1763591261,a,0.0,0.0,
197024,1763593538,1763593538,a,,,
197024,1769551704,1769551704,u,,0.0,has joined Valencia on loan for the rest of the season.
198869,1753156525,1753156525,a,,,
198869,1755882217,1755870424,d,,75.0,Knock - 75% chance of playing
198869,1756487023,1756487023,d,75.0,50.0,Knock - 50% chance of playing
198869,1757696658,1757696658,a,50.0,100.0,
198869,1758183928,1758168008,d,100.0,75.0,Knock - 75% chance of playing
198869,1758197247,1758197247,a,100.0,100.0,
198869,1758215074,1758215074,d,100.0,75.0,Knock - 75% chance of playing
198869,1758301479,1758301479,d,100.0,50.0,Knock - 50% chance of playing
198869,1758529539,1758529539,a,50.0,100.0,
198869,1765700737,1765700737,d,100.0,75.0,Hamstring injury - 75% chance of playing
198869,1766219148,1766219148,i,100.0,0.0,Hamstring injury - Expected back 03 Jan
198869,1767083176,1767083176,i,0.0,0.0,Hamstring injury - Expected back 08 Jan
198869,1767132422,1767132422,d,50.0,50.0,Lack of match fitness - 50% chance of playing
198869,1767169581,1767169581,a,50.0,100.0,
198869,1771835504,1771835504,d,100.0,75.0,Knock - 75% chance of playing
198869,1772575854,1772575854,i,0.0,0.0,Knock - Unknown return date
198869,1773267016,1773267016,a,0.0,100.0,
198869,1778491645,1778491645,d,100.0,50.0,Knee injury - 50% chance of playing
198869,1778711482,1778711482,i,100.0,0.0,Knee injury - Expected back 01 Jun
198869,1779441967,1779441967,i,0.0,0.0,Knee injury - Expected back 24 May
199598,1753156525,1753156525,a,,,
199598,1755796138,1755784651,i,,0.0,Knee injury - Expected back 13 Sep
199598,1757579121,1757579121,d,0.0,50.0,Knee injury - 50% chance of playing
199598,1757628364,1757628364,d,0.0,75.0,Knee injury - 75% chance of playing
199598,1757801133,1757801133,a,75.0,100.0,
199598,1761239091,1761226208,d,100.0,75.0,Illness - 75% chance of playing
199598,1761411869,1761411869,a,75.0,100.0,
199598,1767342382,1767342382,s,100.0,0.0,Suspended until 07 Jan
199598,1767478018,1767478018,a,0.0,100.0,
199598,1778921668,1778921668,d,50.0,50.0,Illness - 50% chance of playing
199598,1779056518,1779056518,a,50.0,100.0,
199670,1753156525,1753156525,a,,,
199670,1756418748,1756400408,d,,75.0,Achilles injury - 75% chance of playing
199670,1756487023,1756487023,i,,0.0,Achilles injury - Unknown return date
199670,1756832655,1756832655,u,0.0,0.0,has joined RC Lens permanently.
199796,1753156525,1753156525,a,,,
199796,1763591261,1763591261,a,0.0,0.0,
199796,1763593538,1763593538,a,,,
199796,1763658284,1763658284,d,,75.0,Knock - 75% chance of playing
199796,1764003885,1764003885,a,75.0,100.0,
199796,1766910360,1766910360,s,100.0,0.0,Suspended until 03 Jan
199796,1767342382,1767342382,a,0.0,100.0,
199796,1770971356,1770971356,d,100.0,75.0,Knee injury - 75% chance of playing
199796,1771662375,1771662375,a,100.0,100.0,
199796,1772699268,1772699268,d,100.0,75.0,Calf injury - 75% chance of playing
199796,1773995278,1773995278,a,75.0,100.0,
199798,1753156525,1753156525,a,,,
199798,1755407187,1755372605,s,,0.0,Suspended until 31 Aug
199798,1755986743,1755986743,a,0.0,100.0,
199798,1763485516,1763458208,d,100.0,75.0,Calf injury - 75% chance of playing
199798,1764003885,1764003885,a,75.0,100.0,
200089,1753156525,1753156525,a,,,
200089,1754889107,1754889107,i,,0.0,
200089,1755193299,1755193299,i,,0.0,Calf injury - Expected back 13 Sep
200089,1755882217,1755882217,a,0.0,100.0,
200617,1753156525,1753156525,a,,,
200617,1757801133,1757799008,d,,75.0,Knock - 75% chance of playing
200617,1758215074,1758215074,d,,25.0,Abdominal injury - 25% chance of playing
200617,1758906256,1758906256,d,25.0,75.0,Abdominal injury - 75% chance of playing
200617,1759047887,1759047887,a,75.0,100.0,
200617,1759356375,1759354206,d,75.0,50.0,Ankle injury - 50% chance of playing
200617,1759424626,1759424626,i,75.0,0.0,Ankle injury - Expected back 23 Nov
200617,1760689551,1760689551,d,0.0,75.0,Lack of match fitness - 75% chance of playing
200617,1760825156,1760825156,a,75.0,100.0,
200617,1764923156,1764923156,i,100.0,0.0,Hamstring injury - Expected back 07 Feb
200617,1767687979,1767687979,i,0.0,0.0,Hamstring injury - Expected back 31 Jan
200617,1769243165,1769243165,d,0.0,25.0,Lack of match fitness - 25% chance of playing
200617,1769292426,1769292426,d,25.0,50.0,Lack of match fitness - 50% chance of playing
200617,1769761644,1769761644,d,25.0,75.0,Lack of match fitness - 75% chance of playing
200617,1770452782,1770452782,a,75.0,100.0,
200617,1771316981,1771316981,d,100.0,75.0,Back injury - 75% chance of playing
200617,1771575781,1771575781,a,100.0,100.0,
200617,1775686702,1775686702,d,100.0,25.0,Muscle injury - 25% chance of playing
200617,1775810893,1775810893,i,100.0,0.0,Muscle injury - Unknown return date
200617,1776415909,1776415909,d,0.0,25.0,Muscle injury - 25% chance of playing
200617,1776848054,1776848054,d,25.0,50.0,Muscle injury - 50% chance of playing
200617,1776934504,1776934504,a,25.0,100.0,
200641,1753156525,1753156525,a,,,
200641,1758906256,1758898808,d,,75.0,Illness - 75% chance of playing
200641,1759424626,1759424626,a,75.0,100.0,
200641,1764491118,1764491118,n,100.0,0.0,Ineligible to face his parent club on 3/12. - Expected back 06 Dec
200641,1764750360,1764750360,a,0.0,100.0,
200641,1765318275,1765318275,d,100.0,75.0,Knock - 75% chance of playing
200641,1766527649,1766527649,a,75.0,100.0,
200641,1770588576,1770588576,n,100.0,0.0,Ineligible to face his parent club on 12/2. - Expected back 21 Feb
200641,1770847892,1770847892,a,0.0,100.0,
200641,1772526475,1772526475,i,100.0,0.0,Calf injury - Expected back 16 Mar
200641,1772662268,1772662268,d,0.0,50.0,Calf injury - 50% chance of playing
200641,1773390482,1773390482,d,0.0,75.0,Calf injury - 75% chance of playing
200641,1773785625,1773785625,a,75.0,100.0,
200720,1753156525,1753156525,a,,,
200720,1754758874,1754758874,d,,75.0,
200720,1755193299,1755193299,d,,75.0,Knock - 75% chance of playing
200720,1755505538,1755505538,a,75.0,100.0,
200785,1753156525,1753156525,a,,,
200785,1763139876,1763121607,d,,75.0,Knock - 75% chance of playing
200785,1763743589,1763743589,a,,100.0,
200785,1764750360,1764750360,s,100.0,0.0,Suspended until 15 Dec
200785,1765058794,1765058794,a,0.0,100.0,
200785,1765873588,1765873588,d,100.0,50.0,Knee injury - 50% chance of playing
200785,1766219148,1766219148,i,100.0,0.0,Knee injury - Expected back 21 Feb
200785,1770712309,1770712309,d,0.0,50.0,Lack of match fitness - 50% chance of playing
200785,1770847892,1770847892,a,50.0,100.0,
200785,1773612561,1773612561,d,100.0,25.0,Knock - 25% chance of playing
200785,1773995278,1773995278,i,100.0,0.0,Muscle injury - Expected back 11 Apr
200785,1774130880,1774130880,d,0.0,50.0,Muscle injury - 50% chance of playing
200785,1775896112,1775896112,a,100.0,100.0,
200834,1755536707,1755536707,a,,,
200834,1763591261,1763591261,a,0.0,0.0,
200834,1763593538,1763593538,a,,,
200834,1771835504,1771835504,d,,75.0,Calf injury - 75% chance of playing
200834,1772180882,1772180882,i,,0.0,Calf injury - Expected back 14 Mar
200834,1772662268,1772662268,d,0.0,50.0,Calf injury - 50% chance of playing
200834,1773363859,1773363859,i,0.0,0.0,Calf injury - Expected back 22 Mar
200834,1773526163,1773526163,d,0.0,50.0,Calf injury - 50% chance of playing
200834,1774081598,1774081598,d,75.0,75.0,Calf injury - 75% chance of playing
200834,1774341169,1774341169,a,75.0,100.0,
201595,1753722233,1753722233,a,,,
201595,1757628364,1757611807,i,,0.0,Thigh injury - Expected back 27 Sep
201595,1758474266,1758474266,d,0.0,50.0,Thigh injury - 50% chance of playing
201595,1758906256,1758906256,i,0.0,0.0,Thigh injury - Expected back 18 Oct
201595,1759597454,1759597454,d,0.0,75.0,Thigh injury - 75% chance of playing
201595,1760689551,1760689551,d,0.0,75.0,Lack of match fitness - 75% chance of playing
201595,1760825156,1760825156,a,75.0,100.0,
201658,1753156525,1753156525,a,,,
201658,1763591261,1763591261,a,0.0,0.0,
201658,1763593538,1763593538,a,,,
201658,1768897593,1768897593,d,,25.0,Hamstring injury - 25% chance of playing
201658,1769243165,1769243165,i,,0.0,Hamstring injury - Unknown return date
201658,1770020907,1770020907,i,0.0,0.0,Hamstring injury - Expected back 21 Feb
201658,1770712309,1770712309,i,0.0,0.0,Hamstring injury - Expected back 28 Feb
201658,1771662375,1771662375,d,0.0,50.0,Lack of match fitness - 50% chance of playing
201658,1771711651,1771711651,a,50.0,100.0,
201666,1753156525,1753156525,a,,,
201666,1763591261,1763591261,a,0.0,0.0,
201666,1763593538,1763593538,a,,,
201895,1755104483,1755104483,a,,,
201895,1760479636,1760477408,d,,75.0,Muscle injury - 75% chance of playing
201895,1760825156,1760825156,a,75.0,100.0,
201895,1761239091,1761226209,i,75.0,0.0,Head injury - Expected back 03 Nov
201895,1761467118,1761467118,d,0.0,50.0,Head injury - 50% chance of playing
201895,1761955906,1761955906,d,0.0,75.0,Head injury - 75% chance of playing
201895,1762553215,1762553215,i,75.0,0.0,Head injury - Expected back 22 Nov
201895,1763139876,1763139876,d,0.0,75.0,Head injury - 75% chance of playing
201895,1763399081,1763399081,a,0.0,100.0,
201895,1776675755,1776675755,d,100.0,75.0,Knock - 75% chance of playing
201895,1777021030,1777021030,a,100.0,100.0,
201895,1779056518,1779056518,d,100.0,75.0,Knock - 75% chance of playing
201895,1779526653,1779526653,d,100.0,50.0,Knock - 50% chance of playing
202641,1753156525,1753156525,d,,50.0,
202641,1754038182,1754038182,d,,50.0,Hamstring injury - 50% chance of playing
202641,1754067802,1754067802,d,,50.0,
202641,1755193299,1755193299,d,,50.0,Hamstring injury - 50% chance of playing
202641,1755277274,1755277274,a,,100.0,
202641,1757696658,1757692392,u,100.0,0.0,has joined Trabzonspor on loan for the rest of the season.
202993,1753156525,1753156525,a,,,
202993,1763591261,1763591261,a,0.0,0.0,
202993,1763593538,1763593538,a,,,
202993,1767947179,1767947179,d,,50.0,Hamstring injury - 50% chance of playing
202993,1768551991,1768551991,i,,0.0,Hamstring injury - Unknown return date
202993,1774081598,1774081598,i,0.0,0.0,Hamstring injury - Expected back 12 Apr
202993,1774217326,1774217326,d,0.0,50.0,Hamstring injury - 50% chance of playing
202993,1775896112,1775896112,i,0.0,0.0,Hamstring injury - Expected back 12 Apr
202993,1775945454,1775945454,d,0.0,50.0,Hamstring injury - 50% chance of playing
202993,1776501074,1776501074,a,0.0,100.0,
204120,1753156525,1753156525,a,,,
204120,1763591261,1763591261,a,0.0,0.0,
204120,1763593538,1763593538,a,,,
204214,1753156525,1753156525,a,,,
204214,1753376570,1753376570,u,,0.0,
204214,1754038182,1754038182,u,,0.0,Has joined AC Milan permanently
204214,1754067802,1754067802,u,,0.0,
204214,1755193299,1755193299,u,,0.0,Has joined AC Milan permanently
204480,1753156525,1753156525,a,,,
204480,1759615543,1759608008,d,,75.0,Back injury - 75% chance of playing
204480,1760375075,1760375075,a,,100.0,
204480,1764923156,1764923156,d,100.0,75.0,Calf injury - 75% chance of playing
204480,1765058794,1765058794,a,75.0,100.0,
204480,1765355185,1765355185,d,75.0,75.0,Illness - 75% chance of playing
204480,1765700737,1765700737,a,75.0,100.0,
204480,1767132422,1767132422,d,50.0,50.0,Knee injury - 50% chance of playing
204480,1767478018,1767478018,a,50.0,100.0,
204480,1772402861,1772402861,d,100.0,75.0,Knock - 75% chance of playing
204480,1772662268,1772662268,a,75.0,100.0,
204480,1774946377,1774946377,d,100.0,75.0,Knock - 75% chance of playing
204480,1775551334,1775551334,a,100.0,100.0,
204580,1753156525,1753156525,a,,,
204580,1754758874,1754758874,i,,0.0,
204580,1755193299,1755193299,i,,0.0,Heel Injury - Unknown return date
204580,1755882217,1755882217,i,0.0,0.0,Heel Injury - Expected back 13 Sep
204580,1756399362,1756399362,d,0.0,25.0,Lack of match fitness - 25% chance of playing
204580,1756400636,1756400636,i,0.0,0.0,Heel Injury - Expected back 13 Sep
204580,1756418748,1756418748,d,0.0,25.0,Lack of match fitness - 25% chance of playing
204580,1757714774,1757714774,a,25.0,100.0,
204580,1772316454,1772316454,d,100.0,75.0,Knock - 75% chance of playing
204580,1772526475,1772526475,i,100.0,0.0,Foot injury - Unknown return date
204580,1773390482,1773390482,i,0.0,0.0,Foot injury - Expected back 11 Apr
204580,1774130880,1774130880,d,0.0,50.0,Foot injury - 50% chance of playing
204580,1775896112,1775896112,i,0.0,0.0,Foot injury - Unknown return date
204580,1777711559,1777711559,d,75.0,75.0,Foot injury - 75% chance of playing
204580,1777760246,1777760246,a,75.0,100.0,
204646,1753156525,1753156525,a,,,
204646,1763591261,1763591261,a,0.0,0.0,
204646,1763593538,1763593538,a,,,
204646,1768638346,1768638346,u,,0.0,has joined Roma on loan for the rest of the season.
204716,1753156525,1753156525,a,,,
204716,1759652694,1759627808,d,,75.0,Thigh injury - 75% chance of playing
204716,1760948747,1760948747,a,75.0,100.0,
204716,1769243165,1769243165,d,100.0,25.0,Personal Reasons - 25% chance of playing
204716,1769292426,1769292426,d,25.0,75.0,Personal Reasons - 75% chance of playing
204716,1769847982,1769847982,a,25.0,100.0,
204822,1753156525,1753156525,a,,,
204822,1756832655,1756815783,u,,0.0,has joined Rio Ave on loan for the rest of the season.
204936,1756832655,1756832655,a,,,
204936,1763591261,1763591261,a,0.0,0.0,
204936,1763593538,1763593538,a,,,
204968,1753156525,1753156525,a,,,
204968,1763591261,1763591261,a,0.0,0.0,
204968,1763593538,1763593538,a,,,
204968,1765058794,1765058794,d,,75.0,Hamstring injury - 75% chance of playing
204968,1765404449,1765404449,i,,0.0,Hamstring injury - Unknown return date
204968,1765614340,1765614340,i,,0.0,Hamstring injury - Expected back 17 Jan
204968,1767083176,1767083176,d,0.0,25.0,Hamstring injury - 25% chance of playing
204968,1768551991,1768551991,d,25.0,75.0,Lack of match fitness - 75% chance of playing
204968,1768811210,1768811210,a,75.0,100.0,
205533,1753156525,1753156525,a,,,
205533,1754889107,1754889107,i,,0.0,
205533,1755193299,1755193299,i,,0.0,Hamstring injury - Expected back 18 Oct
205533,1757696658,1757696658,i,0.0,0.0,Hamstring injury - Expected back 20 Sep
205533,1757801133,1757801133,d,0.0,50.0,Hamstring injury - 50% chance of playing
205533,1758301479,1758301479,a,0.0,100.0,
205533,1761955906,1761836410,i,100.0,0.0,Hamstring injury - Expected back 22 Nov
205533,1763139876,1763139876,d,0.0,50.0,Hamstring injury - 50% chance of playing
205533,1763799922,1763799922,a,0.0,100.0,
205533,1766564784,1766564784,d,100.0,75.0,Knock - 75% chance of playing
205533,1766959629,1766959629,a,75.0,100.0,
205533,1767342382,1767342382,d,100.0,50.0,Hamstring injury - 50% chance of playing
205533,1767428749,1767428749,d,100.0,25.0,Hamstring injury - 25% chance of playing
205533,1767737264,1767737264,i,0.0,0.0,Hamstring injury - Unknown return date
205533,1772094633,1772094633,i,0.0,0.0,Hamstring injury - Expected back 11 Apr
205533,1774130880,1774130880,d,0.0,50.0,Hamstring injury - 50% chance of playing
205533,1775686702,1775686702,i,0.0,0.0,Hamstring injury - Unknown return date
205533,1775896112,1775896112,i,0.0,0.0,Hamstring injury - Expected back 01 Jun
205651,1753156525,1753156525,i,,0.0,
205651,1754038182,1754038182,i,,0.0,Knee injury - Unknown return date
205651,1754067802,1754067802,i,,0.0,
205651,1755193299,1755193299,i,,0.0,Knee injury - Unknown return date
205651,1757696658,1757696658,i,0.0,0.0,Knee injury - Expected back 30 Dec
205651,1762535068,1762535068,i,0.0,0.0,Knee injury - Expected back 23 Nov
205651,1763139876,1763139876,d,0.0,50.0,Knee injury - 50% chance of playing
205651,1764577584,1764577584,a,50.0,100.0,
206325,1753156525,1753156525,a,,,
206325,1757579121,1757556006,n,,0.0,Ineligible to face his parent club on 13/9. - Expected back 20 Sep
206325,1757801133,1757801133,a,0.0,100.0,
206325,1759356375,1759352406,d,100.0,25.0,Groin Injury - 25% chance of playing
206325,1760720663,1760720663,a,25.0,100.0,
206325,1761325489,1761296408,d,100.0,50.0,Muscle injury - 50% chance of playing
206325,1761343604,1761343604,a,100.0,100.0,
206325,1761344648,1761344648,d,50.0,50.0,Muscle injury - 50% chance of playing
206325,1761955906,1761955906,i,50.0,0.0,Muscle injury - Unknown return date
206325,1764713227,1764713227,d,25.0,25.0,Lack of match fitness - 25% chance of playing
206325,1765404449,1765404449,d,25.0,75.0,Lack of match fitness - 75% chance of playing
206325,1765527972,1765527972,a,25.0,100.0,
206325,1767823641,1767823641,n,100.0,0.0,Ineligible to face his parent club on 17/1. - Expected back 25 Jan
206325,1768669464,1768669464,a,0.0,100.0,
206325,1770242911,1770242911,u,100.0,0.0,has joined Ajax permanently.
206915,1753156525,1753156525,a,,,
206915,1757696658,1757671207,i,,0.0,Knock - Unknown return date
206915,1758301479,1758301479,a,0.0,100.0,
206915,1761467118,1761433208,d,100.0,75.0,Knock - 75% chance of playing
206915,1761955906,1761955906,d,100.0,25.0,Knock - 25% chance of playing
206915,1762244747,1762244747,d,25.0,75.0,Knock - 75% chance of playing
206915,1762535068,1762535068,a,25.0,100.0,
206915,1769761644,1769761644,d,100.0,75.0,Illness - 75% chance of playing
206915,1769847982,1769847982,a,100.0,100.0,
206915,1775982702,1775982702,d,100.0,75.0,Groin Injury - 75% chance of playing
206915,1776227219,1776227219,a,100.0,100.0,
207189,1753156525,1753156525,a,,,
207189,1763591261,1763591261,a,0.0,0.0,
207189,1763593538,1763593538,a,,,
207283,1753156525,1753156525,a,,,
207283,1763591261,1763591261,a,0.0,0.0,
207283,1763593538,1763593538,a,,,
208706,1753156525,1753156525,a,,,
208706,1763591261,1763591261,a,0.0,0.0,
208706,1763593538,1763593538,a,,,
208706,1769070383,1769070383,d,,75.0,Ankle injury - 75% chance of playing
208706,1769675256,1769675256,a,75.0,100.0,
208706,1769983689,1769983689,d,100.0,75.0,Ankle injury - 75% chance of playing
208706,1770539197,1770539197,a,75.0,100.0,
208706,1770847892,1770847892,d,100.0,75.0,Knock - 75% chance of playing
208706,1771106860,1771106860,d,100.0,50.0,Hamstring injury - 50% chance of playing
208706,1771144008,1771144008,i,100.0,0.0,Hamstring injury - Expected back 11 Apr
208706,1774130880,1774130880,d,0.0,50.0,Hamstring injury - 50% chance of playing
208706,1775896112,1775896112,i,0.0,0.0,Hamstring injury - Expected back 25 Apr
208706,1776501074,1776501074,d,0.0,75.0,Lack of match fitness - 75% chance of playing
208706,1776550371,1776550371,a,75.0,100.0,
208912,1753156525,1753156525,a,,,
208912,1763591261,1763591261,a,0.0,0.0,
208912,1763593538,1763593538,a,,,
208912,1766873233,1766873233,d,,75.0,Muscle injury - 75% chance of playing
208912,1767428749,1767428749,d,75.0,25.0,Muscle injury - 25% chance of playing
208912,1767737264,1767737264,i,0.0,0.0,Muscle injury - Expected back 17 Jan
208912,1768206409,1768206409,d,0.0,50.0,Muscle injury - 50% chance of playing
208912,1768551991,1768551991,d,0.0,75.0,Muscle injury - 75% chance of playing
208912,1769156782,1769156782,d,75.0,75.0,Lack of match fitness - 75% chance of playing
208912,1769761644,1769761644,a,75.0,100.0,
209036,1753156525,1753156525,a,,,
209036,1762812458,1762768809,d,,75.0,Knock - 75% chance of playing
209036,1763799922,1763799922,a,,100.0,
209041,1770156714,1770156714,a,,,
209041,1771489733,1771489733,d,,75.0,Back injury - 75% chance of playing
209041,1771662375,1771662375,a,,100.0,
209041,1776550371,1776550371,d,100.0,75.0,Foot injury - 75% chance of playing
209041,1777192925,1777192925,a,75.0,100.0,
209046,1753156525,1753156525,a,,,
209046,1762414727,1762381808,d,,75.0,Dead leg - 75% chance of playing
209046,1762553215,1762553215,d,,25.0,Dead leg - 25% chance of playing
209046,1763676419,1763676419,d,25.0,75.0,Dead leg - 75% chance of playing
209046,1763849178,1763849178,a,75.0,100.0,
209046,1767564440,1767564440,d,100.0,75.0,Knock - 75% chance of playing
209046,1767687979,1767687979,d,100.0,75.0,Achilles injury - 75% chance of playing
209046,1767774381,1767774381,a,75.0,100.0,
209046,1770242911,1770242911,d,100.0,75.0,Shoulder injury - 75% chance of playing
209046,1770452782,1770452782,a,75.0,100.0,
209046,1776501074,1776501074,d,100.0,25.0,Muscle injury - 25% chance of playing
209046,1776896421,1776896421,i,25.0,0.0,Muscle injury - Expected back 01 Jun
209243,1753156525,1753156525,a,,,
209243,1759356375,1759352406,d,,75.0,Illness - 75% chance of playing
209243,1760720663,1760720663,a,75.0,100.0,
209243,1765663597,1765663597,n,100.0,0.0,Ineligible to face his parent club on 21/12. - Expected back 27 Dec
209243,1766305538,1766305538,a,0.0,100.0,
209243,1772662268,1772662268,n,100.0,0.0,Ineligible to face his parent club on 15/3. - Expected back 22 Mar
209243,1773526163,1773526163,a,0.0,100.0,
209243,1774686465,1774686465,d,100.0,75.0,Shoulder injury - 75% chance of playing
209243,1775810893,1775810893,d,100.0,25.0,Shoulder injury - 25% chance of playing
209243,1775896112,1775896112,d,50.0,50.0,Shoulder injury - 50% chance of playing
209243,1776415909,1776415909,d,50.0,75.0,Shoulder injury - 75% chance of playing
209243,1776501074,1776501074,a,50.0,100.0,
209244,1753156525,1753156525,a,,,
209244,1754889107,1754889107,d,,75.0,
209244,1755193299,1755193299,d,,75.0,Knock - 75% chance of playing
209244,1755277274,1755277274,a,,100.0,
209288,1753156525,1753156525,a,,,
209288,1763591261,1763591261,a,0.0,0.0,
209288,1763593538,1763593538,a,,,
209289,1753156525,1753156525,a,,,
209289,1761955906,1761685209,d,,75.0,Hamstring injury - 75% chance of playing
209289,1762034754,1762034754,a,75.0,100.0,
209289,1768687620,1768687620,d,100.0,75.0,Knock - 75% chance of playing
209289,1769243165,1769243165,d,100.0,75.0,Fatigue - 75% chance of playing
209289,1769292426,1769292426,a,75.0,100.0,
209289,1773650293,1773650293,d,100.0,75.0,Knock - 75% chance of playing
209289,1774130880,1774130880,a,75.0,100.0,
209365,1753156525,1753156525,a,,,
209365,1763591261,1763591261,a,0.0,0.0,
209365,1763593538,1763593538,a,,,
209365,1764923156,1764923156,d,,75.0,Knock - 75% chance of playing
209365,1765614340,1765614340,i,75.0,0.0,Back injury - Unknown return date
209365,1767428749,1767428749,d,0.0,25.0,Back injury - 25% chance of playing
209365,1768638346,1768638346,i,25.0,0.0,Back injury - Unknown return date
209365,1769292426,1769292426,i,0.0,0.0,Back injury - Expected back 10 Feb
209365,1770366511,1770366511,i,0.0,0.0,Back injury - Expected back 23 Feb
209365,1771106860,1771106860,d,0.0,50.0,Back injury - 50% chance of playing
209365,1771662375,1771662375,d,0.0,25.0,Back injury - 25% chance of playing
209365,1772267168,1772267168,i,0.0,0.0,Back injury - Unknown return date
209365,1779441967,1779441967,i,0.0,0.0,Back injury - Expected back 01 Jun
209400,1753156525,1753156525,a,,,
209400,1754889107,1754889107,d,,50.0,
209400,1755193299,1755193299,d,,50.0,Knee injury - 50% chance of playing
209400,1755277274,1755277274,i,,0.0,Knee injury - Expected back 24 Aug
209400,1755882217,1755882217,d,0.0,25.0,Knee injury - 25% chance of playing
209400,1756418748,1756418748,a,25.0,100.0,
209400,1765787186,1765787186,d,100.0,75.0,Hamstring injury - 75% chance of playing
209400,1766009243,1766009243,i,100.0,0.0,Hamstring injury - Expected back 21 Feb
209400,1769847982,1769847982,i,0.0,0.0,Hamstring injury - Expected back 08 Feb
209400,1769897261,1769897261,d,0.0,50.0,Hamstring injury - 50% chance of playing
209400,1770452782,1770452782,a,100.0,100.0,
210156,1753156525,1753156525,a,,,
210156,1763591261,1763591261,a,0.0,0.0,
210156,1763593538,1763593538,a,,,
210156,1763676419,1763676419,i,,0.0,Knock - Unknown return date
210156,1764923156,1764923156,d,0.0,25.0,Lack of match fitness - 25% chance of playing
210156,1766219148,1766219148,d,25.0,50.0,Lack of match fitness - 50% chance of playing
210156,1766478386,1766478386,a,50.0,100.0,
210462,1753156525,1753156525,a,,,
210462,1763591261,1763591261,a,0.0,0.0,
210462,1763593538,1763593538,a,,,
210462,1765663597,1765663597,n,,0.0,On international duty at the Africa Cup of Nations from Gameweek 17 onwards. - Unknown return date
210462,1768119950,1768119950,a,0.0,100.0,
210462,1777137327,1777137327,d,100.0,75.0,Knock - 75% chance of playing
210462,1778230149,1778230149,d,75.0,50.0,Knock - 50% chance of playing
210462,1778836972,1778836972,d,50.0,75.0,Knock - 75% chance of playing
210462,1779056518,1779056518,a,75.0,100.0,
210494,1753156525,1753156525,a,,,
210494,1756832655,1756815605,u,,0.0,has joined Marseille permanently.
211975,1753156525,1753156525,a,,,
211975,1756832655,1756819956,u,,0.0,has joined Inter Milan on loan for the rest of the season.
212314,1753156525,1753156525,a,,,
212314,1759566278,1759546809,d,,75.0,Knock - 75% chance of playing
212314,1760720663,1760720663,i,,0.0,Groin Injury - Expected back 01 Nov
212314,1761257183,1761257183,d,0.0,75.0,Groin Injury - 75% chance of playing
212314,1761467118,1761467118,a,75.0,100.0,
212314,1762756419,1762626609,s,100.0,0.0,Suspended until 29 Nov
212314,1763849178,1763849178,a,0.0,100.0,
212314,1766077634,1766077634,d,100.0,75.0,Groin Injury - 75% chance of playing
212314,1766478386,1766478386,a,75.0,100.0,
212314,1768687620,1768687620,d,100.0,50.0,Knock - 50% chance of playing
212314,1769243165,1769243165,i,100.0,0.0,Hamstring injury - Expected back 22 Feb
212314,1770712309,1770712309,i,0.0,0.0,Hamstring injury - Unknown return date
212314,1771662375,1771662375,d,0.0,50.0,Hamstring injury - 50% chance of playing
212314,1772267168,1772267168,a,100.0,100.0,
212319,1753156525,1753156525,a,,,
212319,1763591261,1763591261,a,0.0,0.0,
212319,1763593538,1763593538,a,,,
212319,1768169236,1768169236,d,,75.0,Hamstring injury - 75% chance of playing
212319,1768551991,1768551991,i,,0.0,Hamstring injury - Expected back 01 Mar
212319,1771835504,1771835504,a,0.0,100.0,
213198,1753156525,1753156525,a,,,
213198,1755882217,1755867607,n,,0.0,Won’t be considered for selection on 22/8. - Unknown return date
213198,1756801520,1756801520,a,0.0,100.0,
213198,1756832655,1756812916,u,0.0,0.0,has joined AC Milan permanently.
213999,1753156525,1753156525,a,,,
213999,1756227857,1756215935,u,,0.0,Has joined Fenerbahçe on loan for the rest of the season.
214048,1753156525,1753156525,a,,,
214048,1763591261,1763591261,a,0.0,0.0,
214048,1763593538,1763593538,a,,,
214225,1753156525,1753156525,a,,,
214225,1757091850,1757066407,d,,75.0,Knock - 75% chance of playing
214225,1757628364,1757628364,a,,100.0,
214225,1766959629,1766959629,d,100.0,25.0,Ankle injury - 25% chance of playing
214225,1767132422,1767132422,i,0.0,0.0,Ankle injury - Expected back 17 Jan
214225,1767687979,1767687979,d,0.0,50.0,Ankle injury - 50% chance of playing
214225,1767947179,1767947179,a,50.0,100.0,
214225,1772353578,1772353578,d,100.0,75.0,Hamstring injury - 75% chance of playing
214225,1772662268,1772662268,a,75.0,100.0,
214225,1775427051,1775427051,d,100.0,75.0,Ankle injury - 75% chance of playing
214225,1775810893,1775810893,i,100.0,0.0,Ankle injury - Expected back 01 May
214225,1776415909,1776415909,d,0.0,25.0,Ankle injury - 25% chance of playing
214225,1776550371,1776550371,a,25.0,100.0,
214285,1753156525,1753156525,a,,,
214285,1758560667,1758532615,u,,0.0,has joined AS Roma on loan for the rest of the season.
214572,1753156525,1753156525,a,,,
214572,1763591261,1763591261,a,0.0,0.0,
214572,1763593538,1763593538,a,,,
214590,1753156525,1753156525,a,,,
214590,1758215074,1758204008,i,,0.0,Abdominal injury - Expected back 29 Sep
214590,1758474266,1758474266,d,0.0,50.0,Abdominal injury - 50% chance of playing
214590,1758906256,1758906256,i,0.0,0.0,Abdominal injury - Unknown return date
214590,1759424626,1759424626,a,0.0,100.0,
214590,1765663597,1765663597,n,100.0,0.0,On international duty at the Africa Cup of Nations from Gameweek 17 onwards. - Unknown return date
214590,1768033551,1768033551,a,0.0,100.0,
215059,1753156525,1753156525,a,,,
215059,1763591261,1763591261,a,0.0,0.0,
215059,1763593538,1763593538,a,,,
215059,1767564440,1767564440,d,,75.0,Muscle injury - 75% chance of playing
215059,1767860790,1767860790,a,75.0,100.0,
215059,1777971736,1777971736,d,100.0,75.0,Head injury - 75% chance of playing
215059,1778230149,1778230149,i,100.0,0.0,Head injury - Expected back 19 May
215059,1778365174,1778365174,d,0.0,50.0,Head injury - 50% chance of playing
215059,1778836972,1778836972,d,0.0,75.0,Head injury - 75% chance of playing
215059,1778970028,1778970028,a,75.0,100.0,
215136,1753156525,1753156525,a,,,
215136,1763591261,1763591261,a,0.0,0.0,
215136,1763593538,1763593538,a,,,
215136,1770020907,1770020907,s,,0.0,Suspended until 11 Feb
215136,1770452782,1770452782,a,0.0,100.0,
215379,1753156525,1753156525,a,,,
215379,1763591261,1763591261,a,0.0,0.0,
215379,1763593538,1763593538,a,,,
215379,1776501074,1776501074,d,,75.0,Personal Reasons - 75% chance of playing
215379,1776675755,1776675755,a,75.0,100.0,
215413,1753156525,1753156525,a,,,
215413,1759264188,1759181408,s,,0.0,Suspended until 18 Oct
215413,1759566278,1759566278,a,0.0,100.0,
215413,1765663597,1765663597,d,100.0,75.0,Hamstring injury - 75% chance of playing
215413,1766219148,1766219148,i,100.0,0.0,Hamstring injury - Unknown return date
215413,1766527649,1766527649,d,0.0,25.0,Hamstring injury - 25% chance of playing
215413,1767428749,1767428749,i,25.0,0.0,Hamstring injury - Unknown return date
215413,1769243165,1769243165,d,0.0,75.0,Lack of match fitness - 75% chance of playing
215413,1769502399,1769502399,a,75.0,100.0,
215439,1753156525,1753156525,a,,,
215439,1757801133,1757799008,s,,0.0,Suspended until 20 Oct
215439,1759566278,1759566278,a,0.0,100.0,
215460,1753156525,1753156525,a,,,
215460,1763591261,1763591261,a,0.0,0.0,
215460,1763593538,1763593538,a,,,
215711,1753156525,1753156525,a,,,
215711,1755709442,1755696717,u,,0.0,Has joined AS Roma on loan for the rest of the season.
215711,1755718428,1755718428,a,,,
215711,1755720509,1755720509,u,,0.0,Has joined AS Roma on loan for the rest of the season.
215711,1768638346,1768638346,u,0.0,0.0,has joined AS Roma on loan for the rest of the season.
215711,1769243165,1769243165,a,0.0,100.0,
216051,1753156525,1753156525,a,,,
216051,1757091850,1757066407,d,,75.0,Muscle injury - 75% chance of playing
216051,1757696658,1757696658,i,,0.0,Muscle injury - Unknown return date
216051,1758906256,1758906256,a,0.0,100.0,
216051,1765005920,1765005920,d,100.0,75.0,Knock - 75% chance of playing
216051,1765255061,1765255061,a,75.0,100.0,
216055,1756832655,1756832655,a,,,
216055,1763591261,1763591261,a,0.0,0.0,
216055,1763593538,1763593538,a,,,
216094,1753156525,1753156525,a,,,
216094,1755796138,1755784651,i,,0.0,Hamstring injury - Expected back 14 Sep
216094,1757579121,1757579121,d,0.0,50.0,Hamstring injury - 50% chance of playing
216094,1757696658,1757696658,a,0.0,100.0,
216094,1761239091,1761210008,d,100.0,25.0,Hamstring injury - 25% chance of playing
216094,1761325489,1761325489,i,100.0,0.0,Hamstring injury - Unknown return date
216094,1761343604,1761343604,d,100.0,25.0,Hamstring injury - 25% chance of playing
216094,1761344648,1761344648,i,0.0,0.0,Hamstring injury - Unknown return date
216094,1766219148,1766219148,a,0.0,100.0,
216094,1769675256,1769675256,d,100.0,25.0,Groin Injury - 25% chance of playing
216094,1769847982,1769847982,i,100.0,0.0,Groin Injury - Unknown return date
216094,1771575781,1771575781,i,0.0,0.0,Groin Injury - Expected back 28 Feb
216094,1771835504,1771835504,d,0.0,50.0,Groin Injury - 50% chance of playing
216094,1772267168,1772267168,a,100.0,100.0,
216094,1778970028,1778970028,d,100.0,75.0,Knock - 75% chance of playing
216094,1779661457,1779661457,a,75.0,100.0,
216646,1753156525,1753156525,a,,,
216646,1755190918,1755190918,n,,0.0,
216646,1755193299,1755193299,n,,0.0,Won’t be considered for selection against Nottingham Forest on 17/8. - Unknown return date
216646,1755882217,1755882217,d,0.0,75.0,Lack of match fitness - 75% chance of playing
216646,1756399362,1756399362,n,75.0,0.0,Won’t be considered for selection on 30/8. - Unknown return date
216646,1756400636,1756400636,d,75.0,75.0,Lack of match fitness - 75% chance of playing
216646,1756418748,1756418748,n,75.0,0.0,Won’t be considered for selection on 30/8. - Unknown return date
216646,1756801520,1756801520,a,0.0,100.0,
216646,1757696658,1757671207,i,0.0,0.0,Knee injury - Unknown return date
216646,1758183928,1758183928,i,0.0,0.0,Knee injury - Expected back 18 Oct
216646,1758197247,1758197247,i,0.0,0.0,Knee injury - Unknown return date
216646,1758215074,1758215074,i,0.0,0.0,Knee injury - Expected back 18 Oct
216646,1759511057,1759511057,i,0.0,0.0,Knee injury - Expected back 02 Nov
216646,1761325489,1761325489,i,0.0,0.0,Knee injury - Expected back 09 Nov
216646,1761343604,1761343604,i,0.0,0.0,Knee injury - Expected back 02 Nov
216646,1761344648,1761344648,i,0.0,0.0,Knee injury - Expected back 09 Nov
216646,1761955906,1761955906,i,0.0,0.0,Knee injury - Expected back 22 Nov
216646,1763139876,1763139876,d,0.0,50.0,Knee injury - 50% chance of playing
216646,1763743589,1763743589,i,0.0,0.0,Knee injury - Unknown return date
216646,1764663971,1764663971,d,0.0,25.0,Lack of match fitness - 25% chance of playing
216646,1765005920,1765005920,d,25.0,75.0,Lack of match fitness - 75% chance of playing
216646,1765058794,1765058794,a,75.0,100.0,
216646,1771144008,1771144008,d,100.0,50.0,Knock - 50% chance of playing
216646,1771662375,1771662375,d,100.0,25.0,Knock - 25% chance of playing
216646,1771971148,1771971148,d,25.0,75.0,Knock - 75% chance of playing
216646,1772057479,1772057479,a,25.0,100.0,
218328,1756832655,1756832655,a,,,
218328,1760720663,1760716811,d,,25.0,Calf injury - 25% chance of playing
218328,1761257183,1761257183,i,25.0,0.0,Calf injury - Unknown return date
218328,1761955906,1761955906,d,0.0,75.0,Calf injury - 75% chance of playing
218328,1762034754,1762034754,a,75.0,100.0,
218328,1765663597,1765663597,n,100.0,0.0,On international duty at the Africa Cup of Nations from Gameweek 17 onwards. - Unknown return date
218328,1768638346,1768638346,n,0.0,0.0,On international duty at the Africa Cup of Nations from Gameweek 17 onwards. - Expected back 24 Jan
218328,1768669464,1768669464,a,0.0,100.0,
218328,1769847982,1769847982,d,100.0,75.0,Personal Reasons - 75% chance of playing
218328,1770020907,1770020907,a,75.0,100.0,
218328,1771662375,1771662375,i,100.0,0.0,Calf injury - Unknown return date
218328,1772180882,1772180882,d,0.0,50.0,Calf injury - 50% chance of playing
218328,1772267168,1772267168,a,100.0,100.0,
218364,1753156525,1753156525,a,,,
218364,1763591261,1763591261,a,0.0,0.0,
218364,1763593538,1763593538,a,,,
218364,1764263058,1764263058,d,,75.0,Knock - 75% chance of playing
218364,1764404721,1764404721,i,,0.0,Knock - Expected back 03 Dec
218364,1764663971,1764663971,d,0.0,50.0,Knock - 50% chance of playing
218364,1764713227,1764713227,i,0.0,0.0,Knock - Expected back 07 Dec
218364,1764923156,1764923156,d,0.0,75.0,Knock - 75% chance of playing
218364,1765255061,1765255061,a,75.0,100.0,
218364,1769847982,1769847982,i,100.0,0.0,Muscle injury - Expected back 08 Feb
218364,1769897261,1769897261,d,0.0,50.0,Muscle injury - 50% chance of playing
218364,1770452782,1770452782,a,100.0,100.0,
218364,1777885571,1777885571,d,100.0,75.0,Knock - 75% chance of playing
218364,1778106074,1778106074,d,100.0,50.0,Knock - 50% chance of playing
218364,1778711482,1778711482,d,50.0,75.0,Knock - 75% chance of playing
218364,1778921668,1778921668,d,50.0,50.0,Knock - 50% chance of playing
218364,1779441967,1779441967,d,50.0,75.0,Knock - 75% chance of playing
219168,1753156525,1753156525,a,,,
219168,1755277274,1755257407,n,,0.0,Won’t be considered for selection on 16/8. - Unknown return date
219168,1755882217,1755882217,n,0.0,0.0,Won’t be considered for selection on 25/8. - Unknown return date
219168,1756801520,1756801520,a,0.0,100.0,
219168,1761207952,1761204609,d,100.0,75.0,Groin Injury - 75% chance of playing
219168,1761955906,1761955906,d,75.0,25.0,Groin Injury - 25% chance of playing
219168,1762244747,1762244747,d,25.0,75.0,Groin Injury - 75% chance of playing
219168,1762535068,1762535068,d,25.0,75.0,Lack of match fitness - 75% chance of playing
219168,1762812458,1762812458,a,75.0,100.0,
219168,1765614340,1765614340,d,100.0,75.0,Knock - 75% chance of playing
219168,1765663597,1765663597,a,75.0,100.0,
219168,1766305538,1766305538,d,100.0,75.0,Leg injury - 75% chance of playing
219168,1766478386,1766478386,i,100.0,0.0,Ankle injury - Unknown return date
219168,1771575781,1771575781,i,0.0,0.0,Ankle injury - Expected back 11 Apr
219168,1774130880,1774130880,d,0.0,50.0,Ankle injury - 50% chance of playing
219168,1775322603,1775322603,d,0.0,75.0,Ankle injury - 75% chance of playing
219168,1775686702,1775686702,a,0.0,100.0,
219168,1777885571,1777885571,d,100.0,75.0,Groin Injury - 75% chance of playing
219168,1778365174,1778365174,a,75.0,100.0,
219168,1778970028,1778970028,d,100.0,75.0,Knock - 75% chance of playing
219168,1779661457,1779661457,a,75.0,100.0,
219249,1753156525,1753156525,a,,,
219249,1756832655,1756814789,u,,0.0,has joined Marseille on loan for the rest of the season.
219249,1770588576,1770588576,a,0.0,100.0,
219847,1753156525,1753156525,a,,,
219847,1755709442,1755694806,d,,25.0,Knee injury - 25% chance of playing
219847,1755718428,1755718428,a,,,
219847,1755720509,1755720509,d,,25.0,Knee injury - 25% chance of playing
219847,1755882217,1755882217,i,,0.0,Knee injury - Unknown return date
219847,1761955906,1761955906,i,0.0,0.0,Knee injury - Expected back 23 Nov
219847,1763139876,1763139876,d,0.0,50.0,Knee injury - 50% chance of playing
219847,1764713227,1764713227,i,0.0,0.0,Knee injury - Unknown return date
219847,1766823958,1766823958,d,25.0,25.0,Knee injury - 25% chance of playing
219847,1767083176,1767083176,d,25.0,50.0,Lack of match fitness - 50% chance of playing
219847,1767169581,1767169581,a,50.0,100.0,
219847,1770971356,1770971356,d,100.0,50.0,Muscle injury - 50% chance of playing
219847,1771662375,1771662375,d,100.0,75.0,Muscle injury - 75% chance of playing
219847,1772402861,1772402861,a,75.0,100.0,
219847,1772575854,1772575854,d,75.0,75.0,Lack of match fitness - 75% chance of playing
219847,1772662268,1772662268,a,75.0,100.0,
219847,1777192925,1777192925,d,100.0,75.0,Muscle injury - 75% chance of playing
219847,1777711559,1777711559,i,0.0,0.0,Muscle injury - Unknown return date
219847,1777798438,1777798438,d,0.0,75.0,Muscle injury - 75% chance of playing
219847,1777971736,1777971736,a,0.0,100.0,
219924,1753156525,1753156525,a,,,
219924,1763591261,1763591261,a,0.0,0.0,
219924,1763593538,1763593538,a,,,
219937,1753156525,1753156525,a,,,
219937,1763591261,1763591261,a,0.0,0.0,
219937,1763593538,1763593538,a,,,
220237,1753156525,1753156525,a,,,
220237,1763591261,1763591261,a,0.0,0.0,
220237,1763593538,1763593538,a,,,
220237,1764404721,1764404721,d,,75.0,Back injury - 75% chance of playing
220237,1764663971,1764663971,d,75.0,25.0,Back injury - 25% chance of playing
220237,1765005920,1765005920,i,25.0,0.0,Back injury - Expected back 14 Dec
220237,1765404449,1765404449,d,0.0,50.0,Back injury - 50% chance of playing
220237,1765614340,1765614340,d,0.0,25.0,Back injury - 25% chance of playing
220237,1766219148,1766219148,i,25.0,0.0,Back injury - Expected back 26 Dec
220237,1766527649,1766527649,d,0.0,25.0,Back injury - 25% chance of playing
220237,1767428749,1767428749,d,25.0,75.0,Lack of match fitness - 75% chance of playing
220237,1767564440,1767564440,a,75.0,100.0,
220237,1771144008,1771144008,d,100.0,75.0,Back injury - 75% chance of playing
220237,1772057479,1772057479,a,75.0,100.0,
220237,1774341169,1774341169,d,100.0,25.0,Facial Injury - 25% chance of playing
220237,1775896112,1775896112,d,75.0,75.0,Facial Injury - 75% chance of playing
220237,1776031950,1776031950,a,75.0,100.0,
220362,1770156714,1770156714,a,,,
220566,1753156525,1753156525,a,,,
220566,1754889107,1754889107,d,,75.0,
220566,1755193299,1755193299,d,,75.0,Lack of match fitness - 75% chance of playing
220566,1755277274,1755277274,a,,100.0,
220566,1759047887,1759017609,d,100.0,75.0,Knee injury - 75% chance of playing
220566,1759356375,1759356375,a,100.0,100.0,
220566,1759739129,1759735808,d,100.0,75.0,Muscle injury - 75% chance of playing
220566,1760689551,1760689551,d,100.0,50.0,Muscle injury - 50% chance of playing
220566,1760720663,1760720663,d,100.0,25.0,Muscle injury - 25% chance of playing
220566,1761325489,1761325489,i,25.0,0.0,Muscle injury - Unknown return date
220566,1761343604,1761343604,d,25.0,25.0,Muscle injury - 25% chance of playing
220566,1761344648,1761344648,i,0.0,0.0,Muscle injury - Unknown return date
220566,1761955906,1761955906,d,0.0,75.0,Lack of match fitness - 75% chance of playing
220566,1762189480,1762189480,a,75.0,100.0,
220566,1762553215,1762531209,d,75.0,25.0,Muscle injury - 25% chance of playing
220566,1763743589,1763743589,i,25.0,0.0,Muscle injury - Unknown return date
220566,1766823958,1766823958,d,50.0,50.0,Muscle injury - 50% chance of playing
220566,1766959629,1766959629,a,50.0,100.0,
220566,1777106067,1777106067,d,75.0,75.0,Groin Injury - 75% chance of playing
220566,1778970028,1778970028,a,75.0,100.0,
220598,1753156525,1753156525,a,,,
220598,1756832655,1756817486,u,,0.0,has joined VfL Bochum  on loan for the rest of the season.
220598,1769243165,1769243165,u,0.0,0.0,has joined Blackpool on loan for the rest of the season.
220627,1756227857,1756227857,a,,,
220627,1763591261,1763591261,a,0.0,0.0,
220627,1763593538,1763593538,a,,,
220627,1772526475,1772526475,d,,75.0,Gashed Leg - 75% chance of playing
220627,1772662268,1772662268,a,75.0,100.0,
220684,1753156525,1753156525,i,,0.0,
220684,1754038182,1754038182,i,,0.0,Shoulder injury - Expected back 13 Sep
220684,1754067802,1754067802,i,,0.0,
220684,1755193299,1755193299,i,,0.0,Shoulder injury - Expected back 13 Sep
220684,1757579121,1757579121,d,0.0,50.0,Shoulder injury - 50% chance of playing
220684,1757628364,1757628364,i,0.0,0.0,Shoulder injury - Expected back 21 Sep
220684,1757801133,1757801133,d,0.0,50.0,Shoulder injury - 50% chance of playing
220684,1758906256,1758906256,d,50.0,25.0,Shoulder injury - 25% chance of playing
220684,1759529157,1759529157,i,0.0,0.0,Shoulder injury - Expected back 03 Nov
220684,1761467118,1761467118,d,0.0,50.0,Shoulder injury - 50% chance of playing
220684,1763676419,1763676419,i,50.0,0.0,Shoulder injury - Unknown return date
220684,1769847982,1769847982,u,0.0,0.0,has joined Portsmouth on loan for the rest of the season.
220695,1753156525,1753156525,a,,,
220695,1755190918,1755190918,i,,0.0,
220695,1755193299,1755193299,i,,0.0,Unknown - Unknown return date
220695,1755882217,1755882217,d,0.0,75.0,Hamstring injury - 75% chance of playing
220695,1756399362,1756399362,d,75.0,25.0,Lack of match fitness - 25% chance of playing
220695,1756400636,1756400636,d,75.0,75.0,Hamstring injury - 75% chance of playing
220695,1756418748,1756418748,d,75.0,25.0,Lack of match fitness - 25% chance of playing
220695,1758906256,1758906256,i,25.0,0.0,Lack of match fitness - Expected back 20 Oct
220695,1760720663,1760720663,d,0.0,25.0,Lack of match fitness - 25% chance of playing
220695,1761325489,1761325489,a,25.0,100.0,
220695,1761343604,1761343604,d,25.0,25.0,Lack of match fitness - 25% chance of playing
220695,1761344648,1761344648,a,100.0,100.0,
220695,1769551704,1769551704,u,100.0,0.0,has joined Norwich City permanently.
221389,1756746230,1756746230,a,,,
221389,1763591261,1763591261,a,0.0,0.0,
221389,1763593538,1763593538,a,,,
221389,1767564440,1767564440,d,,75.0,Knock - 75% chance of playing
221389,1767687979,1767687979,d,,75.0,Calf injury - 75% chance of playing
221389,1768206409,1768206409,d,75.0,50.0,Knee injury - 50% chance of playing
221389,1768551991,1768551991,i,75.0,0.0,Knee injury - Unknown return date
221389,1769761644,1769761644,i,0.0,0.0,Knee injury - Expected back 01 Jun
221389,1779056518,1779056518,a,0.0,100.0,
221399,1753156525,1753156525,a,,,
221399,1763591261,1763591261,a,0.0,0.0,
221399,1763593538,1763593538,a,,,
221399,1764713227,1764713227,i,0.0,0.0,Hamstring injury - Expected back 07 Feb
221399,1764923156,1764923156,a,0.0,100.0,
221399,1768897593,1768897593,u,100.0,0.0,has joined ACF Fiorentina on loan for the rest of the season.
221466,1753156525,1753156525,a,,,
221466,1763591261,1763591261,a,0.0,0.0,
221466,1763593538,1763593538,a,,,
221466,1764453978,1764453978,s,,0.0,Suspended until 06 Dec
221466,1764750360,1764750360,a,0.0,100.0,
221466,1765058794,1765058794,d,100.0,75.0,Thigh injury - 75% chance of playing
221466,1765873588,1765873588,a,75.0,100.0,
221632,1753156525,1753156525,a,,,
221632,1760948747,1760920210,d,,75.0,Muscle injury - 75% chance of playing
221632,1761084417,1761084417,d,,50.0,Muscle injury - 50% chance of playing
221632,1761325489,1761325489,i,,0.0,Muscle injury - Unknown return date
221632,1761343604,1761343604,d,,50.0,Muscle injury - 50% chance of playing
221632,1761344648,1761344648,i,0.0,0.0,Muscle injury - Unknown return date
221632,1761955906,1761955906,a,0.0,100.0,
221632,1764003885,1764003885,s,100.0,0.0,Suspended until 02 Dec
221632,1764491118,1764491118,a,0.0,100.0,
221632,1766305538,1766305538,s,100.0,0.0,Suspended until 01 Jan
221632,1766873233,1766873233,a,0.0,100.0,
221632,1770020907,1770020907,d,100.0,75.0,Illness - 75% chance of playing
221632,1770366511,1770366511,a,100.0,100.0,
221632,1770502124,1770502124,s,100.0,0.0,Suspended until 15 Mar
221632,1772662268,1772662268,a,0.0,100.0,
221632,1773217664,1773217664,d,0.0,75.0,Head injury - 75% chance of playing
221632,1773476815,1773476815,i,0.0,0.0,Head injury - Expected back 22 Mar
221632,1773526163,1773526163,d,0.0,50.0,Head injury - 50% chance of playing
221632,1773822704,1773822704,a,0.0,100.0,
221632,1776031950,1776031950,d,100.0,75.0,Knee injury - 75% chance of playing
221632,1776156699,1776156699,d,100.0,25.0,Knee injury - 25% chance of playing
221632,1776501074,1776501074,i,100.0,0.0,Knee injury - Expected back 01 Jun
221820,1753156525,1753156525,a,,,
221820,1754889107,1754889107,i,,0.0,
221820,1755193299,1755193299,i,,0.0,Knee injury - Unknown return date
221820,1763799922,1763799922,d,0.0,75.0,Lack of match fitness - 75% chance of playing
221820,1764059165,1764059165,a,75.0,100.0,
221820,1771971148,1771971148,d,100.0,50.0,Calf injury - 50% chance of playing
221820,1772575854,1772575854,i,0.0,0.0,Calf injury - Expected back 15 Mar
221820,1772662268,1772662268,d,0.0,50.0,Calf injury - 50% chance of playing
221820,1773476815,1773476815,i,0.0,0.0,Calf injury - Expected back 20 Mar
221820,1773526163,1773526163,i,0.0,0.0,Calf injury - Expected back 13 Apr
221820,1774130880,1774130880,d,0.0,50.0,Calf injury - 50% chance of playing
221820,1775896112,1775896112,d,75.0,75.0,Lack of match fitness - 75% chance of playing
221820,1776156699,1776156699,s,75.0,0.0,Suspended until 09 May
221820,1777760246,1777760246,a,0.0,100.0,
222531,1753156525,1753156525,a,,,
222531,1763591261,1763591261,a,0.0,0.0,
222531,1763593538,1763593538,a,,,
222531,1764263058,1764263058,d,,75.0,Knock - 75% chance of playing
222531,1764923156,1764923156,a,75.0,100.0,
222531,1777971736,1777971736,d,100.0,75.0,Facial Injury - 75% chance of playing
222531,1778230149,1778230149,d,100.0,50.0,Facial Injury - 50% chance of playing
222531,1778836972,1778836972,d,50.0,75.0,Facial Injury - 75% chance of playing
222531,1779056518,1779056518,a,75.0,100.0,
222683,1753156525,1753156525,a,,,
222683,1754889107,1754889107,d,,50.0,
222683,1755190918,1755190918,i,,0.0,
222683,1755193299,1755193299,i,,0.0,Calf injury - Unknown return date
222683,1755882217,1755882217,d,0.0,50.0,Lack of match fitness - 50% chance of playing
222683,1755986743,1755986743,a,50.0,100.0,
222683,1763399081,1763384408,d,100.0,75.0,Knock - 75% chance of playing
222683,1763743589,1763743589,i,100.0,0.0,Muscle injury - Unknown return date
222683,1764404721,1764404721,d,0.0,50.0,Muscle injury - 50% chance of playing
222683,1764453978,1764453978,a,50.0,100.0,
222683,1767737264,1767737264,i,0.0,0.0,Knee injury - Unknown return date
222683,1768169236,1768169236,i,0.0,0.0,Knee injury - Expected back 09 May
222683,1777711559,1777711559,d,25.0,25.0,Lack of match fitness - 25% chance of playing
222683,1778316628,1778316628,d,25.0,75.0,Lack of match fitness - 75% chance of playing
222683,1778365174,1778365174,a,75.0,100.0,
222690,1753156525,1753156525,a,,,
222690,1763591261,1763591261,a,0.0,0.0,
222690,1763593538,1763593538,a,,,
222694,1753156525,1753156525,a,,,
222694,1761239091,1761226208,d,,75.0,Illness - 75% chance of playing
222694,1761411869,1761411869,a,75.0,100.0,
222694,1770712309,1770712309,i,100.0,0.0,Hip injury - Expected back 21 Feb
222694,1771106860,1771106860,d,0.0,50.0,Hip injury - 50% chance of playing
222694,1771575781,1771575781,a,0.0,100.0,
222694,1778316628,1778316628,d,100.0,75.0,Hip injury - 75% chance of playing
222694,1778921668,1778921668,d,50.0,50.0,Hip injury - 50% chance of playing
222694,1779526653,1779526653,d,50.0,75.0,Hip injury - 75% chance of playing
222694,1779661457,1779661457,a,75.0,100.0,
223094,1753156525,1753156525,a,,,
223094,1758702327,1758693606,d,,75.0,Back injury - 75% chance of playing
223094,1758906256,1758906256,a,,100.0,
223094,1771144008,1771144008,d,100.0,75.0,Knee injury - 75% chance of playing
223094,1771662375,1771662375,a,100.0,100.0,
223094,1772316454,1772316454,d,100.0,75.0,Knock - 75% chance of playing
223094,1772662268,1772662268,a,75.0,100.0,
223336,1753156525,1753156525,a,,,
223336,1763591261,1763591261,a,0.0,0.0,
223336,1763593538,1763593538,a,,,
223336,1769551704,1769551704,u,,0.0,has joined Ipswich Town on loan for the rest of the season.
223340,1753156525,1753156525,a,,,
223340,1756023873,1755988206,d,,75.0,Hamstring injury - 75% chance of playing
223340,1756141412,1756141412,d,,50.0,Hamstring injury - 50% chance of playing
223340,1756487023,1756487023,i,,0.0,Hamstring injury - Unknown return date
223340,1758301479,1758301479,d,0.0,50.0,Hamstring injury - 50% chance of playing
223340,1758529539,1758529539,a,50.0,100.0,
223340,1769897261,1769897261,d,100.0,75.0,Muscle injury - 75% chance of playing
223340,1770452782,1770452782,d,50.0,50.0,Hip injury - 50% chance of playing
223340,1770971356,1770971356,a,50.0,100.0,
223340,1771575781,1771575781,d,50.0,75.0,Knock - 75% chance of playing
223340,1771662375,1771662375,a,50.0,100.0,
223340,1771835504,1771835504,d,100.0,75.0,Knock - 75% chance of playing
223340,1772267168,1772267168,a,100.0,100.0,
223340,1774946377,1774946377,d,100.0,75.0,Knock - 75% chance of playing
223340,1776205217,1776205217,d,75.0,75.0,Achilles injury - 75% chance of playing
223340,1776501074,1776501074,i,75.0,0.0,Achilles injury - Unknown return date
223340,1777106067,1777106067,d,75.0,75.0,Achilles injury - 75% chance of playing
223340,1777192925,1777192925,a,75.0,100.0,
223434,1753156525,1753156525,a,,,
223434,1754889107,1754889107,d,,50.0,
223434,1755193299,1755193299,d,,50.0,Knock - 50% chance of playing
223434,1755277274,1755277274,a,,100.0,
223434,1764923156,1764923156,n,100.0,0.0,Ineligible to face his parent club on 7/12. - Expected back 14 Dec
223434,1765058794,1765058794,a,0.0,100.0,
223434,1767083176,1767083176,n,100.0,0.0,Ineligible to face his parent club on 30/12. - Expected back 03 Jan
223434,1767169581,1767169581,a,0.0,100.0,
223541,1753156525,1753156525,a,,,
223541,1759511057,1759483809,d,,75.0,Knock - 75% chance of playing
223541,1759615543,1759615543,a,75.0,100.0,
223541,1769070383,1769070383,d,100.0,75.0,Knock - 75% chance of playing
223541,1769243165,1769243165,d,100.0,50.0,Knock - 50% chance of playing
223541,1769638214,1769638214,d,50.0,75.0,Knock - 75% chance of playing
223541,1769675256,1769675256,a,50.0,100.0,
223541,1773131274,1773131274,d,100.0,75.0,Illness - 75% chance of playing
223541,1773650293,1773650293,a,75.0,100.0,
223541,1774390339,1774390339,d,100.0,75.0,Knock - 75% chance of playing
223541,1775322603,1775322603,a,100.0,100.0,
223827,1753156525,1753156525,a,,,
223827,1756023873,1755988206,d,,75.0,Groin Injury - 75% chance of playing
223827,1756418748,1756418748,i,,0.0,Groin Injury - Expected back 13 Sep
223827,1757579121,1757579121,d,0.0,50.0,Groin Injury - 50% chance of playing
223827,1757628364,1757628364,i,0.0,0.0,Groin Injury - Expected back 21 Sep
223827,1757801133,1757801133,d,0.0,75.0,Groin Injury - 75% chance of playing
223827,1758301479,1758301479,d,0.0,75.0,Lack of match fitness - 75% chance of playing
223827,1758529539,1758529539,a,75.0,100.0,
223827,1766959629,1766959629,d,100.0,50.0,Ankle injury - 50% chance of playing
223827,1767428749,1767428749,d,50.0,25.0,Ankle injury - 25% chance of playing
223827,1767601597,1767601597,a,25.0,100.0,
223827,1773526163,1773526163,d,100.0,75.0,Hamstring injury - 75% chance of playing
223827,1775896112,1775896112,i,0.0,0.0,Hamstring injury - Expected back 19 Apr
223827,1775945454,1775945454,d,0.0,50.0,Hamstring injury - 50% chance of playing
223827,1776501074,1776501074,a,0.0,100.0,
223827,1777760246,1777760246,s,100.0,0.0,Suspended until 25 May
223827,1779661457,1779661457,a,0.0,100.0,
223911,1753156525,1753156525,a,,,
223911,1756832655,1756817675,u,,0.0,has joined West Bromwich Albion permanently.
224024,1753156525,1753156525,a,,,
224024,1762756419,1762626609,s,,0.0,Suspended until 30 Nov
224024,1763849178,1763849178,a,0.0,100.0,
224024,1764577584,1764577584,s,100.0,0.0,Suspended until 07 Dec
224024,1764750360,1764750360,a,0.0,100.0,
224024,1767687979,1767687979,d,100.0,75.0,Back injury - 75% chance of playing
224024,1767774381,1767774381,a,75.0,100.0,
224024,1768551991,1768551991,d,75.0,75.0,Back injury - 75% chance of playing
224024,1769156782,1769156782,i,75.0,0.0,Back injury - Unknown return date
224024,1770107241,1770107241,u,0.0,0.0,has joined Flamengo permanently.
224068,1753156525,1753156525,a,,,
224068,1754889107,1754889107,u,,0.0,
224068,1755193299,1755193299,u,,0.0,Has joined Lyon permanently.
224117,1753722233,1753722233,a,,,
224117,1762034754,1762020009,d,,75.0,Muscle injury - 75% chance of playing
224117,1762331146,1762331146,d,,50.0,Muscle injury - 50% chance of playing
224117,1762535068,1762535068,d,,25.0,Muscle injury - 25% chance of playing
224117,1763417222,1763417222,d,25.0,50.0,Muscle injury - 50% chance of playing
224117,1764577584,1764577584,a,50.0,100.0,
224967,1753156525,1753156525,a,,,
224967,1754889107,1754889107,d,,75.0,
224967,1755193299,1755193299,d,,75.0,Muscle injury - 75% chance of playing
224967,1755882217,1755882217,i,75.0,0.0,Muscle injury - Unknown return date
224967,1756418748,1756418748,a,0.0,100.0,
224967,1757091850,1757066406,d,100.0,75.0,Knock - 75% chance of playing
224967,1758301479,1758301479,d,75.0,50.0,Knock - 50% chance of playing
224967,1758443078,1758443078,a,50.0,100.0,
224967,1769897261,1769897261,d,100.0,75.0,Knock - 75% chance of playing
224967,1770452782,1770452782,a,100.0,100.0,
224995,1753156525,1753156525,a,,,
224995,1754889107,1754889107,d,,75.0,
224995,1755190918,1755190918,d,,25.0,
224995,1755193299,1755193299,d,,25.0,Lack of match fitness - 25% chance of playing
224995,1755709442,1755709442,a,25.0,100.0,
224995,1755718428,1755718428,d,25.0,25.0,Lack of match fitness - 25% chance of playing
224995,1755720509,1755720509,a,25.0,100.0,
224995,1755796138,1755777606,d,25.0,25.0,Lack of match fitness - 25% chance of playing
224995,1755882217,1755882217,a,25.0,100.0,
224995,1756227857,1756215800,u,100.0,0.0,Has joined Cruzeiro on loan for the rest of the season.
224995,1770452782,1770452782,u,0.0,0.0,has joined Cruzeiro on loan for the rest of the season.
225321,1754413307,1754413307,a,,,
225321,1763591261,1763591261,a,0.0,0.0,
225321,1763593538,1763593538,a,,,
225796,1753156525,1753156525,a,,,
225796,1760375075,1760347808,d,,75.0,Gashed Leg - 75% chance of playing
225796,1760720663,1760720663,a,,100.0,
225796,1768465580,1768465580,d,100.0,75.0,Hip injury - 75% chance of playing
225796,1768687620,1768687620,a,75.0,100.0,
225796,1770242911,1770242911,d,100.0,75.0,Knock - 75% chance of playing
225796,1770712309,1770712309,d,75.0,75.0,Illness - 75% chance of playing
225796,1771106860,1771106860,a,75.0,100.0,
225796,1773785625,1773785625,d,100.0,25.0,Hamstring injury - 25% chance of playing
225796,1773995278,1773995278,i,100.0,0.0,Hamstring injury - Expected back 12 Apr
225796,1774341169,1774341169,d,0.0,50.0,Hamstring injury - 50% chance of playing
225796,1775896112,1775896112,i,0.0,0.0,Hamstring injury - Unknown return date
225796,1776415909,1776415909,d,0.0,25.0,Hamstring injury - 25% chance of playing
225796,1777711559,1777711559,d,75.0,75.0,Lack of match fitness - 75% chance of playing
225796,1777971736,1777971736,a,75.0,100.0,
226182,1753156525,1753156525,a,,,
226182,1754889107,1754889107,d,,75.0,
226182,1755193299,1755193299,d,,75.0,Hip injury - 75% chance of playing
226182,1755709442,1755709442,a,75.0,100.0,
226182,1755720768,1755720768,d,,75.0,Hip injury - 75% chance of playing
226182,1755720919,1755720919,a,75.0,100.0,
226182,1758443078,1758411007,d,100.0,75.0,Foot injury - 75% chance of playing
226182,1758906256,1758906256,a,100.0,100.0,
226182,1767564440,1767564440,d,100.0,75.0,Calf injury - 75% chance of playing
226182,1767687979,1767687979,d,100.0,50.0,Calf injury - 50% chance of playing
226182,1768551991,1768551991,a,50.0,100.0,
226182,1778625083,1778625083,d,100.0,75.0,Hamstring injury - 75% chance of playing
226182,1778921668,1778921668,i,0.0,0.0,Hamstring injury - Unknown return date
226182,1779526653,1779526653,d,0.0,75.0,Hamstring injury - 75% chance of playing
226182,1779661457,1779661457,a,75.0,100.0,
226597,1753156525,1753156525,a,,,
226597,1759511057,1759500008,d,,75.0,Knock - 75% chance of playing
226597,1759615543,1759615543,a,75.0,100.0,
226597,1761325489,1761314408,d,100.0,75.0,Muscle injury - 75% chance of playing
226597,1761343604,1761343604,a,100.0,100.0,
226597,1761344648,1761344648,d,75.0,75.0,Muscle injury - 75% chance of playing
226597,1761516371,1761516371,a,75.0,100.0,
226597,1763399081,1763380807,d,100.0,75.0,Thigh injury - 75% chance of playing
226597,1763676419,1763676419,d,100.0,50.0,Thigh injury - 50% chance of playing
226597,1763799922,1763799922,i,100.0,0.0,Thigh injury - Unknown return date
226597,1766219148,1766219148,d,0.0,25.0,Thigh injury - 25% chance of playing
226597,1766873233,1766873233,a,25.0,100.0,
226597,1774341169,1774341169,d,100.0,75.0,Knee injury - 75% chance of playing
226597,1775551334,1775551334,a,100.0,100.0,
226944,1753156525,1753156525,a,,,
226944,1756023873,1755988206,d,,75.0,Hamstring injury - 75% chance of playing
226944,1756141412,1756141412,d,,50.0,Hamstring injury - 50% chance of playing
226944,1757714774,1757714774,i,50.0,0.0,Hamstring injury - Unknown return date
226944,1758183928,1758183928,a,0.0,100.0,
226944,1758197247,1758197247,i,0.0,0.0,Hamstring injury - Unknown return date
226944,1758215074,1758215074,a,0.0,100.0,
226944,1766910360,1766910360,s,100.0,0.0,Suspended until 03 Jan
226944,1767342382,1767342382,a,0.0,100.0,
226944,1768169236,1768169236,d,100.0,75.0,Knee injury - 75% chance of playing
226944,1768638346,1768638346,i,100.0,0.0,Knee injury - Unknown return date
226944,1769761644,1769761644,i,0.0,0.0,Knee injury - Expected back 01 Jun
226944,1778230149,1778230149,a,0.0,100.0,
226944,1778316628,1778316628,i,0.0,0.0,Knee injury - Expected back 01 Jun
226956,1753156525,1753156525,a,,,
226956,1755882217,1755872236,u,,0.0,Has joined Southampton permanently.
227127,1753156525,1753156525,a,,,
227127,1755882217,1755870424,i,,0.0,Knock - Unknown return date
227127,1759511057,1759511057,d,0.0,50.0,Knock - 50% chance of playing
227127,1760461466,1760461466,d,50.0,50.0,Ankle injury - 50% chance of playing
227127,1760720663,1760720663,i,50.0,0.0,Ankle injury - Unknown return date
227127,1765663597,1765663597,n,0.0,0.0,On international duty at the Africa Cup of Nations from Gameweek 17 onwards. - Unknown return date
227127,1768033551,1768033551,a,0.0,100.0,
227127,1773476815,1773476815,i,100.0,0.0,Muscle injury - Unknown return date
227127,1775896112,1775896112,d,25.0,25.0,Muscle injury - 25% chance of playing
227127,1776031950,1776031950,a,25.0,100.0,
227444,1753156525,1753156525,a,,,
227444,1763591261,1763591261,a,0.0,0.0,
227444,1763593538,1763593538,a,,,
229384,1753156525,1753156525,a,,,
229384,1763591261,1763591261,a,0.0,0.0,
229384,1763593538,1763593538,a,,,
229384,1768897593,1768897593,u,,0.0,has joined Sparta Prague permanently.
229600,1753156525,1753156525,a,,,
229600,1763591261,1763591261,a,0.0,0.0,
229600,1763593538,1763593538,a,,,
229600,1771971148,1771971148,d,,75.0,Hand injury - 75% chance of playing
229600,1772316454,1772316454,a,75.0,100.0,
230001,1753156525,1753156525,a,,,
230001,1754889107,1754889107,d,,50.0,
230001,1755193299,1755193299,d,,50.0,Knock - 50% chance of playing
230001,1755277274,1755277274,i,,0.0,Knock - Unknown return date
230001,1756591533,1756591533,a,0.0,100.0,
230001,1758906256,1758898809,i,100.0,0.0,Knock - Expected back 19 Oct
230001,1759597454,1759597454,d,0.0,50.0,Knock - 50% chance of playing
230001,1760948747,1760948747,a,50.0,100.0,
230001,1765663597,1765663597,n,100.0,0.0,On international duty at the Africa Cup of Nations from Gameweek 17 onwards. - Unknown return date
230001,1768638346,1768638346,n,0.0,0.0,On international duty at the Africa Cup of Nations from Gameweek 17 onwards. - Expected back 25 Jan
230001,1768669464,1768669464,a,0.0,100.0,
230001,1772699268,1772699268,d,100.0,75.0,Foot injury - 75% chance of playing
230001,1773476815,1773476815,a,100.0,100.0,
230001,1773871958,1773871958,d,100.0,75.0,Illness - 75% chance of playing
230001,1774341169,1774341169,a,75.0,100.0,
230046,1755882217,1755882217,a,,,
230046,1758788726,1758753008,d,,75.0,Hamstring injury - 75% chance of playing
230046,1758906256,1758906256,i,,0.0,Hamstring injury - Expected back 18 Oct
230046,1759597454,1759597454,d,0.0,50.0,Hamstring injury - 50% chance of playing
230046,1760720663,1760720663,a,0.0,100.0,
230046,1762034754,1762021808,d,100.0,75.0,Hamstring injury - 75% chance of playing
230046,1762414727,1762414727,d,100.0,25.0,Hamstring injury - 25% chance of playing
230046,1762553215,1762553215,i,100.0,0.0,Hamstring injury - Unknown return date
230046,1765404449,1765404449,d,0.0,75.0,Lack of match fitness - 75% chance of playing
230046,1765527972,1765527972,a,0.0,100.0,
230376,1753462940,1753462940,a,,,
230376,1763591261,1763591261,a,0.0,0.0,
230376,1763593538,1763593538,a,,,
230376,1770588576,1770588576,u,,0.0,has joined Palmeiras permanently.
231057,1753156525,1753156525,a,,,
231057,1760720663,1760716811,d,,75.0,Illness - 75% chance of playing
231057,1761325489,1761325489,a,75.0,100.0,
231057,1761343604,1761343604,d,75.0,75.0,Illness - 75% chance of playing
231057,1761344648,1761344648,a,100.0,100.0,
231057,1765318275,1765318275,d,100.0,75.0,Knock - 75% chance of playing
231057,1765614340,1765614340,i,100.0,0.0,Hamstring injury - Expected back 24 Jan
231057,1769243165,1769243165,i,0.0,0.0,Hamstring injury - Expected back 31 Jan
231057,1769292426,1769292426,d,0.0,50.0,Hamstring injury - 50% chance of playing
231057,1769847982,1769847982,a,0.0,100.0,
231065,1753156525,1753156525,a,,,
231065,1755505538,1755504005,d,,75.0,Knock - 75% chance of playing
231065,1755882217,1755882217,d,,75.0,Muscle injury - 75% chance of playing
231065,1756399362,1756399362,a,75.0,100.0,
231065,1756400636,1756400636,d,75.0,75.0,Muscle injury - 75% chance of playing
231065,1756418748,1756418748,a,75.0,100.0,
231416,1753156525,1753156525,a,,,
231416,1763591261,1763591261,a,0.0,0.0,
231416,1763593538,1763593538,a,,,
231480,1753156525,1753156525,a,,,
231480,1763591261,1763591261,a,0.0,0.0,
231480,1763593538,1763593538,a,,,
231480,1767083176,1767083176,d,,75.0,Knock - 75% chance of playing
231480,1767478018,1767478018,a,75.0,100.0,
231747,1753156525,1753156525,a,,,
231747,1763591261,1763591261,a,0.0,0.0,
231747,1763593538,1763593538,a,,,
231747,1765404449,1765404449,d,,75.0,Knee injury - 75% chance of playing
231747,1765787186,1765787186,a,75.0,100.0,
231747,1769847982,1769847982,n,100.0,0.0,Won’t be considered for selection on 1/2. - Expected back 08 Feb
231747,1769897261,1769897261,a,0.0,100.0,
231747,1770452782,1770452782,i,0.0,0.0,Knee injury - Unknown return date
231747,1771489733,1771489733,i,0.0,0.0,Knee injury - Expected back 05 Mar
231747,1771575781,1771575781,i,0.0,0.0,Knee injury - Unknown return date
231747,1771662375,1771662375,i,0.0,0.0,Knee injury - Expected back 14 Mar
231747,1772662268,1772662268,d,0.0,50.0,Knee injury - 50% chance of playing
231747,1773267016,1773267016,a,0.0,100.0,
232112,1753156525,1753156525,a,,,
232112,1763591261,1763591261,a,0.0,0.0,
232112,1763593538,1763593538,a,,,
232112,1778365174,1778365174,d,,75.0,Back injury - 75% chance of playing
232112,1779441967,1779441967,a,75.0,100.0,
232185,1753156525,1753156525,a,,,
232185,1756746230,1756722608,d,,75.0,Muscle injury - 75% chance of playing
232185,1757696658,1757696658,i,,0.0,Muscle injury - Expected back 27 Sep
232185,1758474266,1758474266,d,0.0,75.0,Muscle injury - 75% chance of playing
232185,1758906256,1758906256,a,0.0,100.0,
232185,1764577584,1764577584,d,100.0,25.0,Ankle injury - 25% chance of playing
232185,1764713227,1764713227,i,0.0,0.0,Ankle injury - Unknown return date
232185,1765404449,1765404449,d,0.0,25.0,Ankle injury - 25% chance of playing
232185,1765614340,1765614340,d,0.0,75.0,Ankle injury - 75% chance of playing
232185,1765663597,1765663597,n,75.0,0.0,On international duty at the Africa Cup of Nations from Gameweek 17 onwards. - Unknown return date
232185,1768638346,1768638346,n,0.0,0.0,On international duty at the Africa Cup of Nations from Gameweek 17 onwards. - Expected back 25 Jan
232185,1768669464,1768669464,a,0.0,100.0,
232356,1766959629,1766959629,a,,,
232413,1753156525,1753156525,a,,,
232413,1763591261,1763591261,a,0.0,0.0,
232413,1763593538,1763593538,a,,,
232413,1774341169,1774341169,d,,75.0,Calf injury - 75% chance of playing
232413,1775322603,1775322603,d,,50.0,Calf injury - 50% chance of playing
232413,1775896112,1775896112,a,100.0,100.0,
232413,1777192925,1777192925,d,100.0,75.0,Muscle injury - 75% chance of playing
232413,1777415097,1777415097,a,100.0,100.0,
232571,1753156525,1753156525,a,,,
232571,1763591261,1763591261,a,0.0,0.0,
232571,1763593538,1763593538,a,,,
232571,1770107241,1770107241,u,,0.0,has joined Millwall on loan for the rest of the season.
232653,1753156525,1753156525,a,,,
232653,1756628683,1756603808,d,,75.0,Ankle injury - 75% chance of playing
232653,1757696658,1757696658,i,,0.0,Ankle injury - Expected back 18 Oct
232653,1759511057,1759511057,a,0.0,100.0,
232653,1772057479,1772057479,d,100.0,75.0,Hamstring injury - 75% chance of playing
232653,1772316454,1772316454,a,75.0,100.0,
232787,1768551991,1768551991,a,,,
232787,1773476815,1773476815,d,,75.0,Illness - 75% chance of playing
232787,1773908891,1773908891,a,75.0,100.0,
232792,1753156525,1753156525,a,,,
232792,1756832655,1756814789,u,,0.0,has joined Fiorentina permanently.
232820,1753156525,1753156525,a,,,
232820,1763591261,1763591261,a,0.0,0.0,
232820,1763593538,1763593538,a,,,
232820,1768638346,1768638346,a,,100.0,
232820,1768897593,1768897593,u,100.0,0.0,has joined Barrow FC permanently.
232826,1753156525,1753156525,a,,,
232826,1754889107,1754889107,d,,75.0,
232826,1755193299,1755193299,d,,75.0,Ankle injury - 75% chance of playing
232826,1755277274,1755277274,a,,100.0,
232826,1756196727,1756162808,s,100.0,0.0,Suspended until 28 Sep
232826,1758443078,1758443078,a,0.0,100.0,
232826,1762448729,1762421409,d,100.0,75.0,Hip injury - 75% chance of playing
232826,1762535068,1762535068,d,100.0,50.0,Hip injury - 50% chance of playing
232826,1763743589,1763743589,d,50.0,75.0,Lack of match fitness - 75% chance of playing
232826,1764404721,1764404721,a,75.0,100.0,
232826,1770278425,1770256810,d,100.0,75.0,Hamstring injury - 75% chance of playing
232826,1770452782,1770452782,d,25.0,25.0,Hamstring injury - 25% chance of playing
232826,1770712309,1770712309,d,25.0,75.0,Hamstring injury - 75% chance of playing
232826,1770847892,1770847892,a,75.0,100.0,
232826,1776550371,1776550371,d,100.0,75.0,Hip injury - 75% chance of playing
232826,1777106067,1777106067,d,0.0,50.0,Hip injury - 50% chance of playing
232826,1777711559,1777711559,d,75.0,75.0,Hip injury - 75% chance of playing
232826,1777760246,1777760246,a,75.0,100.0,
232859,1753156525,1753156525,a,,,
232859,1763591261,1763591261,a,0.0,0.0,
232859,1763593538,1763593538,a,,,
232859,1770020907,1770020907,d,,75.0,Calf injury - 75% chance of playing
232859,1770712309,1770712309,a,75.0,100.0,
232859,1772402861,1772402861,d,100.0,75.0,Knock - 75% chance of playing
232859,1772662268,1772662268,d,75.0,75.0,Calf injury - 75% chance of playing
232859,1773131274,1773131274,a,75.0,100.0,
232892,1753156525,1753156525,a,,,
232892,1763591261,1763591261,a,0.0,0.0,
232892,1763593538,1763593538,a,,,
232892,1765663597,1765663597,n,,0.0,On international duty at the Africa Cup of Nations from Gameweek 17 onwards. - Unknown return date
232892,1768638346,1768638346,n,0.0,0.0,On international duty at the Africa Cup of Nations from Gameweek 17 onwards. - Expected back 24 Jan
232892,1768669464,1768669464,a,0.0,100.0,
232892,1774686465,1774686465,d,100.0,75.0,Back injury - 75% chance of playing
232892,1775810893,1775810893,a,100.0,100.0,
232928,1753156525,1753156525,a,,,
232928,1763591261,1763591261,a,0.0,0.0,
232928,1763593538,1763593538,a,,,
233963,1753156525,1753156525,a,,,
233963,1761239091,1761228009,i,,0.0,Muscle injury - Unknown return date
233963,1761955906,1761955906,i,0.0,0.0,Muscle injury - Expected back 22 Nov
233963,1763139876,1763139876,d,0.0,50.0,Muscle injury - 50% chance of playing
233963,1764577584,1764577584,a,50.0,100.0,
233963,1768206409,1768206409,d,100.0,75.0,Neck - 75% chance of playing
233963,1768687620,1768687620,a,75.0,100.0,
233963,1775465293,1775465293,d,100.0,75.0,Head injury - 75% chance of playing
233963,1775686702,1775686702,a,100.0,100.0,
235448,1753156525,1753156525,a,,,
235448,1763591261,1763591261,a,0.0,0.0,
235448,1763593538,1763593538,a,,,
235674,1753156525,1753156525,a,,,
235674,1754889107,1754889107,d,,75.0,
235674,1755193299,1755193299,d,,75.0,Calf injury - 75% chance of playing
235674,1755277274,1755277274,d,,25.0,Calf injury - 25% chance of playing
235674,1755882217,1755882217,d,25.0,50.0,Calf injury - 50% chance of playing
235674,1756591533,1756591533,a,50.0,100.0,
235674,1756832655,1756819063,u,50.0,0.0,has joined Villarreal CF on loan for the rest of the season.
235674,1767823641,1767823641,u,0.0,0.0,has joined Fiorentina on loan for the rest of the season.
235826,1753156525,1753156525,a,,,
235826,1757628364,1757611807,d,,75.0,Calf injury - 75% chance of playing
235826,1758215074,1758215074,a,75.0,100.0,
240299,1753156525,1753156525,a,,,
240299,1753333832,1753333832,u,,0.0,
240299,1754038182,1754038182,u,,0.0,Signed by CD Tondela
240299,1754067802,1754067802,u,,0.0,
240299,1755193299,1755193299,u,,0.0,Signed by CD Tondela
240514,1753156525,1753156525,a,,,
240514,1753462940,1753462940,u,,0.0,
240514,1754038182,1754038182,u,,0.0,Has joined Union SG permanently
240514,1754067802,1754067802,u,,0.0,
240514,1755193299,1755193299,u,,0.0,Has joined Union SG permanently
241231,1753156525,1753156525,a,,,
241231,1755882217,1755865807,i,,0.0,Knee injury - Expected back 14 Sep
241231,1757579121,1757579121,d,0.0,50.0,Knee injury - 50% chance of playing
241231,1757714774,1757714774,i,0.0,0.0,Hamstring injury - Unknown return date
241231,1758215074,1758215074,d,0.0,25.0,Hamstring injury - 25% chance of playing
241231,1759529157,1759529157,i,0.0,0.0,Hamstring injury - Unknown return date
241231,1779441967,1779441967,i,0.0,0.0,Hamstring injury - Expected back 01 Jun
242880,1753156525,1753156525,a,,,
242880,1754889107,1754889107,d,,25.0,
242880,1755193299,1755193299,d,,25.0,Knock - 25% chance of playing
242880,1755277274,1755277274,i,,0.0,Knock - Unknown return date
242880,1757696658,1757696658,d,0.0,50.0,Lack of match fitness - 50% chance of playing
242880,1758906256,1758906256,d,50.0,75.0,Lack of match fitness - 75% chance of playing
242880,1759047887,1759047887,a,75.0,100.0,
242880,1760720663,1760704209,i,100.0,0.0,Muscle injury - Expected back 03 Dec
242880,1762331146,1762331146,i,0.0,0.0,Muscle injury - Expected back 22 Nov
242880,1763139876,1763139876,d,0.0,50.0,Muscle injury - 50% chance of playing
242880,1763743589,1763743589,a,0.0,100.0,
242880,1773822704,1773822704,d,100.0,75.0,Illness - 75% chance of playing
242880,1775322603,1775322603,a,75.0,100.0,
242882,1755104483,1755104483,a,,,
242882,1757801133,1757799008,d,,50.0,Knock - 50% chance of playing
242882,1758301479,1758301479,d,,75.0,Lack of match fitness - 75% chance of playing
242882,1758529539,1758529539,a,75.0,100.0,
242898,1753156525,1753156525,a,,,
242898,1763591261,1763591261,a,0.0,0.0,
242898,1763593538,1763593538,a,,,
243016,1753156525,1753156525,a,,,
243016,1756418748,1756402208,d,,75.0,Knock - 75% chance of playing
243016,1756746230,1756746230,a,75.0,100.0,
243298,1753156525,1753156525,a,,,
243298,1763591261,1763591261,a,0.0,0.0,
243298,1763593538,1763593538,a,,,
243298,1765255061,1765255061,i,,0.0,Knock - Unknown return date
243298,1765614340,1765614340,i,,0.0,Muscle injury - Unknown return date
243298,1766527649,1766527649,d,0.0,50.0,Muscle injury - 50% chance of playing
243298,1766873233,1766873233,a,50.0,100.0,
243345,1753156525,1753156525,a,,,
243345,1753462940,1753462940,u,,0.0,
243345,1754038182,1754038182,u,,0.0,Has joined Wrexham permanently.
243345,1754067802,1754067802,u,,0.0,
243345,1755193299,1755193299,u,,0.0,Has joined Wrexham permanently.
243526,1753156525,1753156525,a,,,
243526,1756628683,1756602008,d,,75.0,Knock - 75% chance of playing
243526,1757579121,1757579121,a,,100.0,
243526,1761411869,1761384609,d,100.0,75.0,Knock - 75% chance of playing
243526,1761955906,1761955906,a,100.0,100.0,
243526,1769156782,1769156782,d,100.0,75.0,Muscle injury - 75% chance of playing
243526,1769502399,1769502399,i,75.0,0.0,Muscle injury - Expected back 10 Feb
243526,1769761644,1769761644,d,75.0,25.0,Muscle injury - 25% chance of playing
243526,1769897261,1769897261,a,25.0,100.0,
243526,1773650293,1773650293,s,100.0,0.0,Suspended until 13 Apr
243526,1774130880,1774130880,a,0.0,100.0,
243526,1775427051,1775427051,d,0.0,75.0,Groin Injury - 75% chance of playing
243526,1776156699,1776156699,a,75.0,100.0,
243526,1777280828,1777280828,d,100.0,75.0,Hamstring injury - 75% chance of playing
243526,1777501490,1777501490,i,100.0,0.0,Hamstring injury - Expected back 17 May
243526,1778365174,1778365174,d,0.0,50.0,Hamstring injury - 50% chance of playing
243526,1779526653,1779526653,i,0.0,0.0,Hamstring injury - Expected back 01 Jun
243571,1753156525,1753156525,a,,,
243571,1754889107,1754889107,d,,75.0,
243571,1755193299,1755193299,d,,75.0,Hernia - 75% chance of playing
243571,1755882217,1755882217,i,75.0,0.0,Hernia - Unknown return date
243571,1757696658,1757696658,d,0.0,50.0,Lack of match fitness - 50% chance of playing
243571,1757801133,1757801133,a,50.0,100.0,
243571,1760720663,1760711411,d,100.0,25.0,Knock - 25% chance of playing
243571,1761325489,1761325489,i,25.0,0.0,Foot injury - Expected back 23 Nov
243571,1761343604,1761343604,d,25.0,25.0,Knock - 25% chance of playing
243571,1761344648,1761344648,i,0.0,0.0,Foot injury - Expected back 23 Nov
243571,1763139876,1763139876,d,0.0,50.0,Foot injury - 50% chance of playing
243571,1763799922,1763799922,i,0.0,0.0,Foot injury - Unknown return date
243571,1764923156,1764923156,a,0.0,100.0,
244042,1753156525,1753156525,a,,,
244042,1759134347,1759105806,d,,75.0,Muscle injury - 75% chance of playing
244042,1759424626,1759424626,i,,0.0,Hamstring injury - Unknown return date
244042,1760720663,1760720663,i,0.0,0.0,Hamstring injury - Expected back 01 Nov
244042,1761467118,1761467118,d,0.0,50.0,Hamstring injury - 50% chance of playing
244042,1761955906,1761955906,d,0.0,75.0,Hamstring injury - 75% chance of playing
244042,1762034754,1762034754,a,75.0,100.0,
244042,1762756419,1762628409,d,100.0,75.0,Hamstring injury - 75% chance of playing
244042,1763658284,1763658284,i,100.0,0.0,Hamstring injury - Expected back 01 Jan
244042,1768206409,1768206409,i,0.0,0.0,Hamstring injury - Expected back 22 Feb
244042,1769243165,1769243165,i,0.0,0.0,Hamstring injury - Expected back 07 Feb
244042,1769847982,1769847982,d,0.0,25.0,Hamstring injury - 25% chance of playing
244042,1769897261,1769897261,d,25.0,50.0,Hamstring injury - 50% chance of playing
244042,1770452782,1770452782,a,100.0,100.0,
244723,1753156525,1753156525,a,,,
244723,1763591261,1763591261,a,0.0,0.0,
244723,1763593538,1763593538,a,,,
244731,1753156525,1753156525,a,,,
244731,1753894995,1753894995,u,,0.0,
244731,1754038182,1754038182,u,,0.0,Has joined Bayern Munch permanently.
244731,1754067802,1754067802,u,,0.0,
244731,1755193299,1755193299,u,,0.0,Has joined Bayern Munch permanently.
244850,1753156525,1753156525,a,,,
244850,1754889107,1754889107,d,,75.0,
244850,1755193299,1755193299,d,,75.0,Ankle injury - 75% chance of playing
244850,1755277274,1755277274,a,,100.0,
244851,1753156525,1753156525,a,,,
244851,1755937493,1755910808,d,,75.0,Groin Injury - 75% chance of playing
244851,1756487023,1756487023,i,,0.0,Groin Injury - Unknown return date
244851,1757696658,1757696658,d,0.0,75.0,Lack of match fitness - 75% chance of playing
244851,1757801133,1757801133,a,75.0,100.0,
244851,1758443078,1758411007,d,100.0,75.0,Groin Injury - 75% chance of playing
244851,1758906256,1758906256,i,100.0,0.0,Groin Injury - Expected back 18 Oct
244851,1759597454,1759597454,d,0.0,50.0,Groin Injury - 50% chance of playing
244851,1760720663,1760720663,i,0.0,0.0,Groin Injury - Expected back 22 Nov
244851,1763139876,1763139876,d,0.0,50.0,Groin Injury - 50% chance of playing
244851,1763743589,1763743589,i,0.0,0.0,Toe Injury - Unknown return date
244851,1764404721,1764404721,a,0.0,100.0,
244851,1768465580,1768465580,d,100.0,75.0,Thigh injury - 75% chance of playing
244851,1768687620,1768687620,a,75.0,100.0,
244851,1769070383,1769070383,d,75.0,75.0,Muscle injury - 75% chance of playing
244851,1769675256,1769675256,a,75.0,100.0,
244858,1753156525,1753156525,a,,,
244858,1763591261,1763591261,a,0.0,0.0,
244858,1763593538,1763593538,a,,,
244858,1764404721,1764404721,i,,0.0,Anterior cruciate ligament - Unknown return date
244858,1765527972,1765527972,i,0.0,0.0,Knee injury - Expected back 01 Jun
244954,1753156525,1753156525,a,,,
244954,1763591261,1763591261,a,0.0,0.0,
244954,1763593538,1763593538,a,,,
244954,1765527972,1765527972,d,,75.0,Calf injury - 75% chance of playing
244954,1765873588,1765873588,i,75.0,0.0,Calf injury - Expected back 30 Dec
244954,1767083176,1767083176,d,0.0,25.0,Calf injury - 25% chance of playing
244954,1767737264,1767737264,d,50.0,50.0,Calf injury - 50% chance of playing
244954,1767947179,1767947179,a,50.0,100.0,
246301,1753156525,1753156525,a,,,
246301,1763591261,1763591261,a,0.0,0.0,
246301,1763593538,1763593538,a,,,
247245,1753156525,1753156525,a,,,
247245,1763591261,1763591261,a,0.0,0.0,
247245,1763593538,1763593538,a,,,
247245,1767823641,1767823641,u,,0.0,has joined Lugano permanently.
247348,1753156525,1753156525,a,,,
247348,1763591261,1763591261,a,0.0,0.0,
247348,1763593538,1763593538,a,,,
247348,1765255061,1765255061,d,,75.0,Knee injury - 75% chance of playing
247348,1765404449,1765404449,i,,0.0,Knee injury - Expected back 17 Jan
247348,1768206409,1768206409,d,0.0,50.0,Knee injury - 50% chance of playing
247348,1768638346,1768638346,i,0.0,0.0,Knee injury - Expected back 25 Jan
247348,1769070383,1769070383,d,0.0,50.0,Knee injury - 50% chance of playing
247348,1769243165,1769243165,d,0.0,75.0,Lack of match fitness - 75% chance of playing
247348,1769502399,1769502399,a,75.0,100.0,
247348,1772871978,1772871978,d,100.0,75.0,Shoulder injury - 75% chance of playing
247348,1773908891,1773908891,a,75.0,100.0,
247412,1753156525,1753156525,a,,,
247412,1756487023,1756476008,d,,75.0,Achilles injury - 75% chance of playing
247412,1757696658,1757696658,i,75.0,0.0,Achilles injury - Unknown return date
247412,1758301479,1758301479,d,0.0,75.0,Lack of match fitness - 75% chance of playing
247412,1758443078,1758443078,a,75.0,100.0,
247412,1759511057,1759500009,d,100.0,75.0,Illness - 75% chance of playing
247412,1759739129,1759739129,a,75.0,100.0,
247632,1753156525,1753156525,a,,,
247632,1760720663,1760704209,d,,75.0,Knock - 75% chance of playing
247632,1760825156,1760825156,a,75.0,100.0,
247632,1762535068,1762520408,d,100.0,75.0,Knock - 75% chance of playing
247632,1762756419,1762686009,d,75.0,75.0,Groin Injury - 75% chance of playing
247632,1763743589,1763743589,a,75.0,100.0,
247632,1770242911,1770242911,d,100.0,75.0,Knock - 75% chance of playing
247632,1770502124,1770502124,a,75.0,100.0,
247632,1772402861,1772402861,s,100.0,0.0,Suspended until 14 Mar
247632,1772662268,1772662268,a,0.0,100.0,
247632,1773476815,1773476815,s,0.0,0.0,Suspended until 21 Mar
247632,1773526163,1773526163,a,0.0,100.0,
247632,1777971736,1777971736,d,100.0,75.0,Knock - 75% chance of playing
247632,1778230149,1778230149,d,100.0,25.0,Knock - 25% chance of playing
247632,1778491645,1778491645,d,25.0,50.0,Knock - 50% chance of playing
247632,1778836972,1778836972,d,25.0,75.0,Knock - 75% chance of playing
247632,1778970028,1778970028,a,75.0,100.0,
247670,1767737264,1767737264,a,,,
247693,1756832655,1756832655,a,,,
247693,1758702327,1758693606,d,,75.0,Dead leg - 75% chance of playing
247693,1758906256,1758906256,i,,0.0,Dead leg - Expected back 04 Oct
247693,1759356375,1759356375,i,0.0,0.0,Dead leg - Expected back 19 Oct
247693,1759597454,1759597454,d,0.0,75.0,Dead leg - 75% chance of playing
247693,1760720663,1760720663,a,0.0,100.0,
247693,1763139876,1763121608,d,100.0,25.0,Jaw Injury - 25% chance of playing
247693,1763799922,1763799922,a,100.0,100.0,
247955,1756832655,1756832655,a,,,
247955,1763591261,1763591261,a,0.0,0.0,
247955,1763593538,1763593538,a,,,
248056,1753156525,1753156525,a,,,
248056,1756023873,1755999006,d,,75.0,Knee injury - 75% chance of playing
248056,1756418748,1756418748,i,,0.0,Knee injury - Expected back 13 Aug
248056,1756487023,1756487023,i,,0.0,Knee injury - Expected back 13 Sep
248056,1757579121,1757579121,d,0.0,50.0,Knee injury - 50% chance of playing
248056,1757628364,1757628364,d,0.0,75.0,Knee injury - 75% chance of playing
248056,1757801133,1757801133,a,75.0,100.0,
248857,1753156525,1753156525,a,,,
248857,1758529539,1758493806,d,,75.0,Knock - 75% chance of playing
248857,1758702327,1758702327,i,,0.0,Knee injury - Unknown return date
248857,1761955906,1761955906,i,0.0,0.0,Knee injury - Expected back 23 Nov
248857,1763139876,1763139876,d,0.0,50.0,Knee injury - 50% chance of playing
248857,1764003885,1764003885,a,50.0,100.0,
248857,1774946377,1774946377,d,100.0,75.0,Knee injury - 75% chance of playing
248857,1775340621,1775340621,a,100.0,100.0,
248857,1776415909,1776415909,d,100.0,75.0,Knee injury - 75% chance of playing
248857,1776675755,1776675755,a,75.0,100.0,
248875,1753156525,1753156525,a,,,
248875,1763591261,1763591261,a,0.0,0.0,
248875,1763593538,1763593538,a,,,
248875,1765787186,1765787186,d,,75.0,Leg injury - 75% chance of playing
248875,1765922843,1765922843,i,,0.0,Leg injury - Expected back 01 Jan
248875,1767132422,1767132422,d,25.0,25.0,Leg injury - 25% chance of playing
248875,1767342382,1767342382,a,25.0,100.0,
248875,1769675256,1769675256,d,100.0,25.0,Calf injury - 25% chance of playing
248875,1769847982,1769847982,i,100.0,0.0,Calf injury - Expected back 11 Feb
248875,1770761898,1770761898,d,25.0,25.0,Calf injury - 25% chance of playing
248875,1771575781,1771575781,d,25.0,50.0,Calf injury - 50% chance of playing
248875,1771662375,1771662375,i,25.0,0.0,Calf injury - Expected back 28 Feb
248875,1771835504,1771835504,d,0.0,50.0,Calf injury - 50% chance of playing
248875,1772267168,1772267168,d,50.0,50.0,Lack of match fitness - 50% chance of playing
248875,1772316454,1772316454,a,50.0,100.0,
248937,1753156525,1753156525,a,,,
248937,1756832655,1756814432,u,,0.0,has joined Pogon Szczecin permanently.
249231,1753156525,1753156525,a,,,
249231,1763591261,1763591261,a,0.0,0.0,
249231,1763593538,1763593538,a,,,
250199,1753156525,1753156525,i,,0.0,
250199,1754038182,1754038182,i,,0.0,Knee injury - Expected back 04 Oct
250199,1754067802,1754067802,i,,0.0,
250199,1755193299,1755193299,i,,0.0,Knee injury - Expected back 04 Oct
250199,1757628364,1757628364,i,0.0,0.0,Knee injury - Expected back 05 Oct
250199,1758788726,1758788726,a,0.0,100.0,
250199,1765787186,1765787186,d,100.0,75.0,Knee injury - 75% chance of playing
250199,1766478386,1766478386,a,75.0,100.0,
250735,1753156525,1753156525,a,,,
250735,1756832655,1756817486,u,,0.0,has joined Kocaelispor  permanently.
424044,1753156525,1753156525,a,,,
424044,1756832655,1756817675,u,,0.0,has joined Marseille on loan for the rest of the season.
424876,1753156525,1753156525,a,,,
424876,1763591261,1763591261,a,0.0,0.0,
424876,1763593538,1763593538,a,,,
424876,1765663597,1765663597,d,,75.0,Ankle injury - 75% chance of playing
424876,1766305538,1766305538,s,75.0,0.0,Suspended until 01 Jan
424876,1766873233,1766873233,a,0.0,100.0,
424876,1770588576,1770588576,s,100.0,0.0,Suspended until 22 Feb
424876,1770847892,1770847892,a,0.0,100.0,
427623,1753156525,1753156525,a,,,
427623,1761955906,1761955906,a,,100.0,
427623,1766564784,1766564784,d,100.0,50.0,Foot injury - 50% chance of playing
427623,1767428749,1767428749,d,50.0,25.0,Foot injury - 25% chance of playing
427623,1767737264,1767737264,a,100.0,100.0,
427623,1779056518,1779056518,d,100.0,75.0,Knock - 75% chance of playing
427623,1779441967,1779441967,i,100.0,0.0,Ankle injury - Expected back 01 Jun
427637,1753156525,1753156525,a,,,
427637,1763591261,1763591261,a,0.0,0.0,
427637,1763593538,1763593538,a,,,
427637,1779056518,1779056518,d,,75.0,Knee injury - 75% chance of playing
427637,1779661457,1779661457,a,75.0,100.0,
428580,1753156525,1753156525,a,,,
428580,1763591261,1763591261,a,0.0,0.0,
428580,1763593538,1763593538,a,,,
428580,1765663597,1765663597,n,,0.0,On international duty at the Africa Cup of Nations from Gameweek 17 onwards. - Unknown return date
428580,1768638346,1768638346,n,0.0,0.0,On international duty at the Africa Cup of Nations from Gameweek 17 onwards. - Expected back 25 Jan
428580,1768669464,1768669464,a,0.0,100.0,
428580,1770107241,1770107241,u,100.0,0.0,has joined Coventry City on loan for the rest of the season.
428971,1753156525,1753156525,a,,,
428971,1753722233,1753722233,u,,0.0,
428971,1754038182,1754038182,u,,0.0,Has joined Millwall on loan for the rest of the season.
428971,1754067802,1754067802,u,,0.0,
428971,1755193299,1755193299,u,,0.0,Has joined Millwall on loan for the rest of the season.
428971,1768638346,1768638346,a,0.0,100.0,
428971,1770242911,1770242911,u,100.0,0.0,has joined Feyenoord on loan for the rest of the season.
429414,1753156525,1753156525,a,,,
429414,1757323417,1757322715,u,,0.0,has joined LASK on loan for the rest of the season.
430871,1753156525,1753156525,a,,,
430871,1756628683,1756602008,d,,75.0,Hamstring injury - 75% chance of playing
430871,1757696658,1757696658,i,,0.0,Hamstring injury - Unknown return date
430871,1758301479,1758301479,a,0.0,100.0,
430871,1764059165,1764059165,d,100.0,75.0,Head injury - 75% chance of playing
430871,1764404721,1764404721,i,100.0,0.0,Head injury - Expected back 04 Dec
430871,1764663971,1764663971,d,0.0,75.0,Head injury - 75% chance of playing
430871,1764799710,1764799710,a,75.0,100.0,
430871,1777367205,1777367205,d,100.0,75.0,Hip injury - 75% chance of playing
430871,1777885571,1777885571,a,75.0,100.0,
431248,1756505162,1756505162,a,,,
431248,1763591261,1763591261,a,0.0,0.0,
431248,1763593538,1763593538,a,,,
431248,1764577584,1764577584,d,,75.0,Knock - 75% chance of playing
431248,1765255061,1765255061,a,75.0,100.0,
431248,1769847982,1769847982,d,100.0,75.0,Illness - 75% chance of playing
431248,1770452782,1770452782,a,100.0,100.0,
431248,1771835504,1771835504,s,100.0,0.0,Suspended until 03 Mar
431248,1772316454,1772316454,a,0.0,100.0,
431248,1776550371,1776550371,d,100.0,75.0,Neck - 75% chance of playing
431248,1777106067,1777106067,d,50.0,50.0,Neck - 50% chance of playing
431248,1777711559,1777711559,i,0.0,0.0,Neck - Expected back 09 May
431248,1777760246,1777760246,d,0.0,50.0,Neck - 50% chance of playing
431248,1778316628,1778316628,a,0.0,100.0,
431639,1753156525,1753156525,a,,,
431639,1763591261,1763591261,a,0.0,0.0,
431639,1763593538,1763593538,a,,,
431639,1767218850,1767218850,d,,75.0,Knock - 75% chance of playing
431639,1767428749,1767428749,d,,25.0,Knock - 25% chance of playing
431639,1767737264,1767737264,i,0.0,0.0,Knock - Expected back 17 Jan
431639,1768206409,1768206409,d,0.0,50.0,Knock - 50% chance of playing
431639,1768551991,1768551991,i,0.0,0.0,Knock - Expected back 24 Jan
431639,1769070383,1769070383,d,0.0,50.0,Knock - 50% chance of playing
431639,1769156782,1769156782,d,0.0,75.0,Lack of match fitness - 75% chance of playing
431639,1769761644,1769761644,a,75.0,100.0,
431639,1772662268,1772662268,d,100.0,75.0,Calf injury - 75% chance of playing
431639,1773363859,1773333010,d,100.0,75.0,Lack of match fitness - 75% chance of playing
431639,1773526163,1773526163,a,75.0,100.0,
432422,1753156525,1753156525,a,,,
432422,1756196727,1756162808,d,,50.0,Shoulder injury - 50% chance of playing
432422,1756591533,1756591533,a,50.0,100.0,
432422,1761325489,1761301809,d,100.0,75.0,Illness - 75% chance of playing
432422,1761343604,1761343604,a,100.0,100.0,
432422,1761344648,1761344648,d,75.0,75.0,Illness - 75% chance of playing
432422,1761467118,1761467118,a,75.0,100.0,
432422,1764799710,1764799710,d,100.0,75.0,Knock - 75% chance of playing
432422,1765058794,1765058794,a,75.0,100.0,
432422,1773871958,1773871958,d,100.0,75.0,Groin Injury - 75% chance of playing
432422,1774686465,1774686465,a,75.0,100.0,
432422,1779056518,1779056518,d,100.0,75.0,Muscle injury - 75% chance of playing
432422,1779182898,1779182898,d,100.0,25.0,Hamstring injury - 25% chance of playing
432422,1779526653,1779526653,d,100.0,75.0,Hamstring injury - 75% chance of playing
432714,1753156525,1753156525,a,,,
432714,1763591261,1763591261,a,0.0,0.0,
432714,1763593538,1763593538,a,,,
432720,1753156525,1753156525,a,,,
432720,1763591261,1763591261,a,0.0,0.0,
432720,1763593538,1763593538,a,,,
432830,1753156525,1753156525,a,,,
432830,1763591261,1763591261,a,0.0,0.0,
432830,1763593538,1763593538,a,,,
433036,1753156525,1753156525,a,,,
433036,1763591261,1763591261,a,0.0,0.0,
433036,1763593538,1763593538,a,,,
433154,1753156525,1753156525,a,,,
433154,1763591261,1763591261,a,0.0,0.0,
433154,1763593538,1763593538,a,,,
433312,1753156525,1753156525,a,,,
433312,1763591261,1763591261,a,0.0,0.0,
433312,1763593538,1763593538,a,,,
433312,1764923156,1764923156,d,,25.0,Calf injury - 25% chance of playing
433312,1765318275,1765318275,i,25.0,0.0,Calf injury - Expected back 18 Jan
433312,1768206409,1768206409,d,0.0,50.0,Calf injury - 50% chance of playing
433312,1768638346,1768638346,u,0.0,0.0,has joined Paris FC on loan for the rest of the season.
433952,1753156525,1753156525,a,,,
433952,1756832655,1756814432,u,,0.0,has joined Valencia on loan for the rest of the season.
434399,1753156525,1753156525,a,,,
434399,1758529539,1758493806,s,,0.0,Suspended until 25 Oct
434399,1760807044,1760807044,a,0.0,100.0,
434399,1765255061,1765255061,d,100.0,75.0,Groin Injury - 75% chance of playing
434399,1765614340,1765614340,a,100.0,100.0,
434399,1765663597,1765663597,n,100.0,0.0,On international duty at the Africa Cup of Nations from Gameweek 17 onwards. - Unknown return date
434399,1767737264,1767737264,d,25.0,25.0,International Duty - 25% chance of playing
434399,1768033551,1768033551,a,25.0,100.0,
434399,1771662375,1771662375,i,100.0,0.0,Knee injury - Expected back 22 Mar
434399,1772180882,1772180882,i,0.0,0.0,Knee injury - Expected back 14 Mar
434399,1772662268,1772662268,d,0.0,50.0,Knee injury - 50% chance of playing
434399,1773363859,1773363859,i,0.0,0.0,Knee injury - Expected back 22 Mar
434399,1773526163,1773526163,d,0.0,75.0,Knee injury - 75% chance of playing
434399,1774081598,1774081598,a,100.0,100.0,
434752,1753156525,1753156525,s,,0.0,
434752,1754038182,1754038182,s,,0.0,Suspended until 23 Aug
434752,1754067802,1754067802,s,,0.0,
434752,1755193299,1755193299,s,,0.0,Suspended until 23 Aug
434752,1755450072,1755450072,a,0.0,100.0,
434752,1755720768,1755720768,s,,0.0,Suspended until 23 Aug
434752,1755720919,1755720919,a,0.0,100.0,
434752,1768687620,1768687620,i,100.0,0.0,Hamstring injury - Expected back 21 Feb
434752,1769156782,1769156782,i,100.0,0.0,Hamstring injury - Expected back 10 Feb
434752,1770242911,1770242911,d,0.0,75.0,Lack of match fitness - 75% chance of playing
434752,1770452782,1770452782,a,75.0,100.0,
434752,1775810893,1775810893,d,100.0,75.0,Knock - 75% chance of playing
434752,1776156699,1776156699,a,75.0,100.0,
434752,1777501490,1777501490,d,100.0,75.0,Hip injury - 75% chance of playing
434752,1777711559,1777711559,a,75.0,100.0,
435973,1753156525,1753156525,a,,,
435973,1760461466,1760446807,d,,75.0,Knock - 75% chance of playing
435973,1760689551,1760689551,d,,75.0,Dead leg - 75% chance of playing
435973,1761325489,1761325489,a,75.0,100.0,
435973,1761343604,1761343604,d,75.0,75.0,Dead leg - 75% chance of playing
435973,1761344648,1761344648,a,100.0,100.0,
435973,1765663597,1765663597,n,100.0,0.0,On international duty at the Africa Cup of Nations from Gameweek 17 onwards. - Unknown return date
435973,1767737264,1767737264,d,75.0,75.0,International Duty - 75% chance of playing
435973,1767947179,1767947179,a,75.0,100.0,
435997,1755796138,1755796138,a,,,
435997,1755882217,1755865807,d,,75.0,Lack of match fitness - 75% chance of playing
435997,1756023873,1756023873,a,75.0,100.0,
435997,1756418748,1756400408,d,75.0,25.0,Groin Injury - 25% chance of playing
435997,1756591533,1756591533,a,25.0,100.0,
435997,1760689551,1760661011,d,100.0,75.0,Thigh injury - 75% chance of playing
435997,1761239091,1761239091,d,75.0,50.0,Thigh injury - 50% chance of playing
435997,1761411869,1761411869,a,50.0,100.0,
435997,1771316981,1771316981,d,100.0,75.0,Muscle injury - 75% chance of playing
435997,1771575781,1771575781,i,100.0,0.0,Hamstring injury - Expected back 14 Mar
435997,1772662268,1772662268,d,0.0,50.0,Hamstring injury - 50% chance of playing
435997,1773476815,1773476815,d,0.0,25.0,Hip injury - 25% chance of playing
435997,1773995278,1773995278,a,25.0,100.0,
435997,1775810893,1775810893,d,100.0,75.0,Back injury - 75% chance of playing
435997,1776156699,1776156699,a,75.0,100.0,
435997,1777501490,1777501490,d,100.0,75.0,Calf injury - 75% chance of playing
435997,1777711559,1777711559,a,75.0,100.0,
435997,1778316628,1778316628,i,75.0,0.0,Calf injury - Expected back 24 May
435997,1778921668,1778921668,d,0.0,50.0,Calf injury - 50% chance of playing
435997,1779526653,1779526653,i,0.0,0.0,Calf injury - Expected back 01 Jun
436234,1753156525,1753156525,a,,,
436234,1758560667,1758533216,u,,0.0,has joined Girona permanently.
436416,1769638214,1769638214,a,,,
436893,1753156525,1753156525,a,,,
436893,1756418748,1756400407,s,,0.0,Suspended until 13 Sep
436893,1756591533,1756591533,a,0.0,100.0,
436893,1767428749,1767428749,u,100.0,0.0,has joined Celtic on loan for the rest of the season.
437495,1753156525,1753156525,a,,,
437495,1763591261,1763591261,a,0.0,0.0,
437495,1763593538,1763593538,a,,,
437499,1753156525,1753156525,a,,,
437499,1763591261,1763591261,a,0.0,0.0,
437499,1763593538,1763593538,a,,,
437499,1771575781,1771575781,d,,75.0,Thigh injury - 75% chance of playing
437499,1771662375,1771662375,d,,25.0,Thigh injury - 25% chance of playing
437499,1771921852,1771921852,d,25.0,75.0,Thigh injury - 75% chance of playing
437499,1772267168,1772267168,a,100.0,100.0,
437499,1772402861,1772402861,s,100.0,0.0,Suspended until 15 Mar
437499,1772662268,1772662268,a,0.0,100.0,
437499,1776501074,1776501074,d,100.0,75.0,Knee injury - 75% chance of playing
437499,1776809957,1776809957,a,75.0,100.0,
437505,1753156525,1753156525,a,,,
437505,1763591261,1763591261,a,0.0,0.0,
437505,1763593538,1763593538,a,,,
437505,1767564440,1767564440,d,,75.0,Knock - 75% chance of playing
437505,1768206409,1768206409,a,75.0,100.0,
437730,1753156525,1753156525,a,,,
437730,1763399081,1763384408,d,,75.0,Ankle injury - 75% chance of playing
437730,1764453978,1764453978,a,75.0,100.0,
437738,1753156525,1753156525,a,,,
437738,1754889107,1754889107,d,,75.0,
437738,1755193299,1755193299,d,,75.0,Calf injury - 75% chance of playing
437738,1755709442,1755709442,a,75.0,100.0,
437738,1755720768,1755720768,d,,75.0,Calf injury - 75% chance of playing
437738,1755720919,1755720919,a,75.0,100.0,
437738,1762553215,1762527609,d,100.0,75.0,Knee injury - 75% chance of playing
437738,1763799922,1763799922,a,75.0,100.0,
437738,1764281215,1764281215,d,100.0,75.0,Knock - 75% chance of playing
437738,1764923156,1764923156,a,75.0,100.0,
437738,1768206409,1768206409,d,100.0,75.0,Hip injury - 75% chance of playing
437738,1768551991,1768551991,a,100.0,100.0,
437742,1753156525,1753156525,a,,,
437742,1756832655,1756820453,u,,0.0,has joined Hamburger permanently.
437748,1753156525,1753156525,a,,,
437748,1763591261,1763591261,a,0.0,0.0,
437748,1763593538,1763593538,a,,,
437748,1767737264,1767737264,i,0.0,0.0,Knock - Unknown return date
437748,1768551991,1768551991,i,0.0,0.0,Ankle injury - Unknown return date
437748,1773363859,1773333010,d,0.0,75.0,Lack of match fitness - 75% chance of playing
437748,1775945454,1775945454,a,75.0,100.0,
438098,1753156525,1753156525,a,,,
438098,1756832655,1756820286,u,,0.0,has joined Hamburger on loan for the rest of the season.
438234,1753156525,1753156525,a,,,
438234,1757579121,1757556007,i,,0.0,Knee injury - Unknown return date
438234,1757696658,1757696658,i,,0.0,Knee injury - Expected back 18 Oct
438234,1758301479,1758301479,d,0.0,25.0,Knee injury - 25% chance of playing
438234,1758906256,1758906256,i,25.0,0.0,Knee injury - Expected back 18 Oct
438234,1759597454,1759597454,d,0.0,50.0,Knee injury - 50% chance of playing
438234,1760689551,1760689551,d,0.0,75.0,Knee injury - 75% chance of playing
438234,1760720663,1760706011,d,0.0,75.0,Lack of match fitness - 75% chance of playing
438234,1760825156,1760825156,a,75.0,100.0,
438234,1765663597,1765663597,n,100.0,0.0,On international duty at the Africa Cup of Nations from Gameweek 17 onwards. - Unknown return date
438234,1768638346,1768638346,n,0.0,0.0,On international duty at the Africa Cup of Nations from Gameweek 17 onwards. - Expected back 24 Jan
438234,1768669464,1768669464,a,0.0,100.0,
438464,1753156525,1753156525,i,,0.0,
438464,1754038182,1754038182,i,,0.0,Knee injury - Unknown return date
438464,1754067802,1754067802,i,,0.0,
438464,1755193299,1755193299,i,,0.0,Knee injury - Unknown return date
438464,1775686702,1775686702,d,0.0,25.0,Lack of match fitness - 25% chance of playing
438464,1775896112,1775896112,i,0.0,0.0,Lack of match fitness - Expected back 01 Jun
439135,1753156525,1753156525,a,,,
439135,1753722233,1753722233,u,,0.0,
439135,1754038182,1754038182,u,,0.0,Has joined Birmingham on loan for the rest of the season.
439135,1754067802,1754067802,u,,0.0,
439135,1755193299,1755193299,u,,0.0,Has joined Birmingham on loan for the rest of the season.
439135,1768551991,1768551991,u,0.0,0.0,has joined Blackburn Rovers on loan for the rest of the season.
440089,1753156525,1753156525,a,,,
440089,1763591261,1763591261,a,0.0,0.0,
440089,1763593538,1763593538,a,,,
440089,1769502399,1769502399,d,,75.0,Knee injury - 75% chance of playing
440089,1770020907,1770020907,a,75.0,100.0,
440089,1774081598,1774081598,d,75.0,75.0,Knock - 75% chance of playing
440089,1774686465,1774686465,a,75.0,100.0,
440148,1753156525,1753156525,a,,,
440148,1754889107,1754889107,u,,0.0,
440148,1755193299,1755193299,u,,0.0,Has joined Lyon permanently.
440323,1754931789,1754931789,d,,75.0,
440323,1755190918,1755190918,a,,100.0,
440323,1755882217,1755865807,d,100.0,75.0,Lack of match fitness - 75% chance of playing
440323,1756418748,1756418748,a,75.0,100.0,
440323,1763417222,1763388009,d,100.0,75.0,Ankle injury - 75% chance of playing
440323,1763849178,1763849178,a,75.0,100.0,
440323,1771575781,1771575781,i,100.0,0.0,Knock - Expected back 14 Mar
440323,1772662268,1772662268,d,0.0,50.0,Knock - 50% chance of playing
440323,1773363859,1773333010,d,0.0,75.0,Lack of match fitness - 75% chance of playing
440323,1773526163,1773526163,a,75.0,100.0,
440854,1753156525,1753156525,a,,,
440854,1756832655,1756820246,u,,0.0,has joined Porto on loan for the rest of the season.
440955,1753156525,1753156525,a,,,
440955,1757091850,1757062598,u,,0.0,has joined Arka on loan for the rest of the season.
440993,1753156525,1753156525,a,,,
440993,1757696658,1757692809,d,,75.0,Knock - 75% chance of playing
440993,1757801133,1757801133,a,75.0,100.0,
440993,1762275852,1762254008,d,100.0,75.0,Muscle injury - 75% chance of playing
440993,1762553215,1762553215,a,100.0,100.0,
440993,1765663597,1765663597,n,100.0,0.0,On international duty at the Africa Cup of Nations from Gameweek 17 onwards. - Unknown return date
440993,1768638346,1768638346,n,0.0,0.0,On international duty at the Africa Cup of Nations from Gameweek 17 onwards. - Expected back 26 Jan
440993,1768669464,1768669464,a,0.0,100.0,
440993,1774717748,1774717748,d,100.0,75.0,Foot injury - 75% chance of playing
440993,1775896112,1775896112,a,100.0,100.0,
441024,1753156525,1753156525,a,,,
441024,1760720663,1760709610,i,,0.0,Thigh injury - Unknown return date
441024,1763743589,1763743589,a,0.0,100.0,
441024,1768551991,1768551991,u,100.0,0.0,has joined Bradford City on loan for the rest of the season.
441164,1753156525,1753156525,a,,,
441164,1763591261,1763591261,a,0.0,0.0,
441164,1763593538,1763593538,a,,,
441164,1769638214,1769638214,i,,0.0,Hamstring injury - Expected back 22 Feb
441164,1771106860,1771106860,i,0.0,0.0,Hamstring injury - Expected back 01 Mar
441164,1771835504,1771835504,d,0.0,50.0,Hamstring injury - 50% chance of playing
441164,1772180882,1772180882,a,0.0,100.0,
441191,1753156525,1753156525,a,,,
441191,1759134347,1759105807,d,,50.0,Knee injury - 50% chance of playing
441191,1759356375,1759356375,i,,0.0,Knee injury - Expected back 22 Nov
441191,1763139876,1763139876,d,0.0,50.0,Knee injury - 50% chance of playing
441191,1763743589,1763743589,d,0.0,75.0,Lack of match fitness - 75% chance of playing
441191,1763886319,1763886319,a,75.0,100.0,
441191,1766077634,1766077634,d,100.0,75.0,Knee injury - 75% chance of playing
441191,1766219148,1766219148,i,100.0,0.0,Knee injury - Expected back 04 Jan
441191,1767083176,1767083176,d,0.0,25.0,Knee injury - 25% chance of playing
441191,1767428749,1767428749,d,25.0,50.0,Knee injury - 50% chance of playing
441191,1767564440,1767564440,a,50.0,100.0,
441191,1768169236,1768169236,d,100.0,25.0,Hamstring injury - 25% chance of playing
441191,1768379187,1768379187,i,100.0,0.0,Hamstring injury - Unknown return date
441191,1769847982,1769847982,i,0.0,0.0,Hamstring injury - Expected back 14 Mar
441191,1771662375,1771662375,i,0.0,0.0,Hamstring injury - Expected back 04 Mar
441191,1772267168,1772267168,i,0.0,0.0,Hamstring injury - Expected back 14 Mar
441191,1772575854,1772575854,d,25.0,25.0,Hamstring injury - 25% chance of playing
441191,1772662268,1772662268,d,25.0,50.0,Hamstring injury - 50% chance of playing
441191,1772958398,1772958398,a,25.0,100.0,
441191,1776550371,1776550371,d,100.0,75.0,Thigh injury - 75% chance of playing
441191,1777106067,1777106067,i,0.0,0.0,Thigh injury - Unknown return date
441191,1778316628,1778316628,i,0.0,0.0,Thigh injury - Expected back 01 Jun
441192,1753156525,1753156525,a,,,
441192,1756832655,1756814789,u,,0.0,has joined Cremonese on loan for the rest of the season.
441192,1769502399,1769502399,a,0.0,100.0,
441192,1769551704,1769551704,u,0.0,0.0,has joined Middlesbrough on loan for the rest of the season.
441240,1753156525,1753156525,a,,,
441240,1757610260,1757598239,u,,0.0,has joined Al Taawoun permanently.
441240,1768551991,1768551991,a,0.0,100.0,
441240,1770452782,1770452782,u,100.0,0.0,has joined Auxerre permanently.
441264,1756832655,1756832655,a,,,
441264,1763591261,1763591261,a,0.0,0.0,
441264,1763593538,1763593538,a,,,
441264,1767342382,1767342382,d,,75.0,Muscle injury - 75% chance of playing
441264,1767564440,1767564440,a,75.0,100.0,
441264,1771835504,1771835504,d,100.0,75.0,Knock - 75% chance of playing
441264,1772180882,1772180882,i,100.0,0.0,Groin Injury - Expected back 14 Mar
441264,1772662268,1772662268,d,0.0,50.0,Groin Injury - 50% chance of playing
441264,1772871978,1772871978,d,0.0,75.0,Groin Injury - 75% chance of playing
441264,1773363859,1773363859,d,0.0,75.0,Lack of match fitness - 75% chance of playing
441264,1773526163,1773526163,a,75.0,100.0,
441266,1753156525,1753156525,s,,0.0,
441266,1754038182,1754038182,s,,0.0,Suspended until 25 Aug
441266,1754067802,1754067802,s,,0.0,
441266,1755193299,1755193299,s,,0.0,Suspended until 25 Aug
441266,1755450072,1755450072,a,0.0,100.0,
441266,1755720768,1755720768,s,,0.0,Suspended until 25 Aug
441266,1755720919,1755720919,a,0.0,100.0,
441266,1760948747,1760920210,d,100.0,75.0,Ankle injury - 75% chance of playing
441266,1762071908,1762071908,a,75.0,100.0,
441271,1753156525,1753156525,a,,,
441271,1756023873,1755990008,d,,75.0,Knock - 75% chance of playing
441271,1757696658,1757696658,d,75.0,25.0,Knee injury - 25% chance of playing
441271,1758443078,1758443078,a,25.0,100.0,
441271,1768551991,1768551991,u,100.0,0.0,has joined Sheffield United on loan for the rest of the season.
441302,1753156525,1753156525,a,,,
441302,1763591261,1763591261,a,0.0,0.0,
441302,1763593538,1763593538,a,,,
444102,1753156525,1753156525,a,,,
444102,1760862290,1760837409,d,,50.0,Calf injury - 50% chance of playing
444102,1761325489,1761325489,i,,0.0,Calf injury - Expected back 02 Nov
444102,1761343604,1761343604,d,,50.0,Calf injury - 50% chance of playing
444102,1761344648,1761344648,i,0.0,0.0,Calf injury - Expected back 02 Nov
444102,1761467118,1761467118,d,0.0,50.0,Calf injury - 50% chance of playing
444102,1761955906,1761955906,a,0.0,100.0,
444102,1772316454,1772316454,d,100.0,75.0,Dead leg - 75% chance of playing
444102,1772662268,1772662268,a,75.0,100.0,
444145,1753156525,1753156525,a,,,
444145,1761955906,1761685208,d,,25.0,Knock - 25% chance of playing
444145,1762535068,1762535068,d,25.0,25.0,Muscle injury - 25% chance of playing
444145,1763417222,1763417222,d,25.0,50.0,Muscle injury - 50% chance of playing
444145,1764003885,1764003885,a,50.0,100.0,
444145,1766564784,1766564784,d,100.0,75.0,Knock - 75% chance of playing
444145,1766873233,1766873233,a,75.0,100.0,
444172,1753156525,1753156525,a,,,
444172,1763591261,1763591261,a,0.0,0.0,
444172,1763593538,1763593538,a,,,
444172,1767428749,1767428749,i,,0.0,Ankle injury - Unknown return date
444172,1770156714,1770156714,u,0.0,0.0,has joined Leyton Orient on loan for the rest of the season.
444180,1753156525,1753156525,a,,,
444180,1759856668,1759836608,d,,75.0,Knock - 75% chance of playing
444180,1760825156,1760825156,a,75.0,100.0,
444463,1753156525,1753156525,a,,,
444463,1755277274,1755253807,d,,75.0,Lack of match fitness - 75% chance of playing
444463,1755505538,1755505538,a,75.0,100.0,
444463,1758906256,1758886207,i,100.0,0.0,Head injury - Expected back 18 Oct
444463,1759597454,1759597454,d,0.0,75.0,Head injury - 75% chance of playing
444463,1760720663,1760720663,a,0.0,100.0,
444463,1765355185,1765355185,d,100.0,75.0,Eye Injury - 75% chance of playing
444463,1765614340,1765614340,a,100.0,100.0,
444463,1767564440,1767564440,d,100.0,75.0,Illness - 75% chance of playing
444463,1767947179,1767947179,a,75.0,100.0,
444463,1771711651,1771711651,s,100.0,0.0,Suspended until 04 Mar
444463,1772316454,1772316454,a,0.0,100.0,
444463,1779661457,1779661457,s,100.0,0.0,Suspended until 05 Sep
444765,1753156525,1753156525,a,,,
444765,1763591261,1763591261,a,0.0,0.0,
444765,1763593538,1763593538,a,,,
444765,1766873233,1766873233,d,,75.0,Knock - 75% chance of playing
444765,1767342382,1767342382,a,75.0,100.0,
444884,1753156525,1753156525,a,,,
444884,1761467118,1761433208,n,,0.0,Ineligible to face his parent club on 1/11. - Expected back 09 Nov
444884,1762034754,1762034754,a,0.0,100.0,
444884,1766219148,1766219148,d,100.0,75.0,Illness - 75% chance of playing
444884,1767428749,1767428749,a,75.0,100.0,
444884,1771662375,1771662375,i,100.0,0.0,Knock - Unknown return date
444884,1773267016,1773267016,d,0.0,50.0,Knock - 50% chance of playing
444884,1773363859,1773363859,a,0.0,100.0,
444884,1778365174,1778365174,n,100.0,0.0,Ineligible to face his parent club on 15/5. - Expected back 24 May
444884,1778921668,1778921668,a,0.0,100.0,
445044,1753156525,1753156525,i,,0.0,
445044,1754038182,1754038182,i,,0.0,Knee injury - Unknown return date
445044,1754067802,1754067802,i,,0.0,
445044,1755193299,1755193299,i,,0.0,Knee injury - Unknown return date
445122,1753156525,1753156525,a,,,
445122,1763591261,1763591261,a,0.0,0.0,
445122,1763593538,1763593538,a,,,
445122,1765433336,1765433336,d,,75.0,Knock - 75% chance of playing
445122,1765700737,1765700737,a,75.0,100.0,
445122,1766873233,1766873233,d,100.0,75.0,Knock - 75% chance of playing
445122,1767169581,1767169581,a,75.0,100.0,
445122,1769638214,1769638214,d,100.0,75.0,Knock - 75% chance of playing
445122,1769847982,1769847982,a,100.0,100.0,
445122,1774341169,1774341169,d,100.0,75.0,Ankle injury - 75% chance of playing
445122,1777106067,1777106067,i,0.0,0.0,Ankle injury - Unknown return date
445122,1779441967,1779441967,d,0.0,25.0,Lack of match fitness - 25% chance of playing
446008,1753156525,1753156525,a,,,
446008,1763591261,1763591261,a,0.0,0.0,
446008,1763593538,1763593538,a,,,
446008,1765663597,1765663597,n,,0.0,On international duty at the Africa Cup of Nations from Gameweek 17 onwards. - Unknown return date
446008,1768033551,1768033551,a,0.0,100.0,
446008,1776761683,1776761683,d,100.0,75.0,Knock - 75% chance of playing
446008,1777367205,1777367205,a,75.0,100.0,
447203,1753156525,1753156525,a,,,
447203,1754931789,1754931789,u,,0.0,
447203,1755193299,1755193299,u,,0.0,Has joined Al-Hilal permanently.
447325,1753156525,1753156525,a,,,
447325,1763591261,1763591261,a,0.0,0.0,
447325,1763593538,1763593538,a,,,
447325,1768897593,1768897593,u,,0.0,has joined Cardiff City permanently.
447715,1753156525,1753156525,a,,,
447715,1756832655,1756817486,u,,0.0,has joined Leicester City on loan for the rest of the season.
448047,1753156525,1753156525,a,,,
448047,1760375075,1760347808,d,,75.0,Knee injury - 75% chance of playing
448047,1761239091,1761239091,a,75.0,100.0,
448047,1762756419,1762686009,d,100.0,75.0,Knee injury - 75% chance of playing
448047,1763743589,1763743589,a,100.0,100.0,
448047,1775322603,1775322603,n,100.0,0.0,Made unavailable for selection on 4/4 and 12/4. - Expected back 18 Apr
448047,1775945454,1775945454,a,0.0,100.0,
448089,1753156525,1753156525,a,,,
448089,1763591261,1763591261,a,0.0,0.0,
448089,1763593538,1763593538,a,,,
448089,1764923156,1764923156,s,,0.0,Suspended until 13 Dec
448089,1765058794,1765058794,a,0.0,100.0,
448089,1767687979,1767687979,d,100.0,75.0,Groin Injury - 75% chance of playing
448089,1767947179,1767947179,a,75.0,100.0,
448104,1756832655,1756832655,a,,,
448104,1758702327,1758693606,d,,25.0,Groin Injury - 25% chance of playing
448104,1759511057,1759511057,i,25.0,0.0,Groin Injury - Expected back 18 Oct
448104,1759597454,1759597454,d,0.0,75.0,Groin Injury - 75% chance of playing
448104,1760720663,1760720663,a,0.0,100.0,
448104,1766564784,1766564784,d,100.0,75.0,Knock - 75% chance of playing
448104,1766873233,1766873233,a,75.0,100.0,
448104,1768033551,1768033551,d,100.0,75.0,Muscle injury - 75% chance of playing
448104,1768897593,1768897593,d,75.0,50.0,Muscle injury - 50% chance of playing
448104,1769243165,1769243165,d,75.0,75.0,Lack of match fitness - 75% chance of playing
448104,1769502399,1769502399,a,75.0,100.0,
448104,1774946377,1774946377,d,100.0,75.0,Muscle injury - 75% chance of playing
448104,1775322603,1775322603,d,100.0,50.0,Muscle injury - 50% chance of playing
448104,1775945454,1775945454,a,50.0,100.0,
448514,1753156525,1753156525,a,,,
448514,1756023873,1755988206,d,,75.0,Ankle injury - 75% chance of playing
448514,1756487023,1756487023,a,,100.0,
448514,1757696658,1757682010,d,100.0,25.0,Knock - 25% chance of playing
448514,1758906256,1758906256,i,25.0,0.0,Ankle injury - Expected back 18 Oct
448514,1759597454,1759597454,d,0.0,50.0,Ankle injury - 50% chance of playing
448514,1760689551,1760689551,d,0.0,75.0,Ankle injury - 75% chance of playing
448514,1760720663,1760706011,d,0.0,75.0,Lack of match fitness - 75% chance of playing
448514,1761084417,1761084417,a,75.0,100.0,
448514,1765663597,1765663597,n,100.0,0.0,On international duty at the Africa Cup of Nations from Gameweek 17 onwards. - Unknown return date
448514,1768119950,1768119950,a,0.0,100.0,
449027,1753156525,1753156525,a,,,
449027,1763591261,1763591261,a,0.0,0.0,
449027,1763593538,1763593538,a,,,
449027,1776675755,1776675755,d,,75.0,Knee injury - 75% chance of playing
449027,1776896421,1776896421,d,,25.0,Knee injury - 25% chance of playing
449027,1777106067,1777106067,i,0.0,0.0,Knee injury - Unknown return date
449027,1778316628,1778316628,d,0.0,50.0,Knee injury - 50% chance of playing
449027,1778365174,1778365174,a,50.0,100.0,
449434,1753156525,1753156525,a,,,
449434,1763591261,1763591261,a,0.0,0.0,
449434,1763593538,1763593538,a,,,
449434,1766873233,1766873233,d,,75.0,Knock - 75% chance of playing
449434,1767737264,1767737264,d,25.0,25.0,Knock - 25% chance of playing
449434,1768206409,1768206409,d,25.0,50.0,Knock - 50% chance of playing
449434,1768292788,1768292788,d,25.0,75.0,Knock - 75% chance of playing
449434,1768379187,1768379187,a,25.0,100.0,
449434,1768551991,1768551991,d,25.0,25.0,Knock - 25% chance of playing
449434,1768638346,1768638346,a,25.0,100.0,
449871,1753156525,1753156525,a,,,
449871,1756505162,1756492208,d,,50.0,Hamstring injury - 50% chance of playing
449871,1757714774,1757714774,i,50.0,0.0,Hamstring injury - Unknown return date
449871,1759739129,1759739129,a,0.0,100.0,
449871,1763658284,1763658284,d,100.0,75.0,Knock - 75% chance of playing
449871,1764263058,1764263058,a,75.0,100.0,
449871,1767169581,1767169581,d,100.0,75.0,Knock - 75% chance of playing
449871,1767428749,1767428749,i,100.0,0.0,Knock - Unknown return date
449871,1768638346,1768638346,i,0.0,0.0,Muscle injury - Expected back 25 Jan
449871,1769070383,1769070383,a,0.0,100.0,
449871,1777280828,1777280828,d,100.0,75.0,Knock - 75% chance of playing
449871,1777711559,1777711559,i,0.0,0.0,Knock - Unknown return date
449871,1778316628,1778316628,d,0.0,25.0,Knock - 25% chance of playing
449871,1778836972,1778836972,i,25.0,0.0,Calf injury - Unknown return date
449871,1779441967,1779441967,a,0.0,100.0,
449988,1753156525,1753156525,a,,,
449988,1756832655,1756818667,u,,0.0,has joined Borussia Dortmund permanently.
450070,1753156525,1753156525,i,,0.0,
450070,1754038182,1754038182,i,,0.0,Hamstring injury - Unknown return date
450070,1754067802,1754067802,i,,0.0,
450070,1755193299,1755193299,i,,0.0,Hamstring injury - Unknown return date
450070,1756746230,1756746230,a,0.0,100.0,
450070,1764404721,1764404721,d,100.0,75.0,Knock - 75% chance of playing
450070,1764713227,1764713227,d,50.0,50.0,Knock - 50% chance of playing
450070,1765255061,1765255061,a,50.0,100.0,
450070,1773131274,1773131274,d,100.0,75.0,Knock - 75% chance of playing
450070,1773363859,1773363859,i,100.0,0.0,Calf injury - Unknown return date
450070,1775322603,1775322603,d,0.0,50.0,Calf injury - 50% chance of playing
450070,1775686702,1775686702,d,0.0,75.0,Calf injury - 75% chance of playing
450070,1775896112,1775896112,a,75.0,100.0,
450072,1753156525,1753156525,a,,,
450072,1755623026,1755610603,u,,0.0,Has joined Sparta Rotterdam on loan for the rest of the season.
450072,1755718428,1755718428,a,,,
450072,1755720509,1755720509,u,,0.0,Has joined Sparta Rotterdam on loan for the rest of the season.
450072,1770107241,1770107241,u,0.0,0.0,has joined Sparta Rotterdam on loan for the rest of the season.
450535,1753156525,1753156525,a,,,
450535,1754889107,1754889107,u,,0.0,
450535,1755193299,1755193299,u,,0.0,Has joined Blackpool permanently.
450539,1753156525,1753156525,a,,,
450539,1763591261,1763591261,a,0.0,0.0,
450539,1763593538,1763593538,a,,,
450539,1768551991,1768551991,u,,0.0,has joined Oxford United permanently.
450542,1753156525,1753156525,a,,,
450542,1758560667,1758532574,u,,0.0,has joined Caykur Rizespor on loan for the rest of the season.
450542,1768638346,1768638346,a,0.0,100.0,
450542,1770107241,1770107241,u,100.0,0.0,has joined Stoke City on loan for the rest of the season.
451302,1753156525,1753156525,a,,,
451302,1763591261,1763591261,a,0.0,0.0,
451302,1763593538,1763593538,a,,,
451340,1753156525,1753156525,a,,,
451340,1759424626,1759410008,d,,75.0,Knock - 75% chance of playing
451340,1761955906,1761955906,d,75.0,25.0,Knock - 25% chance of playing
451340,1763417222,1763417222,d,25.0,50.0,Knock - 50% chance of playing
451340,1763743589,1763743589,d,25.0,25.0,Ankle injury - 25% chance of playing
451340,1764713227,1764713227,d,75.0,75.0,Ankle injury - 75% chance of playing
451340,1765005920,1765005920,d,75.0,50.0,Ankle injury - 50% chance of playing
451340,1765614340,1765614340,a,50.0,100.0,
451340,1766873233,1766873233,d,100.0,75.0,Illness - 75% chance of playing
451340,1767083176,1767083176,a,100.0,100.0,
451340,1772699268,1772699268,d,100.0,75.0,Ankle injury - 75% chance of playing
451340,1774081598,1774081598,a,100.0,100.0,
451340,1778365174,1778365174,d,100.0,75.0,Hamstring injury - 75% chance of playing
451340,1778836972,1778836972,i,100.0,0.0,Hamstring injury - Expected back 01 Jun
451432,1753156525,1753156525,a,,,
451432,1756832655,1756818497,u,,0.0,has joined Real Oviedo on loan for the rest of the season.
456512,1754067802,1754067802,a,,,
456512,1763591261,1763591261,a,0.0,0.0,
456512,1763593538,1763593538,a,,,
456512,1766478386,1766478386,i,,0.0,Knock - Unknown return date
456512,1767083176,1767083176,d,0.0,25.0,Knock - 25% chance of playing
456512,1767428749,1767428749,d,25.0,50.0,Calf injury - 50% chance of playing
456512,1768033551,1768033551,a,50.0,100.0,
456512,1773267016,1773267016,d,100.0,75.0,Knock - 75% chance of playing
456512,1773650293,1773650293,a,75.0,100.0,
456512,1777711559,1777711559,d,75.0,75.0,Knock - 75% chance of playing
456512,1778230149,1778230149,d,75.0,50.0,Knock - 50% chance of playing
456512,1778836972,1778836972,d,50.0,75.0,Knock - 75% chance of playing
456512,1779441967,1779441967,d,75.0,75.0,Lack of match fitness - 75% chance of playing
456512,1779661457,1779661457,a,75.0,100.0,
457569,1753156525,1753156525,a,,,
457569,1763591261,1763591261,a,0.0,0.0,
457569,1763593538,1763593538,a,,,
458249,1753156525,1753156525,a,,,
458249,1754889107,1754889107,d,,50.0,
458249,1755193299,1755193299,d,,50.0,Knock - 50% chance of playing
458249,1755277274,1755277274,a,,100.0,
458249,1769156782,1769156782,d,100.0,25.0,Knock - 25% chance of playing
458249,1769292426,1769292426,d,25.0,50.0,Knock - 50% chance of playing
458249,1769847982,1769847982,d,25.0,75.0,Knock - 75% chance of playing
458249,1770020907,1770020907,a,75.0,100.0,
458297,1753156525,1753156525,a,,,
458297,1755190918,1755190918,u,,0.0,
458297,1755193299,1755193299,u,,0.0,Has joined AS Saint-Etienne permanently.
460028,1753156525,1753156525,a,,,
460028,1754672469,1754672469,i,,0.0,
460028,1755193299,1755193299,i,,0.0,Anterior cruciate ligament - Unknown return date
460028,1773995278,1773995278,i,0.0,0.0,Anterior cruciate ligament - Expected back 24 May
460028,1776415909,1776415909,d,0.0,25.0,Lack of match fitness - 25% chance of playing
460028,1777711559,1777711559,d,75.0,75.0,Lack of match fitness - 75% chance of playing
460028,1777971736,1777971736,a,75.0,100.0,
460842,1753156525,1753156525,a,,,
460842,1762362282,1762356609,d,,75.0,Knock - 75% chance of playing
460842,1762553215,1762553215,d,,50.0,Knock - 50% chance of playing
460842,1763831043,1763831043,d,75.0,75.0,Lack of match fitness - 75% chance of playing
460842,1764003885,1764003885,a,75.0,100.0,
460842,1767564440,1767564440,d,100.0,75.0,Thigh injury - 75% chance of playing
460842,1767687979,1767687979,d,100.0,25.0,Thigh injury - 25% chance of playing
460842,1767947179,1767947179,i,25.0,0.0,Thigh injury - Expected back 11 Apr
460842,1768551991,1768551991,d,25.0,25.0,Thigh injury - 25% chance of playing
460842,1768638346,1768638346,i,25.0,0.0,Thigh injury - Expected back 11 Apr
460842,1774081598,1774081598,i,0.0,0.0,Thigh injury - Expected back 12 Apr
460842,1774217326,1774217326,d,0.0,50.0,Thigh injury - 50% chance of playing
460842,1775896112,1775896112,i,0.0,0.0,Thigh injury - Unknown return date
460842,1778230149,1778230149,i,0.0,0.0,Thigh injury - Expected back 01 Jun
461188,1753156525,1753156525,a,,,
461188,1754889107,1754889107,d,,25.0,
461188,1755193299,1755193299,d,,25.0,Thigh injury - 25% chance of playing
461188,1755882217,1755882217,d,25.0,75.0,Lack of match fitness - 75% chance of playing
461188,1756418748,1756418748,a,75.0,100.0,
461188,1765005920,1765005920,i,100.0,0.0,Muscle injury - Expected back 03 Jan
461188,1766527649,1766527649,a,0.0,100.0,
461195,1753156525,1753156525,i,,0.0,
461195,1754038182,1754038182,i,,0.0,Wrist Injury - Expected back 13 Jul
461195,1754067802,1754067802,i,,0.0,
461195,1755193299,1755193299,i,,0.0,Wrist Injury - Expected back 13 Sep
461195,1757579121,1757579121,d,0.0,50.0,Wrist Injury - 50% chance of playing
461195,1757628364,1757628364,i,0.0,0.0,Wrist Injury - Unknown return date
461195,1759529157,1759529157,i,0.0,0.0,Wrist Injury - Expected back 03 Nov
461195,1761467118,1761467118,d,0.0,50.0,Wrist Injury - 50% chance of playing
461195,1763676419,1763676419,i,50.0,0.0,Lack of match fitness - Expected back 29 Nov
461195,1764281215,1764281215,i,0.0,0.0,Lack of match fitness - Expected back 03 Dec
461195,1764663971,1764663971,d,0.0,25.0,Lack of match fitness - 25% chance of playing
461195,1765614340,1765614340,a,25.0,100.0,
461195,1771835504,1771835504,d,100.0,75.0,Knock - 75% chance of playing
461195,1772180882,1772180882,i,100.0,0.0,Hamstring injury - Expected back 21 Mar
461195,1772871978,1772871978,d,0.0,50.0,Hamstring injury - 50% chance of playing
461195,1773363859,1773363859,d,0.0,75.0,Lack of match fitness - 75% chance of playing
461195,1773526163,1773526163,a,75.0,100.0,
461199,1753156525,1753156525,a,,,
461199,1754889107,1754889107,i,,0.0,
461199,1755193299,1755193299,i,,0.0,Hamstring injury - Expected back 18 Oct
461199,1759529157,1759529157,i,0.0,0.0,Hamstring injury - Expected back 22 Nov
461199,1763139876,1763139876,d,0.0,50.0,Hamstring injury - 50% chance of playing
461199,1763676419,1763676419,i,0.0,0.0,Lack of match fitness - Expected back 06 Dec
461199,1764281215,1764281215,d,0.0,75.0,Lack of match fitness - 75% chance of playing
461199,1764453978,1764453978,a,75.0,100.0,
461199,1771835504,1771835504,d,100.0,75.0,Knock - 75% chance of playing
461199,1772180882,1772180882,i,100.0,0.0,Hamstring injury - Expected back 22 Mar
461199,1773363859,1773363859,i,0.0,0.0,Hamstring injury - Expected back 18 Apr
461199,1775945454,1775945454,i,0.0,0.0,Hamstring injury - Expected back 01 Jun
461421,1753156525,1753156525,a,,,
461421,1756227857,1756215859,u,,0.0,Has joined Preston North End on loan for the rest of the season.
461446,1756073163,1756073163,a,,,
461446,1756832655,1756816015,u,,0.0,has joined Stockport County on loan for the rest of the season.
461484,1753156525,1753156525,a,,,
461484,1753894995,1753894995,u,,0.0,
461484,1754038182,1754038182,u,,0.0,Has joined Leyton Orient on loan for the rest of the season.
461484,1754067802,1754067802,u,,0.0,
461484,1755193299,1755193299,u,,0.0,Has joined Leyton Orient on loan for the rest of the season.
461484,1767823641,1767823641,a,0.0,100.0,
461484,1768551991,1768551991,u,0.0,0.0,has joined Bradford City on loan for the rest of the season.
461537,1753156525,1753156525,a,,,
461537,1763591261,1763591261,a,0.0,0.0,
461537,1763593538,1763593538,a,,,
461567,1753156525,1753156525,a,,,
461567,1754889107,1754889107,u,,0.0,
461567,1755193299,1755193299,u,,0.0,Has joined Stockport County on loan for the rest of the season.
462116,1753156525,1753156525,a,,,
462116,1763591261,1763591261,a,0.0,0.0,
462116,1763593538,1763593538,a,,,
462116,1767169581,1767169581,d,,75.0,Knock - 75% chance of playing
462116,1767428749,1767428749,d,,75.0,Groin Injury - 75% chance of playing
462116,1767774381,1767774381,a,75.0,100.0,
462116,1769897261,1769897261,s,100.0,0.0,Suspended until 21 Feb
462116,1770847892,1770847892,a,0.0,100.0,
462116,1774341169,1774341169,d,100.0,75.0,Calf injury - 75% chance of playing
462116,1775896112,1775896112,a,75.0,100.0,
462381,1753156525,1753156525,a,,,
462381,1753894995,1753894995,u,,0.0,
462381,1754038182,1754038182,u,,0.0,Has joined Stevenage permanently.
462381,1754067802,1754067802,u,,0.0,
462381,1755193299,1755193299,u,,0.0,Has joined Stevenage permanently.
462424,1753156525,1753156525,a,,,
462424,1756746230,1756722608,d,,75.0,Ankle injury - 75% chance of playing
462424,1758183928,1758183928,a,75.0,100.0,
462424,1758197247,1758197247,d,75.0,75.0,Ankle injury - 75% chance of playing
462424,1758215074,1758215074,a,75.0,100.0,
462424,1761955906,1761685208,d,100.0,75.0,Knock - 75% chance of playing
462424,1762034754,1762034754,a,75.0,100.0,
462424,1764577584,1764577584,d,100.0,75.0,Knock - 75% chance of playing
462424,1765614340,1765614340,d,75.0,75.0,Ankle injury - 75% chance of playing
462424,1765700737,1765700737,a,75.0,100.0,
462424,1769638214,1769638214,d,100.0,75.0,Knock - 75% chance of playing
462424,1769847982,1769847982,a,100.0,100.0,
462424,1772958398,1772958398,d,100.0,75.0,Ankle injury - 75% chance of playing
462424,1773217664,1773217664,a,100.0,100.0,
462424,1774341169,1774341169,d,100.0,75.0,Ankle injury - 75% chance of playing
462424,1775340621,1775340621,a,100.0,100.0,
462492,1753156525,1753156525,a,,,
462492,1755018148,1755018148,u,,0.0,
462492,1755193299,1755193299,u,,0.0,Has joined Port Vale on loan for the rest of the season.
462635,1753156525,1753156525,a,,,
462635,1754931789,1754931789,u,,0.0,
462635,1755193299,1755193299,u,,0.0,Has joined Hull City on loan for the rest of the season.
463034,1753156525,1753156525,a,,,
463034,1756628683,1756603808,d,,25.0,Hamstring injury - 25% chance of playing
463034,1757579121,1757579121,i,,0.0,Hamstring injury - Expected back 22 Nov
463034,1761325489,1761325489,i,0.0,0.0,Hamstring injury - Expected back 01 Nov
463034,1761343604,1761343604,i,0.0,0.0,Hamstring injury - Expected back 22 Nov
463034,1761344648,1761344648,i,0.0,0.0,Hamstring injury - Expected back 01 Nov
463034,1761467118,1761467118,d,0.0,50.0,Hamstring injury - 50% chance of playing
463034,1761955906,1761823809,s,0.0,0.0,Suspended until 08 Nov
463034,1762034754,1762034754,a,0.0,100.0,
463034,1765058794,1765058794,d,100.0,25.0,Shoulder injury - 25% chance of playing
463034,1765255061,1765255061,i,100.0,0.0,Shoulder injury - Unknown return date
463034,1765614340,1765614340,i,100.0,0.0,Shoulder injury - Expected back 04 Jan
463034,1766614042,1766614042,a,0.0,100.0,
463034,1768465580,1768465580,d,100.0,75.0,Illness - 75% chance of playing
463034,1768687620,1768687620,a,75.0,100.0,
463067,1753156525,1753156525,a,,,
463067,1756110338,1756107008,d,,75.0,Knock - 75% chance of playing
463067,1756746230,1756746230,a,75.0,100.0,
463067,1764577584,1764577584,d,100.0,75.0,Knock - 75% chance of playing
463067,1764713227,1764713227,d,75.0,75.0,Head injury - 75% chance of playing
463067,1765255061,1765255061,a,75.0,100.0,
463748,1753156525,1753156525,a,,,
463748,1756227857,1756215842,u,,0.0,Has joined Werder Bremen on loan for the rest of the season.
463936,1753156525,1753156525,a,,,
463936,1763591261,1763591261,a,0.0,0.0,
463936,1763593538,1763593538,a,,,
463936,1768465580,1768465580,d,,75.0,Illness - 75% chance of playing
463936,1769033329,1769033329,a,75.0,100.0,
463936,1769897261,1769897261,d,100.0,75.0,Muscle injury - 75% chance of playing
463936,1770366511,1770366511,i,100.0,0.0,Hamstring injury - Unknown return date
463936,1772871978,1772871978,d,0.0,50.0,Hamstring injury - 50% chance of playing
463936,1773476815,1773476815,a,0.0,100.0,
463936,1773612561,1773612561,d,100.0,75.0,Hamstring injury - 75% chance of playing
463936,1775322603,1775322603,a,75.0,100.0,
463936,1775340621,1775340621,d,75.0,50.0,Hamstring injury - 50% chance of playing
463936,1775896112,1775896112,d,25.0,25.0,Hamstring injury - 25% chance of playing
463981,1753156525,1753156525,a,,,
463981,1763591261,1763591261,a,0.0,0.0,
463981,1763593538,1763593538,a,,,
465247,1756832655,1756832655,a,,,
465247,1763591261,1763591261,a,0.0,0.0,
465247,1763593538,1763593538,a,,,
465351,1753156525,1753156525,a,,,
465351,1763591261,1763591261,a,0.0,0.0,
465351,1763593538,1763593538,a,,,
465351,1768897593,1768897593,d,,75.0,Illness - 75% chance of playing
465351,1769292426,1769292426,a,75.0,100.0,
465527,1753156525,1753156525,a,,,
465527,1763591261,1763591261,a,0.0,0.0,
465527,1763593538,1763593538,a,,,
465527,1765005920,1765005920,s,,0.0,Suspended until 30 Dec
465527,1765663597,1765663597,n,0.0,0.0,On international duty at the Africa Cup of Nations from Gameweek 17 onwards. - Unknown return date
465527,1767737264,1767737264,d,75.0,75.0,International Duty - 75% chance of playing
465527,1767947179,1767947179,a,75.0,100.0,
465527,1774341169,1774341169,d,100.0,75.0,Hamstring injury - 75% chance of playing
465527,1775810893,1775810893,i,100.0,0.0,Hamstring injury - Expected back 01 May
465527,1776501074,1776501074,d,0.0,25.0,Hamstring injury - 25% chance of playing
465527,1777106067,1777106067,d,25.0,50.0,Hamstring injury - 50% chance of playing
465527,1777711559,1777711559,a,50.0,100.0,
465527,1778836972,1778836972,d,100.0,75.0,Fatigue - 75% chance of playing
465527,1779229924,1779229924,a,75.0,100.0,
465642,1755104483,1755104483,a,,,
465642,1763591261,1763591261,a,0.0,0.0,
465642,1763593538,1763593538,a,,,
465680,1755623026,1755623026,a,,,
465680,1763591261,1763591261,a,0.0,0.0,
465680,1763593538,1763593538,a,,,
465680,1767947179,1767947179,u,,0.0,has joined Eintracht Frankfurt on loan for the rest of the season.
465694,1753156525,1753156525,a,,,
465694,1761152732,1761127209,d,,75.0,Knock - 75% chance of playing
465694,1761516371,1761516371,a,75.0,100.0,
465694,1767342382,1767342382,d,100.0,75.0,Knock - 75% chance of playing
465694,1767737264,1767737264,a,100.0,100.0,
465694,1768638346,1768638346,d,100.0,75.0,Knock - 75% chance of playing
465694,1769243165,1769243165,d,75.0,25.0,Knock - 25% chance of playing
465694,1769292426,1769292426,d,25.0,50.0,Knock - 50% chance of playing
465694,1769675256,1769675256,a,25.0,100.0,
465702,1753156525,1753156525,a,,,
465702,1763591261,1763591261,a,0.0,0.0,
465702,1763593538,1763593538,a,,,
465702,1767823641,1767823641,u,,0.0,has joined Le Havre AC on loan for the rest of the season.
465730,1753156525,1753156525,a,,,
465730,1757801133,1757799008,d,,75.0,Knock - 75% chance of playing
465730,1758906256,1758906256,a,75.0,100.0,
465920,1753156525,1753156525,s,,0.0,
465920,1754038182,1754038182,s,,0.0,Suspended - unknown return date
465920,1754067802,1754067802,s,,0.0,
465920,1755193299,1755193299,s,,0.0,Suspended - unknown return date
466052,1753156525,1753156525,a,,,
466052,1756746230,1756722608,i,,0.0,Thigh injury - Expected back 26 Oct
466052,1758906256,1758906256,i,0.0,0.0,Thigh injury - Expected back 18 Oct
466052,1759597454,1759597454,d,0.0,50.0,Thigh injury - 50% chance of playing
466052,1759739129,1759739129,a,0.0,100.0,
466052,1770020907,1770020907,d,100.0,75.0,Knock - 75% chance of playing
466052,1770452782,1770452782,a,100.0,100.0,
466075,1753156525,1753156525,a,,,
466075,1763399081,1763382607,d,,75.0,Hip injury - 75% chance of playing
466075,1764003885,1764003885,a,75.0,100.0,
466075,1765058794,1765058794,s,100.0,0.0,Suspended until 20 Dec
466075,1765663597,1765663597,a,0.0,100.0,
466075,1766873233,1766873233,d,100.0,75.0,Muscle injury - 75% chance of playing
466075,1767428749,1767428749,i,75.0,0.0,Muscle injury - Unknown return date
466075,1769243165,1769243165,d,0.0,75.0,Lack of match fitness - 75% chance of playing
466075,1769675256,1769675256,a,75.0,100.0,
466075,1772958398,1772958398,d,100.0,75.0,Knock - 75% chance of playing
466075,1773267016,1773267016,a,100.0,100.0,
466075,1775945454,1775945454,d,100.0,75.0,Knock - 75% chance of playing
466075,1777415097,1777415097,a,75.0,100.0,
466075,1778491645,1778491645,d,100.0,75.0,Knock - 75% chance of playing
466075,1779229924,1779229924,a,75.0,100.0,
466117,1753156525,1753156525,a,,,
466117,1763591261,1763591261,a,0.0,0.0,
466117,1763593538,1763593538,a,,,
466117,1767823641,1767823641,u,,0.0,has joined AJ Auxerre permanently.
466525,1753376570,1753376570,a,,,
466525,1763591261,1763591261,a,0.0,0.0,
466525,1763593538,1763593538,a,,,
466525,1764003885,1764003885,d,,75.0,Head injury - 75% chance of playing
466525,1764281215,1764281215,i,,0.0,Head injury - Expected back 03 Dec
466525,1764663971,1764663971,i,0.0,0.0,Head injury - Expected back 06 Dec
466525,1764713227,1764713227,a,100.0,100.0,
466525,1768687620,1768687620,d,100.0,75.0,Muscle injury - 75% chance of playing
466525,1769502399,1769502399,a,75.0,100.0,
466525,1770242911,1770242911,d,100.0,25.0,Hip injury - 25% chance of playing
466525,1770712309,1770712309,i,25.0,0.0,Hip injury - Expected back 21 Feb
466525,1771106860,1771106860,d,0.0,50.0,Hip injury - 50% chance of playing
466525,1771575781,1771575781,a,0.0,100.0,
466525,1775427051,1775427051,d,100.0,75.0,Ankle injury - 75% chance of playing
466525,1775810893,1775810893,i,100.0,0.0,Ankle injury - Expected back 01 May
466525,1776415909,1776415909,d,0.0,25.0,Ankle injury - 25% chance of playing
466525,1776848054,1776848054,d,25.0,50.0,Ankle injury - 50% chance of playing
466525,1777280828,1777280828,a,50.0,100.0,
466525,1779056518,1779056518,d,100.0,50.0,Ankle injury - 50% chance of playing
466525,1779526653,1779526653,i,100.0,0.0,Ankle injury - Expected back 01 Jun
467169,1753156525,1753156525,a,,,
467169,1756832655,1756819860,u,,0.0,has joined Real Betis permanently.
467189,1754931789,1754931789,a,,,
467189,1763591261,1763591261,a,0.0,0.0,
467189,1763593538,1763593538,a,,,
467779,1753156525,1753156525,a,,,
467779,1756746230,1756722608,d,,75.0,Knee injury - 75% chance of playing
467779,1757696658,1757696658,a,,100.0,
467779,1766527649,1766527649,d,100.0,75.0,Knock - 75% chance of playing
467779,1766873233,1766873233,a,75.0,100.0,
467779,1767169581,1767169581,d,100.0,75.0,Knock - 75% chance of playing
467779,1767428749,1767428749,i,100.0,0.0,Toe Injury - Unknown return date
467779,1770366511,1770366511,d,0.0,25.0,Toe Injury - 25% chance of playing
467779,1770761898,1770761898,i,0.0,0.0,Toe Injury - Unknown return date
467779,1771106860,1771106860,a,0.0,100.0,
467779,1777798438,1777798438,d,100.0,50.0,Ankle injury - 50% chance of playing
467779,1778836972,1778836972,d,50.0,75.0,Ankle injury - 75% chance of playing
467779,1779441967,1779441967,a,75.0,100.0,
469130,1769502399,1769502399,a,,,
469142,1753156525,1753156525,a,,,
469142,1763591261,1763591261,a,0.0,0.0,
469142,1763593538,1763593538,a,,,
469142,1766527649,1766527649,d,,75.0,Illness - 75% chance of playing
469142,1766873233,1766873233,a,75.0,100.0,
469142,1770588576,1770588576,d,100.0,75.0,Hamstring injury - 75% chance of playing
469142,1770761898,1770761898,a,100.0,100.0,
469247,1753156525,1753156525,a,,,
469247,1758578786,1758575760,u,,0.0,has joined West Bromwich Albion on loan for the rest of the season
469247,1770107241,1770107241,u,0.0,0.0,has joined Pisa on loan for the rest of the season.
469272,1753156525,1753156525,a,,,
469272,1763591261,1763591261,a,0.0,0.0,
469272,1763593538,1763593538,a,,,
470294,1753156525,1753156525,a,,,
470294,1756832655,1756820338,u,,0.0,has joined Hull City permanently.
470313,1756746230,1756746230,a,,,
470313,1763591261,1763591261,a,0.0,0.0,
470313,1763593538,1763593538,a,,,
470313,1772575854,1772575854,d,75.0,75.0,Illness - 75% chance of playing
470313,1772958398,1772958398,a,75.0,100.0,
470315,1770156714,1770156714,a,,,
471798,1753156525,1753156525,a,,,
471798,1763591261,1763591261,a,0.0,0.0,
471798,1763593538,1763593538,a,,,
472713,1753156525,1753156525,a,,,
472713,1760634280,1760601609,d,,75.0,Knee injury - 75% chance of playing
472713,1761325489,1761325489,i,75.0,0.0,Knee injury - Expected back 01 Nov
472713,1761343604,1761343604,d,75.0,75.0,Knee injury - 75% chance of playing
472713,1761344648,1761344648,i,0.0,0.0,Knee injury - Expected back 01 Nov
472713,1761467118,1761467118,d,0.0,50.0,Knee injury - 50% chance of playing
472713,1761955906,1761955906,a,0.0,100.0,
472713,1771711651,1771711651,d,100.0,75.0,Knock - 75% chance of playing
472713,1772267168,1772267168,d,50.0,50.0,Knock - 50% chance of playing
472713,1772526475,1772526475,i,50.0,0.0,Hamstring injury - Expected back 11 Apr
472713,1774130880,1774130880,d,0.0,50.0,Hamstring injury - 50% chance of playing
472713,1775896112,1775896112,d,25.0,25.0,Hamstring injury - 25% chance of playing
472713,1775945454,1775945454,d,25.0,50.0,Hamstring injury - 50% chance of playing
472713,1776501074,1776501074,a,25.0,100.0,
472739,1753156525,1753156525,a,,,
472739,1753462940,1753462940,u,,0.0,
472739,1754038182,1754038182,u,,0.0,Has joined Coventry City on loan for the rest of the season.
472739,1754067802,1754067802,u,,0.0,
472739,1755193299,1755193299,u,,0.0,Has joined Coventry City on loan for the rest of the season.
472769,1753156525,1753156525,a,,,
472769,1757091850,1757066407,d,,75.0,Knock - 75% chance of playing
472769,1757696658,1757696658,a,,100.0,
472769,1772353578,1772353578,d,100.0,75.0,Ankle injury - 75% chance of playing
472769,1772958398,1772958398,a,75.0,100.0,
472769,1776031950,1776031950,d,100.0,75.0,Muscle injury - 75% chance of playing
472769,1776501074,1776501074,a,100.0,100.0,
474120,1753156525,1753156525,a,,,
474120,1754889107,1754889107,i,,0.0,
474120,1755193299,1755193299,i,,0.0,Knee injury - Expected back 18 Oct
474120,1756832655,1756832655,u,0.0,0.0,has joined Strasbourg permanently.
474907,1753156525,1753156525,a,,,
474907,1763591261,1763591261,a,0.0,0.0,
474907,1763593538,1763593538,a,,,
475123,1753156525,1753156525,a,,,
475123,1755709442,1755696755,u,,0.0,Has joined Palmeiras permanently.
475123,1755720768,1755720768,a,,,
475123,1755720919,1755720919,u,,0.0,Has joined Palmeiras permanently.
475168,1753156525,1753156525,a,,,
475168,1763591261,1763591261,a,0.0,0.0,
475168,1763593538,1763593538,a,,,
475168,1779316513,1779316513,d,,75.0,Knock - 75% chance of playing
475168,1779661457,1779661457,a,75.0,100.0,
476502,1753156525,1753156525,a,,,
476502,1753462940,1753462940,u,,0.0,
476502,1754038182,1754038182,u,,0.0,Has joined FC Metz on loan for the rest of the season.
476502,1754067802,1754067802,u,,0.0,
476502,1755193299,1755193299,u,,0.0,Has joined FC Metz on loan for the rest of the season.
476887,1756832655,1756832655,a,,,
476887,1761325489,1761296409,i,,0.0,Knock - Unknown return date
476887,1761343604,1761343604,a,,,
476887,1761344648,1761344648,i,0.0,0.0,Knock - Unknown return date
476887,1764713227,1764713227,d,25.0,25.0,Lack of match fitness - 25% chance of playing
476887,1765404449,1765404449,d,25.0,75.0,Lack of match fitness - 75% chance of playing
476887,1765527972,1765527972,a,25.0,100.0,
477064,1753156525,1753156525,a,,,
477064,1757091850,1757066407,d,,75.0,Knock - 75% chance of playing
477064,1757696658,1757696658,a,,100.0,
477064,1773217664,1773217664,d,100.0,50.0,Ankle injury - 50% chance of playing
477064,1773476815,1773476815,d,100.0,25.0,Ankle injury - 25% chance of playing
477064,1773822704,1773822704,a,25.0,100.0,
477424,1753156525,1753156525,a,,,
477424,1755277274,1755266408,i,,0.0,Knock - Unknown return date
477424,1757696658,1757696658,a,0.0,100.0,
477424,1767564440,1767564440,d,100.0,50.0,Ankle injury - 50% chance of playing
477424,1767687979,1767687979,i,100.0,0.0,Leg injury - Unknown return date
477424,1778316628,1778316628,d,0.0,75.0,Lack of match fitness - 75% chance of playing
477424,1778836972,1778836972,a,75.0,100.0,
477547,1753156525,1753156525,i,,0.0,
477547,1754038182,1754038182,i,,0.0,Achilles injury - Expected back 13 Sep
477547,1754067802,1754067802,i,,0.0,
477547,1755193299,1755193299,i,,0.0,Achilles injury - Expected back 13 Sep
477547,1757579121,1757579121,d,0.0,50.0,Achilles injury - 50% chance of playing
477547,1757628364,1757628364,i,0.0,0.0,Achilles injury - Unknown return date
477547,1759529157,1759529157,i,0.0,0.0,Achilles injury - Expected back 03 Nov
477547,1761467118,1761467118,d,0.0,50.0,Achilles injury - 50% chance of playing
477547,1763676419,1763676419,i,50.0,0.0,Lack of match fitness - Expected back 06 Dec
477547,1764281215,1764281215,i,0.0,0.0,Lack of match fitness - Expected back 03 Dec
477547,1764663971,1764663971,d,0.0,25.0,Lack of match fitness - 25% chance of playing
477547,1766219148,1766219148,a,25.0,100.0,
477547,1770107241,1770107241,u,100.0,0.0,has joined Sheffield United on loan for the rest of the season.
477555,1753156525,1753156525,a,,,
477555,1763591261,1763591261,a,0.0,0.0,
477555,1763593538,1763593538,a,,,
477555,1766077634,1766077634,d,,75.0,Hamstring injury - 75% chance of playing
477555,1766219148,1766219148,i,,0.0,Hamstring injury - Expected back 27 Jan
477555,1767132422,1767132422,d,25.0,25.0,Hamstring injury - 25% chance of playing
477555,1768638346,1768638346,i,25.0,0.0,Hamstring injury - Unknown return date
477555,1770278425,1770278425,a,0.0,100.0,
477580,1753156525,1753156525,a,,,
477580,1755018148,1755018148,u,,0.0,
477580,1755193299,1755193299,u,,0.0,Has joined Paris Saint-Germain permanently.
477717,1753156525,1753156525,a,,,
477717,1763591261,1763591261,a,0.0,0.0,
477717,1763593538,1763593538,a,,,
477717,1766354823,1766354823,d,,75.0,Knock - 75% chance of playing
477717,1767428749,1767428749,i,75.0,0.0,Knock - Expected back 07 Jan
477717,1767737264,1767737264,d,50.0,50.0,Knock - 50% chance of playing
477717,1767947179,1767947179,a,50.0,100.0,
477851,1753156525,1753156525,a,,,
477851,1763591261,1763591261,a,0.0,0.0,
477851,1763593538,1763593538,a,,,
478969,1753156525,1753156525,a,,,
478969,1763591261,1763591261,a,0.0,0.0,
478969,1763593538,1763593538,a,,,
480455,1753156525,1753156525,a,,,
480455,1755190918,1755190918,d,,50.0,
480455,1755193299,1755193299,d,,50.0,Hamstring injury - 50% chance of playing
480455,1755277274,1755277274,i,,0.0,Hamstring injury - Unknown return date
480455,1758301479,1758301479,d,0.0,50.0,Hamstring injury - 50% chance of playing
480455,1758906256,1758906256,i,50.0,0.0,Hamstring injury - Unknown return date
480455,1760720663,1760709610,d,0.0,50.0,Lack of match fitness - 50% chance of playing
480455,1761325489,1761325489,i,50.0,0.0,Hamstring injury - Unknown return date
480455,1761343604,1761343604,d,50.0,50.0,Lack of match fitness - 50% chance of playing
480455,1761344648,1761344648,i,0.0,0.0,Hamstring injury - Unknown return date
480455,1766527649,1766527649,i,0.0,0.0,Hamstring injury - Expected back 18 Jan
480455,1767083176,1767083176,d,0.0,25.0,Hamstring injury - 25% chance of playing
480455,1767428749,1767428749,i,25.0,0.0,Hamstring injury - Expected back 18 Jan
480455,1768206409,1768206409,d,0.0,50.0,Hamstring injury - 50% chance of playing
480455,1768638346,1768638346,d,0.0,25.0,Lack of match fitness - 25% chance of playing
480455,1769070383,1769070383,d,25.0,50.0,Lack of match fitness - 50% chance of playing
480455,1769243165,1769243165,d,25.0,75.0,Lack of match fitness - 75% chance of playing
480455,1769502399,1769502399,a,75.0,100.0,
480455,1774081598,1774081598,d,75.0,75.0,Knock - 75% chance of playing
480455,1774130880,1774130880,a,75.0,100.0,
480455,1776675755,1776675755,d,100.0,50.0,Hamstring injury - 50% chance of playing
480455,1776896421,1776896421,i,100.0,0.0,Hamstring injury - Expected back 01 Jun
481283,1755407187,1755407187,a,,,
481283,1763591261,1763591261,a,0.0,0.0,
481283,1763593538,1763593538,a,,,
481655,1753156525,1753156525,a,,,
481655,1762034754,1762021808,d,,75.0,Knock - 75% chance of playing
481655,1762071908,1762071908,d,,75.0,Muscle injury - 75% chance of playing
481655,1762756419,1762756419,a,75.0,100.0,
481655,1774946377,1774946377,d,100.0,75.0,Knee injury - 75% chance of playing
481655,1775340621,1775340621,a,100.0,100.0,
482442,1753156525,1753156525,a,,,
482442,1758788726,1758753008,d,,75.0,Thigh injury - 75% chance of playing
482442,1759047887,1759047887,a,75.0,100.0,
482442,1763658284,1763658284,d,100.0,75.0,Knock - 75% chance of playing
482442,1763799922,1763799922,a,100.0,100.0,
482442,1765663597,1765663597,n,100.0,0.0,On international duty at the Africa Cup of Nations from Gameweek 17 onwards. - Unknown return date
482442,1768638346,1768638346,n,0.0,0.0,On international duty at the Africa Cup of Nations from Gameweek 17 onwards. - Expected back 24 Jan
482442,1768669464,1768669464,a,0.0,100.0,
482442,1775810893,1775810893,d,100.0,75.0,Shoulder injury - 75% chance of playing
482442,1776031950,1776031950,a,75.0,100.0,
482442,1777106067,1777106067,i,0.0,0.0,Shoulder injury - Unknown return date
482442,1777885571,1777885571,a,0.0,100.0,
482609,1753156525,1753156525,a,,,
482609,1760825156,1760812208,s,,0.0,Suspended until 01 Nov
482609,1761467118,1761467118,a,0.0,100.0,
482609,1768465580,1768465580,d,100.0,75.0,Knock - 75% chance of playing
482609,1769033329,1769033329,a,75.0,100.0,
482609,1773822704,1773822704,d,100.0,75.0,Illness - 75% chance of playing
482609,1774130880,1774130880,a,75.0,100.0,
482609,1779316513,1779316513,d,100.0,75.0,Knock - 75% chance of playing
482609,1779661457,1779661457,a,75.0,100.0,
482973,1753156525,1753156525,a,,,
482973,1763591261,1763591261,a,0.0,0.0,
482973,1763593538,1763593538,a,,,
482973,1769243165,1769243165,d,,75.0,Hip injury - 75% chance of playing
482973,1769502399,1769502399,a,75.0,100.0,
483081,1753156525,1753156525,a,,,
483081,1761955906,1761901210,i,,0.0,Groin Injury - Unknown return date
483081,1762448729,1762448729,i,0.0,0.0,Groin Injury - Expected back 17 Jan
483081,1767428749,1767428749,i,0.0,0.0,Groin Injury - Expected back 18 Jan
483081,1768206409,1768206409,a,0.0,100.0,
483364,1753156525,1753156525,a,,,
483364,1763591261,1763591261,a,0.0,0.0,
483364,1763593538,1763593538,a,,,
483364,1768551991,1768551991,u,,0.0,has joined MTK Budapest on loan for the rest of the season.
484420,1753156525,1753156525,a,,,
484420,1757801133,1757799008,d,,75.0,Knock - 75% chance of playing
484420,1758529539,1758529539,a,75.0,100.0,
484420,1773526163,1773526163,d,100.0,75.0,Knock - 75% chance of playing
484420,1774341169,1774341169,a,75.0,100.0,
485047,1753156525,1753156525,a,,,
485047,1763591261,1763591261,a,0.0,0.0,
485047,1763593538,1763593538,a,,,
485055,1753156525,1753156525,a,,,
485055,1763591261,1763591261,a,0.0,0.0,
485055,1763593538,1763593538,a,,,
485337,1754672469,1754672469,a,,,
485337,1763591261,1763591261,a,0.0,0.0,
485337,1763593538,1763593538,a,,,
485337,1765255061,1765255061,d,,75.0,Knock - 75% chance of playing
485337,1765527972,1765527972,a,,100.0,
485337,1766250254,1766250254,n,0.0,0.0,On international duty at the Africa Cup of Nations from Gameweek 17 onwards. - Unknown return date
485337,1766354823,1766354823,n,0.0,0.0,On international duty at the Africa Cup of Nations from Gameweek 18 onwards. - Unknown return date
485337,1768119950,1768119950,a,0.0,100.0,
485337,1775896112,1775896112,d,75.0,75.0,Knee injury - 75% chance of playing
485337,1776031950,1776031950,i,75.0,0.0,Knee injury - Expected back 02 May
485337,1777106067,1777106067,i,0.0,0.0,Knee injury - Expected back 10 May
485337,1777760246,1777760246,d,0.0,50.0,Knee injury - 50% chance of playing
485337,1778711482,1778711482,d,50.0,75.0,Knee injury - 75% chance of playing
485337,1779056518,1779056518,a,75.0,100.0,
485711,1754931789,1754931789,a,,,
485711,1762756419,1762626609,d,,75.0,Knee injury - 75% chance of playing
485711,1763658284,1763658284,d,,25.0,Knee injury - 25% chance of playing
485711,1763799922,1763799922,i,,0.0,Knee injury - Expected back 15 Dec
485711,1765404449,1765404449,d,0.0,50.0,Knee injury - 50% chance of playing
485711,1765614340,1765614340,d,0.0,75.0,Illness - 75% chance of playing
485711,1765873588,1765873588,a,75.0,100.0,
485711,1777885571,1777885571,d,100.0,75.0,Shin injury - 75% chance of playing
485711,1778921668,1778921668,d,50.0,50.0,Shin injury - 50% chance of playing
486385,1753156525,1753156525,a,,,
486385,1763591261,1763591261,a,0.0,0.0,
486385,1763593538,1763593538,a,,,
486385,1776675755,1776675755,d,,75.0,Head injury - 75% chance of playing
486385,1777711559,1777711559,a,100.0,100.0,
486520,1753156525,1753156525,a,,,
486520,1763591261,1763591261,a,0.0,0.0,
486520,1763593538,1763593538,a,,,
486520,1777106067,1777106067,i,0.0,0.0,Knee injury - Expected back 01 Jun
486672,1753156525,1753156525,a,,,
486672,1760720663,1760704209,d,,75.0,Knock - 75% chance of playing
486672,1760825156,1760825156,a,75.0,100.0,
486672,1764577584,1764577584,s,100.0,0.0,Suspended until 20 Dec
486672,1765663597,1765663597,a,0.0,100.0,
486672,1767169581,1767169581,s,100.0,0.0,Suspended until 07 Jan
486672,1767478018,1767478018,a,0.0,100.0,
487053,1753156525,1753156525,a,,,
487053,1754889107,1754889107,d,,75.0,
487053,1755193299,1755193299,d,,75.0,Knee injury - 75% chance of playing
487053,1755277274,1755277274,i,,0.0,Knee injury - Unknown return date
487053,1755882217,1755882217,i,0.0,0.0,Knee injury - Expected back 30 Aug
487053,1756418748,1756418748,d,0.0,50.0,Knee injury - 50% chance of playing
487053,1756505162,1756505162,a,0.0,100.0,
487053,1760948747,1760920210,d,100.0,75.0,Knee injury - 75% chance of playing
487053,1761084417,1761084417,d,100.0,50.0,Knee injury - 50% chance of playing
487053,1761325489,1761325489,i,100.0,0.0,Knee injury - Unknown return date
487053,1761343604,1761343604,d,100.0,50.0,Knee injury - 50% chance of playing
487053,1761344648,1761344648,i,0.0,0.0,Knee injury - Unknown return date
487053,1761955906,1761955906,a,0.0,100.0,
487053,1765255061,1765255061,i,100.0,0.0,Hamstring injury - Expected back 17 Jan
487053,1767687979,1767687979,d,0.0,75.0,Lack of match fitness - 75% chance of playing
487053,1768169236,1768169236,a,75.0,100.0,
487053,1770502124,1770502124,d,100.0,75.0,Hamstring injury - 75% chance of playing
487053,1770712309,1770712309,i,100.0,0.0,Hamstring injury - Expected back 15 Mar
487053,1772662268,1772662268,d,0.0,50.0,Hamstring injury - 50% chance of playing
487053,1773476815,1773476815,d,0.0,25.0,Hamstring injury - 25% chance of playing
487053,1773822704,1773822704,a,25.0,100.0,
487053,1777106067,1777106067,d,25.0,50.0,Muscle injury - 50% chance of playing
487053,1777711559,1777711559,a,100.0,100.0,
487117,1753156525,1753156525,a,,,
487117,1753376570,1753376570,u,,0.0,
487117,1754038182,1754038182,u,,0.0,Has joined AS Roma on loan for the rest of the season
487117,1754067802,1754067802,u,,0.0,
487117,1755193299,1755193299,u,,0.0,Has joined AS Roma on loan for the rest of the season
487676,1753156525,1753156525,a,,,
487676,1763591261,1763591261,a,0.0,0.0,
487676,1763593538,1763593538,a,,,
487702,1753156525,1753156525,a,,,
487702,1755882217,1755872138,u,,0.0,Has joined Espanyol on loan for the rest of the season.
487702,1768551991,1768551991,u,0.0,0.0,has joined Paris FC on loan for the rest of the season.
487838,1753156525,1753156525,a,,,
487838,1759739129,1759735808,d,,25.0,Hamstring injury - 25% chance of playing
487838,1760720663,1760720663,i,,0.0,Hamstring injury - Expected back 09 Nov
487838,1761955906,1761955906,d,0.0,25.0,Hamstring injury - 25% chance of playing
487838,1762189480,1762189480,a,25.0,100.0,
487838,1766077634,1766077634,d,100.0,75.0,Hamstring injury - 75% chance of playing
487838,1766305538,1766305538,a,75.0,100.0,
487838,1767428749,1767428749,d,100.0,75.0,Knock - 75% chance of playing
487838,1767564440,1767564440,a,75.0,100.0,
488024,1756677946,1756677946,a,,,
488024,1756919050,1756899006,d,,75.0,Ankle injury - 75% chance of playing
488024,1757696658,1757696658,a,,100.0,
488024,1758443078,1758411007,d,100.0,75.0,Knee injury - 75% chance of playing
488024,1758906256,1758906256,a,100.0,100.0,
488213,1756832655,1756832655,a,,,
488213,1763591261,1763591261,a,0.0,0.0,
488213,1763593538,1763593538,a,,,
489571,1753156525,1753156525,a,,,
489571,1756832655,1756817486,u,,0.0,has joined FC Fredericia permanently.
489580,1753156525,1753156525,a,,,
489580,1763591261,1763591261,a,0.0,0.0,
489580,1763593538,1763593538,a,,,
489639,1753156525,1753156525,a,,,
489639,1763591261,1763591261,a,0.0,0.0,
489639,1763593538,1763593538,a,,,
489706,1753156525,1753156525,a,,,
489706,1763591261,1763591261,a,0.0,0.0,
489706,1763593538,1763593538,a,,,
489706,1765527972,1765527972,d,,75.0,Knock - 75% chance of playing
489706,1765614340,1765614340,a,,100.0,
489706,1769847982,1769847982,i,100.0,0.0,Ankle injury - Expected back 22 Feb
489706,1770452782,1770452782,d,50.0,50.0,Ankle injury - 50% chance of playing
489706,1770761898,1770761898,a,100.0,100.0,
489888,1755796138,1755796138,a,,,
489888,1763591261,1763591261,a,0.0,0.0,
489888,1763593538,1763593538,a,,,
490000,1753156525,1753156525,a,,,
490000,1763591261,1763591261,a,0.0,0.0,
490000,1763593538,1763593538,a,,,
490000,1768897593,1768897593,u,,0.0,has joined US Boulogne CO permanently.
490094,1753156525,1753156525,a,,,
490094,1763591261,1763591261,a,0.0,0.0,
490094,1763593538,1763593538,a,,,
490094,1764750360,1764750360,s,,0.0,Suspended until 13 Dec
490094,1765058794,1765058794,a,0.0,100.0,
490094,1768342059,1768342059,d,100.0,75.0,Knock - 75% chance of playing
490094,1768638346,1768638346,i,100.0,0.0,Knock - Unknown return date
490094,1769847982,1769847982,d,0.0,25.0,Knock - 25% chance of playing
490094,1769897261,1769897261,a,25.0,100.0,
490142,1753156525,1753156525,a,,,
490142,1763139876,1763121608,d,,75.0,Dead leg - 75% chance of playing
490142,1763849178,1763849178,a,75.0,100.0,
490142,1771106860,1771106860,s,100.0,0.0,Suspended until 14 Mar
490142,1772662268,1772662268,a,0.0,100.0,
490145,1753156525,1753156525,a,,,
490145,1763591261,1763591261,a,0.0,0.0,
490145,1763593538,1763593538,a,,,
490145,1770107241,1770107241,u,,0.0,has joined Hibernian on loan for the rest of the season.
490721,1753156525,1753156525,a,,,
490721,1756628683,1756603809,d,,75.0,Knock - 75% chance of playing
490721,1757801133,1757801133,a,75.0,100.0,
490721,1766219148,1766219148,i,100.0,0.0,Knock - Expected back 27 Dec
490721,1766478386,1766478386,d,0.0,50.0,Knock - 50% chance of playing
490721,1766527649,1766527649,d,0.0,75.0,Knock - 75% chance of playing
490721,1767083176,1767083176,a,75.0,100.0,
490881,1753156525,1753156525,a,,,
490881,1755623026,1755610617,u,,0.0,Has joined West Bromwich Albion on loan for the rest of the season.
490881,1755720768,1755720768,a,,,
490881,1755720919,1755720919,u,,0.0,Has joined West Bromwich Albion on loan for the rest of the season.
490881,1768897593,1768897593,a,0.0,100.0,
490881,1770107241,1770107241,u,100.0,0.0,has joined Hull City on loan for the rest of the season.
490885,1753156525,1753156525,a,,,
490885,1755190918,1755190918,i,,0.0,
490885,1755193299,1755193299,i,,0.0,Ankle injury - Unknown return date
490885,1755882217,1755882217,a,0.0,100.0,
490885,1759424626,1759415408,i,100.0,0.0,Hamstring injury - Expected back 22 Nov
490885,1763139876,1763139876,d,0.0,50.0,Hamstring injury - 50% chance of playing
490885,1763676419,1763676419,d,0.0,50.0,Lack of match fitness - 50% chance of playing
490885,1763849178,1763849178,a,50.0,100.0,
490885,1768551991,1768551991,u,100.0,0.0,has joined Bristol City on loan for the rest of the season.
491007,1753156525,1753156525,a,,,
491007,1757579121,1757574007,i,,0.0,Thigh injury - Unknown return date
491007,1762331146,1762331146,i,0.0,0.0,Thigh injury - Expected back 04 Jan
491007,1764404721,1764404721,d,0.0,50.0,Lack of match fitness - 50% chance of playing
491007,1764713227,1764713227,i,0.0,0.0,Thigh injury - Expected back 06 Dec
491007,1765005920,1765005920,i,0.0,0.0,Thigh injury - Unknown return date
491007,1768169236,1768169236,a,0.0,100.0,
491007,1769243165,1769243165,i,100.0,0.0,Knock - Expected back 21 Feb
491007,1771106860,1771106860,d,0.0,50.0,Knock - 50% chance of playing
491007,1771575781,1771575781,i,0.0,0.0,Knock - Expected back 01 Mar
491007,1771835504,1771835504,i,0.0,0.0,Knock - Expected back 04 Mar
491007,1772267168,1772267168,d,50.0,50.0,Lack of match fitness - 50% chance of playing
491007,1772958398,1772958398,a,50.0,100.0,
491012,1753156525,1753156525,a,,,
491012,1756832655,1756816015,u,,0.0,has joined Rangers permanently.
491279,1753156525,1753156525,a,,,
491279,1763591261,1763591261,a,0.0,0.0,
491279,1763593538,1763593538,a,,,
491279,1769638214,1769638214,d,,75.0,Knock - 75% chance of playing
491279,1770366511,1770366511,a,75.0,100.0,
491279,1772871978,1772871978,s,100.0,0.0,Suspended until 22 Mar
491279,1773526163,1773526163,a,0.0,100.0,
491287,1753156525,1753156525,a,,,
491287,1753203782,1753203782,u,,0.0,
491287,1754038182,1754038182,u,,0.0,Season-long loan to Benfica
491287,1754067802,1754067802,u,,0.0,
491287,1755193299,1755193299,u,,0.0,Season-long loan to Benfica
491460,1776550371,1776550371,a,,,
491501,1753156525,1753156525,a,,,
491501,1758578786,1758576205,u,,0.0,has joined Ajax on loan for the rest of the season.
491557,1753156525,1753156525,a,,,
491557,1753462940,1753462940,u,,0.0,
491557,1754038182,1754038182,u,,0.0,Has joined Bradford City permanently.
491557,1754067802,1754067802,u,,0.0,
491557,1755193299,1755193299,u,,0.0,Has joined Bradford City permanently.
491745,1756073163,1756073163,a,,,
491745,1763591261,1763591261,a,0.0,0.0,
491745,1763593538,1763593538,a,,,
491745,1770452782,1770452782,u,,0.0,has joined Port Vale on loan for the rest of the season.
492066,1753156525,1753156525,a,,,
492066,1756418748,1756402208,d,,75.0,Groin Injury - 75% chance of playing
492066,1756591533,1756591533,a,75.0,100.0,
492066,1756832655,1756820040,u,75.0,0.0,has joined Wycombe Wanderers on loan for the rest of the season.
492368,1753156525,1753156525,a,,,
492368,1756832655,1756814432,u,,0.0,has joined Werder Bremen on loan for the rest of the season.
492777,1753156525,1753156525,a,,,
492777,1754889107,1754889107,d,,75.0,
492777,1755190918,1755190918,d,,50.0,
492777,1755193299,1755193299,d,,50.0,Muscle injury - 50% chance of playing
492777,1755882217,1755882217,d,50.0,50.0,Lack of match fitness - 50% chance of playing
492777,1756196727,1756196727,a,50.0,100.0,
492777,1763743589,1763743589,i,100.0,0.0,Muscle injury - Expected back 20 Dec
492777,1765005920,1765005920,a,0.0,100.0,
492777,1765058794,1765058794,s,100.0,0.0,Suspended until 20 Dec
492777,1765663597,1765663597,a,0.0,100.0,
492777,1766305538,1766305538,d,100.0,75.0,Knock - 75% chance of playing
492777,1766527649,1766527649,d,100.0,50.0,Knock - 50% chance of playing
492777,1766873233,1766873233,a,50.0,100.0,
492777,1768033551,1768033551,d,100.0,50.0,Knee injury - 50% chance of playing
492777,1768206409,1768206409,i,100.0,0.0,Knee injury - Unknown return date
492777,1768638346,1768638346,i,100.0,0.0,Knee injury - Expected back 01 Jun
492831,1753156525,1753156525,a,,,
492831,1754889107,1754889107,i,,0.0,
492831,1755193299,1755193299,i,,0.0,Knee injury - Unknown return date
492831,1766527649,1766527649,i,0.0,0.0,Knee injury - Expected back 25 Apr
492831,1773363859,1773363859,i,0.0,0.0,Knee injury - Expected back 11 Apr
492831,1774130880,1774130880,d,0.0,25.0,Knee injury - 25% chance of playing
492831,1775810893,1775810893,d,0.0,25.0,Lack of match fitness - 25% chance of playing
492831,1776501074,1776501074,d,25.0,50.0,Lack of match fitness - 50% chance of playing
492831,1777711559,1777711559,a,50.0,100.0,
492859,1753156525,1753156525,a,,,
492859,1758215074,1758205808,d,,25.0,Calf injury - 25% chance of playing
492859,1758906256,1758906256,i,25.0,0.0,Calf injury - Unknown return date
492859,1759424626,1759424626,i,0.0,0.0,Calf injury - Expected back 18 Oct
492859,1759597454,1759597454,d,0.0,75.0,Calf injury - 75% chance of playing
492859,1760689551,1760689551,i,0.0,0.0,Calf injury - Expected back 24 Oct
492859,1760948747,1760948747,d,0.0,50.0,Calf injury - 50% chance of playing
492859,1761955906,1761955906,a,50.0,100.0,
493105,1753156525,1753156525,a,,,
493105,1763591261,1763591261,a,0.0,0.0,
493105,1763593538,1763593538,a,,,
493105,1777971736,1777971736,d,,75.0,Knock - 75% chance of playing
493105,1778230149,1778230149,d,,25.0,Knock - 25% chance of playing
493105,1778491645,1778491645,d,25.0,50.0,Knock - 50% chance of playing
493105,1778836972,1778836972,d,25.0,75.0,Knock - 75% chance of playing
493105,1778970028,1778970028,a,75.0,100.0,
493125,1753156525,1753156525,i,,0.0,
493125,1754038182,1754038182,i,,0.0,Knee injury - Unknown return date
493125,1754067802,1754067802,i,,0.0,
493125,1755193299,1755193299,i,,0.0,Knee injury - Unknown return date
493125,1763831043,1763831043,d,75.0,75.0,Lack of match fitness - 75% chance of playing
493125,1764318364,1764318364,d,75.0,50.0,Lack of match fitness - 50% chance of playing
493125,1764923156,1764923156,d,50.0,75.0,Lack of match fitness - 75% chance of playing
493125,1766305538,1766305538,a,75.0,100.0,
493250,1753156525,1753156525,a,,,
493250,1758906256,1758898809,i,,0.0,Personal Reasons - Expected back 04 Oct
493250,1758992651,1758992651,d,0.0,75.0,Personal Reasons - 75% chance of playing
493250,1759529157,1759529157,a,100.0,100.0,
493250,1765663597,1765663597,n,100.0,0.0,On international duty at the Africa Cup of Nations from Gameweek 17 onwards. - Unknown return date
493250,1768119950,1768119950,a,0.0,100.0,
493362,1756746230,1756746230,a,,,
493362,1763591261,1763591261,a,0.0,0.0,
493362,1763593538,1763593538,a,,,
493362,1766305538,1766305538,s,,0.0,Suspended until 07 Jan
493362,1767478018,1767478018,a,0.0,100.0,
493362,1777192925,1777192925,d,100.0,75.0,Knee injury - 75% chance of playing
493362,1777367205,1777367205,i,100.0,0.0,Knee injury - Expected back 01 Jan
493837,1753156525,1753156525,a,,,
493837,1763591261,1763591261,a,0.0,0.0,
493837,1763593538,1763593538,a,,,
493837,1768551991,1768551991,u,,0.0,has joined MK Dons permanently.
494307,1767860790,1767860790,a,,,
494307,1771144008,1771144008,d,,75.0,Knock - 75% chance of playing
494307,1773217664,1773217664,a,75.0,100.0,
494521,1753156525,1753156525,a,,,
494521,1763591261,1763591261,a,0.0,0.0,
494521,1763593538,1763593538,a,,,
494556,1772316454,1772316454,a,,,
494595,1753156525,1753156525,a,,,
494595,1763591261,1763591261,a,0.0,0.0,
494595,1763593538,1763593538,a,,,
494595,1763743589,1763743589,i,,0.0,Muscle injury - Expected back 30 Nov
494595,1764318364,1764318364,d,0.0,50.0,Muscle injury - 50% chance of playing
494595,1764577584,1764577584,a,50.0,100.0,
494595,1771835504,1771835504,d,100.0,75.0,Back injury - 75% chance of playing
494595,1772267168,1772267168,d,25.0,25.0,Back injury - 25% chance of playing
494595,1772662268,1772662268,d,25.0,50.0,Back injury - 50% chance of playing
494595,1772871978,1772871978,d,25.0,75.0,Back injury - 75% chance of playing
494595,1772921259,1772921259,a,25.0,100.0,
494595,1778836972,1778836972,d,100.0,75.0,Illness - 75% chance of playing
494595,1778921668,1778921668,a,75.0,100.0,
494960,1753156525,1753156525,a,,,
494960,1763591261,1763591261,a,0.0,0.0,
494960,1763593538,1763593538,a,,,
495145,1753156525,1753156525,a,,,
495145,1756314227,1756299022,u,,0.0,Has joined Lechia Gdansk on loan for the rest of the season.
495161,1753156525,1753156525,a,,,
495161,1755709442,1755696755,u,,0.0,Has joined Swansea City permanently.
495161,1755720768,1755720768,a,,,
495161,1755720919,1755720919,u,,0.0,Has joined Swansea City permanently.
496178,1753156525,1753156525,a,,,
496178,1763591261,1763591261,a,0.0,0.0,
496178,1763593538,1763593538,a,,,
496178,1770452782,1770452782,u,,0.0,has joined Stockport County on loan for the rest of the season.
496208,1753156525,1753156525,a,,,
496208,1763591261,1763591261,a,0.0,0.0,
496208,1763593538,1763593538,a,,,
496208,1763658284,1763658284,d,,50.0,Hamstring injury - 50% chance of playing
496208,1763743589,1763743589,i,,0.0,Hamstring injury - Unknown return date
496208,1773476815,1773476815,i,0.0,0.0,Hamstring injury - Expected back 20 Mar
496208,1773526163,1773526163,a,0.0,100.0,
496221,1753156525,1753156525,a,,,
496221,1756746230,1756722608,d,,75.0,Muscle injury - 75% chance of playing
496221,1757696658,1757696658,i,,0.0,Muscle injury - Expected back 20 Sep
496221,1757801133,1757801133,d,0.0,50.0,Muscle injury - 50% chance of playing
496221,1758301479,1758301479,a,0.0,100.0,
496221,1761955906,1761928208,i,100.0,0.0,Illness - Expected back 09 Nov
496221,1762189480,1762189480,d,0.0,75.0,Illness - 75% chance of playing
496221,1762362282,1762362282,a,0.0,100.0,
496221,1769502399,1769502399,s,100.0,0.0,Suspended until 08 Feb
496221,1769897261,1769897261,a,0.0,100.0,
496221,1774946377,1774946377,d,100.0,75.0,Knock - 75% chance of playing
496221,1775686702,1775686702,a,100.0,100.0,
496221,1776501074,1776501074,d,100.0,75.0,Groin Injury - 75% chance of playing
496221,1777106067,1777106067,a,100.0,100.0,
496279,1753156525,1753156525,a,,,
496279,1756832655,1756816015,u,,0.0,has joined Accrington on loan for the rest of the season.
496661,1756227857,1756227857,a,,,
496661,1763591261,1763591261,a,0.0,0.0,
496661,1763593538,1763593538,a,,,
497606,1753156525,1753156525,a,,,
497606,1763591261,1763591261,a,0.0,0.0,
497606,1763593538,1763593538,a,,,
497606,1765663597,1765663597,n,,0.0,On international duty at the Africa Cup of Nations from Gameweek 17 onwards. - Unknown return date
497606,1767169581,1767169581,d,0.0,75.0,International Duty - 75% chance of playing
497606,1767478018,1767478018,a,75.0,100.0,
497606,1768638346,1768638346,d,100.0,75.0,Illness - 75% chance of playing
497606,1769847982,1769847982,a,75.0,100.0,
497606,1770107241,1770107241,u,100.0,0.0,has joined Barnsley on loan for the rest of the season.
497894,1753156525,1753156525,a,,,
497894,1756832655,1756819860,u,,0.0,has joined Napoli on loan for the rest of the season.
497949,1755104483,1755104483,a,,,
497949,1763591261,1763591261,a,0.0,0.0,
497949,1763593538,1763593538,a,,,
498016,1754067802,1754067802,a,,,
498016,1763591261,1763591261,a,0.0,0.0,
498016,1763593538,1763593538,a,,,
498016,1772662268,1772662268,d,,25.0,Hamstring injury - 25% chance of playing
498016,1773363859,1773363859,i,,0.0,Hamstring injury - Expected back 22 Mar
498016,1773526163,1773526163,d,0.0,50.0,Hamstring injury - 50% chance of playing
498016,1774081598,1774081598,d,75.0,75.0,Hamstring injury - 75% chance of playing
498016,1775896112,1775896112,a,100.0,100.0,
499167,1753156525,1753156525,a,,,
499167,1763591261,1763591261,a,0.0,0.0,
499167,1763593538,1763593538,a,,,
499169,1753156525,1753156525,a,,,
499169,1763591261,1763591261,a,0.0,0.0,
499169,1763593538,1763593538,a,,,
499175,1753156525,1753156525,a,,,
499175,1763591261,1763591261,a,0.0,0.0,
499175,1763593538,1763593538,a,,,
499175,1769243165,1769243165,u,,0.0,has joined Marseille on loan for the rest of the season.
499300,1753894995,1753894995,a,,,
499300,1755882217,1755874808,d,,75.0,Lack of match fitness - 75% chance of playing
499300,1756110338,1756110338,a,75.0,100.0,
499300,1756487023,1756463409,d,75.0,25.0,Ankle injury - 25% chance of playing
499300,1757696658,1757696658,d,25.0,50.0,Lack of match fitness - 50% chance of playing
499300,1757801133,1757801133,a,50.0,100.0,
499309,1753156525,1753156525,a,,,
499309,1754931789,1754931789,d,,75.0,
499309,1755190918,1755190918,a,,100.0,
499309,1758733477,1758713408,d,100.0,75.0,Muscle injury - 75% chance of playing
499309,1759047887,1759047887,a,75.0,100.0,
499604,1769638214,1769638214,a,,,
499716,1762756419,1762756419,a,,,
499716,1763591261,1763591261,a,0.0,0.0,
499716,1763593538,1763593538,a,,,
499717,1753156525,1753156525,a,,,
499717,1755623026,1755610648,u,,0.0,Has joined Rangers on loan for the rest of the season.
499717,1755718428,1755718428,a,,,
499717,1755720509,1755720509,u,,0.0,Has joined Rangers on loan for the rest of the season.
499721,1753156525,1753156525,a,,,
499721,1754889107,1754889107,u,,0.0,
499721,1755193299,1755193299,u,,0.0,Has joined Rangers on loan for the rest of the season.
499726,1753156525,1753156525,a,,,
499726,1763591261,1763591261,a,0.0,0.0,
499726,1763593538,1763593538,a,,,
499857,1769378832,1769378832,a,,,
500040,1753462940,1753462940,a,,,
500040,1763591261,1763591261,a,0.0,0.0,
500040,1763593538,1763593538,a,,,
500040,1764923156,1764923156,d,,75.0,Knee injury - 75% chance of playing
500040,1765005920,1765005920,d,,50.0,Ankle injury - 50% chance of playing
500040,1765058794,1765058794,i,50.0,0.0,Ankle injury - Unknown return date
500040,1768897593,1768897593,a,0.0,100.0,
500058,1753156525,1753156525,a,,,
500058,1760689551,1760662811,i,,0.0,Hamstring injury - Unknown return date
500151,1756746230,1756746230,a,,,
500151,1763591261,1763591261,a,0.0,0.0,
500151,1763593538,1763593538,a,,,
500151,1769761644,1769761644,d,,50.0,Knee injury - 50% chance of playing
500151,1769847982,1769847982,i,,0.0,Knee injury - Unknown return date
500696,1753156525,1753156525,a,,,
500696,1758578786,1758575997,u,,0.0,has joined Minnesota United permanently.
501837,1753156525,1753156525,a,,,
501837,1763591261,1763591261,a,0.0,0.0,
501837,1763593538,1763593538,a,,,
501837,1765700737,1765700737,s,,0.0,Suspended until 27 Dec
501837,1766305538,1766305538,a,0.0,100.0,
501837,1767083176,1767083176,d,100.0,75.0,Muscle injury - 75% chance of playing
501837,1767169581,1767169581,a,75.0,100.0,
501837,1775896112,1775896112,s,100.0,0.0,Suspended until 02 May
501837,1777106067,1777106067,a,0.0,100.0,
502500,1753156525,1753156525,a,,,
502500,1763591261,1763591261,a,0.0,0.0,
502500,1763593538,1763593538,a,,,
502500,1766077634,1766077634,d,,75.0,Knock - 75% chance of playing
502500,1766305538,1766305538,a,75.0,100.0,
502697,1753156525,1753156525,a,,,
502697,1763591261,1763591261,a,0.0,0.0,
502697,1763593538,1763593538,a,,,
502697,1767428749,1767428749,i,,0.0,Knock - Unknown return date
502697,1769243165,1769243165,a,0.0,100.0,
502697,1769292426,1769292426,d,100.0,75.0,Lack of match fitness - 75% chance of playing
502697,1769502399,1769502399,a,100.0,100.0,
502697,1771971148,1771971148,d,100.0,25.0,Knock - 25% chance of playing
502697,1772267168,1772267168,i,0.0,0.0,Knock - Expected back 21 Mar
502697,1773476815,1773476815,d,0.0,25.0,Knock - 25% chance of playing
502697,1775896112,1775896112,i,0.0,0.0,Knock - Expected back 19 Apr
502697,1775945454,1775945454,d,0.0,50.0,Knock - 50% chance of playing
502697,1776501074,1776501074,a,0.0,100.0,
502988,1768687620,1768687620,a,,,
502988,1770452782,1770452782,u,,0.0,has joined West Brom on loan for the rest of the season.
503139,1753156525,1753156525,a,,,
503139,1763591261,1763591261,a,0.0,0.0,
503139,1763593538,1763593538,a,,,
503139,1767083176,1767083176,d,,75.0,Jaw Injury - 75% chance of playing
503139,1767169581,1767169581,a,75.0,100.0,
503300,1753156525,1753156525,a,,,
503300,1763591261,1763591261,a,0.0,0.0,
503300,1763593538,1763593538,a,,,
503300,1768638346,1768638346,u,,0.0,has joined Shrewsbury Town on loan for the rest of the season.
503301,1755536707,1755536707,a,,,
503301,1763591261,1763591261,a,0.0,0.0,
503301,1763593538,1763593538,a,,,
503714,1754586232,1754586232,a,,,
503714,1754931789,1754931789,d,,75.0,
503714,1755190918,1755190918,a,,100.0,
503714,1757924739,1757887209,s,100.0,0.0,Suspended until 27 Sep
503714,1758443078,1758443078,a,0.0,100.0,
504296,1753156525,1753156525,a,,,
504296,1763591261,1763591261,a,0.0,0.0,
504296,1763593538,1763593538,a,,,
505079,1767564440,1767564440,a,,,
507433,1753156525,1753156525,a,,,
507433,1763591261,1763591261,a,0.0,0.0,
507433,1763593538,1763593538,a,,,
508395,1753156525,1753156525,a,,,
508395,1761467118,1761433208,d,,75.0,Knock - 75% chance of playing
508395,1761955906,1761955906,a,,100.0,
508479,1753156525,1753156525,a,,,
508479,1763591261,1763591261,a,0.0,0.0,
508479,1763593538,1763593538,a,,,
508479,1769070383,1769070383,d,,75.0,Knock - 75% chance of playing
508479,1769243165,1769243165,i,,0.0,Knock - Expected back 31 Jan
508479,1769292426,1769292426,d,0.0,50.0,Knock - 50% chance of playing
508479,1769638214,1769638214,d,0.0,75.0,Knock - 75% chance of playing
508479,1769675256,1769675256,a,0.0,100.0,
508479,1770242911,1770242911,d,100.0,75.0,Knock - 75% chance of playing
508479,1771575781,1771575781,d,75.0,50.0,Knock - 50% chance of playing
508479,1772402861,1772402861,a,50.0,100.0,
508479,1773612561,1773612561,d,100.0,75.0,Groin Injury - 75% chance of playing
508479,1773995278,1773995278,i,100.0,0.0,Groin Injury - Expected back 12 Apr
508479,1774130880,1774130880,i,0.0,0.0,Groin Injury - Unknown return date
508479,1774341169,1774341169,d,0.0,50.0,Groin Injury - 50% chance of playing
508479,1775896112,1775896112,d,25.0,25.0,Groin Injury - 25% chance of playing
508479,1777971736,1777971736,a,25.0,100.0,
509291,1753156525,1753156525,a,,,
509291,1758702327,1758695408,d,,75.0,Knock - 75% chance of playing
509291,1758906256,1758906256,a,,100.0,
509291,1766910360,1766910360,s,100.0,0.0,Suspended until 03 Jan
509291,1767342382,1767342382,a,0.0,100.0,
509291,1770502124,1770502124,d,100.0,75.0,Calf injury - 75% chance of playing
509291,1771316981,1771316981,a,75.0,100.0,
509416,1753156525,1753156525,a,,,
509416,1763591261,1763591261,a,0.0,0.0,
509416,1763593538,1763593538,a,,,
509416,1763658284,1763658284,d,,75.0,Ankle injury - 75% chance of playing
509416,1763743589,1763743589,a,,100.0,
509416,1764923156,1764923156,d,100.0,75.0,Muscle injury - 75% chance of playing
509416,1765614340,1765614340,a,75.0,100.0,
509416,1770366511,1770366511,i,100.0,0.0,Shoulder injury - Unknown return date
509416,1771662375,1771662375,i,0.0,0.0,Shoulder injury - Expected back 01 Mar
509416,1771835504,1771835504,d,0.0,50.0,Shoulder injury - 50% chance of playing
509416,1772180882,1772180882,d,0.0,75.0,Shoulder injury - 75% chance of playing
509416,1772575854,1772575854,d,75.0,75.0,Lack of match fitness - 75% chance of playing
509416,1772662268,1772662268,a,75.0,100.0,
510281,1753156525,1753156525,a,,,
510281,1755277274,1755266408,i,,0.0,Knock - Expected back 14 Sep
510281,1757579121,1757579121,d,0.0,50.0,Knock - 50% chance of playing
510281,1757696658,1757696658,a,0.0,100.0,
510281,1767342382,1767342382,d,100.0,50.0,Knock - 50% chance of playing
510281,1767428749,1767428749,d,100.0,25.0,Knock - 25% chance of playing
510281,1768292788,1768292788,i,25.0,0.0,Thigh injury - Expected back 21 Feb
510281,1768551991,1768551991,d,25.0,25.0,Thigh injury - 25% chance of playing
510281,1768638346,1768638346,i,25.0,0.0,Thigh injury - Expected back 21 Feb
510281,1770761898,1770761898,d,25.0,25.0,Thigh injury - 25% chance of playing
510281,1771575781,1771575781,d,25.0,75.0,Thigh injury - 75% chance of playing
510281,1771662375,1771662375,a,25.0,100.0,
510362,1753156525,1753156525,a,,,
510362,1759511057,1759500009,d,,75.0,Illness - 75% chance of playing
510362,1760720663,1760720663,a,75.0,100.0,
510362,1766527649,1766527649,i,100.0,0.0,Hamstring injury - Unknown return date
510362,1770761898,1770761898,d,25.0,25.0,Hamstring injury - 25% chance of playing
510362,1771575781,1771575781,d,25.0,50.0,Hamstring injury - 50% chance of playing
510362,1771662375,1771662375,d,25.0,75.0,Lack of match fitness - 75% chance of playing
510362,1771835504,1771835504,a,75.0,100.0,
510500,1753156525,1753156525,a,,,
510500,1757696658,1757692420,u,,0.0,has joined Besiktas on loan for the rest of the season.
510663,1753376570,1753376570,a,,,
510663,1758702327,1758664806,s,,0.0,Suspended until 04 Oct
510663,1758992651,1758992651,a,0.0,100.0,
510663,1759307128,1759278606,d,0.0,75.0,Muscle injury - 75% chance of playing
510663,1759615543,1759615543,a,75.0,100.0,
510663,1764263058,1764263058,d,100.0,75.0,Back injury - 75% chance of playing
510663,1764577584,1764577584,a,75.0,100.0,
510663,1767564440,1767564440,d,100.0,75.0,Hamstring injury - 75% chance of playing
510663,1768292788,1768292788,a,75.0,100.0,
510663,1776227219,1776227219,d,100.0,25.0,Achilles injury - 25% chance of playing
510663,1776415909,1776415909,i,100.0,0.0,Achilles injury - Expected back 01 Jul
511499,1753156525,1753156525,a,,,
511499,1763591261,1763591261,a,0.0,0.0,
511499,1763593538,1763593538,a,,,
511499,1774341169,1774341169,d,,75.0,Knock - 75% chance of playing
511499,1776031950,1776031950,a,75.0,100.0,
512462,1753156525,1753156525,a,,,
512462,1763591261,1763591261,a,0.0,0.0,
512462,1763593538,1763593538,a,,,
512462,1770847892,1770847892,s,,0.0,Suspended until 28 Feb
512462,1771711651,1771711651,a,0.0,100.0,
513418,1753156525,1753156525,a,,,
513418,1754758874,1754758874,d,,75.0,
513418,1755193299,1755193299,d,,75.0,Knock - 75% chance of playing
513418,1755505538,1755505538,a,75.0,100.0,
513418,1765058794,1765058794,s,100.0,0.0,Suspended until 20 Dec
513418,1765663597,1765663597,a,0.0,100.0,
513418,1770020907,1770020907,s,100.0,0.0,Suspended until 21 Feb
513418,1770847892,1770847892,a,0.0,100.0,
513433,1753156525,1753156525,a,,,
513433,1760634280,1760617810,d,,75.0,Knee injury - 75% chance of playing
513433,1760720663,1760720663,i,,0.0,Knee injury - Unknown return date
513433,1761325489,1761325489,d,0.0,75.0,Knee injury - 75% chance of playing
513433,1761343604,1761343604,i,0.0,0.0,Knee injury - Unknown return date
513433,1761344648,1761344648,d,75.0,75.0,Knee injury - 75% chance of playing
513433,1761955906,1761955906,d,75.0,25.0,Knee injury - 25% chance of playing
513433,1763417222,1763417222,d,25.0,50.0,Knee injury - 50% chance of playing
513433,1763743589,1763743589,a,25.0,100.0,
513433,1769292426,1769292426,d,100.0,75.0,Knock - 75% chance of playing
513433,1769847982,1769847982,a,100.0,100.0,
513433,1770107241,1770107241,u,100.0,0.0,has joined Leipzig on loan for the rest of the season.
513466,1756832655,1756832655,a,,,
513466,1758443078,1758412807,d,,75.0,Hip injury - 75% chance of playing
513466,1758906256,1758906256,i,,0.0,Hip injury - Unknown return date
513466,1760720663,1760709611,d,0.0,50.0,Lack of match fitness - 50% chance of playing
513466,1760825156,1760825156,a,50.0,100.0,
513466,1763799922,1763799922,i,100.0,0.0,Hernia - Unknown return date
513466,1766219148,1766219148,a,0.0,100.0,
513834,1753156525,1753156525,a,,,
513834,1755882217,1755872199,u,,0.0,Has joined Los Angeles FC on loan for the rest of the season.
514254,1753156525,1753156525,a,,,
514254,1760634280,1760617810,d,,75.0,Muscle injury - 75% chance of playing
514254,1760948747,1760948747,d,75.0,75.0,Hip injury - 75% chance of playing
514254,1761325489,1761325489,a,75.0,100.0,
514254,1761343604,1761343604,d,75.0,75.0,Hip injury - 75% chance of playing
514254,1761344648,1761344648,a,100.0,100.0,
514254,1765663597,1765663597,s,100.0,0.0,Suspended until 27 Dec
514254,1766305538,1766305538,a,0.0,100.0,
514254,1769847982,1769847982,d,100.0,75.0,Knock - 75% chance of playing
514254,1770366511,1770366511,a,75.0,100.0,
514254,1776761683,1776761683,d,100.0,50.0,Knee injury - 50% chance of playing
514254,1777711559,1777711559,i,0.0,0.0,Knee injury - Expected back 09 May
514254,1777760246,1777760246,d,0.0,50.0,Knee injury - 50% chance of playing
514254,1778836972,1778836972,a,50.0,100.0,
514315,1753156525,1753156525,a,,,
514315,1763591261,1763591261,a,0.0,0.0,
514315,1763593538,1763593538,a,,,
514315,1770452782,1770452782,u,,0.0,has joined Rotherham on loan for the rest of the season.
514356,1753156525,1753156525,a,,,
514356,1754889107,1754889107,d,,25.0,
514356,1755193299,1755193299,d,,25.0,Muscle injury - 25% chance of playing
514356,1755277274,1755277274,i,,0.0,Muscle injury - Unknown return date
514356,1757696658,1757696658,d,0.0,50.0,Lack of match fitness - 50% chance of playing
514356,1758906256,1758906256,d,50.0,75.0,Lack of match fitness - 75% chance of playing
514356,1759047887,1759047887,a,75.0,100.0,
514356,1762448729,1762421409,d,100.0,75.0,Thigh injury - 75% chance of playing
514356,1762535068,1762535068,i,100.0,0.0,Thigh injury - Unknown return date
514356,1770712309,1770712309,i,0.0,0.0,Thigh injury - Expected back 21 Feb
514356,1771106860,1771106860,i,0.0,0.0,Thigh injury - Expected back 01 Mar
514356,1771575781,1771575781,d,0.0,50.0,Lack of match fitness - 50% chance of playing
514356,1771711651,1771711651,a,50.0,100.0,
514356,1779316513,1779316513,d,100.0,75.0,Knock - 75% chance of playing
514362,1767169581,1767169581,a,,,
514362,1770452782,1770452782,u,,0.0,has joined Shrewsbury Town on loan for the rest of the season.
514613,1753156525,1753156525,a,,,
514613,1763591261,1763591261,a,0.0,0.0,
514613,1763593538,1763593538,a,,,
514613,1768551991,1768551991,u,,0.0,has joined York City on loan for the rest of the season.
515024,1753156525,1753156525,a,,,
515024,1753722233,1753722233,u,,0.0,
515024,1754038182,1754038182,u,,0.0,Has joined Oxford United on loan for the rest of the season.
515024,1754067802,1754067802,u,,0.0,
515024,1755193299,1755193299,u,,0.0,Has joined Oxford United on loan for the rest of the season.
515046,1770156714,1770156714,a,,,
515597,1753156525,1753156525,a,,,
515597,1763591261,1763591261,a,0.0,0.0,
515597,1763593538,1763593538,a,,,
515597,1763658284,1763658284,d,,75.0,Knock - 75% chance of playing
515597,1764003885,1764003885,a,75.0,100.0,
515621,1753156525,1753156525,i,,0.0,
515621,1754038182,1754038182,i,,0.0,Knee injury - Unknown return date
515621,1754067802,1754067802,i,,0.0,
515621,1755193299,1755193299,i,,0.0,Knee injury - Unknown return date
515621,1758906256,1758906256,i,0.0,0.0,Knee injury - Expected back 18 Oct
515621,1759597454,1759597454,d,0.0,50.0,Knee injury - 50% chance of playing
515621,1760720663,1760720663,i,0.0,0.0,Knee injury - Expected back 01 Nov
515621,1761467118,1761467118,i,0.0,0.0,Knee injury - Expected back 09 Nov
515621,1762189480,1762189480,d,0.0,50.0,Knee injury - 50% chance of playing
515621,1762362282,1762362282,a,0.0,100.0,
515621,1765433336,1765433336,d,100.0,25.0,Lack of match fitness - 25% chance of playing
515621,1767737264,1767737264,i,0.0,0.0,Lack of match fitness - Expected back 17 Jan
515621,1768206409,1768206409,i,0.0,0.0,Lack of match fitness - Unknown return date
515621,1768638346,1768638346,a,0.0,100.0,
516211,1753156525,1753156525,a,,,
516211,1756832655,1756814789,u,,0.0,has joined Lens permanently.
516234,1766305538,1766305538,a,,,
516875,1764836777,1764836777,a,,,
516895,1753156525,1753156525,a,,,
516895,1762756419,1762626609,d,,75.0,Knock - 75% chance of playing
516895,1764059165,1764059165,a,75.0,100.0,
516895,1766391982,1766391982,d,100.0,25.0,Calf injury - 25% chance of playing
516895,1766614042,1766614042,i,100.0,0.0,Calf injury - Unknown return date
516895,1766823958,1766823958,i,0.0,0.0,Calf injury - Expected back 17 Jan
516895,1767083176,1767083176,i,0.0,0.0,Calf injury - Expected back 04 Jan
516895,1767428749,1767428749,d,0.0,25.0,Calf injury - 25% chance of playing
516895,1767947179,1767947179,a,25.0,100.0,
516895,1768551991,1768551991,d,25.0,25.0,Calf injury - 25% chance of playing
516895,1768638346,1768638346,a,25.0,100.0,
516895,1776156699,1776156699,d,100.0,75.0,Knock - 75% chance of playing
516895,1776587723,1776587723,a,75.0,100.0,
516939,1753156525,1753156525,a,,,
516939,1762034754,1762020009,s,,0.0,Suspended until 22 Nov
516939,1762756419,1762756419,a,0.0,100.0,
516939,1765663597,1765663597,n,100.0,0.0,On international duty at the Africa Cup of Nations from Gameweek 17 onwards. - Unknown return date
516939,1768119950,1768119950,a,0.0,100.0,
516939,1770588576,1770588576,u,100.0,0.0,has joined Besiktas permanently.
517052,1753156525,1753156525,s,,0.0,
517052,1754038182,1754038182,s,,0.0,Suspended until 22 Aug
517052,1754067802,1754067802,s,,0.0,
517052,1755193299,1755193299,s,,0.0,Suspended until 22 Aug
517052,1755407187,1755407187,a,0.0,100.0,
517052,1755882217,1755867607,n,0.0,0.0,Won’t be considered for selection on 22/8. - Unknown return date
517052,1756801520,1756801520,a,0.0,100.0,
517052,1756832655,1756812916,u,0.0,0.0,has joined Bayern Munich on loan for the rest of the season.
517179,1753156525,1753156525,a,,,
517179,1763591261,1763591261,a,0.0,0.0,
517179,1763593538,1763593538,a,,,
517179,1767823641,1767823641,u,,0.0,has joined Crewe Alexandra on loan for the rest of the season.
518030,1753156525,1753156525,a,,,
518030,1763591261,1763591261,a,0.0,0.0,
518030,1763593538,1763593538,a,,,
518335,1767564440,1767564440,a,,,
518438,1753156525,1753156525,a,,,
518438,1754889107,1754889107,u,,0.0,
518438,1755193299,1755193299,u,,0.0,Has joined Swansea City on loan for the rest of the season.
518438,1768897593,1768897593,u,0.0,0.0,has joined Leyton Orient on loan for the rest of the season.
518442,1753156525,1753156525,a,,,
518442,1756832655,1756815277,u,,0.0,has joined Stevenage on loan for the rest of the season.
518906,1753156525,1753156525,a,,,
518906,1763591261,1763591261,a,0.0,0.0,
518906,1763593538,1763593538,a,,,
519440,1765700737,1765700737,a,,,
519634,1753156525,1753156525,a,,,
519634,1755489732,1755430206,d,,75.0,Knock - 75% chance of playing
519634,1755720768,1755720768,a,,,
519634,1755720919,1755720919,d,,75.0,Knock - 75% chance of playing
519634,1755796138,1755796138,a,,100.0,
519634,1756832655,1756820422,u,100.0,0.0,has joined Wolfsburg on loan for the rest of the season.
519895,1753156525,1753156525,a,,,
519895,1763591261,1763591261,a,0.0,0.0,
519895,1763593538,1763593538,a,,,
519895,1770107241,1770107241,u,,0.0,has joined Sparta Prague on loan for the rest of the season.
519913,1766823958,1766823958,a,,,
523705,1755623026,1755623026,a,,,
523705,1763591261,1763591261,a,0.0,0.0,
523705,1763593538,1763593538,a,,,
530121,1753156525,1753156525,a,,,
530121,1758578786,1758577910,u,,0.0,has joined Olympiakos permanently.
530318,1753156525,1753156525,a,,,
530318,1763591261,1763591261,a,0.0,0.0,
530318,1763593538,1763593538,a,,,
530335,1767478018,1767478018,a,,,
530335,1770847892,1770847892,d,,75.0,Knock - 75% chance of playing
530335,1771106860,1771106860,d,,25.0,Knock - 25% chance of playing
530335,1771575781,1771575781,i,,0.0,Calf injury - Unknown return date
530335,1773131274,1773131274,a,0.0,100.0,
531363,1753156525,1753156525,a,,,
531363,1763591261,1763591261,a,0.0,0.0,
531363,1763593538,1763593538,a,,,
531989,1753156525,1753156525,a,,,
531989,1753894995,1753894995,u,,0.0,
531989,1754038182,1754038182,u,,0.0,Has joined Derby County on loan for the rest of the season.
531989,1754067802,1754067802,u,,0.0,
531989,1755193299,1755193299,u,,0.0,Has joined Derby County on loan for the rest of the season.
532529,1753156525,1753156525,a,,,
532529,1757801133,1757799008,d,,75.0,Ankle injury - 75% chance of playing
532529,1758301479,1758301479,i,,0.0,Ankle injury - Unknown return date
532529,1763743589,1763743589,a,0.0,100.0,
532605,1753156525,1753156525,a,,,
532605,1759307128,1759278606,i,,0.0,Knock - Expected back 18 Oct
532605,1759597454,1759597454,d,0.0,50.0,Knock - 50% chance of playing
532605,1760720663,1760720663,a,0.0,100.0,
532605,1770502124,1770502124,d,100.0,75.0,Knock - 75% chance of playing
532605,1770712309,1770712309,a,100.0,100.0,
533463,1753156525,1753156525,a,,,
533463,1755190918,1755190918,d,,50.0,
533463,1755193299,1755193299,d,,50.0,Lack of match fitness - 50% chance of playing
533463,1755709442,1755709442,a,50.0,100.0,
533463,1755718428,1755718428,d,50.0,50.0,Lack of match fitness - 50% chance of playing
533463,1755720509,1755720509,a,50.0,100.0,
533463,1765663597,1765663597,n,100.0,0.0,On international duty at the Africa Cup of Nations from Gameweek 17 onwards. - Unknown return date
533463,1768033551,1768033551,a,0.0,100.0,
533710,1753156525,1753156525,a,,,
533710,1763591261,1763591261,a,0.0,0.0,
533710,1763593538,1763593538,a,,,
533710,1767428749,1767428749,u,,0.0,has joined Shrewsbury on loan for the rest of the season.
534836,1756677946,1756677946,a,,,
534836,1763591261,1763591261,a,0.0,0.0,
534836,1763593538,1763593538,a,,,
535017,1753156525,1753156525,a,,,
535017,1763591261,1763591261,a,0.0,0.0,
535017,1763593538,1763593538,a,,,
535301,1753156525,1753156525,a,,,
535301,1763591261,1763591261,a,0.0,0.0,
535301,1763593538,1763593538,a,,,
535301,1765663597,1765663597,n,,0.0,On international duty at the Africa Cup of Nations from Gameweek 17 onwards. - Unknown return date
535301,1768033551,1768033551,a,0.0,100.0,
535301,1768551991,1768551991,n,0.0,0.0,On international duty at the Africa Cup of Nations from Gameweek 17 onwards. - Unknown return date
535301,1768638346,1768638346,a,0.0,100.0,
535818,1753156525,1753156525,a,,,
535818,1763591261,1763591261,a,0.0,0.0,
535818,1763593538,1763593538,a,,,
535818,1770107241,1770107241,u,,0.0,has joined AS Monaco on loan for the rest of the season.
535928,1753156525,1753156525,a,,,
535928,1757696658,1757671207,i,,0.0,Hamstring injury - Unknown return date
536109,1753156525,1753156525,a,,,
536109,1761411869,1761384609,d,,75.0,Shoulder injury - 75% chance of playing
536109,1761955906,1761955906,i,,0.0,Shoulder injury - Expected back 27 Dec
536109,1765614340,1765614340,a,0.0,100.0,
536109,1766305538,1766305538,d,100.0,75.0,Knock - 75% chance of playing
536109,1766873233,1766873233,a,75.0,100.0,
536109,1773131274,1773131274,d,100.0,75.0,Knock - 75% chance of playing
536109,1774081598,1774081598,a,100.0,100.0,
536119,1753156525,1753156525,a,,,
536119,1754889107,1754889107,u,,0.0,
536119,1755193299,1755193299,u,,0.0,Has joined Doncaster Rovers on loan for the rest of the season.
536134,1769983689,1769983689,a,,,
536241,1753156525,1753156525,a,,,
536241,1758578786,1758575936,u,,0.0,has joined Rotherham United on loan for the rest of the season.
536241,1768897593,1768897593,a,0.0,100.0,
536241,1770452782,1770452782,u,100.0,0.0,has joined Port Vale on loan for the rest of the season.
536661,1770156714,1770156714,a,,,
536661,1773526163,1773526163,i,,0.0,Unknown - Expected back 24 Apr
536661,1775896112,1775896112,i,0.0,0.0,Unknown - Expected back 19 Apr
536661,1775945454,1775945454,d,0.0,50.0,Unknown - 50% chance of playing
536661,1776501074,1776501074,i,0.0,0.0,Unknown - Expected back 24 Apr
536661,1776532420,1776532420,d,0.0,50.0,Unknown - 50% chance of playing
536661,1777021030,1777021030,i,0.0,0.0,Unknown - Expected back 02 May
536661,1777106067,1777106067,d,0.0,50.0,Unknown - 50% chance of playing
536661,1777625797,1777625797,d,0.0,50.0,Lack of match fitness - 50% chance of playing
536661,1778230149,1778230149,a,50.0,100.0,
536694,1753156525,1753156525,a,,,
536694,1754889107,1754889107,d,,25.0,
536694,1755193299,1755193299,d,,25.0,Muscle injury - 25% chance of playing
536694,1755277274,1755277274,i,,0.0,Muscle injury - Expected back 24 Aug
536694,1756314227,1756314227,u,0.0,0.0,Has joined CR Vasco da Gama on loan for the rest of the season.
536916,1753156525,1753156525,a,,,
536916,1758529539,1758493806,n,,0.0,Ineligible to face his parent club on 27/9. - Expected back 04 Oct
536916,1758992651,1758992651,a,0.0,100.0,
536916,1778365174,1778365174,n,100.0,0.0,Ineligible to face his parent club on 17/5. - Expected back 24 May
536916,1778921668,1778921668,a,0.0,100.0,
537403,1753156525,1753156525,a,,,
537403,1763591261,1763591261,a,0.0,0.0,
537403,1763593538,1763593538,a,,,
537403,1770452782,1770452782,u,,0.0,has joined Reading on loan for the rest of the season.
538207,1753156525,1753156525,a,,,
538207,1762448729,1762421409,d,,75.0,Ankle injury - 75% chance of playing
538207,1762535068,1762535068,i,,0.0,Ankle injury - Unknown return date
538207,1765614340,1765614340,d,0.0,25.0,Ankle injury - 25% chance of playing
538207,1767428749,1767428749,i,25.0,0.0,Ankle injury - Expected back 31 Jan
538207,1769033329,1769033329,d,0.0,50.0,Lack of match fitness - 50% chance of playing
538207,1769502399,1769502399,a,50.0,100.0,
541462,1753156525,1753156525,a,,,
541462,1762553215,1762527608,d,,25.0,Muscle injury - 25% chance of playing
541462,1771057585,1771057585,d,25.0,75.0,Lack of match fitness - 75% chance of playing
541462,1772662268,1772662268,a,75.0,100.0,
543295,1753156525,1753156525,a,,,
543295,1760634280,1760601609,i,,0.0,Knee injury - Expected back 01 Jun
544877,1753156525,1753156525,a,,,
544877,1763591261,1763591261,a,0.0,0.0,
544877,1763593538,1763593538,a,,,
544877,1777711559,1777711559,d,75.0,75.0,Knock - 75% chance of playing
544877,1777885571,1777885571,a,75.0,100.0,
545477,1753156525,1753156525,a,,,
545477,1763591261,1763591261,a,0.0,0.0,
545477,1763593538,1763593538,a,,,
547027,1753156525,1753156525,a,,,
547027,1758529539,1758493806,d,,50.0,Muscle injury - 50% chance of playing
547027,1758906256,1758906256,i,,0.0,Groin Injury - Expected back 03 Dec
547027,1764663971,1764663971,i,0.0,0.0,Groin Injury - Expected back 14 Dec
547027,1765255061,1765255061,i,0.0,0.0,Groin Injury - Expected back 20 Dec
547027,1765663597,1765663597,n,0.0,0.0,On international duty at the Africa Cup of Nations from Gameweek 17 onwards. - Unknown return date
547027,1766219148,1766219148,a,0.0,100.0,
547027,1766305538,1766305538,i,100.0,0.0,International Duty - Unknown return date
547027,1768638346,1768638346,n,0.0,0.0,On international duty at the Africa Cup of Nations from Gameweek 18 onwards. - Expected back 24 Jan
547027,1768669464,1768669464,a,0.0,100.0,
547037,1753156525,1753156525,a,,,
547037,1763591261,1763591261,a,0.0,0.0,
547037,1763593538,1763593538,a,,,
547410,1753156525,1753156525,a,,,
547410,1763591261,1763591261,a,0.0,0.0,
547410,1763593538,1763593538,a,,,
547671,1775945454,1775945454,a,,,
547676,1753156525,1753156525,a,,,
547676,1763591261,1763591261,a,0.0,0.0,
547676,1763593538,1763593538,a,,,
547701,1753156525,1753156525,a,,,
547701,1761955906,1761901210,i,,0.0,Calf injury - Unknown return date
547701,1763831043,1763831043,d,50.0,50.0,Lack of match fitness - 50% chance of playing
547701,1764003885,1764003885,a,50.0,100.0,
547719,1753156525,1753156525,a,,,
547719,1760375075,1760355009,d,,75.0,Calf injury - 75% chance of playing
547719,1760825156,1760825156,a,75.0,100.0,
547719,1770278425,1770256810,d,100.0,75.0,Knee injury - 75% chance of playing
547719,1770712309,1770712309,d,75.0,75.0,Dead leg - 75% chance of playing
547719,1771662375,1771662375,i,75.0,0.0,Dead leg - Expected back 04 Mar
547719,1772267168,1772267168,i,0.0,0.0,Dead leg - Expected back 14 Mar
547719,1772662268,1772662268,d,0.0,50.0,Dead leg - 50% chance of playing
547719,1773476815,1773476815,i,0.0,0.0,Dead leg - Expected back 22 Mar
547719,1773526163,1773526163,d,0.0,50.0,Dead leg - 50% chance of playing
547719,1773822704,1773822704,i,0.0,0.0,Dead leg - Expected back 11 Apr
547719,1774130880,1774130880,d,0.0,50.0,Dead leg - 50% chance of playing
547719,1775896112,1775896112,a,100.0,100.0,
547719,1778106074,1778106074,i,100.0,0.0,Leg injury - Expected back 01 Jul
547720,1753156525,1753156525,a,,,
547720,1763591261,1763591261,a,0.0,0.0,
547720,1763593538,1763593538,a,,,
547801,1753156525,1753156525,a,,,
547801,1763591261,1763591261,a,0.0,0.0,
547801,1763593538,1763593538,a,,,
548308,1753156525,1753156525,a,,,
548308,1753462940,1753462940,u,,0.0,
548308,1754038182,1754038182,u,,0.0,Has joined Stoke City on loan for the rest of the season.
548308,1754067802,1754067802,u,,0.0,
548308,1755193299,1755193299,u,,0.0,Has joined Stoke City on loan for the rest of the season.
549067,1753156525,1753156525,a,,,
549067,1763591261,1763591261,a,0.0,0.0,
549067,1763593538,1763593538,a,,,
549067,1777971736,1777971736,d,,75.0,Head injury - 75% chance of playing
549067,1778230149,1778230149,d,,50.0,Head injury - 50% chance of playing
549067,1778836972,1778836972,d,50.0,75.0,Head injury - 75% chance of playing
549067,1779056518,1779056518,a,75.0,100.0,
549074,1753156525,1753156525,a,,,
549074,1754889107,1754889107,d,,50.0,
549074,1755193299,1755193299,d,,50.0,Knock - 50% chance of playing
549074,1755277274,1755277274,a,,100.0,
549074,1770107241,1770107241,u,100.0,0.0,has joined Millwall on loan for the rest of the season.
549329,1753156525,1753156525,a,,,
549329,1763591261,1763591261,a,0.0,0.0,
549329,1763593538,1763593538,a,,,
549329,1765058794,1765058794,s,,0.0,Suspended until 20 Dec
549329,1765663597,1765663597,a,0.0,100.0,
549912,1753156525,1753156525,a,,,
549912,1763591261,1763591261,a,0.0,0.0,
549912,1763593538,1763593538,a,,,
549912,1765663597,1765663597,n,,0.0,On international duty at the Africa Cup of Nations from Gameweek 17 onwards. - Unknown return date
549912,1768638346,1768638346,n,0.0,0.0,On international duty at the Africa Cup of Nations from Gameweek 17 onwards. - Expected back 24 Jan
549912,1768669464,1768669464,a,0.0,100.0,
549912,1779526653,1779526653,i,100.0,0.0,Muscle injury - Expected back 01 Jun
549939,1753156525,1753156525,a,,,
549939,1753722233,1753722233,u,,0.0,
549939,1754038182,1754038182,u,,0.0,Has joined RC Strasbourg on loan for the rest of the season.
549939,1754067802,1754067802,u,,0.0,
549939,1755193299,1755193299,u,,0.0,Has joined RC Strasbourg on loan for the rest of the season.
550090,1753156525,1753156525,a,,,
550090,1763591261,1763591261,a,0.0,0.0,
550090,1763593538,1763593538,a,,,
550090,1769847982,1769847982,u,,0.0,has joined Paris FC on loan for the rest of the season.
550141,1753156525,1753156525,a,,,
550141,1758578786,1758577576,u,,0.0,has joined Dinamo Bucharest permanently.
550596,1753156525,1753156525,a,,,
550596,1758578786,1758577910,u,,0.0,has joined Novi Pazar on loan for the rest of the season.
550615,1753156525,1753156525,a,,,
550615,1763591261,1763591261,a,0.0,0.0,
550615,1763593538,1763593538,a,,,
550615,1773563249,1773563249,n,,0.0,Ineligible to face his parent club on 21/3. - Expected back 11 Apr
550615,1774130880,1774130880,a,0.0,100.0,
550839,1753156525,1753156525,a,,,
550839,1761239091,1761228009,d,,75.0,Knock - 75% chance of playing
550839,1761516371,1761516371,a,75.0,100.0,
550839,1770847892,1770847892,d,100.0,75.0,Knock - 75% chance of playing
550839,1770971356,1770971356,i,100.0,0.0,Knee injury - Unknown return date
550864,1753156525,1753156525,a,,,
550864,1763591261,1763591261,a,0.0,0.0,
550864,1763593538,1763593538,a,,,
550864,1776587723,1776587723,d,,75.0,Knock - 75% chance of playing
550864,1777367205,1777367205,a,75.0,100.0,
551153,1753156525,1753156525,a,,,
551153,1758578786,1758575878,u,,0.0,has joined Moreirense on loan for the rest of the season.
551206,1753156525,1753156525,a,,,
551206,1763591261,1763591261,a,0.0,0.0,
551206,1763593538,1763593538,a,,,
551206,1769847982,1769847982,u,,0.0,has joined Derby County on loan for the rest of the season.
551210,1754327082,1754327082,a,,,
551210,1763591261,1763591261,a,0.0,0.0,
551210,1763593538,1763593538,a,,,
551210,1767083176,1767083176,d,,25.0,Knock - 25% chance of playing
551210,1767601597,1767601597,a,25.0,100.0,
551221,1753156525,1753156525,a,,,
551221,1763591261,1763591261,a,0.0,0.0,
551221,1763593538,1763593538,a,,,
551226,1756505162,1756505162,a,,,
551226,1763591261,1763591261,a,0.0,0.0,
551226,1763593538,1763593538,a,,,
551226,1768551991,1768551991,d,,75.0,Knock - 75% chance of playing
551226,1768687620,1768687620,a,75.0,100.0,
551483,1756746230,1756746230,a,,,
551483,1763591261,1763591261,a,0.0,0.0,
551483,1763593538,1763593538,a,,,
551483,1778316628,1778316628,n,,0.0,Made unavailable for selection on 8/5. - Unknown return date
551483,1779661457,1779661457,a,0.0,100.0,
552427,1753156525,1753156525,a,,,
552427,1754889107,1754889107,u,,0.0,
552427,1755193299,1755193299,u,,0.0,Has joined Oxford United on loan for the rest of the season.
552427,1770107241,1770107241,u,0.0,0.0,has joined Oxford United on loan for the rest of the season.
553299,1753156525,1753156525,a,,,
553299,1754889107,1754889107,d,,25.0,
553299,1755193299,1755193299,d,,25.0,Foot injury - 25% chance of playing
553299,1755882217,1755882217,i,25.0,0.0,Foot injury - Unknown return date
553299,1756505162,1756505162,d,0.0,50.0,Foot injury - 50% chance of playing
553299,1758301479,1758301479,i,50.0,0.0,Foot injury - Expected back 27 Sep
553299,1758474266,1758474266,d,0.0,50.0,Foot injury - 50% chance of playing
553299,1761325489,1761325489,i,50.0,0.0,Foot injury - Unknown return date
553299,1761343604,1761343604,d,50.0,50.0,Foot injury - 50% chance of playing
553299,1761344648,1761344648,i,0.0,0.0,Foot injury - Unknown return date
553299,1761955906,1761955906,i,0.0,0.0,Thigh injury - Expected back 23 Nov
553299,1763139876,1763139876,d,0.0,50.0,Thigh injury - 50% chance of playing
553299,1763831043,1763831043,d,50.0,50.0,Lack of match fitness - 50% chance of playing
553299,1764923156,1764923156,d,50.0,75.0,Lack of match fitness - 75% chance of playing
553299,1766959629,1766959629,a,75.0,100.0,
553299,1767428749,1767428749,u,100.0,0.0,has joined Borussia Mönchengladbach on loan for the rest of the season.
553742,1774217326,1774217326,a,,,
553746,1766305538,1766305538,a,,,
554197,1753156525,1753156525,a,,,
554197,1763591261,1763591261,a,0.0,0.0,
554197,1763593538,1763593538,a,,,
556637,1760825156,1760825156,a,,,
556637,1763591261,1763591261,a,0.0,0.0,
556637,1763593538,1763593538,a,,,
556639,1753156525,1753156525,a,,,
556639,1763591261,1763591261,a,0.0,0.0,
556639,1763593538,1763593538,a,,,
559610,1769983689,1769983689,a,,,
559684,1753156525,1753156525,a,,,
559684,1754889107,1754889107,a,,100.0,
559684,1758578786,1758576115,u,100.0,0.0,has joined Leyton Orient on loan for the rest of the season.
559962,1753156525,1753156525,a,,,
559962,1763591261,1763591261,a,0.0,0.0,
559962,1763593538,1763593538,a,,,
559962,1770452782,1770452782,u,,0.0,has joined West Brom on loan for the rest of the season.
560248,1753156525,1753156525,a,,,
560248,1753333832,1753333832,u,,0.0,
560248,1754038182,1754038182,u,,0.0,On loan to FC Alverca
560248,1754067802,1754067802,u,,0.0,
560248,1755193299,1755193299,u,,0.0,On loan to FC Alverca
560262,1753156525,1753156525,a,,,
560262,1763591261,1763591261,a,0.0,0.0,
560262,1763593538,1763593538,a,,,
560262,1774686465,1774686465,d,,75.0,Knock - 75% chance of playing
560262,1775896112,1775896112,a,100.0,100.0,
560441,1756832655,1756832655,a,,,
560441,1757091850,1757062576,u,,0.0,has joined Botafogo on loan for the rest of the season.
560441,1769502399,1769502399,a,0.0,100.0,
560441,1770588576,1770588576,u,100.0,0.0,has joined Vasco de Gama on loan for the rest of the season.
560552,1756832655,1756832655,a,,,
560552,1758702327,1758695409,d,,75.0,Shoulder injury - 75% chance of playing
560552,1759134347,1759134347,a,75.0,100.0,
560552,1771835504,1771835504,d,100.0,75.0,Knock - 75% chance of playing
560552,1772267168,1772267168,i,0.0,0.0,Foot injury - Unknown return date
560552,1778316628,1778316628,a,0.0,100.0,
563324,1753156525,1753156525,a,,,
563324,1763591261,1763591261,a,0.0,0.0,
563324,1763593538,1763593538,a,,,
564406,1753156525,1753156525,a,,,
564406,1763591261,1763591261,a,0.0,0.0,
564406,1763593538,1763593538,a,,,
564505,1755986743,1755986743,a,,,
564505,1763591261,1763591261,a,0.0,0.0,
564505,1763593538,1763593538,a,,,
564510,1753156525,1753156525,a,,,
564510,1758578786,1758576047,u,,0.0,has joined Sparta Prague permanently.
564940,1756746230,1756746230,a,,,
564940,1763591261,1763591261,a,0.0,0.0,
564940,1763593538,1763593538,a,,,
565297,1753156525,1753156525,a,,,
565297,1754931789,1754931789,u,,0.0,
565297,1755193299,1755193299,u,,0.0,Has joined RCD Mallorca on loan for the rest of the season.
565431,1753156525,1753156525,a,,,
565431,1763591261,1763591261,a,0.0,0.0,
565431,1763593538,1763593538,a,,,
565431,1767947179,1767947179,u,,0.0,has joined VfL Bochum 1848 on loan for the rest of the season.
565863,1767564440,1767564440,a,,,
566164,1753156525,1753156525,a,,,
566164,1755623026,1755610688,u,,0.0,Has joined Middlesbrough on loan for the rest of the season.
566164,1755720768,1755720768,a,,,
566164,1755720919,1755720919,u,,0.0,Has joined Middlesbrough on loan for the rest of the season.
566164,1770107241,1770107241,a,0.0,100.0,
566213,1757887547,1757887547,a,,,
566213,1763591261,1763591261,a,0.0,0.0,
566213,1763593538,1763593538,a,,,
566213,1770452782,1770452782,u,,0.0,has joined Watford on loan for the rest of the season.
567119,1779229924,1779229924,a,,,
567121,1753156525,1753156525,a,,,
567121,1763591261,1763591261,a,0.0,0.0,
567121,1763593538,1763593538,a,,,
567121,1770452782,1770452782,u,,0.0,has joined Stevenage permanently.
568159,1778451628,1778451628,a,,,
568791,1753156525,1753156525,a,,,
568791,1763591261,1763591261,a,0.0,0.0,
568791,1763593538,1763593538,a,,,
569014,1753156525,1753156525,a,,,
569014,1756832655,1756815783,u,,0.0,has joined Rio Ave on loan for the rest of the season.
569014,1768897593,1768897593,a,0.0,100.0,
569577,1755986743,1755986743,a,,,
569577,1758578786,1758575760,u,,0.0,has joined Annecy on loan for the rest of the season.
570241,1753156525,1753156525,a,,,
570241,1758578786,1758575819,u,,0.0,has joined Kaiserslautern on loan for the rest of the season.
570526,1753156525,1753156525,a,,,
570526,1762071908,1762034409,d,,25.0,Head injury - 25% chance of playing
570526,1762244747,1762244747,i,,0.0,Head injury - Expected back 23 Nov
570526,1763139876,1763139876,d,0.0,75.0,Head injury - 75% chance of playing
570526,1763799922,1763799922,a,0.0,100.0,
570526,1766959629,1766959629,d,100.0,75.0,Knock - 75% chance of playing
570526,1767564440,1767564440,a,75.0,100.0,
570526,1767947179,1767947179,d,100.0,75.0,Knock - 75% chance of playing
570526,1768811210,1768811210,a,75.0,100.0,
570526,1769033329,1769033329,d,75.0,75.0,Ankle injury - 75% chance of playing
570526,1769156782,1769156782,i,75.0,0.0,Ankle injury - Unknown return date
570526,1773822704,1773822704,a,0.0,100.0,
570929,1773563249,1773563249,a,,,
571087,1773563249,1773563249,a,,,
572702,1769243165,1769243165,a,,,
573062,1753156525,1753156525,a,,,
573062,1756832655,1756819829,u,,0.0,has joined Strasbourg permanently.
574398,1753156525,1753156525,a,,,
574398,1758578786,1758577438,u,,0.0,has joined Portsmouth permanently.
574458,1753156525,1753156525,a,,,
574458,1754889107,1754889107,u,,0.0,
574458,1755193299,1755193299,u,,0.0,Has joined RC Strasbourg on loan for the rest of the season.
574458,1770107241,1770107241,a,0.0,100.0,
575034,1753156525,1753156525,a,,,
575034,1754889107,1754889107,a,,100.0,
575034,1758578786,1758575906,u,100.0,0.0,has joined Northampton Town on loan for the rest of the season.
575034,1768897593,1768897593,a,0.0,100.0,
575034,1770107241,1770107241,u,100.0,0.0,has joined Bradford City on loan for the rest of the season.
575204,1753156525,1753156525,a,,,
575204,1755813979,1755784987,u,,0.0,Has joined Bayer Leverkusen on loan for the rest of the season.
575204,1768897593,1768897593,u,0.0,0.0,has joined Girona on loan for the rest of the season.
575458,1753156525,1753156525,a,,,
575458,1763591261,1763591261,a,0.0,0.0,
575458,1763593538,1763593538,a,,,
575458,1773476815,1773476815,d,,75.0,Foot injury - 75% chance of playing
575458,1773908891,1773908891,d,75.0,50.0,Foot injury - 50% chance of playing
575458,1776501074,1776501074,a,50.0,100.0,
575458,1777137327,1777137327,d,100.0,75.0,Shoulder injury - 75% chance of playing
575458,1777971736,1777971736,a,75.0,100.0,
575476,1753156525,1753156525,a,,,
575476,1757801133,1757799008,d,,75.0,Knock - 75% chance of playing
575476,1758906256,1758906256,d,75.0,50.0,Knock - 50% chance of playing
575476,1759356375,1759356375,a,50.0,100.0,
575476,1759511057,1759500009,d,50.0,75.0,Knock - 75% chance of playing
575476,1759739129,1759739129,a,75.0,100.0,
575476,1764404721,1764404721,d,100.0,75.0,Knock - 75% chance of playing
575476,1764923156,1764923156,d,75.0,75.0,Hamstring injury - 75% chance of playing
575476,1765527972,1765527972,a,75.0,100.0,
575476,1769243165,1769243165,d,100.0,75.0,Hamstring injury - 75% chance of playing
575476,1769502399,1769502399,a,75.0,100.0,
575476,1770452782,1770452782,d,100.0,75.0,Calf injury - 75% chance of playing
575476,1770712309,1770712309,d,100.0,50.0,Calf injury - 50% chance of playing
575476,1771575781,1771575781,a,50.0,100.0,
575476,1776501074,1776501074,d,100.0,75.0,Knock - 75% chance of playing
575476,1777021030,1777021030,i,75.0,0.0,Muscle injury - Expected back 04 May
575476,1777501490,1777501490,d,0.0,50.0,Muscle injury - 50% chance of playing
575476,1777711559,1777711559,d,75.0,75.0,Muscle injury - 75% chance of playing
575476,1778230149,1778230149,d,75.0,50.0,Muscle injury - 50% chance of playing
575476,1778836972,1778836972,i,50.0,0.0,Muscle injury - Unknown return date
575476,1779441967,1779441967,i,0.0,0.0,Muscle injury - Expected back 01 Jun
575901,1753156525,1753156525,a,,,
575901,1760634280,1760601609,i,,0.0,International Duty - Expected back 26 Oct
575901,1760948747,1760948747,a,0.0,100.0,
575901,1769070383,1769070383,d,100.0,25.0,Knock - 25% chance of playing
575901,1769243165,1769243165,i,100.0,0.0,Knock - Unknown return date
575901,1770020907,1770020907,i,0.0,0.0,Hamstring injury - Expected back 01 Jun
575901,1775896112,1775896112,a,100.0,100.0,
576323,1753156525,1753156525,a,,,
576323,1755277274,1755259407,u,,0.0,Has joined Cercle Brugge on loan for the rest of the season.
576620,1766354823,1766354823,a,,,
576628,1764059165,1764059165,a,,,
576628,1768206409,1768206409,s,,0.0,Suspended until 25 Jan
576628,1768669464,1768669464,a,0.0,100.0,
576634,1776550371,1776550371,a,,,
576637,1767564440,1767564440,a,,,
576756,1753156525,1753156525,a,,,
576756,1756832655,1756819596,u,,0.0,has joined Huddersfield Town on loan for the rest of the season.
576980,1753156525,1753156525,a,,,
576980,1763591261,1763591261,a,0.0,0.0,
576980,1763593538,1763593538,a,,,
577016,1753156525,1753156525,a,,,
577016,1758733477,1758713408,d,,75.0,Illness - 75% chance of playing
577016,1759047887,1759047887,a,75.0,100.0,
577114,1753156525,1753156525,a,,,
577114,1755813979,1755786607,i,,0.0,Shoulder injury - Unknown return date
577114,1757801133,1757801133,a,0.0,100.0,
577114,1767823641,1767823641,u,100.0,0.0,has joined Sporting CP permanently.
577285,1763935615,1763935615,a,,,
577669,1753156525,1753156525,a,,,
577669,1760479636,1760477408,d,,75.0,Ankle injury - 75% chance of playing
577669,1760948747,1760948747,a,75.0,100.0,
577669,1765663597,1765663597,n,100.0,0.0,On international duty at the Africa Cup of Nations from Gameweek 17 onwards. - Unknown return date
577669,1768033551,1768033551,a,0.0,100.0,
577725,1753156525,1753156525,a,,,
577725,1763591261,1763591261,a,0.0,0.0,
577725,1763593538,1763593538,a,,,
577725,1767342382,1767342382,d,,75.0,Knee injury - 75% chance of playing
577725,1767428749,1767428749,d,,25.0,Knee injury - 25% chance of playing
577725,1767737264,1767737264,i,0.0,0.0,Knee injury - Expected back 17 Jan
577725,1768206409,1768206409,i,0.0,0.0,Knee injury - Unknown return date
577725,1768551991,1768551991,d,0.0,75.0,Knee injury - 75% chance of playing
577725,1768687620,1768687620,a,75.0,100.0,
577731,1753156525,1753156525,a,,,
577731,1763591261,1763591261,a,0.0,0.0,
577731,1763593538,1763593538,a,,,
577731,1770452782,1770452782,u,,0.0,has joined Falkirk on loan for the rest of the season.
577974,1753156525,1753156525,a,,,
577974,1756832655,1756820399,u,,0.0,has joined Sheffield Wednesday on loan for the rest of the season.
577974,1769502399,1769502399,u,0.0,0.0,has joined Norwich City on loan for the rest of the season.
577978,1778577328,1778577328,a,,,
578153,1753156525,1753156525,a,,,
578153,1757091850,1757066407,d,,75.0,Calf injury - 75% chance of playing
578153,1757696658,1757696658,a,,100.0,
578153,1758529539,1758493806,d,100.0,75.0,Knock - 75% chance of playing
578153,1758702327,1758702327,d,100.0,25.0,Ankle injury - 25% chance of playing
578153,1758906256,1758906256,i,100.0,0.0,Ankle injury - Expected back 18 Oct
578153,1759597454,1759597454,d,0.0,50.0,Ankle injury - 50% chance of playing
578153,1760720663,1760720663,d,0.0,25.0,Ankle injury - 25% chance of playing
578153,1761325489,1761325489,i,25.0,0.0,Ankle injury - Unknown return date
578153,1761343604,1761343604,d,25.0,25.0,Ankle injury - 25% chance of playing
578153,1761344648,1761344648,i,0.0,0.0,Ankle injury - Unknown return date
578153,1761955906,1761955906,a,0.0,100.0,
578153,1770588576,1770588576,d,100.0,50.0,Concussion - 50% chance of playing
578153,1770761898,1770761898,a,100.0,100.0,
578512,1753156525,1753156525,a,,,
578512,1763591261,1763591261,a,0.0,0.0,
578512,1763593538,1763593538,a,,,
578614,1753156525,1753156525,a,,,
578614,1763591261,1763591261,a,0.0,0.0,
578614,1763593538,1763593538,a,,,
579075,1753156525,1753156525,a,,,
579075,1763591261,1763591261,a,0.0,0.0,
579075,1763593538,1763593538,a,,,
580921,1766305538,1766305538,a,,,
586268,1753156525,1753156525,a,,,
586268,1763591261,1763591261,a,0.0,0.0,
586268,1763593538,1763593538,a,,,
586309,1753156525,1753156525,a,,,
586309,1763591261,1763591261,a,0.0,0.0,
586309,1763593538,1763593538,a,,,
587178,1753156525,1753156525,a,,,
587178,1758578786,1758575760,u,,0.0,has joined Anderlecht on loan for the rest of the season.
587433,1774168012,1774168012,a,,,
588555,1753156525,1753156525,a,,,
588555,1753333832,1753333832,u,,0.0,
588555,1754038182,1754038182,u,,0.0,On loan to Shrewsbury Town
588555,1754067802,1754067802,u,,0.0,
588555,1755193299,1755193299,u,,0.0,On loan to Shrewsbury Town
588793,1753156525,1753156525,a,,,
588793,1758578786,1758575671,u,,0.0,has joined Morecambe on loan for the rest of the season.
588796,1753156525,1753156525,a,,,
588796,1756832655,1756819481,u,,0.0,has joined Shrewsbury Town on loan for the rest of the season.
589100,1753156525,1753156525,a,,,
589100,1758578786,1758577978,u,,0.0,has joined Harrogate Town on loan until January.
589121,1767169581,1767169581,a,,,
589507,1753156525,1753156525,i,,0.0,
589507,1754038182,1754038182,i,,0.0,Knee injury - Unknown return date
589507,1754067802,1754067802,i,,0.0,
589507,1755193299,1755193299,i,,0.0,Knee injury - Unknown return date
589507,1772526475,1772526475,a,0.0,100.0,
590012,1753156525,1753156525,a,,,
590012,1754889107,1754889107,d,,25.0,
590012,1755193299,1755193299,d,,25.0,Back injury - 25% chance of playing
590012,1755277274,1755277274,i,,0.0,Back injury - Unknown return date
590012,1757696658,1757696658,d,0.0,25.0,Back injury - 25% chance of playing
590012,1758906256,1758906256,i,25.0,0.0,Back injury - Unknown return date
590012,1771489733,1771489733,a,0.0,100.0,
590012,1771575781,1771575781,i,0.0,0.0,Back injury - Unknown return date
590012,1771662375,1771662375,a,0.0,100.0,
590014,1755468757,1755468757,a,,,
590014,1762414727,1762381808,d,,75.0,Groin Injury - 75% chance of playing
590014,1764318364,1764318364,a,75.0,100.0,
590014,1766009243,1766009243,i,100.0,0.0,Groin Injury - Expected back 25 Jan
590014,1769070383,1769070383,i,0.0,0.0,Groin Injury - Expected back 01 Feb
590014,1769243165,1769243165,d,0.0,25.0,Groin Injury - 25% chance of playing
590014,1771489733,1771489733,a,25.0,100.0,
590014,1771575781,1771575781,d,25.0,25.0,Groin Injury - 25% chance of playing
590014,1771662375,1771662375,a,25.0,100.0,
590035,1762756419,1762756419,a,,,
590035,1763591261,1763591261,a,0.0,0.0,
590035,1763593538,1763593538,a,,,
590035,1769502399,1769502399,u,,0.0,has joined Bristol Rovers on loan for the rest of the season.
590039,1757887547,1757887547,a,,,
590039,1763591261,1763591261,a,0.0,0.0,
590039,1763593538,1763593538,a,,,
590039,1770452782,1770452782,u,,0.0,has joined Leicester City on loan for the rest of the season.
590040,1778451628,1778451628,a,,,
590760,1753156525,1753156525,a,,,
590760,1758578786,1758575965,u,,0.0,has joined HNK Rijeka permanently.
591357,1753156525,1753156525,a,,,
591357,1754889107,1754889107,u,,0.0,
591357,1755193299,1755193299,u,,0.0,Has joined Wigan on loan for the rest of the season
591384,1767860790,1767860790,a,,,
591385,1753156525,1753156525,a,,,
591385,1763591261,1763591261,a,0.0,0.0,
591385,1763593538,1763593538,a,,,
591386,1753156525,1753156525,a,,,
591386,1763591261,1763591261,a,0.0,0.0,
591386,1763593538,1763593538,a,,,
592031,1753156525,1753156525,a,,,
592031,1763591261,1763591261,a,0.0,0.0,
592031,1763593538,1763593538,a,,,
592031,1767169581,1767169581,d,,75.0,Knock - 75% chance of playing
592031,1767428749,1767428749,d,,75.0,Dead leg - 75% chance of playing
592031,1767737264,1767737264,d,25.0,25.0,Dead leg - 25% chance of playing
592031,1768206409,1768206409,d,25.0,50.0,Dead leg - 50% chance of playing
592031,1768551991,1768551991,d,25.0,25.0,Dead leg - 25% chance of playing
592031,1768638346,1768638346,a,25.0,100.0,
592740,1779056518,1779056518,a,,,
593001,1753156525,1753156525,a,,,
593001,1763591261,1763591261,a,0.0,0.0,
593001,1763593538,1763593538,a,,,
593174,1768687620,1768687620,a,,,
593174,1776501074,1776501074,i,,0.0,Knock - Unknown return date
593174,1777367205,1777367205,a,0.0,100.0,
596042,1761429956,1761429956,a,,,
596042,1763591261,1763591261,a,0.0,0.0,
596042,1763593538,1763593538,a,,,
596047,1753156525,1753156525,a,,,
596047,1763591261,1763591261,a,0.0,0.0,
596047,1763593538,1763593538,a,,,
596054,1753156525,1753156525,a,,,
596054,1763591261,1763591261,a,0.0,0.0,
596054,1763593538,1763593538,a,,,
596777,1753156525,1753156525,a,,,
596777,1763591261,1763591261,a,0.0,0.0,
596777,1763593538,1763593538,a,,,
596777,1769502399,1769502399,d,,75.0,Muscle injury - 75% chance of playing
596777,1769638214,1769638214,d,,50.0,Hamstring injury - 50% chance of playing
596777,1769847982,1769847982,i,,0.0,Hamstring injury - Unknown return date
596777,1777367205,1777367205,a,0.0,100.0,
597320,1767860790,1767860790,a,,,
599303,1753156525,1753156525,a,,,
599303,1763591261,1763591261,a,0.0,0.0,
599303,1763593538,1763593538,a,,,
600882,1758405950,1758405950,a,,,
600882,1759424626,1759415408,d,,50.0,Hip injury - 50% chance of playing
600882,1760689551,1760689551,i,50.0,0.0,Hip injury - Expected back 24 Oct
600882,1760948747,1760948747,d,0.0,50.0,Hip injury - 50% chance of playing
600882,1761239091,1761239091,a,0.0,100.0,
600882,1768638346,1768638346,u,100.0,0.0,has joined Rotherham United on loan for the rest of the season.
601956,1766305538,1766305538,a,,,
602903,1762121173,1762121173,a,,,
602903,1763591261,1763591261,a,0.0,0.0,
602903,1763593538,1763593538,a,,,
604211,1766959629,1766959629,a,,,
604211,1768638346,1768638346,u,,0.0,has joined Exeter City on loan for the rest of the season.
604988,1766305538,1766305538,a,,,
605319,1766305538,1766305538,a,,,
606689,1753156525,1753156525,a,,,
606689,1763591261,1763591261,a,0.0,0.0,
606689,1763593538,1763593538,a,,,
606745,1753156525,1753156525,a,,,
606745,1760461466,1760446807,d,,75.0,Knock - 75% chance of playing
606745,1760948747,1760948747,a,75.0,100.0,
606774,1755320758,1755320758,a,,,
606774,1763591261,1763591261,a,0.0,0.0,
606774,1763593538,1763593538,a,,,
606775,1753156525,1753156525,a,,,
606775,1756832655,1756817675,u,,0.0,has joined Barnet on loan for the rest of the season.
606798,1753156525,1753156525,a,,,
606798,1754889107,1754889107,d,,75.0,
606798,1755193299,1755193299,d,,75.0,Knock - 75% chance of playing
606798,1755277274,1755277274,d,,25.0,Knock - 25% chance of playing
606798,1757714774,1757714774,i,25.0,0.0,Knock - Unknown return date
606798,1758906256,1758906256,a,0.0,100.0,
606798,1761239091,1761226208,d,100.0,25.0,Knock - 25% chance of playing
606798,1761955906,1761955906,i,25.0,0.0,Knock - Unknown return date
606798,1763831043,1763831043,d,25.0,25.0,Knock - 25% chance of playing
606798,1764263058,1764263058,a,25.0,100.0,
606798,1769761644,1769761644,i,100.0,0.0,Hamstring injury - Expected back 21 Feb
606798,1771366268,1771366268,a,0.0,100.0,
606921,1753156525,1753156525,a,,,
606921,1763591261,1763591261,a,0.0,0.0,
606921,1763593538,1763593538,a,,,
606921,1767947179,1767947179,u,,0.0,has joined Coventry City on loan for the rest of the season.
607464,1753156525,1753156525,a,,,
607464,1763591261,1763591261,a,0.0,0.0,
607464,1763593538,1763593538,a,,,
607464,1771711651,1771711651,d,,75.0,Knock - 75% chance of playing
607464,1772316454,1772316454,a,75.0,100.0,
608181,1753156525,1753156525,a,,,
608181,1763591261,1763591261,a,0.0,0.0,
608181,1763593538,1763593538,a,,,
608181,1764923156,1764923156,d,,75.0,Knee injury - 75% chance of playing
608181,1765005920,1765005920,i,,0.0,Knee injury - Unknown return date
608181,1765614340,1765614340,i,0.0,0.0,Knee injury - Expected back 01 Jun
609873,1753156525,1753156525,a,,,
609873,1754889107,1754889107,d,,75.0,
609873,1755193299,1755193299,d,,75.0,Thigh injury - 75% chance of playing
609873,1755709442,1755709442,a,75.0,100.0,
609873,1756832655,1756812988,u,100.0,0.0,has joined Preston North End on loan for the rest of the season.
609873,1767428749,1767428749,a,0.0,100.0,
610799,1753156525,1753156525,a,,,
610799,1756832655,1756819063,u,,0.0,has joined Hamburger SV on loan for the rest of the season.
611134,1753156525,1753156525,a,,,
611134,1754889107,1754889107,u,,0.0,
611134,1755193299,1755193299,u,,0.0,Has joined RC Strasbourg on loan for the rest of the season.
611134,1770107241,1770107241,u,0.0,0.0,has joined River Plate on loan for the rest of the season.
611695,1753156525,1753156525,a,,,
611695,1755277274,1755259381,u,,0.0,Has joined Swansea City on loan for the rest of the season.
611912,1759615543,1759615543,a,,,
611912,1763591261,1763591261,a,0.0,0.0,
611912,1763593538,1763593538,a,,,
611917,1767564440,1767564440,a,,,
611922,1755320758,1755320758,a,,,
611922,1763591261,1763591261,a,0.0,0.0,
611922,1763593538,1763593538,a,,,
611926,1753156525,1753156525,a,,,
611926,1761955906,1761823809,s,,0.0,Suspended until 09 Nov
611926,1762034754,1762034754,a,0.0,100.0,
611975,1753156525,1753156525,a,,,
611975,1763591261,1763591261,a,0.0,0.0,
611975,1763593538,1763593538,a,,,
612534,1753156525,1753156525,a,,,
612534,1758578786,1758575819,u,,0.0,has joined Dender on loan for the rest of the season.
613232,1771798072,1771798072,a,,,
613804,1753156525,1753156525,a,,,
613804,1763591261,1763591261,a,0.0,0.0,
613804,1763593538,1763593538,a,,,
613804,1765663597,1765663597,n,,0.0,On international duty at the Africa Cup of Nations from Gameweek 17 onwards. - Unknown return date
613804,1768638346,1768638346,n,0.0,0.0,On international duty at the Africa Cup of Nations from Gameweek 17 onwards. - Expected back 24 Jan
613804,1768669464,1768669464,a,0.0,100.0,
614574,1768946888,1768946888,a,,,
616065,1765058794,1765058794,a,,,
616077,1755986743,1755986743,a,,,
616077,1763591261,1763591261,a,0.0,0.0,
616077,1763593538,1763593538,a,,,
616077,1765355185,1765355185,i,,0.0,Ankle injury - Unknown return date
616077,1772267168,1772267168,d,75.0,75.0,Lack of match fitness - 75% chance of playing
616077,1772575854,1772575854,a,100.0,100.0,
616221,1769502399,1769502399,a,,,
616222,1753156525,1753156525,a,,,
616222,1754889107,1754889107,u,,0.0,
616222,1755193299,1755193299,u,,0.0,Has joined Girona on loan for the rest of the season.
616286,1778365174,1778365174,a,,,
616288,1759010738,1759010738,a,,,
616288,1763591261,1763591261,a,0.0,0.0,
616288,1763593538,1763593538,a,,,
618027,1767478018,1767478018,a,,,
618873,1753156525,1753156525,a,,,
618873,1763591261,1763591261,a,0.0,0.0,
618873,1763593538,1763593538,a,,,
618873,1770452782,1770452782,u,,0.0,has joined Lausanne-Sport on loan for the rest of the season.
619536,1766478386,1766478386,a,,,
619734,1776809957,1776809957,a,,,
619734,1777971736,1777971736,d,,75.0,Head injury - 75% chance of playing
619734,1778230149,1778230149,i,,0.0,Head injury - Expected back 01 Jun
619734,1779316513,1779316513,a,0.0,100.0,
620487,1756832655,1756832655,a,,,
620487,1763591261,1763591261,a,0.0,0.0,
620487,1763593538,1763593538,a,,,
620487,1765005920,1765005920,d,,50.0,Knee injury - 50% chance of playing
620487,1765614340,1765614340,i,50.0,0.0,Knee injury - Expected back 21 Feb
620487,1767737264,1767737264,d,75.0,75.0,Lack of match fitness - 75% chance of playing
620487,1767947179,1767947179,a,75.0,100.0,
622536,1753156525,1753156525,a,,,
622536,1761955906,1761930009,i,,0.0,Knee injury - Expected back 09 Nov
622536,1762189480,1762189480,d,0.0,75.0,Knee injury - 75% chance of playing
622536,1762503944,1762503944,a,0.0,100.0,
622536,1770452782,1770452782,u,100.0,0.0,has joined Celtic on loan for the rest of the season.
622758,1753156525,1753156525,a,,,
622758,1756832655,1756812916,u,,0.0,has joined Borussia Dortmund on loan for the rest of the season.
622758,1769551704,1769551704,a,0.0,100.0,
622758,1770107241,1770107241,u,100.0,0.0,has joined Strasbourg on loan for the rest of the season.
623095,1753156525,1753156525,a,,,
623095,1754889107,1754889107,u,,0.0,
623095,1755193299,1755193299,u,,0.0,Has joined Portsmouth on loan for the rest of the season.
623095,1767823641,1767823641,u,0.0,0.0,has joined Coventry City on loan for the rest of the season.
623110,1755450072,1755450072,a,,,
623110,1763591261,1763591261,a,0.0,0.0,
623110,1763593538,1763593538,a,,,
624773,1753156525,1753156525,a,,,
624773,1763591261,1763591261,a,0.0,0.0,
624773,1763593538,1763593538,a,,,
624773,1766009243,1766009243,i,,0.0,Muscle injury - Expected back 27 Dec
624773,1766478386,1766478386,d,0.0,50.0,Muscle injury - 50% chance of playing
624773,1766614042,1766614042,a,0.0,100.0,
624773,1771711651,1771711651,d,100.0,75.0,Hamstring injury - 75% chance of playing
624773,1772267168,1772267168,i,0.0,0.0,Hamstring injury - Unknown return date
624773,1772526475,1772526475,d,0.0,25.0,Hamstring injury - 25% chance of playing
624773,1772662268,1772662268,d,25.0,50.0,Hamstring injury - 50% chance of playing
624773,1773476815,1773476815,i,25.0,0.0,Hamstring injury - Expected back 21 Mar
624773,1773526163,1773526163,d,0.0,50.0,Hamstring injury - 50% chance of playing
624773,1773785625,1773785625,a,0.0,100.0,
624773,1776761683,1776761683,d,100.0,75.0,Hamstring injury - 75% chance of playing
624773,1777106067,1777106067,i,0.0,0.0,Hamstring injury - Expected back 01 Jun
626464,1753156525,1753156525,a,,,
626464,1754758874,1754758874,i,,0.0,
626464,1755193299,1755193299,i,,0.0,Hamstring injury - Unknown return date
626464,1758215074,1758215074,d,0.0,25.0,Lack of match fitness - 25% chance of playing
626464,1759424626,1759424626,d,25.0,50.0,Lack of match fitness - 50% chance of playing
626464,1760720663,1760720663,a,50.0,100.0,
626464,1769243165,1769243165,u,100.0,0.0,has joined Swansea City on loan for the rest of the season.
626844,1753156525,1753156525,a,,,
626844,1757323417,1757322691,u,,0.0,has joined Cracovia on loan for the rest of the season.
626844,1769502399,1769502399,a,0.0,100.0,
627888,1777760246,1777760246,a,,,
628204,1753156525,1753156525,a,,,
628204,1763591261,1763591261,a,0.0,0.0,
628204,1763593538,1763593538,a,,,
628204,1768638346,1768638346,u,,0.0,has joined Oxford United on loan for the rest of the season.
629068,1767169581,1767169581,a,,,
630699,1764923156,1764923156,a,,,
631106,1767342382,1767342382,a,,,
631786,1757610260,1757610260,a,,,
631786,1763591261,1763591261,a,0.0,0.0,
631786,1763593538,1763593538,a,,,
631786,1779526653,1779526653,i,,0.0,Knee injury - Expected back 01 Jun
640108,1753156525,1753156525,a,,,
640108,1754889107,1754889107,a,,100.0,
640108,1758578786,1758576047,u,100.0,0.0,has joined KVC Westerlo on loan for the rest of the season.
640108,1767428749,1767428749,u,0.0,0.0,has joined Cadiz on loan for the rest of the season.
640419,1760911565,1760911565,a,,,
640419,1763591261,1763591261,a,0.0,0.0,
640419,1763593538,1763593538,a,,,
641221,1753156525,1753156525,a,,,
641221,1756832655,1756818667,u,,0.0,has joined Porto on loan for the rest of the season.
641221,1767823641,1767823641,a,0.0,100.0,
643135,1753156525,1753156525,a,,,
643135,1763591261,1763591261,a,0.0,0.0,
643135,1763593538,1763593538,a,,,
643135,1764923156,1764923156,d,,75.0,Knock - 75% chance of playing
643135,1765255061,1765255061,a,75.0,100.0,
643135,1769551704,1769551704,u,100.0,0.0,has joined Celta Vigo on loan for the rest of the season.
643426,1766959629,1766959629,a,,,
643473,1762756419,1762756419,a,,,
643473,1763591261,1763591261,a,0.0,0.0,
643473,1763593538,1763593538,a,,,
643970,1778577328,1778577328,a,,,
644593,1772612857,1772612857,a,,,
645618,1755986743,1755986743,a,,,
645618,1763591261,1763591261,a,0.0,0.0,
645618,1763593538,1763593538,a,,,
646243,1756677946,1756677946,a,,,
646243,1763591261,1763591261,a,0.0,0.0,
646243,1763593538,1763593538,a,,,
647671,1762756419,1762756419,a,,,
647671,1763591261,1763591261,a,0.0,0.0,
647671,1763593538,1763593538,a,,,
647681,1755536707,1755536707,a,,,
647681,1758702327,1758693606,d,,25.0,Knee injury - 25% chance of playing
647681,1758906256,1758906256,i,,0.0,Knee injury - Expected back 01 Sep
647850,1753156525,1753156525,a,,,
647850,1763591261,1763591261,a,0.0,0.0,
647850,1763593538,1763593538,a,,,
647960,1767169581,1767169581,a,,,
649240,1774168012,1774168012,a,,,
651426,1756832655,1756832655,a,,,
651426,1763591261,1763591261,a,0.0,0.0,
651426,1763593538,1763593538,a,,,
651426,1765404449,1765404449,d,,75.0,Illness - 75% chance of playing
651426,1765787186,1765787186,a,75.0,100.0,
653481,1767737264,1767737264,a,,,
653481,1768638346,1768638346,i,,0.0,Knock - Unknown return date
653481,1769243165,1769243165,d,0.0,25.0,Knock - 25% chance of playing
653481,1769847982,1769847982,i,25.0,0.0,Knock - Unknown return date
653481,1770761898,1770761898,d,25.0,25.0,Knock - 25% chance of playing
653481,1770971356,1770971356,a,25.0,100.0,
653481,1771489733,1771489733,d,25.0,75.0,Knock - 75% chance of playing
653481,1771662375,1771662375,i,25.0,0.0,Knock - Unknown return date
653481,1772180882,1772180882,a,0.0,100.0,
653481,1778836972,1778836972,i,100.0,0.0,Muscle injury - Unknown return date
658013,1768897593,1768897593,a,,,
660392,1756832655,1756832655,a,,,
660392,1763591261,1763591261,a,0.0,0.0,
660392,1763593538,1763593538,a,,,
661712,1753156525,1753156525,a,,,
661712,1763591261,1763591261,a,0.0,0.0,
661712,1763593538,1763593538,a,,,
664015,1766354823,1766354823,a,,,
666607,1766823958,1766823958,a,,,
671606,1778365174,1778365174,a,,,
672492,1766305538,1766305538,a,,,
677945,1777155264,1777155264,a,,,
678552,1764750360,1764750360,a,,,
685628,1769934397,1769934397,a,,,
687076,1779661457,1779661457,a,,,
699989,1768946888,1768946888,a,,,
699989,1769243165,1769243165,i,,0.0,Lack of match fitness - Expected back 22 Feb
699989,1770761898,1770761898,d,25.0,25.0,Lack of match fitness - 25% chance of playing
699989,1771106860,1771106860,a,25.0,100.0,
699989,1771835504,1771835504,d,100.0,75.0,Ankle injury - 75% chance of playing
699989,1772180882,1772180882,i,100.0,0.0,Ankle injury - Expected back 22 Mar
699989,1773363859,1773363859,i,0.0,0.0,Ankle injury - Unknown return date
699989,1775945454,1775945454,i,0.0,0.0,Ankle injury - Expected back 01 Jun
699989,1776501074,1776501074,i,0.0,0.0,Ankle injury - Expected back 24 Apr
699989,1776532420,1776532420,d,0.0,50.0,Ankle injury - 50% chance of playing
699989,1777021030,1777021030,d,0.0,25.0,Ankle injury - 25% chance of playing
699989,1777106067,1777106067,d,25.0,50.0,Ankle injury - 50% chance of playing
699989,1777625797,1777625797,d,25.0,75.0,Lack of match fitness - 75% chance of playing
699989,1777760246,1777760246,a,75.0,100.0,
704232,1767478018,1767478018,a,,,
718875,1777846702,1777846702,a,,,
