code,observed_at,start_at,status,chance_this,chance_next,news
11948,1682333791,1682333791,a,,,
11974,1663194349,1663194349,a,,,
11974,1673585957,1673524531,u,,0.0,Transferred to LAFC
14937,1657988027,1657988027,a,,,
14937,1669176618,1669176618,a,75.0,100.0,
14937,1672318255,1669195985,u,0.0,0.0,Left club by mutual agreement
15157,1657988027,1657988027,a,,,
15157,1668109477,1668109477,a,0.0,100.0,
15157,1672318255,1671757208,i,0.0,0.0,Hamstring injury - Expected back 02 Jan
15157,1673585957,1673585957,d,50.0,50.0,Hamstring injury - 50% chance of playing
15157,1674195851,1674195851,a,100.0,100.0,
17601,1657988027,1657988027,a,,,
17745,1657988027,1657988027,a,,,
17745,1659947328,1659593889,u,0.0,0.0,Transferred to OGC Nice
17761,1657988027,1657988027,a,,,
18507,1663194349,1663194349,a,,,
18507,1663775227,1663344007,d,75.0,75.0,Lack of match fitness - 75% chance of playing
18507,1664875640,1664875640,a,75.0,100.0,
18507,1667216228,1666969208,s,75.0,0.0,Suspended until 26 Dec
18507,1669176618,1669176618,a,0.0,100.0,
18507,1673585957,1673488808,d,100.0,75.0,Knock - 75% chance of playing
18507,1674195851,1674195851,a,75.0,100.0,
18507,1678185619,1677954608,d,100.0,25.0,Knee injury - 25% chance of playing
18507,1679046737,1679046737,i,0.0,0.0,Knee injury - Expected back 08 Apr
18507,1679914802,1679914802,a,0.0,100.0,
18507,1682014831,1681732809,d,100.0,75.0,Knock - 75% chance of playing
18507,1682333791,1682333791,a,75.0,100.0,
18892,1659947328,1659947328,a,,,
19624,1657988027,1657988027,a,,,
19624,1659947328,1659871807,d,,75.0,Foot injury - 75% chance of playing
19624,1660639221,1660639221,i,0.0,0.0,Foot injury - Unknown return date
19624,1661250559,1661250559,a,75.0,100.0,
20066,1657988027,1657988027,a,,,
20066,1672318255,1672318255,a,75.0,100.0,
20066,1679046737,1678568409,d,100.0,75.0,Knee injury - 75% chance of playing
20066,1679914802,1679914802,a,75.0,100.0,
20310,1657988027,1657988027,a,,,
20467,1657988027,1657988027,a,,,
20467,1659947328,1659375005,i,0.0,0.0,Muscle injury - Unknown return date
20467,1661250559,1661250559,a,0.0,100.0,
20467,1672318255,1671582609,d,75.0,75.0,Calf injury - 75% chance of playing
20467,1672638138,1672638138,d,25.0,25.0,Calf injury - 25% chance of playing
20467,1673585957,1673585957,d,25.0,50.0,Calf injury - 50% chance of playing
20467,1674555185,1674555185,a,75.0,100.0,
21205,1657988027,1657988027,a,,,
21205,1680813728,1680190210,i,0.0,0.0,Ankle injury - Expected back 16 Apr
21205,1682014831,1682014831,i,0.0,0.0,Ankle injury - Expected back 27 Apr
21205,1682690190,1682690190,d,25.0,25.0,Ankle injury - 25% chance of playing
21205,1683613947,1683613947,i,0.0,0.0,Ankle injury - Unknown return date
21205,1685259116,1685259116,a,75.0,100.0,
28411,1675962528,1675962528,a,,,
28411,1685259116,1684711811,i,,0.0,Groin Injury - Expected back 01 Jul
32259,1659947328,1659947328,a,,,
37096,1657988027,1657988027,a,,,
37096,1660639221,1660639221,a,50.0,100.0,
37096,1667216228,1667161807,d,100.0,75.0,Knee injury - 75% chance of playing
37096,1668109477,1668109477,a,75.0,100.0,
37096,1677760822,1677364208,d,100.0,75.0,Eye Injury - 75% chance of playing
37096,1678185619,1678185619,d,25.0,25.0,Eye Injury - 25% chance of playing
37096,1679914802,1679914802,d,25.0,50.0,Eye Injury - 50% chance of playing
37096,1680813728,1680813728,a,75.0,100.0,
37642,1657988027,1657988027,a,,,
37642,1665995118,1665669607,d,75.0,25.0,Calf injury - 25% chance of playing
37642,1666688392,1666688392,d,50.0,75.0,Calf injury - 75% chance of playing
37642,1668109477,1668109477,a,75.0,100.0,
37642,1672318255,1671582608,i,0.0,0.0,Calf injury - Unknown return date
37642,1673585957,1673585957,i,0.0,0.0,Calf injury - Expected back 04 Feb
37642,1674555185,1674555185,d,0.0,50.0,Calf injury - 50% chance of playing
37642,1676634450,1676634450,d,50.0,50.0,Lack of match fitness - 50% chance of playing
37642,1677262181,1677262181,i,0.0,0.0,Thigh injury - Unknown return date
37642,1677760822,1677760822,d,0.0,25.0,Lack of match fitness - 25% chance of playing
37642,1679046737,1679046737,a,75.0,100.0,
37642,1679914802,1679914802,d,50.0,50.0,Muscle injury - 50% chance of playing
37642,1680813728,1680813728,d,75.0,75.0,Lack of match fitness - 75% chance of playing
37642,1681291216,1681291216,a,75.0,100.0,
37642,1682014831,1682002807,d,100.0,25.0,Illness - 25% chance of playing
37642,1682690190,1682690190,d,0.0,75.0,Illness - 75% chance of playing
37642,1683287633,1683287633,d,75.0,75.0,Lack of match fitness - 75% chance of playing
37642,1683613947,1683613947,a,75.0,100.0,
37915,1657988027,1657988027,a,,,
37915,1663775227,1663597807,d,,75.0,Thigh injury - 75% chance of playing
37915,1664875640,1664875640,a,75.0,100.0,
37915,1675962528,1675857608,i,100.0,0.0,Knee injury - Expected back 01 Apr
37915,1679914802,1679914802,d,0.0,50.0,Knee injury - 50% chance of playing
37915,1680813728,1680813728,a,100.0,100.0,
37915,1682333791,1682285408,d,100.0,75.0,Muscle injury - 75% chance of playing
37915,1682690190,1682690190,i,75.0,0.0,Muscle injury - Unknown return date
37915,1683613947,1683613947,i,0.0,0.0,Muscle injury - Expected back 01 Jul
39155,1657988027,1657988027,a,,,
39155,1661766052,1661630406,d,,75.0,Calf injury - 75% chance of playing
39155,1662109894,1662109894,i,0.0,0.0,Calf injury - Expected back 01 Oct
39155,1663775227,1663775227,d,0.0,50.0,Calf injury - 50% chance of playing
39155,1664875640,1664875640,a,100.0,100.0,
39155,1666688392,1666472407,d,100.0,75.0,Knock - 75% chance of playing
39155,1667216228,1667216228,a,100.0,100.0,
39155,1674555185,1674325807,d,100.0,75.0,Muscle injury - 75% chance of playing
39155,1675962528,1675962528,d,25.0,25.0,Muscle injury - 25% chance of playing
39155,1676634450,1676634450,i,0.0,0.0,Muscle injury - Expected back 18 Feb
39155,1677262181,1677262181,i,0.0,0.0,Muscle injury - Expected back 28 May
40146,1657988027,1657035004,i,,0.0,Knee injury - Unknown return date
40146,1659947328,1659947328,i,0.0,0.0,Knee injury - Expected back 27 Aug
40146,1661250559,1661250559,i,0.0,0.0,Knee injury - Expected back 01 Sep
40146,1661766052,1661766052,i,0.0,0.0,Knee injury - Unknown return date
40146,1676634450,1676634450,d,25.0,25.0,Lack of match fitness - 25% chance of playing
40146,1682014831,1682014831,d,25.0,75.0,Lack of match fitness - 75% chance of playing
40146,1685259116,1685259116,d,25.0,25.0,Lack of match fitness - 25% chance of playing
40349,1657988027,1657988027,a,,,
40349,1659370276,1659187804,d,,50.0,Ankle injury - 50% chance of playing
40349,1659947328,1659947328,a,75.0,100.0,
40383,1657988027,1657988027,a,,,
40669,1657988027,1657988027,a,,,
40669,1659947328,1659706207,i,0.0,0.0,Lack of match fitness - Expected back 31 Aug
40669,1660639221,1660639221,d,50.0,50.0,Lack of match fitness - 50% chance of playing
40669,1661250559,1661250559,a,100.0,100.0,
40669,1682014831,1681675209,d,100.0,75.0,Knock - 75% chance of playing
40669,1682333791,1682333791,a,75.0,100.0,
40836,1657988027,1657988027,a,,,
40836,1679046737,1678921209,d,,50.0,Hamstring injury - 50% chance of playing
40836,1680813728,1680813728,a,100.0,100.0,
40836,1681291216,1680874207,i,0.0,0.0,Calf injury - Expected back 29 Apr
40836,1682333791,1682333791,a,0.0,100.0,
41328,1657988027,1657988027,a,,,
41328,1677262181,1676755808,i,,0.0,Head injury - Unknown return date
41328,1681291216,1681291216,d,0.0,75.0,Lack of match fitness - 75% chance of playing
41328,1682014831,1682014831,a,100.0,100.0,
45034,1657988027,1657988027,a,,,
45034,1679046737,1679046737,a,75.0,100.0,
45124,1675962528,1675962528,a,,,
45124,1680813728,1680813728,a,50.0,100.0,
45220,1660639221,1660639221,a,,,
47431,1662109894,1662109894,a,,,
47431,1664875640,1664649007,d,,25.0,Calf injury - 25% chance of playing
47431,1665995118,1665995118,a,100.0,100.0,
47431,1676634450,1676142010,d,100.0,75.0,Calf injury - 75% chance of playing
47431,1677262181,1677262181,a,75.0,100.0,
47431,1679914802,1679263209,s,100.0,0.0,Suspended until 08 Apr
47431,1680813728,1680813728,a,0.0,100.0,
47431,1682690190,1682496010,d,100.0,50.0,Hamstring injury - 50% chance of playing
47431,1683287633,1683287633,a,50.0,100.0,
48615,1657988027,1657988027,a,,,
48760,1661766052,1661766052,a,,,
49262,1657988027,1657988027,a,,,
49413,1657988027,1657988027,a,,,
49413,1659947328,1659625205,i,0.0,0.0,Calf injury - Unknown return date
49413,1664875640,1664875640,a,100.0,100.0,
49413,1672318255,1672079408,s,100.0,0.0,Suspended until 04 Jan
49413,1672638138,1672638138,a,0.0,100.0,
49413,1683287633,1683198009,i,100.0,0.0,Calf injury - Unknown return date
49413,1685259116,1685259116,i,0.0,0.0,Calf injury - Expected back 01 Jul
50175,1657988027,1657988027,a,,,
50175,1672318255,1671701408,i,0.0,0.0,Muscle injury - Expected back 31 Dec
50175,1672638138,1672638138,i,0.0,0.0,Muscle injury - Expected back 03 Jan
50175,1673585957,1673585957,a,0.0,100.0,
50175,1676634450,1676142009,i,100.0,0.0,Calf injury - Expected back 04 Mar
50175,1677760822,1677760822,a,0.0,100.0,
50232,1657988027,1657988027,a,,,
50232,1659370276,1659351605,d,,25.0,Hamstring injury - 25% chance of playing
50232,1660639221,1660639221,i,0.0,0.0,Hamstring injury - Expected back 05 Nov
50232,1665555681,1665555681,i,0.0,0.0,Hamstring injury - Expected back 23 Oct
50232,1665995118,1665995118,a,0.0,100.0,
50232,1672318255,1672106409,i,100.0,0.0,Calf injury - Expected back 11 Feb
50232,1676634450,1676634450,a,75.0,100.0,
50471,1657988027,1657988027,a,,,
50471,1659370276,1659344405,d,,25.0,Groin Injury - 25% chance of playing
50471,1659947328,1659947328,i,0.0,0.0,Groin Injury - Unknown return date
50471,1666688392,1666688392,i,0.0,0.0,Hip injury - Unknown return date
50471,1669176618,1669176618,d,0.0,75.0,Hip injury - 75% chance of playing
50471,1672318255,1672318255,i,0.0,0.0,Hip injury - Unknown return date
50471,1675962528,1675432809,i,0.0,0.0,Lack of match fitness - Unknown return date
50471,1676634450,1676634450,a,100.0,100.0,
50471,1679046737,1678840208,d,100.0,75.0,Illness - 75% chance of playing
50471,1679914802,1679914802,a,75.0,100.0,
50471,1683287633,1683198009,i,100.0,0.0,Knock - Unknown return date
50471,1685259116,1685259116,a,100.0,100.0,
51090,1657988027,1657988027,a,,,
51090,1665995118,1665959407,d,,75.0,Muscle injury - 75% chance of playing
51090,1666688392,1666688392,a,100.0,100.0,
51090,1677760822,1677452408,i,100.0,0.0,Knee injury - Unknown return date
51090,1678185619,1678185619,i,0.0,0.0,Knee injury - Expected back 15 Apr
51090,1681291216,1681291216,a,0.0,100.0,
51927,1659370276,1659370276,a,,,
51938,1657988027,1657988027,a,,,
51938,1675962528,1675250258,u,0.0,0.0,Season-long loan to West Bromwich Albion
51940,1657988027,1657988027,a,,,
54469,1657988027,1657988027,a,,,
54469,1673585957,1672837207,s,,0.0,Suspended until 21 Jan
54469,1674195851,1674195851,a,0.0,100.0,
54469,1679046737,1678570208,d,100.0,75.0,Knock - 75% chance of playing
54469,1679914802,1679914802,a,75.0,100.0,
54694,1662536127,1662536127,a,0.0,100.0,
54694,1679046737,1678458609,d,25.0,25.0,Back injury - 25% chance of playing
54694,1679914802,1679914802,a,25.0,100.0,
54861,1657988027,1657988027,a,,,
54861,1660639221,1660127632,u,0.0,0.0,Transferred to D.C. United
55037,1660639221,1660639221,a,,,
55037,1668109477,1668087009,d,,75.0,Knock - 75% chance of playing
55037,1669176618,1669176618,a,75.0,100.0,
55037,1672318255,1671498008,i,0.0,0.0,Hamstring injury - Expected back 04 Mar
55037,1676634450,1676634450,i,0.0,0.0,Hamstring injury - Expected back 05 Mar
55037,1677760822,1677760822,i,0.0,0.0,Hamstring injury - Expected back 11 Mar
55037,1678185619,1678185619,i,0.0,0.0,Hamstring injury - Unknown return date
55037,1679046737,1679046737,d,75.0,75.0,Lack of match fitness - 75% chance of playing
55037,1680813728,1680813728,a,75.0,100.0,
55037,1681291216,1680993009,d,100.0,75.0,Hamstring injury - 75% chance of playing
55037,1682014831,1682014831,d,25.0,25.0,Hamstring injury - 25% chance of playing
55037,1682690190,1682690190,a,25.0,100.0,
55459,1657988027,1657988027,a,,,
55459,1662536127,1662116407,d,75.0,75.0,Muscle injury - 75% chance of playing
55459,1663775227,1663775227,a,100.0,100.0,
55459,1676634450,1676161809,d,100.0,75.0,Illness - 75% chance of playing
55459,1677262181,1677262181,a,100.0,100.0,
55494,1657988027,1657988027,a,,,
55494,1676634450,1676075409,i,0.0,0.0,Calf injury - Expected back 25 Feb
55494,1677262181,1677262181,d,0.0,75.0,Lack of match fitness - 75% chance of playing
55494,1677760822,1677760822,a,75.0,100.0,
55914,1657988027,1657988027,a,,,
55914,1659947328,1659625205,i,0.0,0.0,Lack of match fitness - Expected back 21 Aug
55914,1660639221,1660435206,d,100.0,75.0,Knock - 75% chance of playing
55914,1661250559,1661250559,d,50.0,50.0,Knock - 50% chance of playing
55914,1661766052,1661630407,d,100.0,75.0,Calf injury - 75% chance of playing
55914,1662109894,1662109894,d,75.0,75.0,Lack of match fitness - 75% chance of playing
55914,1662536127,1662536127,a,75.0,100.0,
55914,1672318255,1671724808,d,75.0,75.0,Calf injury - 75% chance of playing
55914,1672638138,1672638138,a,100.0,100.0,
55914,1674195851,1674084608,d,100.0,75.0,Knock - 75% chance of playing
55914,1674555185,1674555185,d,75.0,75.0,Muscle injury - 75% chance of playing
55914,1675962528,1675897209,d,100.0,75.0,Knock - 75% chance of playing
55914,1676634450,1676634450,d,50.0,50.0,Muscle injury - 50% chance of playing
55914,1677262181,1677262181,a,50.0,100.0,
55914,1679046737,1678757409,d,100.0,50.0,Muscle injury - 50% chance of playing
55914,1679914802,1679914802,a,100.0,100.0,
55914,1683287633,1682886607,i,100.0,0.0,Glute injury - Expected back 21 May
55914,1685259116,1685259116,a,75.0,100.0,
56872,1657988027,1657988027,a,,,
56872,1661250559,1661245206,d,,75.0,Groin Injury - 75% chance of playing
56872,1661766052,1661766052,i,0.0,0.0,Groin Injury - Unknown return date
56872,1663194349,1662654606,d,25.0,50.0,Lack of match fitness - 50% chance of playing
56872,1663775227,1663775227,a,75.0,100.0,
56872,1665555681,1665063007,d,25.0,25.0,Muscle injury - 25% chance of playing
56872,1665995118,1665995118,a,50.0,100.0,
56872,1672638138,1672410607,d,50.0,50.0,Knock - 50% chance of playing
56872,1674555185,1674555185,d,0.0,50.0,Muscle injury - 50% chance of playing
56872,1675962528,1675962528,i,0.0,0.0,Muscle injury - Unknown return date
56872,1676634450,1676634450,d,50.0,50.0,Muscle injury - 50% chance of playing
56872,1677262181,1677262181,a,100.0,100.0,
56872,1677760822,1677717009,d,100.0,75.0,Knock - 75% chance of playing
56872,1678185619,1678185619,i,0.0,0.0,Knock - Expected back 18 Mar
56872,1679046737,1679046737,d,25.0,50.0,Knock - 50% chance of playing
56872,1680813728,1680813728,i,0.0,0.0,Knock - Unknown return date
56872,1683613947,1683613947,i,0.0,0.0,Back injury - Expected back 01 Jul
56917,1657988027,1657988027,a,,,
56917,1660639221,1660639221,a,0.0,100.0,
56979,1657988027,1657988027,a,,,
56979,1662109894,1661985007,d,,50.0,Hamstring injury - 50% chance of playing
56979,1662536127,1662536127,i,0.0,0.0,Hamstring injury - Expected back 01 Oct
56979,1663775227,1663775227,a,0.0,100.0,
56983,1657988027,1657988027,a,,,
56983,1665995118,1665747007,i,0.0,0.0,Calf injury - Expected back 26 Dec
56983,1669176618,1669176618,d,0.0,75.0,Calf injury - 75% chance of playing
56983,1672318255,1672318255,a,100.0,100.0,
56983,1685259116,1683883809,i,0.0,0.0,Knee injury - Expected back 01 Jul
57134,1657988027,1657035004,s,,0.0,Suspended until 13 Aug
57134,1659947328,1659947328,a,0.0,100.0,
57134,1672318255,1672050944,u,0.0,0.0,Contract ended
57145,1657988027,1657988027,a,,,
57145,1659947328,1659699006,d,25.0,25.0,Calf injury - 25% chance of playing
57145,1661250559,1661250559,d,25.0,75.0,Lack of match fitness - 75% chance of playing
57145,1661766052,1661766052,a,100.0,100.0,
57145,1662536127,1662116683,u,0.0,0.0,Transferred to Elche
57328,1657988027,1657988027,a,,,
57328,1664875640,1664647207,d,,25.0,Ankle injury - 25% chance of playing
57328,1665555681,1665555681,i,0.0,0.0,Ankle injury - Expected back 22 Oct
57328,1665995118,1665995118,d,25.0,25.0,Ankle injury - 25% chance of playing
57328,1666688392,1666688392,d,0.0,50.0,Ankle injury - 50% chance of playing
57328,1667216228,1667216228,a,100.0,100.0,
57328,1682014831,1681482607,i,0.0,0.0,Knee injury - Unknown return date
57328,1682333791,1682333791,i,0.0,0.0,Knee injury - Expected back 29 Apr
57328,1682690190,1682690190,d,0.0,50.0,Knee injury - 50% chance of playing
57328,1683287633,1683287633,a,50.0,100.0,
57531,1657988027,1657988027,a,,,
57531,1660639221,1660639221,a,75.0,100.0,
57531,1678185619,1677972608,d,100.0,75.0,Hamstring injury - 75% chance of playing
57531,1679046737,1678410009,d,75.0,75.0,Calf injury - 75% chance of playing
57531,1680813728,1680813728,a,75.0,100.0,
57647,1657988027,1657988027,a,,,
58376,1657988027,1657988027,a,,,
58376,1672638138,1672326008,d,25.0,25.0,Ankle injury - 25% chance of playing
58376,1673585957,1673585957,d,25.0,50.0,Ankle injury - 50% chance of playing
58376,1674555185,1674555185,d,75.0,75.0,Lack of match fitness - 75% chance of playing
58376,1677262181,1677262181,a,100.0,100.0,
58621,1657988027,1657988027,a,,,
58621,1662536127,1662334206,d,,50.0,Knock - 50% chance of playing
58621,1663194349,1663194349,d,50.0,25.0,Knock - 25% chance of playing
58621,1663775227,1663775227,a,50.0,100.0,
58621,1664875640,1664744407,d,100.0,75.0,Knock - 75% chance of playing
58621,1665555681,1665555681,i,0.0,0.0,Abdominal injury - Expected back 16 Nov
58621,1666688392,1666688392,i,0.0,0.0,Abdominal injury - Expected back 12 Nov
58621,1667216228,1667216228,i,0.0,0.0,Abdominal injury - Expected back 28 Dec
58621,1669176618,1669176618,a,0.0,100.0,
58771,1657988027,1657988027,a,,,
58771,1660639221,1660519807,d,,75.0,Illness - 75% chance of playing
58771,1661250559,1661250559,d,50.0,50.0,Illness - 50% chance of playing
58771,1661766052,1661766052,a,75.0,100.0,
58771,1665555681,1665163807,d,25.0,25.0,Back injury - 25% chance of playing
58771,1667216228,1667216228,i,0.0,0.0,Back injury - Unknown return date
58771,1668109477,1668109477,a,0.0,100.0,
58771,1682333791,1682035208,d,25.0,25.0,Head injury - 25% chance of playing
58822,1657988027,1657988027,a,,,
58822,1663775227,1663335007,d,50.0,50.0,Knock - 50% chance of playing
58822,1664875640,1664875640,d,25.0,25.0,Knock - 25% chance of playing
58822,1665555681,1665555681,a,100.0,100.0,
58845,1657988027,1657755005,u,,0.0,Joined Sheffield United on loan - Expected back 01 Jul
59735,1657988027,1657988027,a,,,
59735,1663194349,1662813006,d,,25.0,Ankle injury - 25% chance of playing
59735,1663775227,1663775227,i,0.0,0.0,Ankle injury - Expected back 29 Oct
59735,1667216228,1667216228,i,0.0,0.0,Ankle injury - Unknown return date
59735,1668109477,1668109477,a,75.0,100.0,
59735,1675962528,1675250027,u,0.0,0.0,Season-long loan to Hull City
59859,1657988027,1657988027,a,,,
59949,1657988027,1657886405,d,,50.0,Groin Injury - 50% chance of playing
59949,1659947328,1659947328,d,25.0,25.0,Lack of match fitness - 25% chance of playing
59949,1660639221,1660639221,a,75.0,100.0,
59949,1681291216,1680993008,d,100.0,75.0,Knock - 75% chance of playing
59949,1682014831,1682014831,i,0.0,0.0,Hamstring injury - Unknown return date
59949,1682690190,1682690190,d,25.0,75.0,Hamstring injury - 75% chance of playing
59949,1683287633,1683287633,i,75.0,0.0,Knee injury - Expected back 01 Jul
60232,1657988027,1657988027,a,,,
60232,1660639221,1659956406,d,50.0,50.0,Thigh injury - 50% chance of playing
60232,1663194349,1663194349,a,100.0,100.0,
60232,1665995118,1665700207,d,75.0,75.0,Dead leg - 75% chance of playing
60232,1666688392,1666688392,d,50.0,50.0,Dead leg - 50% chance of playing
60232,1667216228,1667216228,a,50.0,100.0,
60252,1657988027,1657035004,i,,0.0,Knee injury - Expected back 01 Oct
60252,1663775227,1663775227,i,0.0,0.0,Knee injury - Expected back 26 Dec
60252,1669176618,1669176618,d,0.0,75.0,Knee injury - 75% chance of playing
60252,1672318255,1672318255,i,0.0,0.0,Knee injury - Expected back 14 Jan
60252,1673585957,1673585957,i,0.0,0.0,Knee injury - Expected back 04 Feb
60252,1674555185,1674555185,d,0.0,50.0,Knee injury - 50% chance of playing
60252,1675962528,1675962528,d,25.0,25.0,Lack of match fitness - 25% chance of playing
60252,1676634450,1676634450,i,0.0,0.0,Lack of match fitness - Unknown return date
60252,1685259116,1685259116,i,0.0,0.0,Lack of match fitness - Expected back 01 Jul
60307,1657988027,1657988027,a,,,
60307,1683287633,1683243009,d,,75.0,Muscle injury - 75% chance of playing
60307,1683613947,1683613947,a,75.0,100.0,
60689,1657988027,1657988027,a,,,
60689,1664875640,1664875640,a,75.0,100.0,
60689,1679046737,1678568409,n,100.0,0.0,Ineligible to face his parent club on 17/3 - Expected back 01 Apr
60689,1679914802,1679914802,a,0.0,100.0,
60689,1680813728,1680082210,i,0.0,0.0,Thigh injury - Expected back 01 Jul
60706,1657988027,1657988027,a,,,
60914,1657988027,1657988027,a,,,
60914,1660639221,1660375806,i,50.0,0.0,Groin Injury - Expected back 31 Aug
60914,1661766052,1661766052,i,0.0,0.0,Groin Injury - Expected back 03 Sep
60914,1662109894,1662109894,a,75.0,100.0,
60914,1665555681,1665527407,d,100.0,25.0,Calf injury - 25% chance of playing
60914,1666688392,1666688392,i,0.0,0.0,Calf injury - Expected back 06 Nov
60914,1668109477,1668109477,i,0.0,0.0,Calf injury - Expected back 26 Dec
60914,1669176618,1669176618,a,25.0,100.0,
61256,1661766052,1661766052,a,,,
61256,1674195851,1674084609,s,,0.0,Suspended until 04 Feb
61256,1674555185,1674555185,a,0.0,100.0,
61256,1675962528,1675530010,s,100.0,0.0,Suspended until 05 Mar
61256,1677262181,1677262181,a,0.0,100.0,
61256,1679046737,1678651209,s,100.0,0.0,Suspended until 15 Apr
61256,1681291216,1681291216,a,0.0,100.0,
61366,1657988027,1657988027,a,,,
61366,1677262181,1677020408,d,,75.0,Illness - 75% chance of playing
61366,1677760822,1677760822,a,75.0,100.0,
61366,1683287633,1683153009,d,100.0,75.0,Muscle injury - 75% chance of playing
61366,1683613947,1683613947,a,75.0,100.0,
61558,1657988027,1657988027,a,,,
61558,1659947328,1659835806,d,,25.0,Hamstring injury - 25% chance of playing
61558,1660639221,1660639221,i,0.0,0.0,Hamstring injury - Expected back 01 Oct
61558,1661766052,1661766052,i,0.0,0.0,Hamstring injury - Expected back 03 Sep
61558,1662109894,1662109894,i,0.0,0.0,Hamstring injury - Expected back 10 Sep
61558,1662536127,1662536127,a,0.0,100.0,
61558,1676634450,1676025009,d,50.0,50.0,Hip injury - 50% chance of playing
61558,1677262181,1677262181,i,0.0,0.0,Hip injury - Expected back 18 Mar
61558,1677760822,1677760822,i,0.0,0.0,Hip injury - Expected back 01 Apr
61558,1679914802,1679914802,i,0.0,0.0,Hip injury - Unknown return date
61558,1680813728,1680813728,d,0.0,50.0,Lack of match fitness - 50% chance of playing
61558,1681291216,1681291216,a,50.0,100.0,
61558,1683287633,1683244809,d,100.0,25.0,Hip injury - 25% chance of playing
61558,1683613947,1683613947,i,0.0,0.0,Hip injury - Expected back 01 Jul
61810,1657988027,1657988027,a,,,
61810,1661766052,1661630406,d,,75.0,Foot injury - 75% chance of playing
61810,1662109894,1662109894,d,50.0,50.0,Foot injury - 50% chance of playing
61810,1662536127,1662536127,a,100.0,100.0,
61810,1664875640,1664647207,d,100.0,25.0,Hamstring injury - 25% chance of playing
61810,1665555681,1665555681,i,0.0,0.0,Hamstring injury - Unknown return date
61810,1666688392,1666688392,i,0.0,0.0,Hamstring injury - Expected back 26 Dec
61810,1669176618,1669176618,d,0.0,75.0,Hamstring injury - 75% chance of playing
61810,1672318255,1672318255,a,100.0,100.0,
61810,1673585957,1673049607,d,100.0,50.0,Hamstring injury - 50% chance of playing
61810,1674195851,1674195851,i,0.0,0.0,Hamstring injury - Unknown return date
61810,1676634450,1676634450,d,0.0,50.0,Hamstring injury - 50% chance of playing
61810,1677262181,1677262181,i,0.0,0.0,Hamstring injury - Expected back 06 Mar
61810,1677760822,1677760822,d,0.0,75.0,Hamstring injury - 75% chance of playing
61810,1678185619,1678185619,a,100.0,100.0,
61810,1681291216,1680993008,d,100.0,50.0,Hamstring injury - 50% chance of playing
61810,1682014831,1682014831,i,0.0,0.0,Hamstring injury - Expected back 01 Jul
61933,1657988027,1657988027,a,,,
61933,1662109894,1662109894,a,0.0,100.0,
61933,1673585957,1673447408,d,100.0,75.0,Illness - 75% chance of playing
61933,1674555185,1674555185,a,100.0,100.0,
61933,1679914802,1679355008,d,100.0,75.0,Calf injury - 75% chance of playing
61933,1680813728,1680813728,a,75.0,100.0,
66588,1657988027,1657035004,d,,25.0,Knee injury - 25% chance of playing
66588,1659370276,1659370276,i,,0.0,Knee injury - Expected back 03 Sep
66588,1659947328,1659947328,i,0.0,0.0,Knee injury - Expected back 27 Aug
66588,1661250559,1661250559,i,0.0,0.0,Knee injury - Expected back 03 Sep
66588,1662109894,1662109894,d,0.0,75.0,Lack of match fitness - 75% chance of playing
66588,1662536127,1662536127,a,75.0,100.0,
66975,1657988027,1657988027,a,,,
66975,1685259116,1683903609,i,0.0,0.0,Knock - Unknown return date
67089,1657988027,1657988027,a,,,
67089,1664875640,1663848007,d,75.0,75.0,Knock - 75% chance of playing
67089,1665555681,1665555681,a,100.0,100.0,
69752,1660639221,1660639221,a,,,
69752,1667216228,1666697408,i,0.0,0.0,Hamstring injury - Unknown return date
69752,1668109477,1668109477,i,0.0,0.0,Hamstring injury - Expected back 27 Dec
69752,1669176618,1669176618,d,0.0,75.0,Hamstring injury - 75% chance of playing
69752,1672318255,1672318255,d,25.0,25.0,Hamstring injury - 25% chance of playing
69752,1674195851,1674195851,a,25.0,100.0,
72222,1657988027,1657988027,a,,,
72222,1669176618,1668178808,d,0.0,75.0,Knock - 75% chance of playing
72222,1672318255,1671724808,d,75.0,75.0,Illness - 75% chance of playing
72222,1672638138,1672638138,a,100.0,100.0,
72222,1674195851,1673728568,u,100.0,0.0,Transferred to DC United
75115,1657988027,1657988027,a,,,
75115,1661766052,1661261406,i,0.0,0.0,Hamstring injury - Expected back 11 Sep
75115,1663194349,1663194349,d,0.0,50.0,Hamstring injury - 50% chance of playing
75115,1664875640,1664875640,a,100.0,100.0,
75115,1668109477,1667561409,d,75.0,75.0,Illness - 75% chance of playing
75115,1669176618,1669176618,a,75.0,100.0,
75115,1672318255,1672106409,d,100.0,75.0,Illness - 75% chance of playing
75115,1672638138,1672638138,a,75.0,100.0,
75115,1676634450,1676142009,d,100.0,75.0,Hamstring injury - 75% chance of playing
75115,1677262181,1677262181,a,75.0,100.0,
76357,1657988027,1657988027,a,,,
76357,1675962528,1675906209,d,,75.0,Shin injury - 75% chance of playing
76357,1676634450,1676634450,i,0.0,0.0,Ankle injury - Expected back 06 Mar
76357,1678185619,1678185619,i,0.0,0.0,Ankle injury - Expected back 01 Apr
76357,1679914802,1679914802,a,100.0,100.0,
76359,1657988027,1657988027,a,,,
77794,1657988027,1657988027,a,,,
77794,1662109894,1662109894,a,75.0,100.0,
78056,1657988027,1657988027,a,,,
78056,1662109894,1662029731,n,,0.0,Transferred to Girona - Unknown return date
78056,1662536127,1662536127,u,0.0,0.0,Transferred to Girona
78315,1660639221,1660639221,a,,,
78830,1657988027,1657988027,a,,,
78830,1665555681,1665555681,a,,100.0,
78916,1657988027,1657988027,a,,,
79602,1675962528,1675962528,a,,,
80146,1657988027,1657988027,a,,,
80179,1657988027,1657988027,a,,,
80179,1659947328,1659375005,i,0.0,0.0,Knee injury - Expected back 13 Aug
80179,1660639221,1660639221,a,100.0,100.0,
80179,1664875640,1664546407,i,0.0,0.0,Ankle injury - Unknown return date
80179,1665555681,1665555681,i,0.0,0.0,Ankle injury - Expected back 05 Nov
80179,1665995118,1665995118,i,0.0,0.0,Ankle injury - Expected back 29 Oct
80179,1666688392,1666688392,d,0.0,50.0,Ankle injury - 50% chance of playing
80179,1667216228,1667216228,i,0.0,0.0,Ankle injury - Unknown return date
80179,1669176618,1669176618,d,0.0,75.0,Ankle injury - 75% chance of playing
80179,1672318255,1672318255,a,100.0,100.0,
80179,1673585957,1673049607,d,100.0,75.0,Hip injury - 75% chance of playing
80179,1674195851,1674195851,d,75.0,25.0,Hip injury - 25% chance of playing
80179,1674555185,1674555185,d,0.0,50.0,Hip injury - 50% chance of playing
80179,1675962528,1675962528,i,0.0,0.0,Hip injury - Expected back 12 Feb
80179,1676634450,1676634450,d,25.0,25.0,Hip injury - 25% chance of playing
80179,1677262181,1677262181,i,25.0,0.0,Hip injury - Unknown return date
80179,1681291216,1681291216,a,0.0,100.0,
80201,1657988027,1657988027,a,,,
80226,1663775227,1663342206,d,25.0,25.0,Work Permit Issues - 25% chance of playing
80226,1664875640,1664875640,a,100.0,100.0,
80226,1677262181,1676755808,i,100.0,0.0,Calf injury - Expected back 17 Mar
80226,1678185619,1678185619,a,50.0,100.0,
80226,1680813728,1680082210,d,50.0,50.0,Knock - 50% chance of playing
80226,1682014831,1682014831,d,25.0,25.0,Knock - 25% chance of playing
80226,1682690190,1682690190,a,25.0,100.0,
80607,1657988027,1657988027,a,,,
80607,1665995118,1665959408,d,,75.0,Illness - 75% chance of playing
80607,1666688392,1666688392,a,100.0,100.0,
80607,1675962528,1674952208,i,0.0,0.0,Ankle injury - Expected back 29 Apr
80607,1680813728,1680813728,d,0.0,25.0,Lack of match fitness - 25% chance of playing
80607,1681291216,1681291216,a,100.0,100.0,
80801,1662109894,1662109894,a,,,
80801,1668109477,1667685609,d,,75.0,Thigh injury - 75% chance of playing
80801,1669176618,1669176618,a,100.0,100.0,
80954,1657988027,1657988027,a,,,
80954,1662109894,1661898606,i,,0.0,Shoulder injury - Expected back 02 Oct
80954,1663775227,1663775227,d,0.0,50.0,Shoulder injury - 50% chance of playing
80954,1664875640,1664875640,a,100.0,100.0,
80954,1672318255,1671724808,d,75.0,75.0,Hamstring injury - 75% chance of playing
80954,1672638138,1672638138,a,100.0,100.0,
80954,1675962528,1675351809,i,0.0,0.0,Ankle injury - Expected back 01 Apr
80954,1679046737,1679046737,a,50.0,100.0,
80954,1685259116,1684702809,d,100.0,75.0,Foot injury - 75% chance of playing
81012,1657988027,1657988027,a,,,
81012,1659370276,1659310204,d,,25.0,Lack of match fitness - 25% chance of playing
81012,1659947328,1659947328,i,0.0,0.0,Lack of match fitness - Expected back 20 Aug
81012,1660639221,1660639221,i,0.0,0.0,Lack of match fitness - Expected back 03 Sep
81012,1661766052,1661766052,i,0.0,0.0,Calf injury - Expected back 03 Sep
81012,1662109894,1662109894,a,25.0,100.0,
81012,1663775227,1663543806,d,100.0,75.0,Knock - 75% chance of playing
81012,1664875640,1664875640,d,25.0,25.0,Knock - 25% chance of playing
81012,1665555681,1665555681,a,75.0,100.0,
81012,1672638138,1672410607,d,50.0,50.0,Knock - 50% chance of playing
81012,1674555185,1674555185,d,0.0,50.0,Muscle injury - 50% chance of playing
81012,1675962528,1675962528,i,0.0,0.0,Muscle injury - Unknown return date
81012,1676634450,1676634450,a,50.0,100.0,
81012,1680813728,1680300010,i,0.0,0.0,Calf injury - Unknown return date
81012,1683613947,1683613947,i,0.0,0.0,Calf injury - Expected back 01 Jul
81205,1673585957,1673585957,a,,,
81205,1677262181,1677245409,i,,0.0,Head injury - Expected back 04 Mar
81205,1677760822,1677760822,a,0.0,100.0,
81441,1685343204,1685343204,a,,,
81880,1657988027,1657988027,a,,,
81880,1659370276,1659133805,i,,0.0,Hamstring injury - Unknown return date
81880,1664875640,1664875640,i,0.0,0.0,Hamstring injury - Expected back 29 Oct
81880,1665555681,1665529207,d,0.0,50.0,Lack of match fitness - 50% chance of playing
81880,1666688392,1666688392,a,100.0,100.0,
82263,1657988027,1657988027,a,,,
82263,1660639221,1660307405,i,0.0,0.0,Lack of match fitness - Unknown return date
82263,1661766052,1661766052,a,100.0,100.0,
82263,1662536127,1662115609,u,0.0,0.0,Left by mutual consent
82403,1657988027,1657988027,a,,,
82403,1661766052,1661556606,d,50.0,50.0,Leg injury - 50% chance of playing
82403,1662109894,1662109894,a,50.0,100.0,
82403,1674555185,1674347407,d,100.0,50.0,Hamstring injury - 50% chance of playing
82403,1675962528,1675962528,i,0.0,0.0,Hamstring injury - Expected back 18 Feb
82403,1676634450,1676634450,d,0.0,50.0,Hamstring injury - 50% chance of playing
82403,1677262181,1677262181,d,0.0,75.0,Lack of match fitness - 75% chance of playing
82403,1678185619,1678185619,a,100.0,100.0,
82403,1680813728,1680370208,d,100.0,50.0,Groin Injury - 50% chance of playing
82403,1681291216,1681291216,i,0.0,0.0,Groin Injury - Expected back 29 Apr
82403,1682690190,1682690190,a,0.0,100.0,
82403,1683287633,1682800207,d,100.0,75.0,Knock - 75% chance of playing
82403,1683613947,1683613947,a,75.0,100.0,
82403,1685259116,1683999009,i,0.0,0.0,Hamstring injury - Expected back 01 Jul
82514,1657988027,1657988027,a,,,
82514,1683287633,1682886607,i,,0.0,Arm injury - Expected back 01 Jul
83283,1657988027,1657988027,a,,,
83283,1663194349,1662712725,u,0.0,0.0,Transferred to Besiktas
83299,1657988027,1657988027,a,,,
83314,1657988027,1657755005,u,,0.0,Joined Reading on loan - Expected back 01 Jul
83543,1657988027,1657988027,a,,,
83543,1665995118,1665913523,u,,0.0,Season-long loan to Volos
84182,1657988027,1657988027,a,,,
84182,1673585957,1673136009,d,,75.0,Hip injury - 75% chance of playing
84182,1674555185,1674555185,a,75.0,100.0,
84182,1675962528,1675553409,d,100.0,75.0,Hamstring injury - 75% chance of playing
84182,1676634450,1676634450,d,25.0,25.0,Hamstring injury - 25% chance of playing
84182,1677262181,1677262181,a,25.0,100.0,
84450,1657988027,1657988027,a,,,
84450,1682333791,1682152208,d,,75.0,Illness - 75% chance of playing
84450,1682690190,1682690190,a,75.0,100.0,
84583,1657988027,1657988027,a,,,
84583,1660639221,1660404606,d,,75.0,Muscle injury - 75% chance of playing
84583,1661250559,1661250559,a,75.0,100.0,
84583,1668109477,1667772007,i,100.0,0.0,Muscle injury - Expected back 26 Dec
84583,1669176618,1669176618,d,0.0,75.0,Muscle injury - 75% chance of playing
84583,1672318255,1672318255,a,100.0,100.0,
84583,1677760822,1677348009,i,100.0,0.0,Hamstring injury - Expected back 01 Apr
84583,1679914802,1679914802,d,0.0,50.0,Hamstring injury - 50% chance of playing
84583,1680813728,1680813728,d,25.0,25.0,Hamstring injury - 25% chance of playing
84583,1681291216,1681291216,i,0.0,0.0,Hamstring injury - Expected back 22 Apr
84583,1682014831,1682014831,d,0.0,50.0,Hamstring injury - 50% chance of playing
84583,1682333791,1682333791,i,0.0,0.0,Hamstring injury - Expected back 30 Apr
84583,1683287633,1683287633,i,0.0,0.0,Hamstring injury - Expected back 06 May
84583,1683613947,1683613947,a,75.0,100.0,
84583,1685259116,1683999009,i,0.0,0.0,Knock - Expected back 01 Jul
84939,1657988027,1657988027,a,,,
84939,1675962528,1675962528,a,50.0,100.0,
85955,1657988027,1657988027,a,,,
85955,1668109477,1668034808,d,,75.0,Foot injury - 75% chance of playing
85955,1669176618,1669176618,a,75.0,100.0,
85955,1677760822,1677715208,d,100.0,75.0,Illness - 75% chance of playing
85955,1678185619,1678185619,a,100.0,100.0,
85971,1657988027,1657988027,a,,,
85971,1668109477,1667347208,i,0.0,0.0,Facial Injury - Unknown return date
85971,1669176618,1669176618,a,0.0,100.0,
86129,1659370276,1659370276,a,,,
86129,1661250559,1661151606,s,,0.0,Suspended until 30 Aug
86129,1661766052,1661766052,a,0.0,100.0,
86129,1666688392,1666483208,d,100.0,75.0,Knee injury - 75% chance of playing
86129,1667216228,1667216228,i,0.0,0.0,Knee injury - Expected back 06 Nov
86129,1668109477,1668109477,a,100.0,100.0,
86129,1682014831,1681338610,i,0.0,0.0,Hamstring injury - Unknown return date
86129,1683287633,1683287633,i,0.0,0.0,Hamstring injury - Expected back 28 May
86129,1685259116,1685259116,a,50.0,100.0,
86417,1657988027,1657988027,a,,,
86417,1685259116,1683903609,i,0.0,0.0,Personal Reasons - Expected back 01 Jul
86881,1657988027,1657988027,a,,,
86881,1665555681,1665063007,d,25.0,25.0,Knee injury - 25% chance of playing
86881,1665995118,1665995118,a,75.0,100.0,
86934,1657988027,1657988027,a,,,
86934,1673585957,1673136009,d,,75.0,Groin Injury - 75% chance of playing
86934,1674195851,1674195851,a,75.0,100.0,
87835,1657988027,1657988027,a,,,
87835,1675962528,1675206851,u,0.0,0.0,Contract ended
87873,1657988027,1657035004,i,,0.0,Leg injury - Expected back 05 Nov
87873,1665555681,1665555681,i,0.0,0.0,Leg injury - Expected back 26 Dec
87873,1668109477,1668109477,i,0.0,0.0,Leg injury - Expected back 28 Dec
87873,1669176618,1669176618,i,0.0,0.0,Leg injury - Expected back 14 Jan
87873,1673585957,1673585957,i,0.0,0.0,Leg injury - Unknown return date
88248,1657988027,1657988027,a,,,
88248,1677760822,1677691808,d,,75.0,Hand injury - 75% chance of playing
88248,1678185619,1678185619,a,75.0,100.0,
88484,1674195851,1674195851,a,,,
88484,1679046737,1678651209,d,,75.0,Knock - 75% chance of playing
88484,1679914802,1679914802,a,100.0,100.0,
88894,1657988027,1657988027,a,,,
88894,1662536127,1662116899,u,0.0,0.0,Left by mutual consent
88900,1657988027,1657988027,a,,,
88900,1666688392,1666688392,a,100.0,100.0,
88900,1675962528,1675553409,d,100.0,50.0,Calf injury - 50% chance of playing
88900,1676634450,1676634450,a,25.0,100.0,
88900,1682333791,1682173808,n,100.0,0.0,Ineligible to face his parent club on 27/4. - Expected back 30 Apr
88900,1682690190,1682690190,a,0.0,100.0,
89068,1662109894,1662109894,a,,,
89068,1665555681,1664874007,i,0.0,0.0,Calf injury - Unknown return date
89068,1668109477,1668109477,a,75.0,100.0,
89068,1672318255,1671818408,d,75.0,75.0,Muscle injury - 75% chance of playing
89068,1672638138,1672638138,i,0.0,0.0,Lack of match fitness - Expected back 03 Jan
89068,1673585957,1673585957,a,25.0,100.0,
89068,1677760822,1677718808,i,100.0,0.0,Knee injury - Unknown return date
89068,1678185619,1678185619,i,0.0,0.0,Knee injury - Expected back 15 Apr
89068,1682014831,1682014831,i,0.0,0.0,Knee injury - Unknown return date
89068,1682333791,1682333791,a,100.0,100.0,
89076,1660639221,1660639221,a,,,
89085,1657988027,1657988027,a,,,
89085,1659370276,1659303005,d,,25.0,Knock - 25% chance of playing
89085,1659947328,1659947328,i,0.0,0.0,Knock - Unknown return date
89085,1660639221,1660639221,a,100.0,100.0,
89085,1664875640,1664647207,s,100.0,0.0,Suspended until 23 Oct
89085,1666688392,1666688392,a,100.0,100.0,
89085,1675962528,1675206956,u,0.0,0.0,Transferred to West Bromwich Albion
90105,1657988027,1657988027,a,,,
90105,1661250559,1661250559,a,75.0,100.0,
90105,1668109477,1668070808,d,100.0,75.0,Calf injury - 75% chance of playing
90105,1669176618,1669176618,a,50.0,100.0,
90152,1657988027,1657988027,a,,,
90152,1664875640,1664744407,d,,75.0,Knock - 75% chance of playing
90152,1665555681,1665555681,a,75.0,100.0,
90152,1666688392,1666472407,d,100.0,50.0,Muscle injury - 50% chance of playing
90152,1667216228,1667216228,i,0.0,0.0,Muscle injury - Expected back 27 Dec
90152,1669176618,1669176618,a,0.0,100.0,
90152,1679914802,1679335208,d,100.0,75.0,Knock - 75% chance of playing
90152,1680813728,1680813728,a,75.0,100.0,
90152,1682014831,1681425009,i,0.0,0.0,Knock - Unknown return date
90152,1683287633,1683287633,i,0.0,0.0,Foot injury - Expected back 13 May
90152,1685259116,1685259116,a,100.0,100.0,
90585,1657988027,1657988027,a,,,
90585,1661766052,1661766052,a,100.0,100.0,
90585,1673585957,1673488808,d,100.0,50.0,Ankle injury - 50% chance of playing
90585,1674195851,1674195851,d,50.0,25.0,Ankle injury - 25% chance of playing
90585,1674555185,1674555185,a,25.0,100.0,
90585,1676634450,1676142009,i,100.0,0.0,Hamstring injury - Expected back 20 May
90585,1683613947,1683613947,a,0.0,100.0,
91047,1657988027,1657988027,a,,,
91047,1667216228,1667071808,d,,75.0,Knock - 75% chance of playing
91047,1668109477,1668109477,a,75.0,100.0,
91047,1673585957,1673276407,i,100.0,0.0,Groin Injury - Unknown return date
91047,1674555185,1674555185,d,0.0,75.0,Groin Injury - 75% chance of playing
91047,1675962528,1675962528,d,25.0,25.0,Groin Injury - 25% chance of playing
91047,1676634450,1676634450,a,50.0,100.0,
91651,1657988027,1657988027,a,,,
91651,1660639221,1660307405,i,0.0,0.0,Knee injury - Unknown return date
91651,1661766052,1661766052,a,100.0,100.0,
91651,1672318255,1671820208,i,0.0,0.0,Personal Reasons - Expected back 01 Jan
91651,1672638138,1672638138,a,100.0,100.0,
91651,1675962528,1675351809,i,0.0,0.0,Calf injury - Unknown return date
91651,1676634450,1676634450,a,0.0,100.0,
91651,1677760822,1677452408,d,100.0,75.0,Illness - 75% chance of playing
91651,1678185619,1678185619,a,75.0,100.0,
91651,1685259116,1683999009,d,75.0,50.0,Knock - 50% chance of playing
92217,1657988027,1657988027,a,,,
92217,1660639221,1660609806,d,,75.0,Knock - 75% chance of playing
92217,1661250559,1661250559,a,100.0,100.0,
92217,1672318255,1671757208,i,0.0,0.0,Calf injury - Expected back 02 Jan
92217,1673585957,1673585957,d,50.0,50.0,Calf injury - 50% chance of playing
92217,1674195851,1674195851,i,0.0,0.0,Calf injury - Unknown return date
92217,1675962528,1675962528,i,0.0,0.0,Calf injury - Expected back 18 Feb
92217,1676634450,1676634450,a,50.0,100.0,
92217,1682333791,1682083808,i,0.0,0.0,Muscle injury - Expected back 06 May
92217,1682690190,1682690190,d,0.0,25.0,Muscle injury - 25% chance of playing
92217,1683613947,1683613947,i,0.0,0.0,Muscle injury - Expected back 15 May
92217,1685259116,1685259116,a,100.0,100.0,
92259,1657988027,1657988027,a,,,
92259,1661250559,1661038206,d,,75.0,Groin Injury - 75% chance of playing
92259,1661766052,1661766052,a,50.0,100.0,
92259,1668109477,1667487608,i,0.0,0.0,Achilles injury - Unknown return date
92259,1681291216,1681291216,i,0.0,0.0,Lack of match fitness - Expected back 15 Apr
92259,1682014831,1682014831,d,25.0,25.0,Lack of match fitness - 25% chance of playing
92259,1682333791,1682333791,a,75.0,100.0,
92371,1657988027,1657988027,a,,,
92371,1660639221,1660314177,u,0.0,0.0,Season-long loan to Monza
93100,1657988027,1657988027,a,,,
93100,1682014831,1682001008,i,,0.0,Calf injury - Expected back 01 Jul
93264,1657988027,1657988027,a,,,
93264,1685259116,1685113213,i,50.0,0.0,Groin Injury - Expected back 01 Jul
94147,1657988027,1657988027,a,,,
94147,1672318255,1672318255,a,0.0,100.0,
95463,1657988027,1657988027,a,,,
95463,1685259116,1684189809,d,25.0,25.0,Hand injury - 25% chance of playing
95658,1657988027,1657988027,a,,,
95658,1664875640,1664271007,i,0.0,0.0,Hamstring injury - Unknown return date
95658,1665995118,1665995118,i,0.0,0.0,Hamstring injury - Expected back 22 Oct
95658,1666688392,1666688392,d,25.0,50.0,Lack of match fitness - 50% chance of playing
95658,1667216228,1667216228,a,100.0,100.0,
95658,1682690190,1682638209,d,100.0,75.0,Knock - 75% chance of playing
95658,1683287633,1683287633,a,75.0,100.0,
95715,1657988027,1657988027,a,,,
95715,1661766052,1661524206,d,75.0,75.0,Knock - 75% chance of playing
95715,1662109894,1662109894,i,0.0,0.0,Tendon Injury - Unknown return date
95715,1662536127,1662536127,i,0.0,0.0,Tendon Injury - Expected back 17 Sep
95715,1663194349,1663194349,d,0.0,50.0,Tendon Injury - 50% chance of playing
95715,1664875640,1664875640,i,50.0,0.0,Tendon Injury - Unknown return date
95715,1665555681,1665555681,a,0.0,100.0,
95715,1672318255,1671726609,d,25.0,25.0,Tendon Injury - 25% chance of playing
95715,1675962528,1675962528,a,100.0,100.0,
95715,1680813728,1680559209,s,100.0,0.0,Suspended until 27 Apr
95715,1682690190,1682690190,a,100.0,100.0,
96787,1657988027,1657988027,a,,,
96994,1657988027,1657988027,a,,,
96994,1660639221,1660435206,d,,75.0,Knock - 75% chance of playing
96994,1661250559,1661250559,a,75.0,100.0,
96994,1667216228,1667071808,s,100.0,0.0,Suspended until 13 Nov
96994,1668109477,1668109477,a,0.0,100.0,
97032,1657988027,1657988027,a,,,
97032,1673585957,1673044207,i,,0.0,Hamstring injury - Expected back 04 Feb
97032,1674555185,1674555185,d,0.0,50.0,Hamstring injury - 50% chance of playing
97032,1675962528,1675962528,i,0.0,0.0,Hamstring injury - Expected back 18 Feb
97032,1676634450,1676634450,a,25.0,100.0,
97299,1657988027,1657988027,a,,,
97299,1662536127,1662474606,d,,75.0,Muscle injury - 75% chance of playing
97299,1663194349,1663194349,a,75.0,100.0,
97299,1664875640,1664269208,i,0.0,0.0,Hamstring injury - Expected back 16 Oct
97299,1665555681,1665555681,d,0.0,50.0,Hamstring injury - 50% chance of playing
97299,1665995118,1665995118,i,0.0,0.0,Hamstring injury - Expected back 29 Oct
97299,1666688392,1666688392,a,100.0,100.0,
97299,1673585957,1673519408,d,100.0,75.0,Lack of match fitness - 75% chance of playing
97299,1674195851,1674195851,a,25.0,100.0,
97299,1675962528,1674864009,i,0.0,0.0,Hamstring injury - Expected back 25 Feb
97299,1677262181,1677262181,d,0.0,25.0,Lack of match fitness - 25% chance of playing
97299,1677760822,1677760822,d,25.0,75.0,Lack of match fitness - 75% chance of playing
97299,1678185619,1678185619,a,75.0,100.0,
98747,1657988027,1657988027,a,,,
98747,1679914802,1679335208,d,,75.0,Knock - 75% chance of playing
98747,1680813728,1680813728,a,75.0,100.0,
98747,1685259116,1684938611,i,100.0,0.0,Hand injury - Expected back 01 Jul
98980,1657988027,1657988027,a,,,
98980,1663775227,1663775227,a,75.0,100.0,
98980,1667216228,1667064607,d,100.0,75.0,Head injury - 75% chance of playing
98980,1668109477,1668109477,a,75.0,100.0,
98980,1672318255,1671708607,i,0.0,0.0,Personal Reasons - Expected back 01 Jan
98980,1672638138,1672638138,a,100.0,100.0,
98980,1682333791,1682184608,d,100.0,75.0,Illness - 75% chance of playing
98980,1682690190,1682690190,a,75.0,100.0,
101105,1657988027,1657988027,a,,,
101105,1659947328,1659375005,d,50.0,50.0,Hand injury - 50% chance of playing
101105,1661250559,1661250559,a,100.0,100.0,
101105,1662536127,1662115812,u,0.0,0.0,Season-long loan to Nice
101148,1657988027,1657988027,a,,,
101148,1659947328,1659871807,d,,75.0,Thigh injury - 75% chance of playing
101148,1660639221,1660639221,a,75.0,100.0,
101148,1662109894,1661985007,d,100.0,75.0,Knock - 75% chance of playing
101148,1662536127,1662536127,a,75.0,100.0,
101148,1683287633,1682942409,i,100.0,0.0,Calf injury - Expected back 01 Jul
101178,1657988027,1657988027,a,,,
101178,1682690190,1682638209,d,,75.0,Illness - 75% chance of playing
101178,1683287633,1683287633,a,75.0,100.0,
101184,1657988027,1657988027,a,,,
101184,1664875640,1664744407,d,,75.0,Abdominal injury - 75% chance of playing
101184,1665555681,1665555681,a,75.0,100.0,
101188,1657988027,1657988027,a,,,
101188,1663775227,1663759807,d,,25.0,Ankle injury - 25% chance of playing
101188,1664875640,1664875640,i,0.0,0.0,Heel Injury - Expected back 20 Oct
101188,1665555681,1665555681,i,0.0,0.0,Heel Injury - Expected back 29 Oct
101188,1666688392,1666688392,d,0.0,50.0,Heel Injury - 50% chance of playing
101188,1667216228,1667216228,a,100.0,100.0,
101188,1674195851,1673683208,i,100.0,0.0,Shoulder injury - Unknown return date
101188,1675962528,1675962528,a,100.0,100.0,
101338,1675962528,1675962528,a,,,
101338,1679046737,1679046737,a,50.0,100.0,
101338,1685259116,1683999011,i,0.0,0.0,Knee injury - Expected back 01 Jul
101582,1657988027,1657988027,a,,,
101668,1657988027,1657988027,a,,,
101668,1675962528,1675962528,a,75.0,100.0,
101668,1682333791,1682184608,d,100.0,75.0,Knock - 75% chance of playing
101668,1682690190,1682690190,a,100.0,100.0,
101982,1657988027,1657988027,a,,,
101982,1659947328,1659947328,a,50.0,100.0,
101982,1672318255,1671498007,d,25.0,25.0,Back injury - 25% chance of playing
101982,1673585957,1673585957,a,25.0,100.0,
101982,1677262181,1677146409,i,100.0,0.0,Calf injury - Expected back 11 Mar
101982,1679046737,1679046737,i,0.0,0.0,Calf injury - Expected back 01 Apr
101982,1679914802,1679914802,d,0.0,50.0,Calf injury - 50% chance of playing
101982,1680813728,1680813728,a,100.0,100.0,
102057,1657988027,1657988027,a,,,
102057,1659370276,1658946606,i,,0.0,Knee injury - Unknown return date
102057,1659947328,1659947328,i,0.0,0.0,Knee injury - Expected back 03 Sep
102057,1661250559,1661250559,a,75.0,100.0,
102057,1662536127,1662228007,d,100.0,75.0,Fatigue - 75% chance of playing
102057,1663775227,1663775227,i,0.0,0.0,Groin Injury - Expected back 08 Oct
102057,1664875640,1664875640,i,0.0,0.0,Groin Injury - Unknown return date
102057,1666688392,1666688392,i,0.0,0.0,Groin Injury - Expected back 12 Nov
102057,1668109477,1668109477,i,0.0,0.0,Groin Injury - Expected back 26 Dec
102057,1669176618,1669176618,a,0.0,100.0,
102836,1657988027,1657114204,u,,0.0,Transferred to RC Lens
102884,1657988027,1657988027,a,,,
102884,1662536127,1662115429,u,0.0,0.0,Season-long loan to Girona
103025,1657988027,1657988027,a,,,
103192,1657988027,1657988027,a,,,
103192,1665995118,1665736207,d,75.0,75.0,Illness - 75% chance of playing
103192,1666688392,1666688392,a,100.0,100.0,
103192,1672318255,1671498008,d,25.0,25.0,Knee injury - 25% chance of playing
103192,1674195851,1674195851,a,25.0,100.0,
103192,1675962528,1674846008,i,0.0,0.0,Hip injury - Unknown return date
103192,1677262181,1677262181,d,0.0,75.0,Lack of match fitness - 75% chance of playing
103192,1678185619,1678185619,a,75.0,100.0,
103192,1683287633,1683059409,d,100.0,25.0,Ankle injury - 25% chance of playing
103192,1683613947,1683613947,i,0.0,0.0,Ankle injury - Unknown return date
103192,1685259116,1685259116,a,100.0,100.0,
103955,1657988027,1657988027,a,,,
103955,1673585957,1673551808,d,,25.0,Hamstring injury - 25% chance of playing
103955,1674195851,1674195851,i,0.0,0.0,Hamstring injury - Unknown return date
103955,1675962528,1675962528,a,100.0,100.0,
103955,1676634450,1676041209,d,50.0,50.0,Knock - 50% chance of playing
103955,1677262181,1677262181,a,75.0,100.0,
103955,1679046737,1678458609,d,50.0,50.0,Hamstring injury - 50% chance of playing
103955,1680813728,1680813728,a,50.0,100.0,
103955,1685259116,1685052012,d,100.0,50.0,Hamstring injury - 50% chance of playing
104542,1663194349,1663194349,a,,,
104547,1657988027,1657988027,a,,,
104547,1659370276,1658529005,u,,0.0,Transferred to Stoke City
105666,1657988027,1657988027,a,,,
105666,1659947328,1659375005,d,25.0,25.0,Hand injury - 25% chance of playing
105666,1664875640,1664875640,i,0.0,0.0,Hand injury - Unknown return date
105666,1665555681,1665555681,d,25.0,25.0,Lack of match fitness - 25% chance of playing
105666,1672318255,1672318255,a,100.0,100.0,
105717,1657988027,1657988027,a,,,
105717,1659947328,1659619413,u,0.0,0.0,Season-long loan to Beşiktaş
106468,1674195851,1674195851,a,,,
106468,1685259116,1684603809,i,,0.0,Hamstring injury - Expected back 12 Aug
106611,1657988027,1657988027,a,,,
106611,1672638138,1672515007,d,,25.0,Knee injury - 25% chance of playing
106611,1675962528,1675962528,d,50.0,50.0,Lack of match fitness - 50% chance of playing
106611,1676634450,1676634450,a,75.0,100.0,
106617,1657988027,1657988027,a,,,
106617,1660639221,1660435206,d,,75.0,Muscle injury - 75% chance of playing
106617,1661250559,1661250559,d,50.0,50.0,Muscle injury - 50% chance of playing
106617,1661766052,1661766052,d,50.0,50.0,Groin Injury - 50% chance of playing
106617,1662109894,1662109894,a,75.0,100.0,
106617,1668109477,1667674808,d,100.0,75.0,Hip injury - 75% chance of playing
106617,1672318255,1672318255,d,75.0,75.0,Lack of match fitness - 75% chance of playing
106617,1672638138,1672638138,i,0.0,0.0,Lack of match fitness - Expected back 04 Jan
106617,1673585957,1673585957,a,25.0,100.0,
106617,1678185619,1677952808,d,100.0,75.0,Leg injury - 75% chance of playing
106617,1679046737,1679046737,a,75.0,100.0,
106617,1682014831,1681765209,d,100.0,75.0,Calf injury - 75% chance of playing
106617,1682333791,1682333791,a,75.0,100.0,
106617,1685259116,1684702809,d,100.0,50.0,Hamstring injury - 50% chance of playing
106618,1657988027,1657988027,a,,,
106618,1666688392,1666355408,i,0.0,0.0,Calf injury - Unknown return date
106618,1673585957,1673585957,a,0.0,100.0,
106760,1657988027,1657988027,a,,,
106760,1662109894,1662075007,d,,75.0,Knock - 75% chance of playing
106760,1662536127,1662536127,a,50.0,100.0,
106760,1677760822,1677717009,d,100.0,75.0,Knock - 75% chance of playing
106760,1678185619,1678185619,a,75.0,100.0,
106760,1680813728,1680732007,d,100.0,75.0,Hamstring injury - 75% chance of playing
106760,1681291216,1681291216,i,0.0,0.0,Hamstring injury - Unknown return date
106760,1682014831,1682014831,a,75.0,100.0,
106760,1685259116,1685052013,d,100.0,50.0,Back injury - 50% chance of playing
106837,1659947328,1659947328,a,,,
106837,1663775227,1663775227,a,75.0,100.0,
106837,1672318255,1672079408,i,100.0,0.0,Rib Injury - Expected back 14 Jan
106837,1673585957,1673585957,d,25.0,75.0,Rib Injury - 75% chance of playing
106837,1674195851,1674195851,a,75.0,100.0,
106837,1674555185,1674325807,d,100.0,75.0,Ankle injury - 75% chance of playing
106837,1675962528,1675962528,a,100.0,100.0,
108413,1657988027,1657988027,a,,,
108413,1665995118,1665757807,d,0.0,50.0,Illness - 50% chance of playing
108413,1666688392,1666688392,a,100.0,100.0,
108413,1676634450,1676142009,d,100.0,75.0,Knock - 75% chance of playing
108413,1677262181,1677262181,a,100.0,100.0,
108413,1679046737,1678455009,d,75.0,75.0,Illness - 75% chance of playing
108413,1679914802,1679914802,a,75.0,100.0,
108823,1657988027,1657988027,a,,,
108823,1661766052,1661498821,u,0.0,0.0,Season-long loan to Besiktas
109322,1659370276,1659370276,a,,,
109322,1672318255,1672185609,d,,50.0,Hamstring injury - 50% chance of playing
109322,1673585957,1673585957,i,0.0,0.0,Hamstring injury - Expected back 05 Feb
109322,1674555185,1674555185,a,0.0,100.0,
109322,1676634450,1676221209,d,100.0,50.0,Knee injury - 50% chance of playing
109322,1677262181,1677262181,d,50.0,75.0,Knee injury - 75% chance of playing
109322,1677760822,1677760822,a,75.0,100.0,
109322,1680813728,1680777009,d,100.0,50.0,Knee injury - 50% chance of playing
109322,1681291216,1681291216,a,50.0,100.0,
109322,1685259116,1684711810,d,100.0,75.0,Knock - 75% chance of playing
109345,1657988027,1657988027,a,,,
109345,1677760822,1677517208,d,,75.0,Knock - 75% chance of playing
109345,1678185619,1678185619,a,100.0,100.0,
109345,1683613947,1683577808,d,100.0,75.0,Hamstring injury - 75% chance of playing
109345,1685259116,1685259116,d,25.0,25.0,Hamstring injury - 25% chance of playing
109434,1657988027,1657988027,a,,,
109434,1662536127,1662116500,u,0.0,0.0,Season-long loan to Le Havre
109528,1657988027,1657988027,a,,,
109528,1666688392,1666688392,a,75.0,100.0,
109528,1675962528,1675216808,i,0.0,0.0,Knee injury - Expected back 04 Mar
109528,1676634450,1676634450,d,0.0,25.0,Lack of match fitness - 25% chance of playing
109528,1677262181,1677262181,a,25.0,100.0,
109528,1685259116,1685097011,i,100.0,0.0,Knock - Expected back 01 Jul
109533,1659947328,1659947328,a,,,
109533,1668109477,1668047408,d,,75.0,Knock - 75% chance of playing
109533,1669176618,1669176618,a,50.0,100.0,
109533,1685259116,1685115011,d,100.0,75.0,Knock - 75% chance of playing
109646,1657988027,1657988027,a,,,
109745,1657988027,1657988027,a,,,
109745,1667216228,1667064607,d,,75.0,Foot injury - 75% chance of playing
109745,1668109477,1668109477,i,0.0,0.0,Foot injury - Expected back 27 Dec
109745,1669176618,1669176618,d,0.0,75.0,Foot injury - 75% chance of playing
109745,1672318255,1672318255,a,75.0,100.0,
110504,1657988027,1657988027,a,,,
110504,1661250559,1661196606,n,,0.0,Joined Istanbul Basaksehir FK on loan - Expected back 01 Jul
110504,1661766052,1661766052,u,0.0,0.0,Joined Istanbul Basaksehir FK on loan - Expected back 01 Jul
110504,1677262181,1677262181,a,0.0,100.0,
110735,1657988027,1657988027,a,,,
110735,1672318255,1671701408,i,0.0,0.0,Muscle injury - Expected back 03 Jan
110735,1672638138,1672638138,i,0.0,0.0,Muscle injury - Expected back 14 Jan
110735,1673585957,1673585957,a,0.0,100.0,
111234,1657988027,1657988027,a,,,
111234,1663194349,1662588006,i,0.0,0.0,Thigh injury - Expected back 01 Oct
111234,1663775227,1663775227,d,0.0,50.0,Thigh injury - 50% chance of playing
111234,1664875640,1664875640,a,100.0,100.0,
111317,1657988027,1657988027,a,,,
111317,1659947328,1659375005,d,25.0,25.0,Lack of match fitness - 25% chance of playing
111317,1660639221,1660639221,i,0.0,0.0,Lack of match fitness - Unknown return date
111317,1661250559,1661250559,i,0.0,0.0,Lack of match fitness - Expected back 01 Oct
111317,1662536127,1662536127,d,25.0,25.0,Lack of match fitness - 25% chance of playing
111317,1663775227,1663775227,i,0.0,0.0,Hamstring injury - Unknown return date
111317,1668109477,1668109477,i,0.0,0.0,Hamstring injury - Expected back 27 Dec
111317,1669176618,1669176618,d,0.0,75.0,Hamstring injury - 75% chance of playing
111317,1672318255,1672318255,d,25.0,25.0,Hamstring injury - 25% chance of playing
111317,1674555185,1674555185,d,0.0,50.0,Hamstring injury - 50% chance of playing
111317,1675962528,1675962528,i,0.0,0.0,Hamstring injury - Unknown return date
111317,1678185619,1678185619,i,0.0,0.0,Hamstring injury - Expected back 18 Mar
111317,1679046737,1679046737,a,25.0,100.0,
111478,1657988027,1657988027,a,,,
111478,1662109894,1662109894,a,75.0,100.0,
111478,1666688392,1666472407,d,100.0,75.0,Calf injury - 75% chance of playing
111478,1668109477,1668109477,a,75.0,100.0,
111478,1682014831,1681596007,d,100.0,25.0,Hamstring injury - 25% chance of playing
111478,1682690190,1682690190,a,100.0,100.0,
111478,1683287633,1683243009,d,100.0,25.0,Hamstring injury - 25% chance of playing
111478,1685259116,1685259116,a,50.0,100.0,
111773,1657988027,1657988027,a,,,
111773,1660639221,1660307406,d,25.0,25.0,Back injury - 25% chance of playing
111773,1661250559,1661250559,a,25.0,100.0,
111773,1661766052,1661427006,i,0.0,0.0,Knee injury - Unknown return date
111773,1662109894,1662109894,i,0.0,0.0,Knee injury - Expected back 25 Feb
111773,1675962528,1675962528,i,0.0,0.0,Knee injury - Expected back 28 May
111773,1682333791,1682333791,i,0.0,0.0,Knee injury - Expected back 01 Jul
111782,1657988027,1657988027,a,,,
111782,1663775227,1663775227,a,75.0,100.0,
111931,1657988027,1657988027,a,,,
111931,1659947328,1659375005,i,0.0,0.0,Achilles injury - Expected back 04 Feb
111931,1674555185,1674555185,d,0.0,50.0,Achilles injury - 50% chance of playing
111931,1675962528,1675962528,d,25.0,25.0,Lack of match fitness - 25% chance of playing
111931,1676634450,1676634450,a,100.0,100.0,
111931,1682014831,1681466408,i,0.0,0.0,Hamstring injury - Unknown return date
111931,1683287633,1683287633,d,25.0,75.0,Lack of match fitness - 75% chance of playing
111931,1683613947,1683613947,a,75.0,100.0,
114128,1657988027,1657988027,a,,,
114128,1668109477,1668034809,d,,75.0,Muscle injury - 75% chance of playing
114128,1669176618,1669176618,d,50.0,75.0,Hamstring injury - 75% chance of playing
114128,1672318255,1672318255,d,75.0,75.0,Groin Injury - 75% chance of playing
114128,1672638138,1672638138,a,100.0,100.0,
114128,1679914802,1679166009,s,100.0,0.0,Suspended until 22 Apr
114128,1682014831,1682014831,a,0.0,100.0,
114241,1659370276,1659370276,a,,,
114241,1666688392,1666164608,i,0.0,0.0,Hamstring injury - Unknown return date
114241,1672318255,1672318255,a,100.0,100.0,
114243,1657988027,1657988027,a,,,
114243,1685259116,1685259116,a,50.0,100.0,
114283,1657988027,1657988027,a,,,
114283,1661250559,1661151606,d,,75.0,Knock - 75% chance of playing
114283,1661766052,1661766052,d,25.0,50.0,Knock - 50% chance of playing
114283,1662536127,1662536127,a,75.0,100.0,
114283,1685259116,1684971010,d,100.0,75.0,Knock - 75% chance of playing
115382,1657988027,1657988027,a,,,
115556,1657988027,1657988027,a,,,
115556,1663775227,1663432206,d,,75.0,Knee injury - 75% chance of playing
115556,1664875640,1664875640,a,75.0,100.0,
115556,1679914802,1679166009,d,100.0,75.0,Muscle injury - 75% chance of playing
115556,1680813728,1680813728,i,0.0,0.0,Hamstring injury - Expected back 30 Apr
115556,1682333791,1682333791,a,25.0,100.0,
116216,1657988027,1657988027,a,,,
116216,1673585957,1673136008,d,,75.0,Calf injury - 75% chance of playing
116216,1674195851,1674195851,i,0.0,0.0,Personal Reasons - Expected back 21 Jan
116216,1674555185,1674555185,a,100.0,100.0,
116216,1678185619,1677954607,d,100.0,75.0,Groin Injury - 75% chance of playing
116216,1679046737,1679046737,a,50.0,100.0,
116216,1685259116,1685113212,d,100.0,75.0,Knock - 75% chance of playing
116404,1675962528,1675962528,a,,,
116404,1685259116,1685115012,d,,75.0,Knock - 75% chance of playing
116535,1657988027,1657988027,a,,,
116535,1682014831,1682014831,a,75.0,100.0,
116594,1657988027,1657988027,a,,,
116594,1660639221,1660519806,d,,75.0,Hamstring injury - 75% chance of playing
116594,1661250559,1661250559,i,0.0,0.0,Hamstring injury - Expected back 18 Sep
116594,1661766052,1661766052,i,0.0,0.0,Hamstring injury - Expected back 01 Oct
116594,1663775227,1663775227,d,0.0,50.0,Hamstring injury - 50% chance of playing
116594,1664875640,1664875640,d,0.0,50.0,Lack of match fitness - 50% chance of playing
116594,1665555681,1665555681,d,0.0,25.0,Lack of match fitness - 25% chance of playing
116594,1665995118,1665995118,i,0.0,0.0,Hamstring injury - Unknown return date
116594,1666688392,1666688392,i,0.0,0.0,Hamstring injury - Expected back 18 Feb
116594,1677262181,1677262181,i,0.0,0.0,Hamstring injury - Expected back 11 Mar
116594,1678185619,1678185619,d,0.0,25.0,Lack of match fitness - 25% chance of playing
116594,1679046737,1679046737,d,0.0,75.0,Lack of match fitness - 75% chance of playing
116594,1679914802,1679914802,a,75.0,100.0,
116594,1685259116,1683999009,d,25.0,25.0,Groin Injury - 25% chance of playing
116643,1657988027,1657988027,a,,,
116643,1675962528,1675553408,d,,75.0,Illness - 75% chance of playing
116643,1676634450,1676634450,a,75.0,100.0,
118748,1657988027,1657988027,a,,,
119471,1657988027,1657988027,a,,,
119471,1667216228,1667088007,d,,75.0,Hamstring injury - 75% chance of playing
119471,1668109477,1668109477,a,100.0,100.0,
119471,1678185619,1677945608,d,100.0,75.0,Head injury - 75% chance of playing
119471,1679046737,1679046737,a,75.0,100.0,
119471,1682333791,1682285408,d,100.0,75.0,Knock - 75% chance of playing
119471,1682690190,1682690190,a,75.0,100.0,
119765,1657988027,1657988027,a,,,
119765,1660639221,1660404607,d,,75.0,Knock - 75% chance of playing
119765,1661250559,1661250559,a,100.0,100.0,
119765,1664875640,1664265195,u,0.0,0.0,Trasferred to Al Wahda
120202,1674195851,1674195851,a,,,
120250,1657988027,1657988027,a,,,
120250,1659947328,1659630605,i,0.0,0.0,Muscle injury - Expected back 20 Aug
120250,1660639221,1660639221,d,50.0,50.0,Muscle injury - 50% chance of playing
120250,1661250559,1661250559,i,0.0,0.0,Muscle injury - Expected back 30 Aug
120250,1661766052,1661766052,i,0.0,0.0,Muscle injury - Expected back 03 Sep
120250,1662109894,1662109894,a,25.0,100.0,
120250,1662536127,1662116944,u,0.0,0.0,Season-long loan to Lille
120721,1659370276,1659370276,a,,,
120721,1677262181,1676632325,u,0.0,0.0,Season-long loan to Servette
121145,1657988027,1657988027,a,,,
121145,1675962528,1675173352,u,0.0,0.0,Season-long loan to Bayern Munich
121160,1657988027,1657988027,a,,,
121599,1657988027,1657988027,a,,,
121599,1660639221,1660404607,d,,75.0,Hamstring injury - 75% chance of playing
121599,1661250559,1661250559,i,0.0,0.0,Hamstring injury - Expected back 11 Sep
121599,1662536127,1662536127,d,0.0,50.0,Hamstring injury - 50% chance of playing
121599,1663775227,1663775227,a,100.0,100.0,
121599,1680813728,1680559208,s,100.0,0.0,Suspended until 27 Apr
121599,1682333791,1682333791,a,0.0,100.0,
122074,1664875640,1664875640,a,,,
122074,1681291216,1680996610,d,,75.0,Knock - 75% chance of playing
122074,1682014831,1682014831,a,100.0,100.0,
122074,1682690190,1682553609,d,100.0,50.0,Knock - 50% chance of playing
122074,1685259116,1685259116,d,25.0,25.0,Knock - 25% chance of playing
122775,1657988027,1657988027,a,,,
122775,1675962528,1674640117,u,0.0,0.0,Season-long loan to Strasbourg
122798,1657988027,1657988027,a,,,
122798,1663194349,1662986985,i,,0.0,Knee injury - Expected back 01 Oct
122798,1663775227,1663775227,d,0.0,50.0,Knee injury - 50% chance of playing
122798,1664875640,1664875640,i,0.0,0.0,Knee injury - Expected back 16 Oct
122798,1665555681,1665555681,a,25.0,100.0,
122798,1672638138,1672475408,d,100.0,75.0,Knock - 75% chance of playing
122798,1673585957,1673585957,a,75.0,100.0,
122798,1685259116,1685095211,d,100.0,75.0,Groin Injury - 75% chance of playing
122806,1657988027,1657988027,a,,,
122806,1672638138,1672623008,d,,75.0,Hamstring injury - 75% chance of playing
122806,1673585957,1673585957,i,75.0,0.0,Hamstring injury - Unknown return date
122806,1674195851,1674195851,i,0.0,0.0,Hamstring injury - Expected back 04 Feb
122806,1674555185,1674555185,d,0.0,50.0,Hamstring injury - 50% chance of playing
122806,1675962528,1675962528,a,100.0,100.0,
123354,1657988027,1657988027,a,,,
123354,1659947328,1659699006,i,0.0,0.0,Knee injury - Unknown return date
123354,1661250559,1661250559,n,25.0,0.0,Joined Watford on loan - Expected back 01 Jul
123354,1661766052,1661766052,u,0.0,0.0,Joined Watford on loan - Expected back 01 Jul
124183,1657988027,1657988027,a,,,
124183,1665555681,1665450007,d,,75.0,Illness - 75% chance of playing
124183,1666688392,1666688392,a,100.0,100.0,
124183,1672318255,1671820208,i,0.0,0.0,Personal Reasons - Expected back 01 Jan
124183,1672638138,1672638138,a,100.0,100.0,
126184,1657988027,1657988027,a,,,
126184,1661250559,1661151606,d,,75.0,Groin Injury - 75% chance of playing
126184,1661766052,1661766052,i,0.0,0.0,Groin Injury - Expected back 03 Sep
126184,1662109894,1662109894,d,0.0,50.0,Groin Injury - 50% chance of playing
126184,1662536127,1662536127,a,75.0,100.0,
126184,1682333791,1682085608,d,50.0,50.0,Hamstring injury - 50% chance of playing
126184,1682690190,1682690190,d,50.0,25.0,Hamstring injury - 25% chance of playing
126184,1683287633,1683287633,a,25.0,100.0,
126184,1683613947,1683405008,d,100.0,75.0,Hamstring injury - 75% chance of playing
126184,1685259116,1685259116,d,50.0,50.0,Hamstring injury - 50% chance of playing
126187,1657988027,1657988027,a,,,
126187,1662109894,1661898606,d,,75.0,Knock - 75% chance of playing
126187,1662536127,1662536127,a,100.0,100.0,
126187,1672318255,1671498007,i,0.0,0.0,Calf injury - Unknown return date
126187,1674195851,1674195851,a,0.0,100.0,
128295,1657988027,1657988027,a,,,
128295,1662536127,1662116407,i,0.0,0.0,Achilles injury - Expected back 01 Oct
128295,1663775227,1663775227,i,0.0,0.0,Achilles injury - Unknown return date
128295,1664875640,1664875640,i,0.0,0.0,Achilles injury - Expected back 29 Oct
128295,1666688392,1666688392,d,0.0,50.0,Achilles injury - 50% chance of playing
128295,1667216228,1667216228,d,25.0,25.0,Lack of match fitness - 25% chance of playing
128295,1668109477,1668109477,a,50.0,100.0,
128295,1682333791,1682184608,d,100.0,75.0,Knock - 75% chance of playing
128295,1682690190,1682690190,i,0.0,0.0,Achilles injury - Unknown return date
128309,1657988027,1657988027,a,,,
128309,1661766052,1661427006,d,75.0,75.0,Illness - 75% chance of playing
128309,1662109894,1662109894,a,75.0,100.0,
128309,1673585957,1673524732,u,100.0,0.0,Season-long loan to Queens Park Rangers
128340,1657988027,1657988027,a,,,
128340,1683287633,1682886607,d,,75.0,Concussion - 75% chance of playing
128340,1683613947,1683613947,i,0.0,0.0,Concussion - Expected back 13 May
128340,1685259116,1685259116,a,100.0,100.0,
128389,1657988027,1657988027,a,,,
128389,1664875640,1664647207,d,,75.0,Foot injury - 75% chance of playing
128389,1665995118,1665995118,a,75.0,100.0,
128389,1668109477,1667674808,d,100.0,75.0,Ankle injury - 75% chance of playing
128389,1669176618,1669176618,a,0.0,100.0,
128389,1674555185,1674520208,d,100.0,75.0,Ankle injury - 75% chance of playing
128389,1675962528,1675962528,a,100.0,100.0,
128389,1676634450,1676565010,d,100.0,75.0,Knock - 75% chance of playing
128389,1677262181,1677262181,d,75.0,50.0,Hamstring injury - 50% chance of playing
128389,1677760822,1677760822,a,50.0,100.0,
128389,1679914802,1679263208,s,100.0,0.0,Suspended until 22 Apr
128389,1680813728,1680813728,s,0.0,0.0,Suspended until 13 May
128389,1683613947,1683613947,a,0.0,100.0,
132015,1657988027,1657988027,a,,,
132015,1662536127,1662536127,a,75.0,100.0,
132015,1666688392,1666558808,d,100.0,75.0,Thigh injury - 75% chance of playing
132015,1667216228,1667216228,a,100.0,100.0,
132015,1685259116,1684596611,d,100.0,75.0,Knock - 75% chance of playing
133845,1657988027,1657988027,a,,,
133845,1674195851,1673601738,u,0.0,0.0,Season-long loan to FC Nordsjaelland
140200,1657988027,1657988027,a,,,
140200,1665995118,1665669607,i,0.0,0.0,Ankle injury - Unknown return date
140200,1666688392,1666688392,i,0.0,0.0,Ankle injury - Expected back 26 Dec
140200,1669176618,1669176618,d,0.0,75.0,Ankle injury - 75% chance of playing
140200,1672318255,1672318255,i,0.0,0.0,Ankle injury - Expected back 01 Feb
140200,1672638138,1672638138,d,75.0,75.0,Lack of match fitness - 75% chance of playing
140200,1673585957,1673585957,a,75.0,100.0,
140200,1676634450,1676043009,i,0.0,0.0,Ankle injury - Unknown return date
140200,1677262181,1677262181,i,0.0,0.0,Ankle injury - Expected back 06 Mar
140200,1677760822,1677760822,d,0.0,75.0,Ankle injury - 75% chance of playing
140200,1678185619,1678185619,i,0.0,0.0,Ankle injury - Unknown return date
140200,1679914802,1679914802,a,0.0,100.0,
140200,1682690190,1682429409,i,0.0,0.0,Calf injury - Unknown return date
140200,1685259116,1685259116,a,100.0,100.0,
141746,1657988027,1657988027,a,,,
141746,1667216228,1667161807,s,,0.0,Suspended until 13 Nov
141746,1668109477,1668109477,a,0.0,100.0,
144485,1657988027,1657988027,a,,,
144485,1667216228,1667062807,s,,0.0,Suspended until 12 Nov
144485,1668109477,1668109477,a,0.0,100.0,
144485,1672638138,1672475408,d,100.0,50.0,Leg injury - 50% chance of playing
144485,1674195851,1674195851,a,100.0,100.0,
144485,1685259116,1684094409,s,0.0,0.0,Suspended until 17 Jan
146941,1657988027,1657988027,a,,,
146941,1659370276,1659103204,i,,0.0,Knee injury - Expected back 03 Sep
146941,1661766052,1661766052,i,0.0,0.0,Knee injury - Expected back 02 Oct
146941,1663775227,1663340409,d,0.0,50.0,Lack of match fitness - 50% chance of playing
146941,1664875640,1664875640,a,75.0,100.0,
146941,1677262181,1677020408,d,100.0,25.0,Illness - 25% chance of playing
146941,1677760822,1677760822,d,25.0,75.0,Illness - 75% chance of playing
146941,1678185619,1678185619,a,75.0,100.0,
146941,1685259116,1684971010,d,100.0,75.0,Knock - 75% chance of playing
147611,1675962528,1675962528,a,,,
147611,1683287633,1682942410,d,,75.0,Knee injury - 75% chance of playing
147611,1683613947,1683613947,a,100.0,100.0,
147611,1685259116,1685113213,d,100.0,75.0,Back injury - 75% chance of playing
148225,1657988027,1657988027,a,,,
148225,1659947328,1659625206,i,0.0,0.0,Hamstring injury - Unknown return date
148225,1661250559,1661250559,a,75.0,100.0,
148225,1661766052,1661524206,d,0.0,50.0,Achilles injury - 50% chance of playing
148225,1662109894,1662109894,d,50.0,25.0,Achilles injury - 25% chance of playing
148225,1662536127,1662536127,i,0.0,0.0,Achilles injury - Unknown return date
148225,1664875640,1664875640,a,75.0,100.0,
148225,1665555681,1665349207,d,100.0,75.0,Back injury - 75% chance of playing
148225,1666688392,1666688392,d,0.0,50.0,Back injury - 50% chance of playing
148225,1667216228,1667216228,i,0.0,0.0,Back injury - Expected back 13 Nov
148225,1668109477,1668109477,a,75.0,100.0,
148225,1674195851,1673622008,d,75.0,75.0,Leg injury - 75% chance of playing
148225,1674555185,1674555185,d,50.0,50.0,Leg injury - 50% chance of playing
148225,1675962528,1675782007,d,100.0,75.0,Hip injury - 75% chance of playing
148225,1676634450,1676634450,d,25.0,25.0,Hip injury - 25% chance of playing
148225,1677262181,1677262181,d,25.0,50.0,Hip injury - 50% chance of playing
148225,1680813728,1680813728,a,75.0,100.0,
149065,1657988027,1657988027,a,,,
149484,1657988027,1657988027,a,,,
149484,1661766052,1661713206,d,,75.0,Illness - 75% chance of playing
149484,1662109894,1662109894,a,75.0,100.0,
149484,1676634450,1676241009,d,100.0,75.0,Knock - 75% chance of playing
149484,1677262181,1677262181,a,75.0,100.0,
149519,1660639221,1660639221,a,,,
149519,1664875640,1664650807,d,,75.0,Calf injury - 75% chance of playing
149519,1665555681,1665555681,d,0.0,50.0,Calf injury - 50% chance of playing
149519,1665995118,1665995118,i,0.0,0.0,Calf injury - Expected back 24 Oct
149519,1666688392,1666688392,d,50.0,50.0,Calf injury - 50% chance of playing
149519,1669176618,1669176618,d,0.0,75.0,Calf injury - 75% chance of playing
149519,1672318255,1672318255,d,25.0,25.0,Calf injury - 25% chance of playing
149519,1675962528,1675962528,i,0.0,0.0,Calf injury - Unknown return date
149519,1677262181,1677262181,d,0.0,75.0,Lack of match fitness - 75% chance of playing
149519,1679046737,1679046737,a,100.0,100.0,
149915,1657988027,1657988027,a,,,
149915,1675962528,1675206800,u,0.0,0.0,Season-long loan to Roma
151086,1674195851,1674195851,a,,,
151086,1675962528,1675553409,d,,75.0,Knock - 75% chance of playing
151086,1676634450,1676634450,s,75.0,0.0,Suspended until 24 Feb
151086,1677262181,1677262181,a,0.0,100.0,
151086,1682333791,1682184609,d,100.0,25.0,Hamstring injury - 25% chance of playing
151086,1682690190,1682690190,a,75.0,100.0,
151589,1657988027,1657988027,a,,,
151589,1662536127,1662112807,d,75.0,75.0,Illness - 75% chance of playing
151589,1663775227,1663775227,a,100.0,100.0,
151589,1673585957,1673227808,s,100.0,0.0,Suspended until 21 Jan
151589,1674195851,1674195851,a,0.0,100.0,
151589,1678185619,1677857409,i,0.0,0.0,Personal Reasons - Expected back 12 Mar
151589,1679046737,1679046737,d,50.0,50.0,Hand injury - 50% chance of playing
151589,1680813728,1680813728,a,100.0,100.0,
152551,1657988027,1657988027,a,,,
152551,1672318255,1672318255,a,75.0,100.0,
152551,1677262181,1676755808,d,100.0,75.0,Illness - 75% chance of playing
152551,1677760822,1677760822,a,75.0,100.0,
152551,1678185619,1677958207,d,100.0,75.0,Muscle injury - 75% chance of playing
152551,1679046737,1679046737,a,75.0,100.0,
152551,1679914802,1679441408,d,100.0,75.0,Knock - 75% chance of playing
152551,1680813728,1680813728,a,100.0,100.0,
152590,1657988027,1657988027,a,,,
152590,1659947328,1659630605,u,0.0,0.0,Joined Sevilla on loan - Expected back 01 Jul
152898,1657988027,1657988027,a,,,
152898,1659370276,1658271604,u,,0.0,Transferred to Rangers - Unknown return date
153133,1657988027,1657988027,a,,,
153133,1673585957,1673395208,i,,0.0,Ankle injury - Expected back 04 Feb
153133,1674195851,1674195851,a,75.0,100.0,
153256,1657988027,1657988027,a,,,
153256,1662109894,1661859006,i,25.0,0.0,Hamstring injury - Unknown return date
153256,1668109477,1668109477,a,100.0,100.0,
153256,1675962528,1674727208,i,0.0,0.0,Knee injury - Unknown return date
153366,1657988027,1657988027,a,,,
153366,1668109477,1667671207,s,,0.0,Suspended until 26 Dec
153366,1669176618,1669176618,a,0.0,100.0,
153366,1675962528,1675906209,d,100.0,75.0,Knee injury - 75% chance of playing
153366,1676634450,1676634450,a,100.0,100.0,
153682,1657988027,1657988027,a,,,
153682,1659370276,1659303005,d,,25.0,Knee injury - 25% chance of playing
153682,1659947328,1659947328,i,0.0,0.0,Knee injury - Unknown return date
153682,1663775227,1663775227,i,0.0,0.0,Knee injury - Expected back 13 Nov
153682,1665555681,1665555681,a,75.0,100.0,
153682,1682690190,1682496009,d,100.0,75.0,Illness - 75% chance of playing
153682,1683287633,1683287633,a,75.0,100.0,
154043,1657988027,1657988027,a,,,
154043,1666688392,1666688392,a,0.0,100.0,
154043,1679046737,1678921209,d,100.0,75.0,Knock - 75% chance of playing
154043,1679914802,1679914802,a,100.0,100.0,
154043,1682014831,1681599608,n,100.0,0.0,Ineligible to face his parent club on 21/4. - Expected back 27 Apr
154043,1682333791,1682333791,a,0.0,100.0,
154131,1657988027,1657988027,a,,,
154296,1657988027,1657988027,a,,,
154296,1663775227,1663405206,s,,0.0,Suspended until 09 Oct
154296,1664875640,1664875640,a,0.0,100.0,
154296,1677760822,1677279608,s,100.0,0.0,Suspended until 18 Mar
154296,1678185619,1678185619,s,0.0,0.0,Suspended until 01 Apr
154296,1679046737,1679046737,a,0.0,100.0,
154561,1657988027,1657988027,a,,,
154566,1657988027,1657988027,a,,,
154566,1660639221,1660435206,d,,75.0,Ankle injury - 75% chance of playing
154566,1661766052,1661766052,a,75.0,100.0,
154566,1674195851,1673733608,d,100.0,50.0,Knee injury - 50% chance of playing
154566,1674555185,1674555185,i,0.0,0.0,Knee injury - Unknown return date
154566,1675962528,1675962528,d,50.0,50.0,Knee injury - 50% chance of playing
154566,1676634450,1676634450,a,50.0,100.0,
155405,1657988027,1657988027,a,,,
155405,1660639221,1660320006,i,0.0,0.0,Muscle injury - Unknown return date
155405,1661250559,1661250559,a,100.0,100.0,
155405,1661766052,1661437806,d,75.0,75.0,Shoulder injury - 75% chance of playing
155405,1662536127,1662536127,a,25.0,100.0,
155405,1663775227,1663455606,d,100.0,25.0,Shoulder injury - 25% chance of playing
155405,1664875640,1664875640,i,0.0,0.0,Shoulder injury - Expected back 26 Dec
155405,1666688392,1666688392,i,0.0,0.0,Shoulder injury - Expected back 12 Nov
155405,1667216228,1667216228,i,0.0,0.0,Shoulder injury - Expected back 28 Dec
155405,1668109477,1668109477,a,0.0,100.0,
155405,1672318255,1671791408,d,25.0,25.0,Lack of match fitness - 25% chance of playing
155405,1672638138,1672638138,a,100.0,100.0,
155408,1657988027,1657988027,a,,,
155408,1674195851,1673733608,d,,50.0,Knee injury - 50% chance of playing
155408,1676634450,1676634450,d,25.0,25.0,Knee injury - 25% chance of playing
155408,1677262181,1677262181,i,0.0,0.0,Knee injury - Unknown return date
155408,1678185619,1678185619,a,100.0,100.0,
155511,1657988027,1657988027,a,,,
155511,1665555681,1665555681,a,75.0,100.0,
155529,1657988027,1657988027,a,,,
155561,1659370276,1659370276,a,,,
155561,1661766052,1661766052,a,100.0,100.0,
155561,1664875640,1664744407,d,100.0,50.0,Hamstring injury - 50% chance of playing
155561,1665555681,1665555681,i,0.0,0.0,Hamstring injury - Expected back 29 Oct
155561,1666688392,1666688392,d,0.0,50.0,Hamstring injury - 50% chance of playing
155561,1667216228,1667216228,d,25.0,25.0,Hamstring injury - 25% chance of playing
155561,1668109477,1668109477,a,75.0,100.0,
155561,1673585957,1673227808,d,100.0,25.0,Ankle injury - 25% chance of playing
155561,1674195851,1674195851,a,25.0,100.0,
155561,1675962528,1675156878,u,0.0,0.0,Recalled by Sevilla
155569,1657988027,1657988027,a,,,
155569,1662536127,1662536127,a,75.0,100.0,
156074,1657988027,1657988027,a,,,
156685,1657988027,1657988027,a,,,
156685,1659370276,1659310204,i,,0.0,Thigh injury - Unknown return date
156685,1659947328,1659947328,i,0.0,0.0,Thigh injury - Expected back 03 Sep
156685,1660639221,1660639221,i,0.0,0.0,Thigh injury - Expected back 17 Sep
156685,1663194349,1663194349,i,0.0,0.0,Thigh injury - Expected back 01 Oct
156685,1663775227,1663775227,d,0.0,50.0,Thigh injury - 50% chance of playing
156685,1664875640,1664875640,d,25.0,25.0,Thigh injury - 25% chance of playing
156685,1665555681,1665555681,d,75.0,75.0,Lack of match fitness - 75% chance of playing
156685,1665995118,1665995118,a,75.0,100.0,
156685,1685259116,1684605609,d,100.0,75.0,Knock - 75% chance of playing
156687,1657988027,1657988027,a,,,
156687,1661766052,1661630406,d,,75.0,Knock - 75% chance of playing
156687,1662536127,1662536127,i,75.0,0.0,Knee injury - Unknown return date
156687,1663194349,1663194349,i,0.0,0.0,Knee injury - Expected back 01 Oct
156687,1663775227,1663775227,d,0.0,50.0,Knee injury - 50% chance of playing
156687,1664875640,1664875640,d,25.0,25.0,Knee injury - 25% chance of playing
156687,1665555681,1665555681,d,75.0,75.0,Lack of match fitness - 75% chance of playing
156687,1666688392,1666688392,a,100.0,100.0,
156687,1675962528,1675250154,u,0.0,0.0,Season-long loan to Stoke City
156689,1657988027,1657988027,a,,,
156689,1660639221,1660435206,d,,75.0,Knock - 75% chance of playing
156689,1661250559,1661250559,a,75.0,100.0,
156689,1683287633,1682895609,i,100.0,0.0,Ankle injury - Expected back 01 Jul
157668,1657988027,1657988027,a,,,
157668,1662109894,1661930468,u,,0.0,Season-long loan to Sampdoria
158499,1657988027,1657988027,a,,,
158534,1657988027,1657988027,a,,,
158534,1666688392,1666218607,i,0.0,0.0,Hamstring injury - Unknown return date
158534,1667216228,1667216228,i,0.0,0.0,Hamstring injury - Expected back 26 Dec
158534,1669176618,1669176618,d,0.0,75.0,Hamstring injury - 75% chance of playing
158534,1672318255,1672318255,a,100.0,100.0,
158534,1675962528,1675206734,d,75.0,75.0,Hamstring injury - 75% chance of playing
158534,1676634450,1676634450,d,50.0,50.0,Hamstring injury - 50% chance of playing
158534,1677262181,1677262181,a,100.0,100.0,
158534,1679046737,1678919409,d,100.0,75.0,Hamstring injury - 75% chance of playing
158534,1679914802,1679914802,a,100.0,100.0,
159533,1657988027,1657988027,a,,,
159533,1659947328,1659375005,i,0.0,0.0,Hamstring injury - Expected back 03 Sep
159533,1660639221,1660639221,a,75.0,100.0,
160987,1657988027,1657988027,a,,,
160987,1661766052,1661586342,u,0.0,0.0,Season-long loan to Trabzonspor
164484,1657988027,1657988027,a,,,
164484,1659370276,1658271604,u,,0.0,Joined Middlesbrough on loan - Expected back 01 Jul
164511,1657988027,1657988027,a,,,
164511,1659947328,1659835806,d,,25.0,Muscle injury - 25% chance of playing
164511,1660639221,1660639221,i,0.0,0.0,Ankle injury - Unknown return date
164511,1661250559,1661250559,i,0.0,0.0,Ankle injury - Expected back 09 Oct
164511,1665555681,1665555681,d,25.0,25.0,Lack of match fitness - 25% chance of playing
164511,1665995118,1665995118,i,0.0,0.0,Calf injury - Unknown return date
164511,1668109477,1668109477,a,25.0,100.0,
164511,1672638138,1672398008,d,75.0,75.0,Illness - 75% chance of playing
164511,1673585957,1673585957,a,75.0,100.0,
164555,1657988027,1657988027,a,,,
164555,1661250559,1661151606,d,,75.0,Concussion - 75% chance of playing
164555,1661766052,1661766052,a,75.0,100.0,
164555,1673585957,1672878608,d,100.0,75.0,Knock - 75% chance of playing
164555,1674195851,1674195851,a,75.0,100.0,
164555,1677760822,1677364208,d,100.0,75.0,Heel Injury - 75% chance of playing
164555,1678185619,1678185619,d,50.0,50.0,Heel Injury - 50% chance of playing
164555,1679046737,1679046737,d,25.0,25.0,Heel Injury - 25% chance of playing
164555,1680813728,1680813728,a,100.0,100.0,
164555,1683287633,1683151211,d,100.0,75.0,Hamstring injury - 75% chance of playing
164555,1683613947,1683613947,i,0.0,0.0,Hamstring injury - Unknown return date
164555,1685259116,1685259116,a,100.0,100.0,
165153,1657988027,1657988027,a,,,
165153,1660639221,1660127264,u,0.0,0.0,Transferred to RB Leipzig
165659,1657988027,1657988027,a,,,
165659,1660639221,1660404606,i,,0.0,Achilles injury - Unknown return date
165659,1673585957,1673585957,i,0.0,0.0,Achilles injury - Expected back 11 Mar
165659,1677262181,1677262181,d,0.0,25.0,Lack of match fitness - 25% chance of playing
165659,1678185619,1678185619,i,0.0,0.0,Lack of match fitness - Expected back 18 Mar
165659,1679046737,1679046737,a,75.0,100.0,
165809,1657988027,1657988027,a,,,
166324,1657988027,1657988027,a,,,
166324,1663194349,1662621426,u,0.0,0.0,Season-long loan to Alanyaspor
166325,1657988027,1657988027,a,,,
166477,1657988027,1657988027,a,,,
166477,1665555681,1665252007,d,,75.0,Eye Injury - 75% chance of playing
166477,1665995118,1665995118,a,100.0,100.0,
166989,1657988027,1657988027,a,,,
166989,1676634450,1676142009,d,,75.0,Calf injury - 75% chance of playing
166989,1677262181,1677262181,a,100.0,100.0,
166989,1677760822,1677517209,i,100.0,0.0,Ankle injury - Expected back 16 Apr
166989,1680813728,1680813728,i,0.0,0.0,Ankle injury - Unknown return date
166989,1682014831,1682014831,a,100.0,100.0,
167074,1657988027,1657988027,a,,,
167074,1664875640,1664649007,d,,75.0,Knock - 75% chance of playing
167074,1665995118,1665995118,i,0.0,0.0,Muscle injury - Unknown return date
167074,1667216228,1667216228,a,100.0,100.0,
167074,1668109477,1667671207,s,100.0,0.0,Suspended until 26 Dec
167074,1669176618,1669176618,a,0.0,100.0,
167199,1657988027,1657988027,a,,,
167199,1661766052,1661630406,d,,75.0,Thigh injury - 75% chance of playing
167199,1662109894,1662109894,i,25.0,0.0,Thigh injury - Expected back 18 Sep
167199,1662536127,1662536127,i,0.0,0.0,Thigh injury - Expected back 01 Oct
167199,1663775227,1663775227,a,75.0,100.0,
167199,1676634450,1676500210,d,100.0,75.0,Muscle injury - 75% chance of playing
167199,1677760822,1677760822,a,75.0,100.0,
167767,1657988027,1657988027,a,,,
167767,1662536127,1662115662,u,0.0,0.0,Transferred to Real Valladolid
168172,1657988027,1657988027,a,,,
168172,1661250559,1660639795,u,0.0,0.0,Transferred to Sydney FC
168281,1657988027,1657988027,a,,,
168281,1660639221,1660639221,a,25.0,100.0,
168281,1668109477,1668087008,d,100.0,75.0,Knock - 75% chance of playing
168281,1669176618,1669176618,a,75.0,100.0,
168281,1676634450,1676142009,i,100.0,0.0,Hamstring injury - Expected back 01 Apr
168281,1679914802,1679914802,d,0.0,50.0,Hamstring injury - 50% chance of playing
168281,1680813728,1680813728,d,50.0,50.0,Lack of match fitness - 50% chance of playing
168281,1681291216,1681291216,a,50.0,100.0,
168281,1682333791,1682184609,d,100.0,25.0,Shoulder injury - 25% chance of playing
168281,1682690190,1682690190,i,0.0,0.0,Shoulder injury - Expected back 01 Jul
168580,1657988027,1657988027,a,,,
168580,1673585957,1673537408,d,,75.0,Knock - 75% chance of playing
168580,1674195851,1674195851,d,75.0,50.0,Muscle injury - 50% chance of playing
168580,1674555185,1674555185,d,50.0,75.0,Muscle injury - 75% chance of playing
168580,1675962528,1675254557,u,0.0,0.0,Season-long loan to Real Betis
168765,1657988027,1657988027,a,,,
168765,1675962528,1675207026,u,0.0,0.0,Contract ended
168991,1657988027,1657988027,a,,,
168991,1672638138,1672515007,d,,75.0,Knock - 75% chance of playing
168991,1673585957,1673585957,a,75.0,100.0,
168991,1674555185,1674329407,d,100.0,75.0,Muscle injury - 75% chance of playing
168991,1675962528,1675962528,a,50.0,100.0,
168991,1685259116,1684605608,d,100.0,75.0,Back injury - 75% chance of playing
169187,1657988027,1657988027,a,,,
169187,1665555681,1665349207,i,,0.0,Ankle injury - Expected back 29 Oct
169187,1665995118,1665995118,a,0.0,100.0,
169359,1657988027,1657988027,a,,,
169359,1660639221,1660435206,d,,50.0,Hamstring injury - 50% chance of playing
169359,1661766052,1661766052,a,100.0,100.0,
169359,1672638138,1672515008,i,100.0,0.0,Heel Injury - Unknown return date
169359,1675962528,1675962528,i,0.0,0.0,Heel Injury - Expected back 18 Feb
169359,1676634450,1676634450,d,0.0,25.0,Lack of match fitness - 25% chance of playing
169359,1677262181,1677262181,a,25.0,100.0,
169528,1657988027,1657988027,a,,,
169528,1662536127,1662228007,d,,75.0,Ankle injury - 75% chance of playing
169528,1663775227,1663775227,d,50.0,50.0,Ankle injury - 50% chance of playing
169528,1664875640,1664875640,d,75.0,75.0,Ankle injury - 75% chance of playing
169528,1665555681,1665555681,a,75.0,100.0,
169528,1673585957,1673566208,s,100.0,0.0,Suspended until 23 Jan
169528,1674195851,1674195851,a,0.0,100.0,
169528,1676634450,1676565010,d,100.0,75.0,Illness - 75% chance of playing
169528,1677262181,1677262181,a,75.0,100.0,
169593,1657988027,1657988027,a,,,
169593,1659370276,1659025805,u,,0.0,Joined St Johnstone on loan - Expected back 01 Jul
170137,1657988027,1657988027,a,,,
170137,1662109894,1661853606,d,50.0,50.0,Hamstring injury - 50% chance of playing
170137,1664875640,1664875640,d,75.0,75.0,Lack of match fitness - 75% chance of playing
170137,1665555681,1665555681,a,75.0,100.0,
170137,1665995118,1665959407,d,100.0,25.0,Hamstring injury - 25% chance of playing
170137,1666688392,1666688392,i,0.0,0.0,Hamstring injury - Expected back 12 Nov
170137,1667216228,1667216228,a,75.0,100.0,
170137,1676634450,1676152810,d,100.0,75.0,Knock - 75% chance of playing
170137,1677262181,1677262181,a,100.0,100.0,
170137,1681291216,1680993008,d,100.0,25.0,Hamstring injury - 25% chance of playing
170137,1682014831,1682014831,i,0.0,0.0,Hamstring injury - Expected back 30 Apr
170137,1682690190,1682690190,i,25.0,0.0,Hamstring injury - Expected back 07 May
170137,1683287633,1683287633,d,0.0,75.0,Lack of match fitness - 75% chance of playing
170137,1683613947,1683613947,a,75.0,100.0,
171101,1657988027,1657988027,a,,,
171101,1660639221,1660312806,d,25.0,25.0,Muscle injury - 25% chance of playing
171101,1661250559,1661250559,a,100.0,100.0,
171101,1682014831,1681596008,d,100.0,75.0,Muscle injury - 75% chance of playing
171101,1682333791,1682333791,a,75.0,100.0,
171101,1683613947,1683405008,d,100.0,75.0,Shoulder injury - 75% chance of playing
171101,1685259116,1685259116,a,100.0,100.0,
171287,1657988027,1657988027,a,,,
171287,1677262181,1677027608,d,,50.0,Muscle injury - 50% chance of playing
171287,1678185619,1678185619,i,0.0,0.0,Muscle injury - Expected back 11 Mar
171287,1679046737,1679046737,i,0.0,0.0,Muscle injury - Expected back 01 Apr
171287,1679914802,1679914802,a,0.0,100.0,
171314,1657988027,1657988027,a,,,
171314,1672318255,1671791408,d,25.0,25.0,Hamstring injury - 25% chance of playing
171314,1674195851,1674195851,a,25.0,100.0,
171314,1685259116,1684971010,d,100.0,75.0,Knock - 75% chance of playing
171317,1657988027,1657988027,a,,,
171317,1664875640,1664650807,s,,0.0,Suspended until 15 Oct
171317,1665555681,1665555681,a,0.0,100.0,
171317,1680813728,1680370209,s,100.0,0.0,Suspended until 22 Apr
171317,1682014831,1682014831,a,0.0,100.0,
171771,1657988027,1657988027,a,,,
171771,1663775227,1663775227,a,0.0,100.0,
171771,1674195851,1673722808,n,100.0,0.0,Ineligible to face his parent club on 21/1. - Expected back 04 Feb
171771,1674555185,1674555185,a,0.0,100.0,
171771,1679914802,1679166009,d,100.0,75.0,Rib Injury - 75% chance of playing
171771,1680813728,1680813728,a,100.0,100.0,
171771,1682333791,1682173808,d,100.0,75.0,Head injury - 75% chance of playing
171771,1682690190,1682690190,a,75.0,100.0,
172632,1657988027,1657988027,a,,,
172649,1657988027,1657988027,a,,,
172649,1672318255,1672318255,a,0.0,100.0,
172649,1674195851,1673721008,i,100.0,0.0,Thigh injury - Expected back 18 Feb
172649,1676634450,1676634450,i,0.0,0.0,Thigh injury - Expected back 05 Mar
172649,1677760822,1677760822,i,0.0,0.0,Thigh injury - Expected back 11 Mar
172649,1678185619,1678185619,i,0.0,0.0,Thigh injury - Expected back 01 Apr
172649,1679914802,1679914802,i,0.0,0.0,Thigh injury - Unknown return date
172649,1680813728,1680813728,i,0.0,0.0,Thigh injury - Expected back 22 Apr
172649,1682014831,1682014831,d,0.0,50.0,Thigh injury - 50% chance of playing
172649,1682333791,1682333791,i,0.0,0.0,Thigh injury - Unknown return date
172649,1685259116,1685259116,i,0.0,0.0,Thigh injury - Expected back 01 Jul
172780,1657988027,1657988027,a,,,
172780,1661766052,1661432406,d,75.0,75.0,Muscle injury - 75% chance of playing
172780,1662109894,1662109894,a,75.0,100.0,
172780,1665995118,1665842407,s,100.0,0.0,Suspended until 23 Oct
172780,1666688392,1666688392,a,100.0,100.0,
172780,1672318255,1671809408,i,75.0,0.0,Knee injury - Unknown return date
172780,1673585957,1673585957,i,0.0,0.0,Knee injury - Expected back 04 Feb
172780,1674195851,1674195851,d,0.0,75.0,Lack of match fitness - 75% chance of playing
172780,1674555185,1674555185,a,75.0,100.0,
172780,1677262181,1677168009,d,100.0,75.0,Knee injury - 75% chance of playing
172780,1677760822,1677760822,d,75.0,75.0,Illness - 75% chance of playing
172780,1678185619,1678185619,a,75.0,100.0,
172780,1682333791,1682184608,d,100.0,75.0,Illness - 75% chance of playing
172780,1682690190,1682690190,a,75.0,100.0,
172841,1657988027,1657988027,a,,,
172850,1657988027,1657988027,a,,,
172850,1668109477,1667430008,i,0.0,0.0,Hamstring injury - Unknown return date
172850,1674555185,1674555185,d,0.0,50.0,Lack of match fitness - 50% chance of playing
172850,1675962528,1675962528,a,100.0,100.0,
172850,1676634450,1676505610,d,100.0,75.0,Knock - 75% chance of playing
172850,1677262181,1677262181,a,75.0,100.0,
172850,1683613947,1683392408,d,100.0,50.0,Hamstring injury - 50% chance of playing
172850,1685259116,1685259116,d,25.0,25.0,Hamstring injury - 25% chance of playing
173271,1662536127,1662536127,a,0.0,100.0,
173399,1657988027,1657988027,a,,,
173399,1659947328,1659619502,u,0.0,0.0,Season-long loan to FC Luzern
173515,1657988027,1657988027,a,,,
173515,1682690190,1682497808,i,,0.0,Groin Injury - Expected back 28 May
173515,1683287633,1683287633,i,0.0,0.0,Groin Injury - Expected back 22 May
173515,1685259116,1685259116,a,75.0,100.0,
173807,1657988027,1657988027,a,,,
173807,1659947328,1659632406,i,0.0,0.0,Muscle injury - Expected back 13 Aug
173807,1660639221,1660639221,a,50.0,100.0,
173807,1685259116,1684418409,d,25.0,25.0,Hamstring injury - 25% chance of playing
173821,1657988027,1657278004,u,,0.0,Joined QPR on loan - Expected back 01 Jul
173904,1657988027,1657988027,a,,,
173954,1657988027,1657988027,a,,,
174874,1657988027,1657988027,a,,,
174874,1664875640,1664649007,d,,75.0,Calf injury - 75% chance of playing
174874,1665555681,1665555681,a,75.0,100.0,
174874,1674195851,1673811008,i,100.0,0.0,Calf injury - Expected back 04 Feb
174874,1674555185,1674555185,d,0.0,50.0,Calf injury - 50% chance of playing
174874,1675962528,1675962528,i,0.0,0.0,Calf injury - Unknown return date
174874,1676634450,1676634450,d,0.0,50.0,Calf injury - 50% chance of playing
174874,1677262181,1677262181,a,75.0,100.0,
174874,1679914802,1679306408,d,100.0,75.0,Calf injury - 75% chance of playing
174874,1680813728,1680813728,a,75.0,100.0,
174932,1657988027,1657035004,s,,0.0,Suspended until 13 Aug
174932,1659947328,1659947328,i,0.0,0.0,Hamstring injury - Expected back 20 Aug
174932,1661250559,1661250559,i,0.0,0.0,Hamstring injury - Expected back 30 Aug
174932,1661766052,1661766052,i,0.0,0.0,Hamstring injury - Expected back 10 Sep
174932,1663194349,1663194349,a,100.0,100.0,
174932,1675962528,1675254475,u,0.0,0.0,Season-long loan to Olympiacos
175592,1657988027,1657988027,a,,,
175592,1659947328,1659699006,d,75.0,75.0,Illness - 75% chance of playing
175592,1660639221,1660639221,a,100.0,100.0,
175592,1661250559,1661243406,d,100.0,75.0,Knock - 75% chance of playing
175592,1661766052,1661766052,i,0.0,0.0,Muscle injury - Unknown return date
175592,1664875640,1664875640,i,0.0,0.0,Muscle injury - Expected back 29 Oct
175592,1666688392,1666688392,i,0.0,0.0,Muscle injury - Expected back 06 Nov
175592,1667216228,1667216228,i,0.0,0.0,Lack of match fitness - Expected back 06 Dec
175592,1668109477,1668109477,d,0.0,25.0,Lack of match fitness - 25% chance of playing
175592,1669176618,1669176618,a,25.0,100.0,
175592,1677760822,1677718808,d,100.0,75.0,Knock - 75% chance of playing
175592,1679046737,1679046737,a,75.0,100.0,
175592,1680813728,1680273009,i,0.0,0.0,Muscle injury - Expected back 28 May
175592,1682690190,1682690190,d,0.0,50.0,Lack of match fitness - 50% chance of playing
175592,1683287633,1683287633,d,50.0,25.0,Lack of match fitness - 25% chance of playing
175592,1683613947,1683613947,i,0.0,0.0,Lack of match fitness - Expected back 15 May
175592,1685259116,1685259116,i,0.0,0.0,Lack of match fitness - Expected back 01 Jul
176297,1657988027,1657988027,a,,,
176297,1663775227,1663279206,d,75.0,75.0,Muscle injury - 75% chance of playing
176297,1664875640,1664875640,a,75.0,100.0,
176297,1679914802,1679335208,d,100.0,75.0,Knock - 75% chance of playing
176297,1680813728,1680813728,a,75.0,100.0,
176297,1681291216,1680969608,d,100.0,50.0,Groin Injury - 50% chance of playing
176297,1682014831,1682014831,a,0.0,100.0,
176413,1657988027,1657988027,a,,,
176413,1661250559,1661250559,a,75.0,100.0,
176413,1673585957,1673227807,i,100.0,0.0,Knee injury - Expected back 04 Mar
176413,1677262181,1677262181,i,0.0,0.0,Knee injury - Expected back 11 Mar
176413,1678185619,1678185619,a,0.0,100.0,
177815,1657988027,1657988027,a,,,
177815,1659947328,1659544206,i,0.0,0.0,Knee injury - Expected back 17 Sep
177815,1661766052,1661766052,i,0.0,0.0,Knee injury - Expected back 11 Sep
177815,1662536127,1662536127,d,0.0,50.0,Knee injury - 50% chance of playing
177815,1663775227,1663775227,d,75.0,75.0,Lack of match fitness - 75% chance of playing
177815,1664875640,1664875640,d,50.0,50.0,Lack of match fitness - 50% chance of playing
177815,1665555681,1665555681,a,75.0,100.0,
177815,1668109477,1667685608,d,100.0,25.0,Hamstring injury - 25% chance of playing
177815,1669176618,1669176618,d,0.0,75.0,Knee injury - 75% chance of playing
177815,1672318255,1672318255,d,50.0,50.0,Lack of match fitness - 50% chance of playing
177815,1672638138,1672638138,a,100.0,100.0,
177815,1675962528,1675549808,d,100.0,75.0,Hamstring injury - 75% chance of playing
177815,1676634450,1676634450,i,50.0,0.0,Hamstring injury - Unknown return date
177815,1677262181,1677262181,d,0.0,25.0,Hamstring injury - 25% chance of playing
177815,1678185619,1678185619,d,50.0,50.0,Hamstring injury - 50% chance of playing
177815,1679046737,1679046737,d,75.0,75.0,Lack of match fitness - 75% chance of playing
177815,1679914802,1679914802,d,25.0,25.0,Lack of match fitness - 25% chance of playing
177815,1682014831,1682014831,d,75.0,75.0,Lack of match fitness - 75% chance of playing
177815,1682333791,1682333791,a,75.0,100.0,
177815,1685259116,1684094409,i,75.0,0.0,Hamstring injury - Expected back 01 Jul
178173,1659947328,1659947328,a,,,
178173,1661766052,1661498616,u,0.0,0.0,Transferred to Middlesbrough
178186,1657988027,1657988027,a,,,
178186,1667216228,1667216228,a,75.0,100.0,
178301,1657988027,1657988027,a,,,
178301,1663775227,1663775227,a,75.0,100.0,
178301,1674195851,1673683208,d,100.0,75.0,Ankle injury - 75% chance of playing
178301,1674555185,1674555185,a,75.0,100.0,
179018,1657988027,1657988027,a,,,
179018,1676634450,1676152810,d,,75.0,Wrist Injury - 75% chance of playing
179018,1677262181,1677262181,a,100.0,100.0,
179018,1679914802,1679072408,i,25.0,0.0,Thigh injury - Expected back 30 Apr
179018,1682014831,1682014831,a,75.0,100.0,
179268,1657988027,1657988027,a,,,
179268,1664875640,1664546407,d,25.0,75.0,Illness - 75% chance of playing
179268,1665555681,1665555681,a,100.0,100.0,
179268,1682690190,1682553609,i,100.0,0.0,Thigh injury - Unknown return date
179268,1683287633,1683287633,i,0.0,0.0,Thigh injury - Expected back 13 May
179268,1685259116,1685259116,d,25.0,25.0,Thigh injury - 25% chance of playing
179519,1659370276,1659370276,a,,,
179519,1661766052,1661713207,d,,75.0,Knock - 75% chance of playing
179519,1662109894,1662109894,i,0.0,0.0,Hamstring injury - Expected back 12 Sep
179519,1663194349,1663194349,d,0.0,50.0,Hamstring injury - 50% chance of playing
179519,1664875640,1664875640,a,25.0,100.0,
179519,1668109477,1668033010,s,100.0,0.0,Suspended until 27 Dec
179519,1669176618,1669176618,a,0.0,100.0,
180135,1657988027,1657988027,a,,,
180135,1683287633,1682886608,d,,75.0,Foot injury - 75% chance of playing
180135,1683613947,1683613947,d,75.0,50.0,Foot injury - 50% chance of playing
180135,1685259116,1685259116,a,25.0,100.0,
180151,1657988027,1657988027,a,,,
180151,1660639221,1660314341,u,0.0,0.0,Season-long loan to Torino
180184,1657988027,1657988027,a,,,
180184,1662536127,1662327007,d,,75.0,Knock - 75% chance of playing
180184,1664875640,1664875640,a,100.0,100.0,
180184,1665555681,1664969407,i,0.0,0.0,Muscle injury - Expected back 22 Oct
180184,1666688392,1666688392,i,0.0,0.0,Muscle injury - Unknown return date
180184,1667216228,1667216228,a,100.0,100.0,
180184,1673585957,1672792209,d,100.0,25.0,Knee injury - 25% chance of playing
180184,1674195851,1674195851,i,0.0,0.0,Knee injury - Expected back 01 Jul
180736,1657988027,1657988027,a,,,
180736,1662109894,1661934607,d,,75.0,Knock - 75% chance of playing
180736,1662536127,1662536127,a,100.0,100.0,
180974,1657988027,1657988027,a,,,
180974,1666688392,1666688392,a,25.0,100.0,
180974,1667216228,1667062807,s,100.0,0.0,Suspended until 12 Nov
180974,1668109477,1668109477,a,0.0,100.0,
180974,1678185619,1677945608,s,100.0,0.0,Suspended until 02 Apr
180974,1679914802,1679914802,a,0.0,100.0,
180974,1685259116,1684450811,i,75.0,0.0,Muscle injury - Expected back 01 Jul
181284,1660639221,1660639221,a,,,
181284,1674555185,1674220067,u,0.0,0.0,Season-long loan to Benfica
183656,1657988027,1657988027,a,,,
184029,1657988027,1657988027,a,,,
184029,1662109894,1661985006,d,,75.0,Knock - 75% chance of playing
184029,1662536127,1662536127,a,75.0,100.0,
184029,1663775227,1663531206,d,100.0,75.0,Calf injury - 75% chance of playing
184029,1664875640,1664875640,a,100.0,100.0,
184193,1672318255,1672318255,a,,,
184193,1675962528,1675416758,u,0.0,0.0,Season-long loan to Huddersfield Town
184341,1657988027,1657988027,a,,,
184341,1678185619,1677855609,i,0.0,0.0,Abdominal injury - Expected back 11 Mar
184341,1679046737,1679046737,d,25.0,25.0,Abdominal injury - 25% chance of playing
184341,1679914802,1679914802,d,0.0,50.0,Abdominal injury - 50% chance of playing
184341,1680813728,1680813728,a,100.0,100.0,
184341,1682690190,1682429408,i,0.0,0.0,Pelvic - Expected back 28 May
184341,1685259116,1685259116,d,25.0,50.0,Pelvic - 50% chance of playing
184349,1657988027,1657988027,a,,,
184349,1669176618,1668180608,d,0.0,75.0,Muscle injury - 75% chance of playing
184349,1672318255,1672318255,a,100.0,100.0,
184349,1676634450,1676282409,d,100.0,25.0,Hamstring injury - 25% chance of playing
184349,1677262181,1677262181,i,0.0,0.0,Hamstring injury - Expected back 01 Apr
184349,1679914802,1679914802,d,0.0,50.0,Hamstring injury - 50% chance of playing
184349,1680813728,1680813728,i,0.0,0.0,Hamstring injury - Unknown return date
184349,1683613947,1683613947,i,0.0,0.0,Hamstring injury - Expected back 01 Jul
184386,1675962528,1675962528,a,,,
184667,1657988027,1657988027,a,,,
184667,1660639221,1660307406,i,0.0,0.0,Thigh injury - Unknown return date
184667,1662109894,1662109894,a,0.0,100.0,
184667,1667216228,1667161807,d,100.0,75.0,Illness - 75% chance of playing
184667,1668109477,1668109477,a,100.0,100.0,
184704,1657988027,1657988027,a,,,
184704,1675962528,1675206905,u,0.0,0.0,Season-long loan to Luton
184754,1657988027,1657988027,a,,,
184754,1664875640,1664560807,i,0.0,0.0,Muscle injury - Unknown return date
184754,1665555681,1665555681,a,75.0,100.0,
184754,1675962528,1675549808,d,100.0,25.0,Hamstring injury - 25% chance of playing
184754,1676634450,1676634450,i,0.0,0.0,Hamstring injury - Expected back 12 Mar
184754,1677262181,1677262181,i,0.0,0.0,Hamstring injury - Expected back 04 Mar
184754,1677760822,1677760822,d,0.0,50.0,Hamstring injury - 50% chance of playing
184754,1678185619,1678185619,i,0.0,0.0,Hamstring injury - Expected back 12 Mar
184754,1679046737,1679046737,a,75.0,100.0,
184754,1679914802,1679063407,i,0.0,0.0,Muscle injury - Unknown return date
184754,1680813728,1680813728,a,0.0,100.0,
185253,1672638138,1672638138,a,,,
185253,1680813728,1680813728,a,50.0,100.0,
185253,1681291216,1680993009,d,100.0,75.0,Knee injury - 75% chance of playing
185253,1682014831,1682014831,d,25.0,25.0,Knee injury - 25% chance of playing
185253,1683613947,1683613947,d,50.0,50.0,Calf injury - 50% chance of playing
185253,1685259116,1685259116,d,25.0,25.0,Calf injury - 25% chance of playing
191866,1657988027,1657409404,i,,0.0,Hamstring injury - Unknown return date
191866,1659370276,1659370276,i,,0.0,Hamstring injury - Expected back 27 Aug
191866,1661250559,1661250559,i,0.0,0.0,Hamstring injury - Expected back 30 Aug
191866,1661766052,1661766052,d,25.0,75.0,Lack of match fitness - 75% chance of playing
191866,1662109894,1662109894,d,50.0,50.0,Lack of match fitness - 50% chance of playing
191866,1662536127,1662536127,a,75.0,100.0,
191866,1669176618,1668189608,i,0.0,0.0,Knee injury - Unknown return date
191866,1672318255,1672318255,i,0.0,0.0,Knee injury - Expected back 02 Jan
191866,1672638138,1672638138,i,0.0,0.0,Lack of match fitness - Expected back 14 Jan
191866,1673585957,1673585957,a,0.0,100.0,
191866,1679914802,1678980609,i,0.0,0.0,Calf injury - Unknown return date
191866,1682333791,1682333791,i,0.0,0.0,Calf injury - Expected back 29 Apr
191866,1682690190,1682690190,d,0.0,25.0,Lack of match fitness - 25% chance of playing
191866,1683287633,1683287633,a,25.0,100.0,
192895,1657988027,1657988027,a,,,
192895,1659947328,1659947328,a,75.0,100.0,
193204,1657988027,1657988027,a,,,
193488,1657988027,1657988027,a,,,
193488,1662109894,1662022343,u,,0.0,Transferred to PSV Eindhoven
193645,1657988027,1657988027,a,,,
193645,1672318255,1672318255,a,100.0,100.0,
193645,1674195851,1674084608,d,100.0,75.0,Knock - 75% chance of playing
193645,1674555185,1674555185,s,75.0,0.0,Suspended until 08 Feb
193645,1675962528,1675962528,a,0.0,100.0,
194010,1657988027,1657988027,a,,,
194010,1674195851,1673722808,d,,75.0,Calf injury - 75% chance of playing
194010,1674555185,1674555185,a,75.0,100.0,
194164,1657988027,1657988027,a,,,
194164,1661766052,1661630407,d,,25.0,Knee injury - 25% chance of playing
194164,1662109894,1662109894,i,0.0,0.0,Knee injury - Expected back 01 Oct
194164,1663775227,1663775227,i,0.0,0.0,Knee injury - Unknown return date
194164,1665555681,1665555681,d,0.0,50.0,Lack of match fitness - 50% chance of playing
194164,1665995118,1665995118,i,0.0,0.0,Lack of match fitness - Expected back 22 Oct
194164,1666688392,1666688392,a,100.0,100.0,
194164,1682333791,1682184608,s,100.0,0.0,Suspended until 01 May
194164,1682690190,1682690190,a,0.0,100.0,
194190,1675962528,1675962528,a,75.0,100.0,
194252,1657988027,1657278004,u,,0.0,Transferred to Ajax
194634,1657988027,1657902605,d,,50.0,Hamstring injury - 50% chance of playing
194634,1659947328,1659947328,i,0.0,0.0,Hamstring injury - Expected back 27 Aug
194634,1661250559,1661250559,i,0.0,0.0,Hamstring injury - Expected back 31 Aug
194634,1661766052,1661766052,i,0.0,0.0,Hamstring injury - Expected back 03 Sep
194634,1662109894,1662109894,d,0.0,50.0,Hamstring injury - 50% chance of playing
194634,1662536127,1662536127,a,75.0,100.0,
194634,1665995118,1665959407,d,100.0,25.0,Hamstring injury - 25% chance of playing
194634,1666688392,1666688392,i,0.0,0.0,Hamstring injury - Expected back 26 Dec
194634,1669176618,1669176618,d,0.0,75.0,Hamstring injury - 75% chance of playing
194634,1672318255,1672318255,i,0.0,0.0,Hamstring injury - Unknown return date
194634,1674195851,1674195851,i,0.0,0.0,Calf injury - Expected back 25 Feb
194634,1675962528,1675962528,i,0.0,0.0,Calf injury - Expected back 18 Feb
194634,1676634450,1676634450,a,75.0,100.0,
194634,1682690190,1682674208,d,100.0,75.0,Knock - 75% chance of playing
194634,1683287633,1683287633,a,75.0,100.0,
194799,1657988027,1657988027,a,,,
194799,1659947328,1659699006,d,25.0,25.0,Groin Injury - 25% chance of playing
194799,1661250559,1661250559,d,25.0,75.0,Lack of match fitness - 75% chance of playing
194799,1661766052,1661766052,a,100.0,100.0,
195546,1657988027,1657988027,a,,,
195735,1657988027,1657988027,a,,,
195735,1661766052,1661498670,u,0.0,0.0,Season-long loan to Nice
195851,1657988027,1657988027,a,,,
195851,1665555681,1665349207,s,,0.0,Suspended until 19 Oct
195851,1665995118,1665995118,a,0.0,100.0,
195851,1672638138,1672410608,d,75.0,75.0,Illness - 75% chance of playing
195851,1673585957,1673585957,a,75.0,100.0,
195851,1675962528,1675186209,d,25.0,25.0,Knock - 25% chance of playing
195851,1677262181,1677262181,a,50.0,100.0,
195851,1682014831,1681380009,d,75.0,25.0,Knock - 25% chance of playing
195851,1683287633,1683287633,i,25.0,0.0,Knock - Expected back 20 May
195851,1685259116,1685259116,a,75.0,100.0,
195899,1659370276,1659370276,a,,,
195899,1659947328,1659706207,d,25.0,25.0,Lack of match fitness - 25% chance of playing
195899,1660639221,1660639221,a,100.0,100.0,
195899,1662109894,1661986807,d,100.0,75.0,Illness - 75% chance of playing
195899,1663194349,1663194349,a,100.0,100.0,
195899,1672318255,1671498008,d,50.0,50.0,Ankle injury - 50% chance of playing
195899,1672638138,1672638138,a,75.0,100.0,
195899,1673585957,1673136009,d,100.0,75.0,Knee injury - 75% chance of playing
195899,1674195851,1674195851,a,75.0,100.0,
195899,1674555185,1674225009,i,0.0,0.0,Knee injury - Unknown return date
195899,1677262181,1677262181,a,75.0,100.0,
195899,1680813728,1680273010,i,75.0,0.0,Knee injury - Expected back 23 Apr
195899,1682014831,1682014831,i,0.0,0.0,Knee injury - Unknown return date
197365,1657988027,1657988027,a,,,
197365,1661766052,1661441406,u,0.0,0.0,Joined Marseille on loan - Expected back 01 Jul
197464,1657988027,1657988027,a,,,
197469,1657988027,1657988027,a,,,
197469,1660639221,1660207686,u,0.0,0.0,Season-long loan to Watford
198826,1657988027,1657988027,a,,,
198826,1659947328,1659835806,i,,0.0,Leg injury - Unknown return date
198826,1660639221,1660639221,i,0.0,0.0,Leg injury - Expected back 12 Nov
198826,1665995118,1665995118,i,0.0,0.0,Leg injury - Expected back 26 Dec
198826,1668109477,1668109477,d,25.0,25.0,Lack of match fitness - 25% chance of playing
198826,1669176618,1669176618,a,25.0,100.0,
198826,1674555185,1674383408,d,100.0,75.0,Knee injury - 75% chance of playing
198826,1675962528,1675962528,a,50.0,100.0,
198826,1683287633,1682978408,i,100.0,0.0,Groin Injury - Unknown return date
198842,1659947328,1659947328,a,,,
198842,1675962528,1674556077,u,0.0,0.0,Transferred to Colorado Rapids
198849,1657988027,1657988027,a,,,
198849,1660639221,1660127527,u,0.0,0.0,Transferred to Galatasaray
198869,1657988027,1657988027,a,,,
199170,1657988027,1657988027,a,,,
199170,1660639221,1660519807,d,,75.0,Knock - 75% chance of playing
199170,1661250559,1661250559,i,50.0,0.0,Muscle injury - Unknown return date
199170,1664875640,1664875640,d,25.0,25.0,Muscle injury - 25% chance of playing
199170,1665995118,1665995118,i,0.0,0.0,Muscle injury - Expected back 12 Nov
199170,1668109477,1668109477,i,0.0,0.0,Muscle injury - Unknown return date
199170,1674195851,1674195851,i,0.0,0.0,Muscle injury - Expected back 05 Feb
199170,1674555185,1674555185,d,0.0,50.0,Muscle injury - 50% chance of playing
199170,1675962528,1675962528,d,25.0,25.0,Muscle injury - 25% chance of playing
199170,1676634450,1676634450,i,0.0,0.0,Muscle injury - Expected back 05 Feb
199170,1677262181,1677262181,i,0.0,0.0,Muscle injury - Expected back 05 Mar
199170,1677760822,1677760822,i,0.0,0.0,Muscle injury - Expected back 11 Mar
199170,1678185619,1678185619,d,25.0,25.0,Lack of match fitness - 25% chance of playing
199170,1679046737,1679046737,a,75.0,100.0,
199170,1681291216,1680993009,d,100.0,75.0,Hamstring injury - 75% chance of playing
199170,1682014831,1682014831,a,25.0,100.0,
199170,1682690190,1682553609,d,100.0,50.0,Hamstring injury - 50% chance of playing
199170,1683287633,1683287633,a,50.0,100.0,
199249,1657988027,1657988027,a,,,
199249,1662109894,1661930468,u,,0.0,Season-long loan to Atletico Madrid
199584,1657988027,1657988027,a,,,
199584,1685259116,1685259116,a,50.0,100.0,
199598,1657988027,1657988027,a,,,
199598,1662536127,1662115725,u,0.0,0.0,Season-long loan to Spezia
199670,1657988027,1657988027,a,,,
199670,1667216228,1667071807,d,,75.0,Knock - 75% chance of playing
199670,1669176618,1669176618,a,75.0,100.0,
199670,1681291216,1681081209,d,100.0,75.0,Knock - 75% chance of playing
199670,1682014831,1682014831,a,100.0,100.0,
199796,1657988027,1657988027,a,,,
199796,1660639221,1660404606,d,,75.0,Muscle injury - 75% chance of playing
199796,1661250559,1661250559,a,75.0,100.0,
199796,1662536127,1662343206,d,100.0,75.0,Hamstring injury - 75% chance of playing
199796,1663775227,1663775227,d,25.0,25.0,Hamstring injury - 25% chance of playing
199796,1665555681,1665555681,a,100.0,100.0,
199796,1673585957,1673227807,d,100.0,50.0,Groin Injury - 50% chance of playing
199796,1674195851,1674195851,d,50.0,75.0,Groin Injury - 75% chance of playing
199796,1674555185,1674555185,a,75.0,100.0,
199796,1680813728,1679781608,i,0.0,0.0,Calf injury - Expected back 22 Apr
199796,1682014831,1682014831,d,0.0,50.0,Calf injury - 50% chance of playing
199796,1682333791,1682333791,i,0.0,0.0,Calf injury - Expected back 30 Apr
199796,1683287633,1683287633,i,0.0,0.0,Calf injury - Expected back 06 May
199796,1683613947,1683613947,d,75.0,75.0,Lack of match fitness - 75% chance of playing
199796,1685259116,1685259116,a,100.0,100.0,
199798,1657988027,1657035004,i,,0.0,Knee injury - Expected back 04 Sep
199798,1659370276,1659370276,a,,100.0,
200089,1657988027,1657988027,a,,,
200089,1676634450,1676152810,d,,50.0,Hamstring injury - 50% chance of playing
200089,1677262181,1677262181,d,50.0,75.0,Hamstring injury - 75% chance of playing
200089,1677760822,1677760822,a,75.0,100.0,
200089,1685259116,1684450811,i,25.0,0.0,Hamstring injury - Expected back 01 Jul
200402,1657988027,1657035004,d,,50.0,Hamstring injury - 50% chance of playing
200402,1659947328,1659947328,d,25.0,25.0,Lack of match fitness - 25% chance of playing
200402,1660639221,1660639221,a,75.0,100.0,
200402,1679914802,1679166009,d,100.0,75.0,Knee injury - 75% chance of playing
200402,1680813728,1680813728,a,100.0,100.0,
200402,1683287633,1682800208,d,100.0,75.0,Knee injury - 75% chance of playing
200402,1683613947,1683613947,a,75.0,100.0,
200428,1657988027,1657988027,a,,,
200428,1662536127,1662115486,u,0.0,0.0,Season-long loan to Troyes
200439,1657988027,1657988027,a,,,
200439,1677262181,1676640609,i,75.0,0.0,Knock - Unknown return date
200439,1678185619,1678185619,a,0.0,100.0,
200439,1680813728,1679868009,i,75.0,0.0,Calf injury - Unknown return date
200439,1682014831,1682014831,i,0.0,0.0,Calf injury - Expected back 30 Apr
200439,1682690190,1682690190,a,25.0,100.0,
200439,1685259116,1683905408,i,25.0,0.0,Calf injury - Expected back 07 Jan
200600,1657988027,1657988027,a,,,
200600,1673585957,1673585957,a,,100.0,
200600,1676634450,1676143809,d,100.0,75.0,Groin Injury - 75% chance of playing
200600,1677262181,1677262181,a,75.0,100.0,
200617,1657988027,1657035004,s,,0.0,Suspended until 13 Aug
200617,1659947328,1659947328,a,0.0,100.0,
200617,1682014831,1681599608,n,100.0,0.0,Ineligible to face his parent club on 22/4. - Expected back 25 Apr
200617,1682333791,1682333791,a,0.0,100.0,
200617,1685259116,1683817208,d,75.0,75.0,Lack of match fitness - 75% chance of playing
200641,1657988027,1657988027,a,,,
200641,1660639221,1660312806,i,0.0,0.0,Muscle injury - Unknown return date
200641,1664875640,1664875640,a,75.0,100.0,
200641,1672318255,1671723007,i,0.0,0.0,Muscle injury - Expected back 04 Feb
200641,1674555185,1674555185,i,0.0,0.0,Muscle injury - Unknown return date
200641,1675962528,1675962528,d,50.0,50.0,Lack of match fitness - 50% chance of playing
200641,1676634450,1676634450,a,25.0,100.0,
200641,1685259116,1684711809,d,100.0,75.0,Illness - 75% chance of playing
200720,1657988027,1657988027,a,,,
200720,1659370276,1659133805,i,,0.0,Muscle injury - Expected back 22 Aug
200720,1661250559,1661250559,i,0.0,0.0,Muscle injury - Expected back 31 Aug
200720,1661766052,1661766052,i,0.0,0.0,Muscle injury - Expected back 03 Sep
200720,1662109894,1662109894,d,25.0,25.0,Lack of match fitness - 25% chance of playing
200720,1662536127,1662536127,d,50.0,50.0,Lack of match fitness - 50% chance of playing
200720,1664875640,1664875640,d,25.0,75.0,Lack of match fitness - 75% chance of playing
200720,1665555681,1665555681,a,100.0,100.0,
200785,1657988027,1657988027,a,,,
200785,1666688392,1666566007,d,,75.0,Muscle injury - 75% chance of playing
200785,1667216228,1667216228,a,75.0,100.0,
200785,1669176618,1668276008,s,100.0,0.0,Suspended until 31 Dec
200785,1672318255,1672318255,a,0.0,100.0,
200785,1679046737,1678926609,i,100.0,0.0,Hamstring injury - Unknown return date
200785,1685259116,1685259116,i,0.0,0.0,Hamstring injury - Expected back 01 Jul
201057,1661250559,1661250559,a,,,
201057,1665995118,1665995118,a,75.0,100.0,
201057,1675962528,1675553409,d,100.0,75.0,Knock - 75% chance of playing
201057,1676634450,1676634450,a,50.0,100.0,
201057,1678185619,1677972608,d,100.0,75.0,Illness - 75% chance of playing
201057,1679046737,1679046737,a,100.0,100.0,
201658,1659370276,1659370276,a,,,
201658,1672318255,1671582609,d,50.0,50.0,Knock - 50% chance of playing
201658,1672638138,1672638138,d,50.0,50.0,Hamstring injury - 50% chance of playing
201658,1673585957,1673585957,d,50.0,25.0,Hamstring injury - 25% chance of playing
201658,1674555185,1674555185,d,0.0,50.0,Hamstring injury - 50% chance of playing
201658,1676634450,1676634450,a,50.0,100.0,
201658,1677262181,1676755808,i,100.0,0.0,Hamstring injury - Unknown return date
201658,1678185619,1678185619,i,0.0,0.0,Hamstring injury - Expected back 18 Mar
201658,1679046737,1679046737,d,0.0,50.0,Hamstring injury - 50% chance of playing
201658,1680813728,1680813728,a,100.0,100.0,
201658,1682690190,1682638209,d,100.0,75.0,Hamstring injury - 75% chance of playing
201658,1683287633,1683287633,d,75.0,50.0,Hamstring injury - 50% chance of playing
201658,1683613947,1683613947,i,0.0,0.0,Hamstring injury - Expected back 01 Jul
201666,1657988027,1657988027,a,,,
201666,1659947328,1659706207,i,0.0,0.0,Knee injury - Expected back 27 Aug
201666,1660639221,1660639221,i,0.0,0.0,Knee injury - Unknown return date
201666,1661250559,1661250559,a,100.0,100.0,
201666,1678185619,1677965409,d,100.0,75.0,Ankle injury - 75% chance of playing
201666,1679046737,1679046737,a,75.0,100.0,
201666,1681291216,1680993008,d,100.0,75.0,Hamstring injury - 75% chance of playing
201666,1682014831,1682014831,d,0.0,25.0,Hamstring injury - 25% chance of playing
201666,1682333791,1682333791,d,25.0,75.0,Hamstring injury - 75% chance of playing
201666,1682690190,1682690190,a,75.0,100.0,
202993,1657988027,1657988027,a,,,
202993,1662109894,1661986807,d,,50.0,Head injury - 50% chance of playing
202993,1662536127,1662536127,a,100.0,100.0,
202993,1669176618,1668276008,s,100.0,0.0,Suspended until 01 Jan
202993,1672318255,1672318255,a,0.0,100.0,
202993,1672638138,1672410608,i,0.0,0.0,Groin Injury - Unknown return date
202993,1673585957,1673585957,d,0.0,50.0,Groin Injury - 50% chance of playing
202993,1674195851,1674195851,a,50.0,100.0,
202993,1676634450,1676142009,i,100.0,0.0,Knee injury - Expected back 13 Aug
203341,1657988027,1657988027,a,,,
203341,1664875640,1664875640,a,75.0,100.0,
203341,1665555681,1665555681,i,0.0,0.0,Hamstring injury - Expected back 29 Oct
203341,1666688392,1666688392,d,0.0,75.0,Hamstring injury - 75% chance of playing
203341,1667216228,1667216228,a,100.0,100.0,
203341,1674555185,1674327607,d,100.0,75.0,Muscle injury - 75% chance of playing
203341,1675962528,1675962528,d,0.0,75.0,Personal Reasons - 75% chance of playing
203341,1676634450,1676634450,a,100.0,100.0,
203341,1685259116,1684792811,d,100.0,50.0,Hamstring injury - 50% chance of playing
203368,1657988027,1657988027,a,,,
203368,1674195851,1674037833,u,,0.0,Transferred to RC Strasbourg
203389,1657988027,1657988027,a,,,
203389,1659370276,1659025805,i,,0.0,Knee injury - Unknown return date
203389,1659947328,1659947328,i,0.0,0.0,Knee injury - Expected back 13 Aug
203389,1660639221,1660314295,u,0.0,0.0,Season-long loan to Burnley
204043,1662536127,1662536127,a,25.0,100.0,
204043,1665555681,1665140407,i,0.0,0.0,Muscle injury - Unknown return date
204043,1667216228,1667216228,i,0.0,0.0,Muscle injury - Expected back 04 Feb
204043,1674555185,1674555185,d,0.0,50.0,Muscle injury - 50% chance of playing
204043,1675962528,1675962528,i,0.0,0.0,Muscle injury - Expected back 18 Feb
204043,1676634450,1676634450,d,50.0,50.0,Lack of match fitness - 50% chance of playing
204043,1677262181,1677262181,d,75.0,75.0,Lack of match fitness - 75% chance of playing
204043,1679046737,1679046737,a,75.0,100.0,
204214,1661250559,1661250559,a,,,
204214,1677760822,1677517209,d,,75.0,Muscle injury - 75% chance of playing
204214,1678185619,1678185619,a,100.0,100.0,
204480,1657988027,1657988027,a,,,
204480,1683287633,1683154809,d,,75.0,Illness - 75% chance of playing
204480,1683613947,1683613947,a,75.0,100.0,
204580,1657988027,1657988027,a,,,
204580,1668109477,1667980807,d,,75.0,Muscle injury - 75% chance of playing
204580,1669176618,1669176618,a,100.0,100.0,
204580,1679046737,1678919408,d,100.0,75.0,Knee injury - 75% chance of playing
204580,1679914802,1679914802,i,0.0,0.0,Knee injury - Unknown return date
204580,1680813728,1680813728,d,0.0,75.0,Lack of match fitness - 75% chance of playing
204580,1681291216,1681291216,a,75.0,100.0,
204716,1657988027,1657988027,a,,,
204716,1659370276,1659312005,d,,75.0,Knock - 75% chance of playing
204716,1659947328,1659947328,i,0.0,0.0,Knock - Unknown return date
204716,1662536127,1662536127,i,0.0,0.0,Knee injury - Expected back 01 Oct
204716,1663775227,1663775227,d,0.0,50.0,Knee injury - 50% chance of playing
204716,1664875640,1664875640,d,50.0,50.0,Lack of match fitness - 50% chance of playing
204716,1665555681,1665555681,a,100.0,100.0,
204716,1665995118,1665959407,d,100.0,75.0,Muscle injury - 75% chance of playing
204716,1667216228,1667216228,a,100.0,100.0,
204716,1672318255,1671805808,i,0.0,0.0,Personal Reasons - Expected back 30 Dec
204716,1672638138,1672638138,a,100.0,100.0,
204716,1675962528,1675206008,i,0.0,0.0,Hamstring injury - Unknown return date
204716,1677262181,1677262181,d,0.0,50.0,Lack of match fitness - 50% chance of playing
204716,1677760822,1677760822,a,50.0,100.0,
204716,1685259116,1685095211,d,100.0,75.0,Illness - 75% chance of playing
204727,1657988027,1657988027,a,,,
204727,1660639221,1660313939,u,0.0,0.0,Season-long loan to Monaco
204822,1657988027,1657988027,a,,,
204822,1659370276,1658356204,i,,0.0,Leg injury - Expected back 01 Oct
204822,1663775227,1663775227,d,0.0,50.0,Leg injury - 50% chance of playing
204822,1664875640,1664875640,i,0.0,0.0,Leg injury - Expected back 22 Oct
204822,1665995118,1665995118,i,0.0,0.0,Leg injury - Expected back 30 Oct
204822,1666688392,1666688392,i,0.0,0.0,Leg injury - Unknown return date
204822,1668109477,1668109477,i,0.0,0.0,Leg injury - Expected back 27 Dec
204822,1669176618,1669176618,d,0.0,75.0,Leg injury - 75% chance of playing
204822,1672318255,1672318255,i,0.0,0.0,Leg injury - Unknown return date
204822,1674195851,1674195851,i,0.0,0.0,Leg injury - Expected back 05 Feb
204822,1674555185,1674555185,d,0.0,50.0,Leg injury - 50% chance of playing
204822,1675962528,1675962528,d,25.0,25.0,Leg injury - 25% chance of playing
204822,1676634450,1676634450,i,0.0,0.0,Leg injury - Expected back 01 Jul
204968,1657988027,1657711805,d,,25.0,Knee injury - 25% chance of playing
204968,1659370276,1659370276,a,,100.0,
204968,1659947328,1659634206,i,0.0,0.0,Knock - Expected back 14 Aug
204968,1660639221,1660639221,i,0.0,0.0,Knock - Expected back 20 Aug
204968,1661250559,1661250559,a,75.0,100.0,
204968,1675962528,1675297810,i,0.0,0.0,Illness - Expected back 18 Feb
204968,1676634450,1676634450,i,0.0,0.0,Lack of match fitness - Expected back 25 Feb
204968,1677262181,1677262181,d,0.0,75.0,Lack of match fitness - 75% chance of playing
204968,1678185619,1678185619,a,75.0,100.0,
204968,1679914802,1679099409,d,100.0,75.0,Shoulder injury - 75% chance of playing
204968,1680813728,1680813728,d,50.0,50.0,Shoulder injury - 50% chance of playing
204968,1682014831,1682014831,d,25.0,25.0,Shoulder injury - 25% chance of playing
204968,1683287633,1683287633,a,25.0,100.0,
205533,1657988027,1657988027,a,,,
205533,1677760822,1677715208,d,,75.0,Knock - 75% chance of playing
205533,1679046737,1679046737,i,75.0,0.0,Ankle injury - Expected back 01 Apr
205533,1679914802,1679914802,d,0.0,50.0,Ankle injury - 50% chance of playing
205533,1680813728,1680813728,d,25.0,25.0,Ankle injury - 25% chance of playing
205533,1682014831,1682014831,a,100.0,100.0,
205651,1657988027,1657988027,a,,,
205651,1672318255,1670142606,i,0.0,0.0,Knee injury - Expected back 04 Feb
205651,1674195851,1674195851,i,0.0,0.0,Knee injury - Unknown return date
205651,1675962528,1675962528,i,0.0,0.0,Knee injury - Expected back 25 Feb
205651,1677262181,1677262181,d,0.0,25.0,Knee injury - 25% chance of playing
205651,1679046737,1679046737,a,50.0,100.0,
205836,1657988027,1657988027,a,,,
206325,1657988027,1657988027,a,,,
206325,1661766052,1661630407,d,,75.0,Knee injury - 75% chance of playing
206325,1662109894,1662109894,d,50.0,50.0,Knee injury - 50% chance of playing
206325,1662536127,1662536127,a,50.0,100.0,
206325,1663775227,1663333207,d,50.0,50.0,Calf injury - 50% chance of playing
206325,1664875640,1664875640,a,75.0,100.0,
206325,1665555681,1665349207,d,100.0,75.0,Calf injury - 75% chance of playing
206325,1666688392,1666688392,d,50.0,50.0,Calf injury - 50% chance of playing
206325,1668109477,1668109477,a,100.0,100.0,
206325,1682014831,1681675209,d,100.0,50.0,Groin Injury - 50% chance of playing
206325,1682333791,1682333791,a,50.0,100.0,
206325,1685259116,1683876608,i,0.0,0.0,Calf injury - Expected back 01 Jul
206915,1657988027,1657988027,a,,,
206915,1659370276,1659312005,d,,75.0,Muscle injury - 75% chance of playing
206915,1659947328,1659947328,i,0.0,0.0,Muscle injury - Unknown return date
206915,1661250559,1661250559,i,0.0,0.0,Muscle injury - Expected back 31 Aug
206915,1661766052,1661766052,i,0.0,0.0,Muscle injury - Expected back 03 Sep
206915,1662109894,1662109894,a,75.0,100.0,
206915,1662536127,1662501606,d,100.0,75.0,Leg injury - 75% chance of playing
206915,1663194349,1663194349,d,75.0,50.0,Leg injury - 50% chance of playing
206915,1664875640,1664875640,i,0.0,0.0,Leg injury - Expected back 29 Oct
206915,1665555681,1665555681,d,50.0,50.0,Lack of match fitness - 50% chance of playing
206915,1665995118,1665995118,a,50.0,100.0,
206915,1672318255,1671633007,d,25.0,25.0,Lack of match fitness - 25% chance of playing
206915,1673585957,1673585957,a,75.0,100.0,
207270,1659947328,1659947328,a,,,
207283,1657988027,1657988027,a,,,
207283,1667216228,1667071807,d,,75.0,Knock - 75% chance of playing
207283,1668109477,1668109477,a,100.0,100.0,
208706,1657988027,1657988027,a,,,
208706,1661766052,1661713206,d,,75.0,Knock - 75% chance of playing
208706,1662109894,1662109894,d,50.0,50.0,Hamstring injury - 50% chance of playing
208706,1663775227,1663775227,a,50.0,100.0,
208706,1674195851,1673811008,d,100.0,50.0,Ankle injury - 50% chance of playing
208706,1674555185,1674555185,a,25.0,100.0,
208706,1675962528,1675202409,s,0.0,0.0,Suspended until 04 Mar
208706,1677262181,1677262181,a,0.0,100.0,
208706,1677760822,1677452409,d,100.0,75.0,Ankle injury - 75% chance of playing
208706,1678185619,1678185619,a,100.0,100.0,
208912,1657988027,1657988027,a,,,
209035,1657988027,1657755005,u,,0.0,Joined Coventry City on loan - Expected back 01 Jul
209036,1657988027,1657988027,a,,,
209036,1669176618,1668276007,s,,0.0,Suspended until 31 Dec
209036,1672318255,1672318255,a,0.0,100.0,
209042,1657988027,1657988027,a,,,
209042,1659947328,1659375005,i,0.0,0.0,Foot injury - Expected back 28 Aug
209042,1661250559,1661250559,i,0.0,0.0,Foot injury - Expected back 31 Aug
209042,1661766052,1661766052,i,0.0,0.0,Foot injury - Expected back 03 Sep
209042,1662109894,1662109894,a,50.0,100.0,
209045,1657988027,1657988027,a,,,
209045,1659370276,1658529005,u,,0.0,Joined QPR on loan - Expected back 01 Jul
209046,1657988027,1657988027,a,,,
209046,1662109894,1661930551,u,,0.0,Season-long loan to Bayer Leverkusen
209243,1657988027,1657988027,a,,,
209243,1668109477,1667410208,d,75.0,75.0,Illness - 75% chance of playing
209243,1669176618,1669176618,a,75.0,100.0,
209243,1672318255,1671498007,d,25.0,25.0,Lack of match fitness - 25% chance of playing
209243,1674555185,1674555185,d,50.0,50.0,Lack of match fitness - 50% chance of playing
209243,1675962528,1675962528,a,100.0,100.0,
209243,1677760822,1677717009,d,100.0,75.0,Illness - 75% chance of playing
209243,1678185619,1678185619,a,75.0,100.0,
209244,1657988027,1657988027,a,,,
209244,1674555185,1674424809,d,,75.0,Foot injury - 75% chance of playing
209244,1675962528,1675962528,d,75.0,75.0,Illness - 75% chance of playing
209244,1676634450,1676634450,a,75.0,100.0,
209244,1680813728,1679864409,i,0.0,0.0,Abdominal injury - Expected back 15 Apr
209244,1682014831,1682014831,a,0.0,100.0,
209288,1682014831,1682014831,a,,,
209289,1657988027,1657988027,a,,,
209289,1659947328,1659625205,d,75.0,75.0,Lack of match fitness - 75% chance of playing
209289,1660639221,1660639221,a,75.0,100.0,
209289,1662536127,1662327007,d,100.0,75.0,Knock - 75% chance of playing
209289,1663775227,1663775227,d,50.0,50.0,Groin Injury - 50% chance of playing
209289,1664875640,1664875640,i,0.0,0.0,Groin Injury - Expected back 26 Dec
209289,1669176618,1669176618,d,0.0,75.0,Groin Injury - 75% chance of playing
209289,1672318255,1672318255,d,75.0,75.0,Lack of match fitness - 75% chance of playing
209289,1673585957,1673585957,a,75.0,100.0,
209289,1675962528,1675420209,i,0.0,0.0,Thigh injury - Unknown return date
209289,1676634450,1676634450,a,25.0,100.0,
209925,1657988027,1657988027,a,,,
209925,1659947328,1659619185,u,0.0,0.0,Transferred to Dijon
210156,1657988027,1657988027,a,,,
210156,1673585957,1673490608,d,,75.0,Fatigue - 75% chance of playing
210156,1674195851,1674195851,d,75.0,25.0,Groin Injury - 25% chance of playing
210156,1676634450,1676634450,i,0.0,0.0,Groin Injury - Unknown return date
210156,1679914802,1679914802,d,0.0,50.0,Groin Injury - 50% chance of playing
210156,1680813728,1680813728,a,75.0,100.0,
210156,1682690190,1682674208,d,100.0,75.0,Knock - 75% chance of playing
210156,1683287633,1683287633,a,75.0,100.0,
210494,1657988027,1657988027,a,,,
210494,1659947328,1659375005,i,0.0,0.0,Ankle injury - Unknown return date
210494,1665995118,1665995118,i,0.0,0.0,Ankle injury - Expected back 30 Oct
210494,1667216228,1667216228,a,100.0,100.0,
210494,1672318255,1671498008,d,50.0,50.0,Groin Injury - 50% chance of playing
210494,1672638138,1672638138,a,25.0,100.0,
210494,1676634450,1676133010,d,100.0,75.0,Groin Injury - 75% chance of playing
210494,1677262181,1677262181,a,50.0,100.0,
210494,1682014831,1681675209,d,100.0,75.0,Knock - 75% chance of playing
210494,1682333791,1682333791,a,100.0,100.0,
210494,1683287633,1683154810,d,100.0,75.0,Illness - 75% chance of playing
210494,1683613947,1683613947,a,75.0,100.0,
211975,1662109894,1662109894,a,,,
211975,1685259116,1684971010,d,,75.0,Knock - 75% chance of playing
212314,1675962528,1675962528,a,,,
212319,1657988027,1657035004,s,,0.0,Suspended until 13 Aug
212319,1659947328,1659947328,a,0.0,100.0,
212319,1665995118,1665873007,i,100.0,0.0,Calf injury - Unknown return date
212319,1666688392,1666688392,i,0.0,0.0,Calf injury - Expected back 12 Nov
212319,1668109477,1668109477,a,0.0,100.0,
212319,1672318255,1671498008,i,0.0,0.0,Hamstring injury - Expected back 23 Jan
212319,1673585957,1673585957,d,0.0,50.0,Hamstring injury - 50% chance of playing
212319,1674195851,1674195851,a,50.0,100.0,
212319,1679914802,1679166009,d,100.0,75.0,Muscle injury - 75% chance of playing
212319,1680813728,1680813728,d,25.0,25.0,Muscle injury - 25% chance of playing
212319,1681291216,1681291216,a,25.0,100.0,
212701,1662536127,1662536127,a,0.0,100.0,
212701,1673585957,1673566208,d,100.0,75.0,Knock - 75% chance of playing
212701,1674195851,1674195851,i,50.0,0.0,Thigh injury - Expected back 18 Feb
212701,1676634450,1676634450,a,25.0,100.0,
212721,1657988027,1657988027,a,,,
212721,1660639221,1660639221,a,25.0,100.0,
213482,1657988027,1657988027,a,,,
213482,1662536127,1662116751,u,0.0,0.0,Transferred to Angers
213687,1657988027,1657988027,a,,,
213687,1675962528,1674640006,u,0.0,0.0,Season-long loan to Blackpool
214048,1657988027,1657035004,d,,50.0,Ankle injury - 50% chance of playing
214048,1659370276,1659370276,a,,100.0,
214225,1657988027,1657988027,a,,,
214225,1659947328,1659438006,u,0.0,0.0,Joined Rennes on loan - Expected back 01 Jul
214285,1657988027,1657988027,a,,,
214285,1659947328,1659699006,i,0.0,0.0,Knock - Expected back 15 Aug
214285,1660639221,1660639221,a,75.0,100.0,
214285,1674195851,1674041408,d,100.0,75.0,Back injury - 75% chance of playing
214285,1674555185,1674555185,a,75.0,100.0,
214466,1657988027,1657988027,a,,,
214466,1659370276,1658919604,u,,0.0,Joined Stoke City on loan - Expected back 01 Jul
214572,1657988027,1657988027,a,,,
214590,1657988027,1657988027,a,,,
214590,1662109894,1662075007,d,,75.0,Knock - 75% chance of playing
214590,1662536127,1662536127,d,50.0,50.0,Knock - 50% chance of playing
214590,1663194349,1663194349,a,100.0,100.0,
214590,1665555681,1664969407,i,0.0,0.0,Knock - Unknown return date
214590,1666688392,1666688392,d,25.0,50.0,Lack of match fitness - 50% chance of playing
214590,1667216228,1667216228,d,75.0,75.0,Lack of match fitness - 75% chance of playing
214590,1668109477,1668109477,a,100.0,100.0,
214590,1675962528,1675897209,d,100.0,75.0,Illness - 75% chance of playing
214590,1676634450,1676634450,a,75.0,100.0,
215059,1657988027,1657988027,a,,,
215136,1657988027,1657988027,a,,,
215136,1673585957,1673134207,d,,75.0,Facial Injury - 75% chance of playing
215136,1674195851,1674195851,a,75.0,100.0,
215136,1682690190,1682553609,i,100.0,0.0,Jaw Injury - Expected back 01 Jul
215379,1659947328,1659947328,a,,,
215379,1667216228,1667216228,a,100.0,100.0,
215413,1657988027,1657988027,a,,,
215413,1672318255,1672318255,a,100.0,100.0,
215413,1673585957,1672792208,i,100.0,0.0,Glute injury - Expected back 21 Jan
215413,1674195851,1674195851,d,0.0,75.0,Glute injury - 75% chance of playing
215413,1674555185,1674555185,a,75.0,100.0,
215413,1680813728,1680645608,s,100.0,0.0,Suspended until 15 Apr
215413,1681291216,1681291216,a,0.0,100.0,
215439,1657988027,1657988027,a,,,
215439,1683287633,1683154810,d,,75.0,Illness - 75% chance of playing
215439,1683613947,1683613947,a,75.0,100.0,
215711,1657988027,1657988027,a,,,
215711,1665555681,1665063007,d,50.0,50.0,Muscle injury - 50% chance of playing
215711,1665995118,1665995118,a,100.0,100.0,
215711,1681291216,1680993008,d,100.0,75.0,Hamstring injury - 75% chance of playing
215711,1682014831,1682014831,i,0.0,0.0,Hamstring injury - Unknown return date
215711,1683287633,1683287633,i,0.0,0.0,Hamstring injury - Expected back 06 May
215711,1683613947,1683613947,a,75.0,100.0,
216051,1657988027,1657988027,a,,,
216051,1668109477,1667772008,s,,0.0,Suspended until 27 Dec
216051,1669176618,1669176618,a,0.0,100.0,
216051,1672318255,1671498007,d,50.0,50.0,Hamstring injury - 50% chance of playing
216051,1673585957,1673395208,d,50.0,75.0,Muscle injury - 75% chance of playing
216051,1674195851,1674195851,d,25.0,25.0,Muscle injury - 25% chance of playing
216051,1674555185,1674555185,d,50.0,50.0,Muscle injury - 50% chance of playing
216051,1675962528,1675962528,a,75.0,100.0,
216054,1659370276,1659370276,a,,,
216054,1680813728,1680789609,d,,75.0,Achilles injury - 75% chance of playing
216054,1682014831,1682014831,i,75.0,0.0,Achilles injury - Unknown return date
216208,1657988027,1657988027,a,,,
216208,1675962528,1675013737,u,0.0,0.0,Season-long loan to Stoke City
216620,1657988027,1657988027,a,,,
216620,1659370276,1659025804,u,,0.0,Transferred to Middlesbrough
216646,1657988027,1657988027,a,,,
217331,1657988027,1657988027,a,,,
217593,1657988027,1657988027,a,,,
218031,1657988027,1657988027,a,,,
218031,1666688392,1666688392,a,25.0,100.0,
218031,1668109477,1667685608,d,100.0,75.0,Hamstring injury - 75% chance of playing
218031,1669176618,1669176618,a,75.0,100.0,
218031,1685259116,1684189809,i,0.0,0.0,Hamstring injury - Expected back 01 Jul
218218,1662109894,1662109894,a,,,
218218,1679046737,1678568410,s,,0.0,Suspended until 01 Apr
218218,1679914802,1679914802,a,0.0,100.0,
218997,1673585957,1673585957,a,,,
219168,1661766052,1661766052,a,,,
219168,1662109894,1661985007,d,,75.0,Dead leg - 75% chance of playing
219168,1662536127,1662536127,a,75.0,100.0,
219168,1664875640,1663839007,d,25.0,25.0,Leg injury - 25% chance of playing
219168,1665555681,1665555681,i,0.0,0.0,Thigh injury - Unknown return date
219168,1665995118,1665995118,i,0.0,0.0,Thigh injury - Expected back 26 Dec
219168,1669176618,1669176618,d,0.0,75.0,Thigh injury - 75% chance of playing
219168,1672318255,1672318255,d,25.0,25.0,Thigh injury - 25% chance of playing
219168,1672638138,1672638138,i,0.0,0.0,Thigh injury - Expected back 15 Jan
219168,1673585957,1673585957,a,0.0,100.0,
219168,1675962528,1675216809,d,50.0,75.0,Head injury - 75% chance of playing
219168,1676634450,1676634450,a,100.0,100.0,
219291,1661766052,1661766052,a,,,
219291,1662536127,1662453650,u,,0.0,Transferred to Palermo
219847,1657988027,1657988027,a,,,
219847,1680813728,1680813728,a,100.0,100.0,
219847,1682690190,1682429408,d,0.0,75.0,Knee injury - 75% chance of playing
219847,1683287633,1683287633,a,75.0,100.0,
219924,1657988027,1657988027,a,,,
219937,1657988027,1657988027,a,,,
219937,1659370276,1658271604,u,,0.0,Joined Blackpool on loan - Expected back 01 Jul
219961,1657988027,1657900612,u,,0.0,Transferred to Barcelona
220087,1673585957,1673585957,a,,,
220087,1674195851,1674084609,d,,75.0,Hip injury - 75% chance of playing
220087,1674555185,1674555185,a,100.0,100.0,
220087,1677262181,1676755808,d,100.0,50.0,Shoulder injury - 50% chance of playing
220087,1677760822,1677760822,a,50.0,100.0,
220087,1680813728,1679923810,d,25.0,25.0,Hamstring injury - 25% chance of playing
220087,1682014831,1682014831,a,50.0,100.0,
220087,1682690190,1682496010,d,100.0,50.0,Hamstring injury - 50% chance of playing
220087,1683287633,1683287633,a,50.0,100.0,
220237,1657988027,1657988027,a,,,
220237,1680813728,1680813728,a,75.0,100.0,
220307,1675962528,1675962528,a,,,
220566,1657988027,1657988027,a,,,
220566,1664875640,1664744407,d,,75.0,Calf injury - 75% chance of playing
220566,1665555681,1665555681,a,100.0,100.0,
220585,1657988027,1657988027,a,,,
220627,1657988027,1657988027,a,,,
220627,1668109477,1667982607,i,,0.0,Achilles injury - Expected back 01 Jul
221239,1657988027,1657988027,a,,,
221239,1659947328,1659699006,d,25.0,25.0,Lack of match fitness - 25% chance of playing
221239,1660639221,1660639221,u,25.0,0.0,Joined Watford on loan - Expected back 01 Jul
221399,1657988027,1657988027,a,,,
221399,1669176618,1668178808,d,75.0,75.0,Muscle injury - 75% chance of playing
221399,1672318255,1671724808,d,75.0,75.0,Groin Injury - 75% chance of playing
221399,1672638138,1672638138,a,100.0,100.0,
221403,1657988027,1657988027,a,,,
221403,1660639221,1660127446,u,0.0,0.0,Season-long loan to Toronto FC
221466,1660639221,1660639221,a,,,
221466,1676634450,1676154610,d,,75.0,Back injury - 75% chance of playing
221466,1677262181,1677262181,a,75.0,100.0,
221466,1680813728,1680683407,d,100.0,75.0,Hamstring injury - 75% chance of playing
221466,1682014831,1682014831,a,75.0,100.0,
221610,1657988027,1657988027,a,,,
221610,1659370276,1658271604,u,,0.0,Joined Millwall on loan - Expected back 01 Jul
221632,1657988027,1657988027,a,,,
221632,1661250559,1660813206,i,0.0,0.0,Muscle injury - Expected back 31 Aug
221632,1661766052,1661766052,i,0.0,0.0,Muscle injury - Expected back 03 Sep
221632,1662109894,1662109894,d,50.0,50.0,Lack of match fitness - 50% chance of playing
221632,1662536127,1662536127,a,100.0,100.0,
221632,1666688392,1666558808,d,100.0,75.0,Calf injury - 75% chance of playing
221632,1667216228,1667216228,a,100.0,100.0,
221632,1668109477,1667347208,i,0.0,0.0,Muscle injury - Unknown return date
221632,1669176618,1669176618,a,0.0,100.0,
221632,1672318255,1671820209,i,0.0,0.0,Personal Reasons - Expected back 01 Jan
221632,1672638138,1672638138,a,100.0,100.0,
221632,1675962528,1675634410,s,100.0,0.0,Suspended until 19 Feb
221632,1676634450,1676634450,a,0.0,100.0,
221632,1685259116,1684596611,i,100.0,0.0,Knock - Expected back 01 Jul
221820,1659370276,1659370276,a,,,
221820,1672318255,1671822008,d,50.0,50.0,Personal Reasons - 50% chance of playing
221820,1672638138,1672638138,d,75.0,75.0,Personal Reasons - 75% chance of playing
221820,1673585957,1673585957,a,75.0,100.0,
221820,1682014831,1681425010,i,0.0,0.0,Foot injury - Expected back 01 Jul
222017,1659947328,1659947328,a,,,
222017,1675962528,1675014250,u,0.0,0.0,Season-long loan to Rotherham United
222018,1657988027,1657988027,a,,,
222018,1661766052,1661713206,d,,75.0,Knock - 75% chance of playing
222018,1662536127,1662536127,i,0.0,0.0,Hamstring injury - Unknown return date
222018,1664875640,1664875640,d,75.0,75.0,Lack of match fitness - 75% chance of playing
222018,1665555681,1665555681,a,100.0,100.0,
222531,1657988027,1657988027,a,,,
222531,1661766052,1661766052,a,75.0,100.0,
222531,1663775227,1663759807,d,100.0,75.0,Knock - 75% chance of playing
222531,1664875640,1664875640,a,75.0,100.0,
222531,1672318255,1671701409,d,75.0,75.0,Knock - 75% chance of playing
222531,1672638138,1672638138,a,50.0,100.0,
222690,1657988027,1657988027,a,,,
222694,1657988027,1657988027,a,,,
222694,1666688392,1666688392,a,75.0,100.0,
222694,1675962528,1675897209,d,100.0,25.0,Head injury - 25% chance of playing
222694,1676634450,1676634450,d,0.0,75.0,Head injury - 75% chance of playing
222694,1678185619,1678185619,a,75.0,100.0,
223081,1657988027,1657988027,a,,,
223094,1657988027,1657988027,a,,,
223094,1667216228,1666737007,d,75.0,75.0,Knock - 75% chance of playing
223094,1668109477,1668109477,a,75.0,100.0,
223094,1679914802,1679396408,d,100.0,75.0,Groin Injury - 75% chance of playing
223094,1681291216,1681291216,a,100.0,100.0,
223340,1657988027,1657988027,a,,,
223340,1666688392,1666688392,a,75.0,100.0,
223340,1667216228,1667161807,d,100.0,75.0,Knock - 75% chance of playing
223340,1668109477,1668109477,a,100.0,100.0,
223340,1685259116,1685113211,d,100.0,75.0,Knock - 75% chance of playing
223723,1657988027,1657988027,a,,,
223723,1659947328,1659625205,d,75.0,75.0,Lack of match fitness - 75% chance of playing
223723,1660639221,1660639221,a,75.0,100.0,
223723,1668109477,1667521807,d,50.0,50.0,Muscle injury - 50% chance of playing
223723,1669176618,1669176618,d,50.0,75.0,Muscle injury - 75% chance of playing
223723,1672318255,1671498007,d,50.0,50.0,Hamstring injury - 50% chance of playing
223723,1672638138,1672638138,a,100.0,100.0,
223723,1679914802,1679011207,i,25.0,0.0,Knee injury - Expected back 01 Jul
223911,1657988027,1657988027,a,,,
223911,1668109477,1667671207,s,,0.0,Suspended until 27 Dec
223911,1669176618,1669176618,a,0.0,100.0,
224024,1662109894,1662109894,a,,,
224024,1666688392,1666265407,d,25.0,25.0,Shoulder injury - 25% chance of playing
224024,1667216228,1667216228,i,0.0,0.0,Shoulder injury - Expected back 06 Dec
224024,1668109477,1668109477,a,75.0,100.0,
224024,1676634450,1676133010,d,100.0,75.0,Shoulder injury - 75% chance of playing
224024,1677262181,1677262181,d,0.0,50.0,Lack of match fitness - 50% chance of playing
224024,1677760822,1677760822,a,50.0,100.0,
224068,1657988027,1657988027,a,,,
224068,1667216228,1666909807,d,75.0,75.0,Groin Injury - 75% chance of playing
224068,1668109477,1668109477,a,50.0,100.0,
224209,1657988027,1657988027,a,,,
224209,1662536127,1662228007,d,,75.0,Knock - 75% chance of playing
224209,1664875640,1664875640,a,100.0,100.0,
224967,1657988027,1657988027,a,,,
224967,1678185619,1678046408,d,,75.0,Illness - 75% chance of playing
224967,1679046737,1679046737,a,75.0,100.0,
224967,1685259116,1684094409,d,25.0,75.0,Thigh injury - 75% chance of playing
224995,1657988027,1657988027,a,,,
224995,1659947328,1659375005,i,0.0,0.0,Hamstring injury - Expected back 13 Aug
224995,1660639221,1660639221,a,100.0,100.0,
224995,1664875640,1664744407,s,100.0,0.0,Suspended until 16 Oct
224995,1665555681,1665555681,a,0.0,100.0,
224995,1667216228,1666879208,d,75.0,75.0,Foot injury - 75% chance of playing
224995,1668109477,1668109477,i,0.0,0.0,Foot injury - Expected back 28 Dec
224995,1669176618,1669176618,d,0.0,75.0,Foot injury - 75% chance of playing
224995,1672318255,1672318255,i,0.0,0.0,Foot injury - Expected back 13 Jan
224995,1673585957,1673585957,i,0.0,0.0,Foot injury - Expected back 22 Jan
224995,1674195851,1674195851,a,0.0,100.0,
224995,1675962528,1675897209,d,100.0,75.0,Muscle injury - 75% chance of playing
224995,1676634450,1676634450,d,50.0,25.0,Muscle injury - 25% chance of playing
224995,1679046737,1679046737,a,50.0,100.0,
224995,1682690190,1682496009,i,100.0,0.0,Ankle injury - Expected back 01 Jul
225295,1675962528,1675962528,a,,,
225321,1657988027,1657988027,a,,,
225321,1662109894,1661985006,d,,75.0,Muscle injury - 75% chance of playing
225321,1662536127,1662536127,a,75.0,100.0,
225796,1657988027,1657988027,a,,,
225796,1662109894,1661877007,d,50.0,75.0,Illness - 75% chance of playing
225796,1662536127,1662536127,a,100.0,100.0,
225796,1665555681,1665525607,d,100.0,75.0,Knock - 75% chance of playing
225796,1665995118,1665995118,i,0.0,0.0,Knee injury - Expected back 26 Dec
225796,1668109477,1668109477,i,0.0,0.0,Knee injury - Expected back 27 Dec
225796,1669176618,1669176618,d,0.0,75.0,Knee injury - 75% chance of playing
225796,1672318255,1672185608,d,100.0,50.0,Knee injury - 50% chance of playing
225796,1672638138,1672638138,i,0.0,0.0,Knee injury - Expected back 03 Feb
225796,1674555185,1674555185,d,0.0,50.0,Lack of match fitness - 50% chance of playing
225796,1675962528,1675962528,a,100.0,100.0,
225796,1678185619,1677855609,d,50.0,75.0,Hamstring injury - 75% chance of playing
225796,1679046737,1678458608,d,0.0,75.0,Illness - 75% chance of playing
225796,1679914802,1679914802,a,75.0,100.0,
225796,1682690190,1682429408,i,0.0,0.0,Hamstring injury - Expected back 28 May
225796,1685259116,1685259116,i,25.0,0.0,Hamstring injury - Expected back 01 Jul
225902,1657988027,1657988027,a,,,
225902,1673585957,1672792208,i,,0.0,Hamstring injury - Expected back 19 Feb
225902,1675962528,1675962528,d,0.0,50.0,Hamstring injury - 50% chance of playing
225902,1676634450,1676634450,d,25.0,25.0,Lack of match fitness - 25% chance of playing
225902,1677262181,1677262181,a,100.0,100.0,
226597,1657988027,1657988027,a,,,
226597,1683287633,1683095407,d,,75.0,Knock - 75% chance of playing
226597,1683613947,1683613947,a,75.0,100.0,
226944,1657988027,1657988027,a,,,
226944,1663775227,1663378206,d,,75.0,Knee injury - 75% chance of playing
226944,1664875640,1664875640,i,0.0,0.0,Knee injury - Expected back 26 Dec
226944,1668109477,1668109477,a,75.0,100.0,
226944,1678185619,1677954607,d,100.0,25.0,Shin injury - 25% chance of playing
226944,1679046737,1679046737,i,0.0,0.0,Ankle injury - Expected back 01 Apr
226944,1679914802,1679914802,d,0.0,50.0,Ankle injury - 50% chance of playing
226944,1680813728,1680687007,d,75.0,75.0,Knock - 75% chance of playing
226944,1681291216,1681291216,i,0.0,0.0,Ankle injury - Expected back 22 Apr
226944,1682014831,1682014831,d,0.0,50.0,Ankle injury - 50% chance of playing
226944,1682333791,1682333791,i,0.0,0.0,Ankle injury - Expected back 30 Apr
226944,1683287633,1683287633,i,0.0,0.0,Ankle injury - Expected back 06 May
226944,1683613947,1683613947,a,75.0,100.0,
226956,1657988027,1657988027,a,,,
226956,1661766052,1661766052,a,100.0,100.0,
226956,1679046737,1678921209,d,100.0,75.0,Hamstring injury - 75% chance of playing
226956,1679914802,1679914802,d,50.0,50.0,Hamstring injury - 50% chance of playing
226956,1680813728,1680813728,a,100.0,100.0,
227127,1657988027,1657988027,a,,,
227127,1659947328,1659947328,a,50.0,100.0,
227127,1672638138,1672588809,s,100.0,0.0,Suspended until 15 Jan
227127,1673585957,1673585957,a,0.0,100.0,
227127,1676634450,1675981809,i,0.0,0.0,Ankle injury - Unknown return date
227127,1683613947,1683613947,a,0.0,100.0,
228044,1657988027,1657988027,a,,,
228044,1662536127,1662115541,u,0.0,0.0,Season-long loan to Nice
228286,1657988027,1657988027,a,,,
228286,1662536127,1662536127,a,,100.0,
228286,1664875640,1663846207,d,0.0,50.0,Lack of match fitness - 50% chance of playing
228286,1665555681,1665555681,a,100.0,100.0,
228286,1672638138,1672412408,d,50.0,50.0,Abdominal injury - 50% chance of playing
228286,1673585957,1673585957,d,50.0,25.0,Hand injury - 25% chance of playing
228286,1674195851,1674195851,i,0.0,0.0,Hand injury - Unknown return date
228286,1679914802,1679914802,d,75.0,75.0,Lack of match fitness - 75% chance of playing
228286,1680813728,1680813728,a,75.0,100.0,
229600,1657988027,1657988027,a,,,
230046,1657988027,1657988027,a,,,
230046,1666688392,1666688392,a,100.0,100.0,
230046,1672638138,1672623009,d,100.0,75.0,Ankle injury - 75% chance of playing
230046,1673585957,1673585957,a,75.0,100.0,
230251,1660639221,1660639221,a,,,
230251,1663775227,1663761607,d,,75.0,Knock - 75% chance of playing
230251,1664875640,1664875640,a,100.0,100.0,
230251,1679914802,1679099409,d,100.0,75.0,Knock - 75% chance of playing
230251,1681291216,1681291216,a,75.0,100.0,
231065,1657988027,1657988027,a,,,
231065,1659370276,1658530804,i,,0.0,Knee injury - Unknown return date
231065,1663194349,1663194349,i,0.0,0.0,Knee injury - Expected back 01 Oct
231065,1663775227,1663775227,d,0.0,50.0,Knee injury - 50% chance of playing
231065,1664875640,1664875640,d,75.0,75.0,Lack of match fitness - 75% chance of playing
231065,1665555681,1665555681,a,100.0,100.0,
231747,1657988027,1657988027,a,,,
232241,1662109894,1662109894,a,,,
232247,1657988027,1657988027,a,,,
232247,1659370276,1658790004,u,,0.0,Transferred to Blackpool
232413,1657988027,1657988027,a,,,
232423,1657988027,1657988027,a,,,
232423,1660639221,1660235405,i,0.0,0.0,Foot injury - Expected back 08 Oct
232423,1664875640,1664875640,i,0.0,0.0,Foot injury - Unknown return date
232423,1665555681,1665555681,d,25.0,25.0,Lack of match fitness - 25% chance of playing
232423,1669176618,1669176618,d,0.0,75.0,Lack of match fitness - 75% chance of playing
232423,1672318255,1672318255,i,0.0,0.0,Lack of match fitness - Expected back 15 Jan
232423,1673585957,1673585957,d,0.0,25.0,Lack of match fitness - 25% chance of playing
232423,1675962528,1675962528,i,0.0,0.0,Lack of match fitness - Unknown return date
232423,1676634450,1676634450,d,25.0,25.0,Lack of match fitness - 25% chance of playing
232423,1680813728,1680813728,i,0.0,0.0,Knock - Expected back 09 Apr
232423,1681291216,1681291216,i,0.0,0.0,Knock - Expected back 15 Apr
232423,1682014831,1682014831,d,50.0,50.0,Knock - 50% chance of playing
232423,1682333791,1682333791,i,25.0,0.0,Muscle injury - Expected back 01 Jul
232620,1657988027,1657988027,a,,,
232653,1657988027,1657988027,a,,,
232653,1672318255,1671498007,i,0.0,0.0,Hamstring injury - Expected back 04 Jan
232653,1673585957,1673585957,a,25.0,100.0,
232787,1657988027,1657988027,a,,,
232787,1661766052,1661630406,s,,0.0,Suspended until 03 Sep
232787,1662109894,1662109894,a,0.0,100.0,
232792,1657988027,1657988027,a,,,
232792,1667216228,1667216228,a,75.0,100.0,
232792,1678185619,1677954607,d,100.0,75.0,Knock - 75% chance of playing
232792,1679914802,1679914802,d,75.0,75.0,Knee injury - 75% chance of playing
232792,1681291216,1681291216,i,0.0,0.0,Knee injury - Unknown return date
232792,1683287633,1683287633,i,0.0,0.0,Knee injury - Expected back 01 Jul
232826,1657988027,1657988027,a,,,
232826,1665555681,1665349207,s,,0.0,Suspended until 19 Oct
232826,1665995118,1665995118,a,0.0,100.0,
232826,1672638138,1672515007,d,100.0,75.0,Illness - 75% chance of playing
232826,1673585957,1673585957,a,75.0,100.0,
232826,1679046737,1678651209,i,100.0,0.0,Ankle injury - Expected back 02 Apr
232826,1679914802,1679914802,d,0.0,50.0,Ankle injury - 50% chance of playing
232826,1680813728,1680813728,a,75.0,100.0,
232829,1664875640,1664875640,a,,,
232859,1659370276,1659370276,a,,,
232859,1672318255,1671724809,d,75.0,75.0,Illness - 75% chance of playing
232859,1672638138,1672638138,a,75.0,100.0,
232859,1675962528,1675254512,u,0.0,0.0,Season-long loan to Stade Rennais
232928,1659947328,1659947328,a,,,
232928,1672318255,1669298407,i,0.0,0.0,Back injury - Expected back 04 Feb
232928,1674555185,1674555185,d,0.0,50.0,Back injury - 50% chance of playing
232928,1675962528,1675962528,i,0.0,0.0,Back injury - Expected back 18 Feb
232928,1676634450,1676634450,d,75.0,25.0,Lack of match fitness - 25% chance of playing
232928,1677262181,1677262181,d,25.0,75.0,Lack of match fitness - 75% chance of playing
232928,1678185619,1678185619,a,75.0,100.0,
232937,1657988027,1657988027,a,,,
232937,1664875640,1664551807,i,0.0,0.0,Unknown - Unknown return date
232937,1666688392,1666688392,i,0.0,0.0,Unknown - Expected back 26 Dec
232937,1667216228,1667216228,i,0.0,0.0,Unknown - Expected back 27 Dec
232937,1669176618,1669176618,d,0.0,75.0,Unknown - 75% chance of playing
232937,1672318255,1672318255,a,100.0,100.0,
233420,1662109894,1662109894,a,,,
233420,1665995118,1665878407,d,,75.0,Ankle injury - 75% chance of playing
233420,1666688392,1666688392,a,75.0,100.0,
233420,1681291216,1680993009,d,100.0,75.0,Knock - 75% chance of playing
233420,1682014831,1682014831,a,25.0,100.0,
234370,1657988027,1657988027,a,,,
234370,1675962528,1675897209,d,,75.0,Knock - 75% chance of playing
234370,1676634450,1676634450,d,50.0,50.0,Muscle injury - 50% chance of playing
234370,1677760822,1677760822,a,50.0,100.0,
235382,1657988027,1657988027,a,,,
235382,1664875640,1664707932,u,,0.0,Season-long loan to Standard Liege
235448,1657988027,1657988027,a,,,
235448,1659370276,1659301204,u,,0.0,Joined Crawley Town on loan - Expected back 01 Jul
235449,1678185619,1678185619,a,,,
235530,1657988027,1657988027,a,,,
235530,1661766052,1661630406,d,,75.0,Knock - 75% chance of playing
235530,1662109894,1662109894,a,75.0,100.0,
235530,1663775227,1663543806,d,100.0,75.0,Knock - 75% chance of playing
235530,1664875640,1664875640,i,0.0,0.0,Ankle injury - Unknown return date
235530,1668109477,1668109477,i,0.0,0.0,Ankle injury - Expected back 27 Dec
235530,1669176618,1669176618,d,0.0,75.0,Ankle injury - 75% chance of playing
235530,1672318255,1672318255,a,50.0,100.0,
235530,1675962528,1675553408,d,100.0,50.0,Calf injury - 50% chance of playing
235530,1676634450,1676634450,d,25.0,25.0,Calf injury - 25% chance of playing
235530,1677262181,1677262181,i,0.0,0.0,Calf injury - Unknown return date
235530,1678185619,1678185619,i,0.0,0.0,Calf injury - Expected back 11 Mar
235530,1679046737,1679046737,a,75.0,100.0,
235674,1659947328,1659947328,a,,,
235674,1660639221,1660226406,i,0.0,0.0,Knee injury - Unknown return date
235674,1668109477,1668109477,i,0.0,0.0,Knee injury - Expected back 21 Jan
235674,1672318255,1672318255,d,75.0,75.0,Lack of match fitness - 75% chance of playing
235674,1672638138,1672638138,i,0.0,0.0,Lack of match fitness - Expected back 03 Jan
235674,1673585957,1673585957,a,25.0,100.0,
240143,1657988027,1657988027,a,,,
240143,1666688392,1666688392,a,100.0,100.0,
240299,1659947328,1659947328,a,,,
240514,1659947328,1659947328,a,,,
240514,1661250559,1660732414,u,0.0,0.0,Season-long loan to Vitesse Arnhem
241157,1657988027,1657988027,a,,,
241157,1664875640,1664636407,s,,0.0,Suspended until 23 Oct
241157,1666688392,1666688392,a,100.0,100.0,
241157,1677760822,1677718808,d,100.0,75.0,Knock - 75% chance of playing
241157,1678185619,1678185619,a,100.0,100.0,
241157,1679046737,1678460409,d,75.0,75.0,Knock - 75% chance of playing
241157,1679914802,1679914802,a,75.0,100.0,
241157,1680813728,1679927409,i,0.0,0.0,Knee injury - Expected back 06 May
241157,1683613947,1683613947,a,50.0,100.0,
241519,1675962528,1675962528,a,,,
242880,1673585957,1673585957,a,,,
242880,1685259116,1684504810,d,25.0,25.0,Groin Injury - 25% chance of playing
242885,1657988027,1657988027,a,,,
242885,1675962528,1674640064,u,0.0,0.0,Season-long loan to Guingamp
242898,1657988027,1657988027,a,,,
242898,1679046737,1678568409,d,,25.0,Groin Injury - 25% chance of playing
242898,1679914802,1679914802,a,25.0,100.0,
242898,1683287633,1682800208,d,100.0,75.0,Knock - 75% chance of playing
242898,1683613947,1683613947,a,50.0,100.0,
243016,1657988027,1657988027,a,,,
243016,1672318255,1671618607,i,0.0,0.0,Personal Reasons - Expected back 03 Jan
243016,1672638138,1672638138,d,0.0,75.0,Personal Reasons - 75% chance of playing
243016,1673585957,1673585957,a,75.0,100.0,
243016,1674555185,1674325807,s,100.0,0.0,Suspended until 11 Feb
243016,1675962528,1675962528,a,0.0,100.0,
243298,1672638138,1672638138,a,,,
243298,1673585957,1673585957,a,25.0,100.0,
243345,1659370276,1659370276,a,,,
243345,1665995118,1665878407,d,,75.0,Illness - 75% chance of playing
243345,1667216228,1667216228,a,75.0,100.0,
243345,1680813728,1679563913,u,0.0,0.0,Season-long loan to DC United
243505,1657988027,1657035004,i,,0.0,Knee injury - Unknown return date
243505,1665995118,1665995118,i,0.0,0.0,Knee injury - Expected back 04 Mar
243505,1677262181,1677262181,i,0.0,0.0,Knee injury - Expected back 28 May
243568,1657988027,1657988027,a,,,
243568,1677262181,1676671209,i,0.0,0.0,Knock - Expected back 04 Mar
243568,1677760822,1677760822,d,0.0,75.0,Lack of match fitness - 75% chance of playing
243568,1678185619,1678185619,a,75.0,100.0,
243571,1657988027,1657988027,a,,,
243571,1664875640,1663885807,i,0.0,0.0,Knee injury - Expected back 29 Oct
243571,1666688392,1666688392,d,0.0,50.0,Knee injury - 50% chance of playing
243571,1667216228,1667216228,a,100.0,100.0,
243571,1673585957,1672792208,i,100.0,0.0,Knee injury - Expected back 18 Feb
243571,1676634450,1676634450,d,0.0,25.0,Lack of match fitness - 25% chance of playing
243571,1677262181,1677262181,d,25.0,75.0,Lack of match fitness - 75% chance of playing
243571,1677760822,1677760822,d,75.0,50.0,Lack of match fitness - 50% chance of playing
243571,1678185619,1678185619,d,25.0,25.0,Lack of match fitness - 25% chance of playing
243571,1679046737,1679046737,d,50.0,50.0,Lack of match fitness - 50% chance of playing
243571,1679914802,1679914802,d,75.0,75.0,Lack of match fitness - 75% chance of playing
243571,1680813728,1680813728,a,100.0,100.0,
243571,1685259116,1684603809,i,100.0,0.0,Hamstring injury - Expected back 01 Jul
244042,1657988027,1657988027,a,,,
244042,1661250559,1661243406,n,,0.0,Joined Middlesbrough on loan - Expected back 01 Jul
244042,1661766052,1661766052,u,0.0,0.0,Joined Middlesbrough on loan - Expected back 01 Jul
244085,1657988027,1657988027,a,,,
244085,1675962528,1675250201,u,0.0,0.0,Season-long loan to Auxerre
244560,1657988027,1657988027,a,,,
244560,1661250559,1660827607,i,0.0,0.0,Leg injury - Unknown return date
244560,1661766052,1661766052,a,75.0,100.0,
244560,1682690190,1682638209,d,100.0,75.0,Ankle injury - 75% chance of playing
244560,1683287633,1683287633,i,75.0,0.0,Ankle injury - Expected back 01 Jul
244619,1657988027,1657988027,a,,,
244704,1675962528,1675962528,a,,,
244704,1677760822,1677717010,d,,75.0,Knee injury - 75% chance of playing
244704,1678185619,1678185619,d,25.0,25.0,Knee injury - 25% chance of playing
244704,1679046737,1679046737,a,25.0,100.0,
244704,1682014831,1681997409,d,100.0,75.0,Back injury - 75% chance of playing
244704,1682333791,1682333791,a,75.0,100.0,
244723,1657988027,1657988027,a,,,
244723,1661766052,1661630406,d,,75.0,Knock - 75% chance of playing
244723,1662109894,1662109894,a,50.0,100.0,
244723,1672318255,1672079408,s,100.0,0.0,Suspended until 15 Jan
244723,1673585957,1673585957,a,0.0,100.0,
244723,1677262181,1676755808,d,100.0,75.0,Knock - 75% chance of playing
244723,1677760822,1677760822,a,75.0,100.0,
244731,1657988027,1657988027,a,,,
244731,1665555681,1665349207,i,,0.0,Knee injury - Expected back 26 Dec
244731,1669176618,1669176618,d,0.0,75.0,Knee injury - 75% chance of playing
244731,1672318255,1672318255,i,0.0,0.0,Knee injury - Unknown return date
244731,1677760822,1677760822,i,0.0,0.0,Knee injury - Expected back 01 Apr
244731,1679914802,1679914802,d,0.0,50.0,Knee injury - 50% chance of playing
244731,1680813728,1680274809,i,0.0,0.0,Lack of match fitness - Expected back 17 Apr
244731,1681291216,1681291216,d,25.0,25.0,Lack of match fitness - 25% chance of playing
244731,1682014831,1682014831,a,100.0,100.0,
244851,1657988027,1657988027,a,,,
244851,1660639221,1660320006,d,50.0,50.0,Foot injury - 50% chance of playing
244851,1661250559,1661250559,a,100.0,100.0,
244858,1657988027,1657988027,a,,,
244858,1662536127,1662228007,d,,75.0,Dead leg - 75% chance of playing
244858,1663194349,1663194349,a,75.0,100.0,
244930,1657988027,1657988027,a,,,
244930,1662109894,1661787007,u,0.0,0.0,Joined Sheffield Wednesday on loan - Expected back 01 Jul
244932,1661766052,1661766052,a,,,
245419,1657988027,1657988027,a,,,
245419,1664875640,1664875640,a,75.0,100.0,
245419,1672638138,1672475408,d,100.0,50.0,Knock - 50% chance of playing
245419,1673585957,1673585957,a,25.0,100.0,
245824,1662536127,1662536127,a,,,
245923,1657988027,1657988027,a,,,
245923,1662109894,1661930617,u,,0.0,Season-long loan to Swansea
246799,1659947328,1659947328,a,,,
246799,1675962528,1675013831,u,0.0,0.0,Season-long loan to Walsall
247632,1657988027,1657988027,a,,,
247632,1664875640,1664650807,d,,25.0,Ankle injury - 25% chance of playing
247632,1665555681,1665555681,i,0.0,0.0,Ankle injury - Expected back 26 Dec
247632,1668109477,1668109477,i,0.0,0.0,Ankle injury - Unknown return date
247632,1675962528,1675962528,i,0.0,0.0,Ankle injury - Expected back 24 Feb
247632,1676634450,1676634450,a,75.0,100.0,
247664,1661250559,1661250559,a,,,
248164,1674555185,1674555185,a,,,
248857,1674555185,1674555185,a,,,
248865,1659947328,1659947328,a,,,
248865,1662109894,1661958209,u,,0.0,Season-long loan to Swansea City
248937,1657988027,1657988027,a,,,
249231,1657988027,1657988027,a,,,
249231,1661766052,1661766052,a,100.0,100.0,
249231,1663775227,1663531207,d,100.0,75.0,Knock - 75% chance of playing
249231,1664875640,1664875640,i,0.0,0.0,Foot injury - Unknown return date
249231,1665555681,1665555681,i,0.0,0.0,Foot injury - Expected back 19 Oct
249231,1665995118,1665995118,a,100.0,100.0,
249231,1679046737,1678393809,i,0.0,0.0,Knee injury - Expected back 06 May
249231,1682333791,1682333791,i,0.0,0.0,Knee injury - Expected back 01 Jul
250370,1667216228,1667216228,a,,,
422287,1665995118,1665995118,a,,,
423649,1657988027,1657988027,a,,,
423649,1664875640,1663923607,d,0.0,50.0,Illness - 50% chance of playing
423649,1665555681,1665555681,u,25.0,0.0,Retired due to hereditary heart condition
424044,1675962528,1675962528,a,,,
424044,1678185619,1677958208,d,,75.0,Muscle injury - 75% chance of playing
424044,1679046737,1679046737,i,0.0,0.0,Muscle injury - Unknown return date
424044,1679914802,1679914802,a,100.0,100.0,
424044,1681291216,1680993009,d,100.0,75.0,Knock - 75% chance of playing
424044,1682014831,1682014831,i,0.0,0.0,Knock - Unknown return date
424044,1682690190,1682690190,d,25.0,25.0,Foot injury - 25% chance of playing
424044,1683613947,1683613947,i,0.0,0.0,Foot injury - Expected back 28 May
424044,1685259116,1685259116,d,0.0,75.0,Lack of match fitness - 75% chance of playing
427623,1659370276,1659370276,a,,,
427623,1665555681,1664928007,d,75.0,75.0,Knock - 75% chance of playing
427623,1665995118,1665995118,i,25.0,0.0,Hamstring injury - Expected back 29 Oct
427623,1666688392,1666688392,d,0.0,50.0,Hamstring injury - 50% chance of playing
427623,1667216228,1667216228,i,0.0,0.0,Hamstring injury - Expected back 12 Nov
427623,1669176618,1669176618,d,0.0,75.0,Hamstring injury - 75% chance of playing
427623,1672318255,1672318255,a,100.0,100.0,
427623,1676634450,1676142010,d,100.0,75.0,Back injury - 75% chance of playing
427623,1677262181,1677262181,a,75.0,100.0,
427623,1680813728,1680190211,i,0.0,0.0,Knock - Expected back 09 Apr
427623,1681291216,1681291216,i,0.0,0.0,Knock - Expected back 15 Apr
427623,1682014831,1682014831,a,100.0,100.0,
427637,1657988027,1657988027,a,,,
428399,1673585957,1673566208,s,,0.0,Suspended until 11 Feb
428399,1675962528,1675962528,a,0.0,100.0,
428580,1657988027,1657988027,a,,,
428580,1672318255,1672108209,d,,50.0,Hamstring injury - 50% chance of playing
428580,1672638138,1672638138,i,0.0,0.0,Hamstring injury - Expected back 14 Jan
428580,1673585957,1673585957,d,0.0,50.0,Hamstring injury - 50% chance of playing
428580,1674195851,1674195851,i,0.0,0.0,Hamstring injury - Expected back 04 Mar
428580,1676634450,1676419209,d,0.0,75.0,Lack of match fitness - 75% chance of playing
428580,1677262181,1677262181,i,0.0,0.0,Lack of match fitness - Expected back 06 Mar
428580,1677760822,1677760822,d,0.0,75.0,Lack of match fitness - 75% chance of playing
428580,1678185619,1678185619,a,100.0,100.0,
428580,1680813728,1680616825,i,100.0,0.0,Hamstring injury - Unknown return date
428580,1682014831,1682014831,a,100.0,100.0,
429414,1662109894,1662109894,a,,,
429414,1662536127,1662228007,d,,75.0,Knee injury - 75% chance of playing
429414,1663194349,1663194349,i,0.0,0.0,Knee injury - Unknown return date
429414,1663775227,1663775227,i,0.0,0.0,Knee injury - Expected back 01 Jun
430871,1672638138,1672638138,a,,,
430871,1677760822,1677281408,d,,75.0,Ankle injury - 75% chance of playing
430871,1678185619,1678185619,a,75.0,100.0,
431131,1657988027,1657988027,a,,,
431131,1665995118,1665995118,a,0.0,100.0,
432160,1657988027,1657988027,a,,,
432160,1668109477,1667845807,i,,0.0,Muscle injury - Expected back 26 Dec
432160,1669176618,1669176618,d,0.0,75.0,Muscle injury - 75% chance of playing
432160,1672318255,1672318255,i,50.0,0.0,Muscle injury - Expected back 14 Jan
432160,1673585957,1673585957,d,0.0,50.0,Muscle injury - 50% chance of playing
432160,1674195851,1674195851,d,25.0,50.0,Lack of match fitness - 50% chance of playing
432160,1674555185,1674555185,d,75.0,75.0,Lack of match fitness - 75% chance of playing
432160,1676634450,1676634450,a,75.0,100.0,
432160,1679914802,1679166008,s,100.0,0.0,Suspended until 05 Apr
432160,1680813728,1680813728,a,0.0,100.0,
432714,1657988027,1657988027,a,,,
432714,1659947328,1659619266,u,0.0,0.0,Season-long loan to Sheffield United
432830,1657988027,1657988027,a,,,
432830,1663775227,1663423207,s,,0.0,Suspended until 18 Oct
432830,1665995118,1665995118,a,0.0,100.0,
432931,1659370276,1659370276,a,,,
432931,1662536127,1662453604,u,,0.0,Season-long loan to HNK Gorica
433154,1659370276,1659370276,a,,,
433589,1657988027,1657404004,u,,0.0,Joined Derby County on loan - Expected back 01 Jul
433590,1659947328,1659947328,a,,,
433590,1675962528,1675013894,u,0.0,0.0,Season-long loan to Luton Town
433979,1657988027,1657988027,a,,,
433979,1662109894,1662109894,a,75.0,100.0,
433979,1673585957,1673258410,u,100.0,0.0,Season-long loan to Middlesbrough
434043,1685259116,1685259116,a,,,
434662,1659947328,1659947328,a,,,
434662,1662536127,1662117199,u,0.0,0.0,Season-long loan to Burnley
436234,1659947328,1659947328,a,,,
436234,1661766052,1661524206,d,75.0,75.0,Knock - 75% chance of playing
436234,1662109894,1662109894,d,0.0,50.0,Knock - 50% chance of playing
436234,1662536127,1662536127,a,0.0,100.0,
436234,1675962528,1675207162,u,0.0,0.0,Season-long loan to Sevilla
437468,1661250559,1661250559,a,,,
437476,1657988027,1657988027,a,,,
437476,1660639221,1660502376,u,,0.0,Season-long loan to Real Salt Lake
437495,1657988027,1657988027,a,,,
437495,1672318255,1671498007,d,75.0,75.0,Illness - 75% chance of playing
437495,1672638138,1672638138,a,100.0,100.0,
437626,1657988027,1657988027,a,,,
437626,1659370276,1659301204,u,,0.0,Joined Marseille on loan - Expected back 01 Jul
437730,1675962528,1675962528,a,,,
437730,1685259116,1684053009,i,0.0,0.0,Shin injury - Expected back 01 Jul
437742,1657988027,1657988027,a,,,
437742,1679046737,1678570208,n,,0.0,Ineligible to face his parent club on 18/3 - Expected back 01 Apr
437742,1679914802,1679914802,a,0.0,100.0,
437753,1657988027,1657988027,a,,,
437753,1668109477,1667487608,i,0.0,0.0,Knee injury - Expected back 01 Jul
438098,1657988027,1657988027,a,,,
438098,1659947328,1659625205,d,75.0,75.0,Lack of match fitness - 75% chance of playing
438098,1661250559,1661250559,a,100.0,100.0,
438464,1657988027,1657988027,a,,,
438464,1666688392,1666688392,a,0.0,100.0,
438464,1667216228,1667064607,d,100.0,75.0,Knock - 75% chance of playing
438464,1668109477,1668109477,a,75.0,100.0,
438464,1678185619,1677952809,s,100.0,0.0,Suspended until 15 Mar
438464,1679046737,1679046737,a,0.0,100.0,
439510,1657988027,1657988027,a,,,
439510,1661766052,1661437806,d,75.0,75.0,Head injury - 75% chance of playing
439510,1662536127,1662536127,u,0.0,0.0,Season-long loan to Huddersfield Town
440089,1660639221,1660639221,a,,,
440123,1667216228,1667216228,a,,,
440123,1675962528,1675250115,u,0.0,0.0,Season-long loan to Motherwell
440323,1657988027,1657988027,a,,,
440323,1661250559,1660915806,d,0.0,50.0,Knock - 50% chance of playing
440323,1661766052,1661766052,a,100.0,100.0,
440323,1672318255,1671498007,i,0.0,0.0,Knee injury - Expected back 01 Jul
440854,1675962528,1675962528,a,,,
441024,1659947328,1659947328,a,,,
441024,1679046737,1678757410,d,,25.0,Hamstring injury - 25% chance of playing
441024,1680813728,1680813728,a,100.0,100.0,
441164,1675962528,1675962528,a,,,
441191,1657988027,1657035004,i,,0.0,Knee injury - Expected back 01 Jan
441191,1672638138,1672638138,d,25.0,25.0,Knee injury - 25% chance of playing
441191,1673585957,1673585957,i,25.0,0.0,Knee injury - Unknown return date
441191,1682014831,1682014831,d,25.0,25.0,Lack of match fitness - 25% chance of playing
441191,1683613947,1683613947,i,0.0,0.0,Lack of match fitness - Expected back 28 May
441191,1685259116,1685259116,a,100.0,100.0,
441192,1657988027,1657988027,a,,,
441192,1661250559,1661157006,d,,75.0,Knock - 75% chance of playing
441192,1661766052,1661766052,i,0.0,0.0,Knock - Expected back 03 Sep
441192,1662109894,1662109894,i,0.0,0.0,Knock - Unknown return date
441192,1662536127,1662536127,d,25.0,25.0,Lack of match fitness - 25% chance of playing
441192,1663194349,1663194349,d,25.0,50.0,Lack of match fitness - 50% chance of playing
441192,1664875640,1664875640,a,100.0,100.0,
441192,1680813728,1679666408,i,0.0,0.0,Foot injury - Expected back 28 May
443661,1657988027,1657988027,a,,,
443661,1659947328,1659375005,i,0.0,0.0,Foot injury - Expected back 20 Aug
443661,1660639221,1660639221,a,75.0,100.0,
443967,1657988027,1657704604,i,,0.0,Knock - Expected back 03 Sep
443967,1659947328,1659947328,i,0.0,0.0,Knock - Expected back 27 Aug
443967,1661250559,1661250559,i,0.0,0.0,Knock - Expected back 03 Sep
443967,1661766052,1661766052,i,0.0,0.0,Knee injury - Expected back 03 Sep
443967,1662109894,1662109894,d,0.0,75.0,Lack of match fitness - 75% chance of playing
443967,1664875640,1664875640,a,100.0,100.0,
443967,1665555681,1665349207,d,100.0,75.0,Knock - 75% chance of playing
443967,1665995118,1665995118,a,100.0,100.0,
444145,1657988027,1657988027,a,,,
444145,1685259116,1684094409,i,0.0,0.0,Ankle injury - Expected back 01 Jul
444172,1657988027,1657988027,a,,,
444172,1674555185,1674477609,u,,0.0,Season-long loan to Slough Town
444180,1657988027,1657988027,a,,,
444463,1657988027,1657988027,a,,,
444463,1665555681,1665007207,i,0.0,0.0,Knee injury - Expected back 12 Nov
444463,1665995118,1665995118,i,0.0,0.0,Knee injury - Expected back 26 Dec
444463,1668109477,1668109477,i,0.0,0.0,Knee injury - Expected back 27 Dec
444463,1669176618,1669176618,d,0.0,75.0,Knee injury - 75% chance of playing
444463,1672318255,1672318255,i,0.0,0.0,Knee injury - Expected back 15 Jan
444463,1674195851,1674195851,i,0.0,0.0,Knee injury - Expected back 03 Feb
444463,1674555185,1674555185,d,0.0,50.0,Knee injury - 50% chance of playing
444463,1675962528,1675353609,d,25.0,25.0,Lack of match fitness - 25% chance of playing
444463,1676634450,1676634450,a,25.0,100.0,
444463,1679046737,1678568409,d,100.0,75.0,Knock - 75% chance of playing
444463,1679914802,1679914802,d,75.0,75.0,Hamstring injury - 75% chance of playing
444463,1680813728,1680813728,a,50.0,100.0,
444463,1683613947,1683406809,d,100.0,75.0,Hamstring injury - 75% chance of playing
444463,1685259116,1685259116,a,100.0,100.0,
444765,1657988027,1657988027,a,,,
444765,1662109894,1661930516,u,,0.0,Season-long loan to Schalke 04
444884,1657988027,1657988027,a,,,
444884,1672638138,1672475408,d,,75.0,Knock - 75% chance of playing
444884,1673585957,1673585957,a,75.0,100.0,
445044,1657988027,1657988027,a,,,
445044,1664875640,1664461808,d,50.0,50.0,Hamstring injury - 50% chance of playing
445044,1665555681,1665555681,d,50.0,75.0,Hamstring injury - 75% chance of playing
445044,1665995118,1665995118,d,0.0,50.0,Hamstring injury - 50% chance of playing
445044,1666688392,1666688392,i,0.0,0.0,Hamstring injury - Expected back 12 Nov
445044,1668109477,1668109477,a,50.0,100.0,
445044,1672638138,1672581607,d,100.0,75.0,Muscle injury - 75% chance of playing
445044,1674195851,1674195851,a,75.0,100.0,
445548,1675962528,1675962528,a,,,
446008,1657988027,1657988027,a,,,
446189,1662109894,1662109894,a,,,
446189,1663194349,1663058302,u,,0.0,Season-long loan to Sparta Prague
447107,1685259116,1685259116,a,,,
447203,1657988027,1657988027,a,,,
447203,1660639221,1660609806,s,,0.0,Suspended until 03 Sep
447203,1662109894,1662109894,a,0.0,100.0,
447203,1666688392,1666355408,d,75.0,75.0,Muscle injury - 75% chance of playing
447203,1667216228,1667216228,a,100.0,100.0,
447203,1673585957,1673542808,d,100.0,75.0,Knock - 75% chance of playing
447203,1674555185,1674555185,a,75.0,100.0,
447203,1679914802,1679099409,d,100.0,75.0,Knock - 75% chance of playing
447203,1680813728,1680813728,a,100.0,100.0,
447203,1685259116,1684189809,d,0.0,75.0,Toe Injury - 75% chance of playing
447235,1657988027,1657988027,a,,,
447235,1659370276,1658790005,u,,0.0,Joined Preston North End on loan - Expected back 01 Jul
447372,1666688392,1666688392,a,,,
447372,1674555185,1674220154,u,0.0,0.0,Season-long loan to Crewe Alexandra
447720,1685259116,1684963810,i,,0.0,International Duty - Expected back 12 Jun
447879,1675962528,1675962528,a,,,
447880,1657988027,1657988027,a,,,
447880,1673585957,1673524600,u,,0.0,Season-long loan to Coventry City
447932,1657988027,1657988027,a,,,
447932,1660639221,1660435206,d,,75.0,Illness - 75% chance of playing
447932,1661250559,1661250559,a,75.0,100.0,
447932,1677262181,1676755808,d,100.0,75.0,Knock - 75% chance of playing
447932,1677760822,1677760822,a,75.0,100.0,
448047,1675962528,1675962528,a,75.0,100.0,
448089,1675962528,1675962528,a,,,
448496,1665555681,1665555681,a,,,
448496,1674195851,1673728611,u,,0.0,Season-long loan to Leyton Orient
448514,1657988027,1657988027,a,,,
448514,1666688392,1666688392,a,100.0,100.0,
448791,1657988027,1657988027,a,,,
448791,1675962528,1675207109,u,0.0,0.0,Season-long loan to Derby County
449133,1668109477,1668109477,a,,,
449434,1657988027,1657988027,a,,,
449871,1660639221,1660639221,a,,,
449871,1668109477,1667685608,d,,75.0,Ankle injury - 75% chance of playing
449871,1669176618,1669176618,a,100.0,100.0,
449871,1672638138,1672515008,s,100.0,0.0,Suspended until 14 Jan
449871,1673585957,1673585957,a,0.0,100.0,
449871,1682014831,1681596008,d,100.0,75.0,Groin Injury - 75% chance of playing
449871,1682690190,1682690190,a,75.0,100.0,
449988,1657988027,1657988027,a,,,
449988,1659370276,1658271604,u,,0.0,Joined Anderlecht on loan - Expected back 01 Jul
450070,1657988027,1657988027,a,,,
450070,1672318255,1671498007,d,75.0,75.0,Foot injury - 75% chance of playing
450070,1672638138,1672638138,a,100.0,100.0,
450070,1673585957,1673535608,i,100.0,0.0,Ankle injury - Expected back 12 Feb
450070,1674555185,1674555185,d,0.0,50.0,Ankle injury - 50% chance of playing
450070,1675962528,1675962528,a,100.0,100.0,
450197,1679046737,1679046737,a,,,
450434,1657988027,1657988027,a,,,
450527,1657988027,1657988027,a,,,
450527,1680813728,1680273010,i,75.0,0.0,Muscle injury - Unknown return date
450527,1682014831,1682014831,i,0.0,0.0,Hip injury - Unknown return date
450527,1683613947,1683613947,i,0.0,0.0,Hip injury - Expected back 28 May
450527,1685259116,1685259116,i,0.0,0.0,Hip injury - Expected back 01 Jul
450529,1657988027,1657988027,a,,,
450529,1659947328,1659619320,u,0.0,0.0,Season-long loan to Oxford United
450535,1657988027,1657988027,a,,,
450535,1674555185,1674220024,u,0.0,0.0,Season-long loan to Hull City
450541,1657988027,1657988027,a,,,
450541,1661766052,1661556606,n,0.0,0.0,Joined RWD Molenbeek on loan - Expected back 01 Jul
450541,1662109894,1662109894,u,0.0,0.0,Joined RWD Molenbeek on loan - Expected back 01 Jul
450542,1657988027,1657988027,a,,,
450542,1660639221,1660314132,u,0.0,0.0,Season-long loan to Charlton
450550,1659947328,1659947328,a,,,
450550,1662536127,1662116794,u,0.0,0.0,Season-long loan to Swansea City
451340,1657988027,1657988027,a,,,
451340,1665995118,1665826207,d,,75.0,Foot injury - 75% chance of playing
451340,1666688392,1666688392,d,25.0,50.0,Ankle injury - 50% chance of playing
451340,1667216228,1667216228,a,100.0,100.0,
456350,1657988027,1657988027,a,,,
460028,1659947328,1659947328,a,,,
460028,1666688392,1666008008,n,50.0,0.0,Ineligible to face his parent club on 29/10 - Expected back 05 Nov
460028,1667216228,1667216228,a,0.0,100.0,
460028,1674555185,1674208808,d,25.0,25.0,Muscle injury - 25% chance of playing
460028,1676634450,1676634450,i,0.0,0.0,Muscle injury - Expected back 04 Mar
460028,1677760822,1677760822,d,0.0,25.0,Lack of match fitness - 25% chance of playing
460028,1679046737,1679046737,a,75.0,100.0,
460028,1681291216,1680987607,n,100.0,0.0,Ineligible to face his parent club on 15/4 - Expected back 26 Apr
460028,1682014831,1682014831,a,0.0,100.0,
461012,1667216228,1667216228,a,,,
461013,1674555185,1674555185,a,,,
461017,1661766052,1661766052,a,,,
461017,1662536127,1662117245,u,0.0,0.0,Season-long loan to Shrewsbury Town
461025,1673585957,1673585957,a,,,
461025,1675962528,1675207267,u,0.0,0.0,Season-long loan to Accrington Stanley
461026,1659947328,1659947328,a,,,
461026,1675962528,1675173435,u,0.0,0.0,Season-long loan to Wycombe Wanderers
461188,1672318255,1672318255,a,,,
461188,1675962528,1675013955,u,0.0,0.0,Season-long loan to SC Paderborn
461199,1679046737,1679046737,a,,,
461201,1685259116,1685259116,a,,,
461358,1657988027,1657988027,a,,,
461358,1672318255,1671633007,d,25.0,25.0,Personal Reasons - 25% chance of playing
461358,1672638138,1672638138,a,0.0,100.0,
461382,1664875640,1664875640,a,,,
461382,1674195851,1673728721,u,,0.0,Season-long loan to Carlisle United
461416,1669176618,1669176618,a,,,
461416,1673585957,1673524910,u,,0.0,Season-long loan to Preston North End
461453,1659947328,1659947328,a,,,
461453,1662536127,1662117129,u,0.0,0.0,Season-long loan to Fleetwood Town
461548,1659947328,1659947328,a,,,
461584,1675962528,1675962528,a,,,
461587,1673585957,1673585957,a,,,
461587,1675962528,1675250306,u,0.0,0.0,Season-long loan to AFC Wimbledon
462381,1672318255,1672318255,a,,,
462381,1675962528,1674640322,u,0.0,0.0,Season-long loan to Gateshead
462424,1657988027,1657988027,a,,,
462424,1679914802,1679011207,d,75.0,75.0,Muscle injury - 75% chance of playing
462424,1680813728,1680813728,i,0.0,0.0,Muscle injury - Unknown return date
462424,1682014831,1682014831,i,0.0,0.0,Back injury - Unknown return date
462491,1659947328,1659947328,a,,,
462491,1675962528,1675181057,u,0.0,0.0,Season-long loan to Kilmarnock
462635,1657988027,1657988027,a,,,
462635,1660639221,1660435206,d,,75.0,Dead leg - 75% chance of playing
462635,1661250559,1661250559,a,100.0,100.0,
462635,1668109477,1668034808,d,100.0,75.0,Knock - 75% chance of playing
462635,1669176618,1669176618,a,75.0,100.0,
462635,1675962528,1675014309,u,0.0,0.0,Season-long loan to Sunderland
463034,1657988027,1657988027,a,,,
463034,1661250559,1661243406,n,,0.0,Joined Stoke City on loan - Expected back 01 Jul
463034,1661766052,1661766052,u,0.0,0.0,Joined Stoke City on loan - Expected back 01 Jul
463067,1674195851,1674195851,a,,,
463210,1685259116,1685259116,a,,,
463748,1667216228,1667216228,a,,,
463981,1659947328,1659947328,a,,,
463981,1673585957,1673524662,u,,0.0,Season-long loan to Heart of Midlothian
464353,1661250559,1661250559,a,,,
465351,1661250559,1661250559,a,,,
465351,1667216228,1667064608,d,,75.0,Shoulder injury - 75% chance of playing
465351,1668109477,1668109477,d,50.0,50.0,Shoulder injury - 50% chance of playing
465351,1669176618,1669176618,a,100.0,100.0,
465351,1679914802,1679166009,s,100.0,0.0,Suspended until 15 Apr
465351,1680813728,1680813728,a,100.0,100.0,
465351,1681291216,1680993009,d,100.0,75.0,Knock - 75% chance of playing
465351,1682014831,1682014831,a,100.0,100.0,
465920,1674195851,1674195851,a,,,
466117,1675962528,1675962528,a,,,
466117,1683287633,1683198010,d,,75.0,Knock - 75% chance of playing
466117,1685259116,1685259116,a,100.0,100.0,
467169,1662109894,1662109894,a,,,
467169,1667216228,1667161807,d,,75.0,Knock - 75% chance of playing
467169,1669176618,1669176618,a,75.0,100.0,
467169,1675962528,1675782008,d,100.0,75.0,Leg injury - 75% chance of playing
467169,1676634450,1676634450,d,25.0,25.0,Leg injury - 25% chance of playing
467169,1677262181,1677262181,a,25.0,100.0,
467169,1685259116,1685052014,d,100.0,25.0,Ankle injury - 25% chance of playing
469142,1659947328,1659947328,a,,,
469142,1666688392,1666688392,a,100.0,100.0,
470294,1657988027,1657988027,a,,,
470294,1685259116,1684963809,i,,0.0,International Duty - Expected back 12 Jun
470296,1676634450,1676634450,a,,,
472464,1668109477,1668109477,a,,,
472464,1674555185,1674220223,u,0.0,0.0,Season-long loan to Bolton Wanderers
472713,1657988027,1657988027,a,,,
472713,1665995118,1665822607,d,,25.0,Ankle injury - 25% chance of playing
472713,1666688392,1666688392,i,0.0,0.0,Ankle injury - Expected back 26 Dec
472713,1669176618,1669176618,d,0.0,75.0,Ankle injury - 75% chance of playing
472713,1672318255,1672318255,i,0.0,0.0,Ankle injury - Expected back 01 Feb
472713,1672638138,1672638138,i,0.0,0.0,Lack of match fitness - Expected back 14 Jan
472713,1673585957,1673585957,d,0.0,75.0,Lack of match fitness - 75% chance of playing
472713,1674555185,1674555185,a,75.0,100.0,
472769,1685259116,1685259116,a,,,
474120,1657988027,1657988027,a,,,
474772,1675962528,1675962528,a,,,
474907,1662109894,1662109894,a,,,
475492,1659947328,1659947328,a,,,
476161,1666688392,1666688392,a,,,
476161,1675962528,1675207221,u,0.0,0.0,Season-long loan to Eastleigh
476344,1675962528,1675962528,a,,,
476502,1663775227,1663775227,a,,,
476502,1665555681,1665450007,d,,75.0,Illness - 75% chance of playing
476502,1665995118,1665995118,a,100.0,100.0,
476502,1672318255,1671498008,d,75.0,75.0,Groin Injury - 75% chance of playing
476502,1672638138,1672638138,a,100.0,100.0,
476502,1673585957,1672878608,i,100.0,0.0,Muscle injury - Expected back 04 Mar
476502,1677760822,1677760822,d,0.0,50.0,Muscle injury - 50% chance of playing
476502,1678185619,1678185619,i,0.0,0.0,Muscle injury - Expected back 12 Mar
476502,1679046737,1679046737,d,75.0,75.0,Lack of match fitness - 75% chance of playing
476502,1679914802,1679914802,d,0.0,50.0,Lack of match fitness - 50% chance of playing
476502,1680813728,1680813728,a,100.0,100.0,
476888,1659370276,1659370276,a,,,
477064,1659947328,1659947328,a,,,
477386,1657988027,1657988027,a,,,
477386,1665995118,1665959407,d,,75.0,Shoulder Dislocation - 75% chance of playing
477386,1666688392,1666688392,i,0.0,0.0,Shoulder Dislocation - Unknown return date
477386,1667216228,1667216228,i,0.0,0.0,Shoulder Dislocation - Expected back 06 Nov
477386,1668109477,1668109477,a,100.0,100.0,
477386,1673585957,1672876807,i,100.0,0.0,Knee injury - Expected back 04 Feb
477386,1674555185,1674555185,d,0.0,75.0,Knee injury - 75% chance of playing
477386,1675962528,1675962528,a,100.0,100.0,
477386,1679914802,1679166009,d,100.0,75.0,Shoulder injury - 75% chance of playing
477386,1680813728,1680813728,d,0.0,50.0,Shoulder injury - 50% chance of playing
477386,1681291216,1681291216,a,50.0,100.0,
477386,1683613947,1683583208,d,100.0,75.0,Hamstring injury - 75% chance of playing
477386,1685259116,1685259116,i,0.0,0.0,Hamstring injury - Expected back 01 Jul
477547,1657988027,1657988027,a,,,
477547,1665555681,1665151207,i,0.0,0.0,Abdominal injury - Expected back 29 Oct
477547,1665995118,1665995118,d,0.0,50.0,Abdominal injury - 50% chance of playing
477547,1668109477,1668109477,a,100.0,100.0,
477547,1674195851,1673728433,u,100.0,0.0,Season-long loan to  Rotherham United
477580,1675962528,1675962528,a,,,
477580,1676634450,1676080809,i,0.0,0.0,Ankle injury - Unknown return date
477580,1677760822,1677760822,i,0.0,0.0,Ankle injury - Expected back 11 Mar
477580,1679046737,1679046737,d,0.0,75.0,Lack of match fitness - 75% chance of playing
477580,1679914802,1679914802,d,0.0,50.0,Lack of match fitness - 50% chance of playing
477580,1680813728,1680813728,a,100.0,100.0,
478227,1664875640,1664875640,a,,,
478912,1657988027,1657988027,a,,,
478912,1664875640,1664546407,d,25.0,75.0,Illness - 75% chance of playing
478912,1665555681,1665555681,a,100.0,100.0,
478912,1668109477,1667574008,i,0.0,0.0,Hamstring injury - Unknown return date
478912,1672318255,1672318255,a,75.0,100.0,
478912,1681291216,1681257609,d,100.0,75.0,Knock - 75% chance of playing
478912,1682014831,1682014831,a,50.0,100.0,
479641,1680813728,1680813728,a,,,
479683,1657988027,1657988027,a,,,
479683,1667216228,1667216228,a,75.0,100.0,
479683,1675962528,1675173388,u,0.0,0.0,Season-long loan to Norwich City
480455,1657988027,1657988027,a,,,
480455,1659370276,1658093404,u,,0.0,Joined PSV Eindhoven on loan - Expected back 01 Jul
481283,1680813728,1680813728,a,,,
481405,1657988027,1657900719,u,,0.0,Season-long loan to FC Nordsjælland
481510,1674555185,1674555185,a,,,
481510,1678185619,1677952809,i,,0.0,Ankle injury - Expected back 01 Apr
481510,1679914802,1679914802,d,25.0,50.0,Ankle injury - 50% chance of playing
481510,1680813728,1680813728,a,75.0,100.0,
481624,1657988027,1657988027,a,,,
481624,1659370276,1659025804,u,,0.0,Joined Cardiff City on loan - Expected back 01 Jul
482442,1657988027,1657988027,a,,,
482442,1675962528,1675243809,d,75.0,75.0,Hip injury - 75% chance of playing
482442,1676634450,1676634450,a,100.0,100.0,
482769,1675962528,1675962528,a,,,
482769,1685259116,1684963810,i,,0.0,International Duty - Expected back 12 Jun
483364,1675962528,1675962528,a,,,
484658,1657988027,1657988027,a,,,
484658,1661766052,1661498756,u,0.0,0.0,Season-long loan to Vitesse Arnhem
486623,1685259116,1685259116,a,,,
486672,1657988027,1657988027,a,,,
486672,1665555681,1665555681,a,75.0,100.0,
486672,1672318255,1672079408,s,100.0,0.0,Suspended until 03 Jan
486672,1672638138,1672638138,a,0.0,100.0,
487117,1661766052,1661766052,a,,,
487117,1675962528,1675038609,d,75.0,75.0,Knee injury - 75% chance of playing
487117,1676634450,1676634450,a,100.0,100.0,
487117,1682014831,1681596008,d,100.0,25.0,Ankle injury - 25% chance of playing
487117,1682690190,1682690190,d,25.0,75.0,Ankle injury - 75% chance of playing
487117,1683613947,1683613947,a,75.0,100.0,
487818,1661250559,1661250559,a,,,
487837,1672318255,1672318255,a,,,
487838,1668109477,1668109477,a,,,
488404,1657988027,1657988027,a,,,
488404,1659947328,1659375005,d,75.0,75.0,Ankle injury - 75% chance of playing
488404,1660639221,1660639221,i,0.0,0.0,Ankle injury - Expected back 02 Oct
488404,1663775227,1663775227,a,0.0,100.0,
489580,1657988027,1657988027,a,,,
489580,1661250559,1660692606,i,0.0,0.0,Muscle injury - Unknown return date
489580,1662109894,1662109894,d,0.0,50.0,Muscle injury - 50% chance of playing
489580,1662536127,1662536127,i,0.0,0.0,Back injury - Expected back 18 Sep
489580,1663775227,1663775227,d,0.0,50.0,Back injury - 50% chance of playing
489580,1664875640,1664875640,i,0.0,0.0,Lack of match fitness - Expected back 16 Oct
489580,1665555681,1665555681,a,100.0,100.0,
489580,1677262181,1676637009,i,0.0,0.0,Knee injury - Expected back 01 Jul
490094,1657988027,1657988027,a,,,
490094,1662536127,1662116828,u,0.0,0.0,Season-long loan to QPR
490145,1657988027,1657988027,a,,,
490145,1659370276,1659025805,u,,0.0,Joined Portsmouth on loan - Expected back 01 Jul
490146,1657988027,1657988027,a,,,
490146,1662536127,1662453729,u,,0.0,Season-long loan to Exeter City
490503,1662536127,1662536127,a,,,
490503,1685259116,1684963810,i,,0.0,International Duty - Expected back 12 Jun
490721,1659947328,1659947328,a,,,
490721,1677760822,1677715208,i,,0.0,Hamstring injury - Unknown return date
490721,1678185619,1678185619,i,0.0,0.0,Hamstring injury - Expected back 01 Apr
490721,1679914802,1679914802,d,0.0,50.0,Hamstring injury - 50% chance of playing
490721,1680813728,1680813728,a,100.0,100.0,
491008,1676634450,1676634450,a,,,
491559,1672638138,1672638138,a,,,
491598,1683287633,1683287633,a,,,
491785,1662109894,1662109894,a,,,
491785,1662536127,1662117166,u,0.0,0.0,Season-long loan to Hull City
491970,1660639221,1660639221,a,,,
492776,1669176618,1669176618,a,,,
492779,1685343204,1685343204,a,,,
492859,1662536127,1662536127,a,,,
492859,1680813728,1680813728,a,25.0,100.0,
493105,1659947328,1659947328,a,,,
493105,1679046737,1678840209,d,,25.0,Ankle injury - 25% chance of playing
493105,1680813728,1680813728,i,25.0,0.0,Ankle injury - Unknown return date
493105,1681291216,1681291216,i,0.0,0.0,Ankle injury - Expected back 28 May
493105,1683287633,1683287633,d,25.0,25.0,Lack of match fitness - 25% chance of playing
493105,1683613947,1683613947,a,75.0,100.0,
493250,1659947328,1659947328,a,,,
493250,1662109894,1662031807,n,,0.0,Joined Sunderland on loan - Expected back 01 Jul
493250,1663194349,1663194349,u,0.0,0.0,Joined Sunderland on loan - Expected back 01 Jul
493736,1672318255,1672318255,a,,,
493736,1685259116,1684662879,u,,0.0,Transferred to Chelsea
494541,1685259116,1685259116,a,,,
494543,1685259116,1685259116,a,,,
495542,1657988027,1657988027,a,,,
495542,1661766052,1661757043,u,,0.0,Season-long loan to Cardiff City
496179,1657988027,1657988027,a,,,
496179,1685259116,1684963810,i,,0.0,International Duty - Expected back 12 Jun
496208,1669176618,1669176618,a,,,
496228,1669176618,1669176618,a,,,
496228,1675962528,1675432810,i,0.0,0.0,Ankle injury - Expected back 12 Feb
496228,1676634450,1676634450,d,25.0,75.0,Ankle injury - 75% chance of playing
496228,1677262181,1677262181,a,75.0,100.0,
496683,1675962528,1675962528,a,,,
499175,1663775227,1663775227,a,,,
499175,1685259116,1684963810,i,,0.0,International Duty - Expected back 02 Jun
499724,1685343204,1685343204,a,,,
500267,1662536127,1662536127,a,,,
500267,1673585957,1672829127,u,,0.0,Loan ended early
501284,1680813728,1680813728,a,,,
501468,1685259116,1685259116,a,,,
501837,1657988027,1657988027,a,,,
501837,1675962528,1675416809,u,0.0,0.0,Season-long loan to FC Cincinnati
502697,1674195851,1674195851,a,,,
502697,1678185619,1677965409,d,,75.0,Knee injury - 75% chance of playing
502697,1679046737,1679046737,a,75.0,100.0,
503300,1664875640,1664875640,a,,,
503300,1685259116,1684963810,i,,0.0,International Duty - Expected back 12 Jun
503301,1667216228,1667216228,a,,,
504751,1685259116,1685259116,a,,,
504783,1675962528,1675962528,a,,,
509416,1675962528,1675962528,a,,,
509416,1678185619,1677857409,i,0.0,0.0,Illness - Expected back 11 Mar
509416,1679046737,1679046737,a,75.0,100.0,
510328,1659947328,1659947328,a,,,
510362,1657988027,1657988027,a,,,
510362,1666688392,1666045808,d,50.0,50.0,Muscle injury - 50% chance of playing
510362,1667216228,1667216228,i,0.0,0.0,Muscle injury - Expected back 05 Nov
510362,1668109477,1668109477,a,50.0,100.0,
510363,1657988027,1657539004,i,,0.0,Knee injury - Expected back 07 Jan
510363,1663775227,1663775227,i,0.0,0.0,Knee injury - Expected back 01 Jun
511504,1669176618,1669176618,a,,,
513046,1674195851,1674195851,a,,,
513046,1683287633,1682800208,d,,75.0,Hamstring injury - 75% chance of playing
513046,1683613947,1683613947,a,50.0,100.0,
513046,1685259116,1684711810,d,100.0,75.0,Knock - 75% chance of playing
513418,1673585957,1673585957,a,,,
513834,1667216228,1667216228,a,,,
514280,1685259116,1685259116,a,,,
514284,1666688392,1666688392,a,,,
514287,1676634450,1676634450,a,,,
514315,1663775227,1663775227,a,,,
514356,1657988027,1657988027,a,,,
514356,1662109894,1661898607,d,,25.0,Knock - 25% chance of playing
514356,1662536127,1662536127,i,0.0,0.0,Muscle injury - Expected back 16 Oct
514356,1665555681,1665555681,i,0.0,0.0,Muscle injury - Expected back 19 Oct
514356,1665995118,1665995118,i,0.0,0.0,Muscle injury - Expected back 23 Oct
514356,1666688392,1666688392,d,25.0,50.0,Lack of match fitness - 50% chance of playing
514356,1668109477,1668109477,a,75.0,100.0,
514356,1672318255,1671582608,d,75.0,75.0,Muscle injury - 75% chance of playing
514356,1672638138,1672638138,a,50.0,100.0,
514356,1681291216,1680993008,d,100.0,75.0,Hamstring injury - 75% chance of playing
514356,1682014831,1682014831,a,75.0,100.0,
515023,1683613947,1683613947,a,,,
515024,1659947328,1659947328,a,,,
515496,1666688392,1666688392,a,,,
515500,1672318255,1672318255,a,,,
515503,1667216228,1667216228,a,,,
515571,1662536127,1662536127,a,,,
515571,1665555681,1665555681,a,75.0,100.0,
515571,1668109477,1667772008,d,100.0,75.0,Knock - 75% chance of playing
515571,1672318255,1671498008,d,25.0,25.0,Muscle injury - 25% chance of playing
515571,1673585957,1673585957,i,25.0,0.0,Muscle injury - Unknown return date
515571,1675962528,1675962528,d,25.0,25.0,Muscle injury - 25% chance of playing
515571,1676634450,1676634450,i,0.0,0.0,Muscle injury - Unknown return date
515571,1678185619,1678185619,d,0.0,25.0,Muscle injury - 25% chance of playing
515571,1679046737,1679046737,i,0.0,0.0,Muscle injury - Unknown return date
515571,1680813728,1680813728,i,0.0,0.0,Muscle injury - Expected back 01 Jul
515597,1664875640,1664875640,a,,,
515597,1675962528,1675250070,u,0.0,0.0,Season-long loan to Bristol Rovers
515599,1682690190,1682690190,a,,,
516159,1676634450,1676634450,a,,,
516895,1665995118,1665995118,a,,,
518438,1677262181,1677262181,a,,,
518467,1682014831,1682014831,a,,,
518906,1661766052,1661766052,a,,,
518906,1662536127,1662453510,u,,0.0,Season-long loan to Yeovil Town
519223,1665555681,1665555681,a,,,
519223,1675962528,1675272609,i,0.0,0.0,Knee injury - Unknown return date
519324,1672318255,1672318255,a,,,
519327,1682014831,1682014831,a,,,
520295,1673585957,1673585957,a,,,
524069,1669176618,1669176618,a,,,
524069,1674555185,1674477655,u,,0.0,Season-long loan to Burton Albion
530318,1661766052,1661766052,a,,,
531363,1668109477,1668109477,a,,,
531989,1672638138,1672638138,a,,,
532135,1662109894,1662109894,a,,,
532135,1673585957,1673524825,u,,0.0,Season-long loan to Shrewsbury Town
532529,1672638138,1672638138,a,,,
532605,1674195851,1674195851,a,,,
532605,1679046737,1678195652,u,0.0,0.0,Season-long loan to Vasco de Gama
533463,1674555185,1674555185,a,,,
534836,1682014831,1682014831,a,,,
535262,1679914802,1679914802,a,,,
535928,1659947328,1659947328,a,,,
535928,1679046737,1678840209,d,,75.0,Thigh injury - 75% chance of playing
535928,1679914802,1679914802,i,0.0,0.0,Thigh injury - Expected back 01 Jul
536238,1682014831,1682014831,a,,,
536238,1685259116,1684963810,i,,0.0,International Duty - Expected back 02 Jun
536916,1672638138,1672638138,a,,,
536916,1675962528,1675962528,a,100.0,100.0,
537043,1659947328,1659947328,a,,,
537043,1660639221,1660314248,u,0.0,0.0,Season-long loan to Huddersfield Town
537403,1672318255,1672318255,a,,,
537403,1685259116,1684963810,i,,0.0,International Duty - Expected back 02 Jun
547673,1679046737,1679046737,a,,,
547701,1659947328,1659947328,a,,,
547701,1664875640,1664546407,i,0.0,0.0,Toe Injury - Expected back 16 Oct
547701,1665555681,1665555681,d,0.0,50.0,Toe Injury - 50% chance of playing
547701,1668109477,1668109477,d,25.0,25.0,Toe Injury - 25% chance of playing
547701,1669176618,1669176618,i,0.0,0.0,Ankle injury - Expected back 14 Jan
547701,1673585957,1673585957,i,0.0,0.0,Ankle injury - Expected back 22 Jan
547701,1674195851,1674195851,i,0.0,0.0,Ankle injury - Expected back 05 Feb
547701,1674555185,1674555185,d,0.0,50.0,Ankle injury - 50% chance of playing
547701,1675962528,1675962528,i,0.0,0.0,Ankle injury - Expected back 12 Feb
547701,1676634450,1676634450,d,25.0,25.0,Ankle injury - 25% chance of playing
547701,1677760822,1677760822,a,25.0,100.0,
547701,1685259116,1684963810,i,100.0,0.0,International Duty - Expected back 02 Jun
547719,1676634450,1676634450,a,,,
550596,1674195851,1674195851,a,,,
564510,1672638138,1672638138,a,,,
564510,1674195851,1673728653,u,,0.0,Season-long loan to Heart of Midlothian
565297,1668109477,1668109477,a,,,
565297,1685259116,1684963810,i,,0.0,International Duty - Expected back 12 Jun
573062,1665555681,1665555681,a,,,
590760,1674195851,1674195851,a,,,
591357,1664875640,1664875640,a,,,
592661,1666688392,1666688392,a,,,
596572,1674195851,1674195851,a,,,
601975,1667216228,1667216228,a,,,
